{
  "video_id": "-grjIUWKoBA",
  "fps": 2.0,
  "duration": 29.5,
  "frame_count": 60,
  "scene_signals": {
    "transition_count": 18,
    "transition_timestamps": [
      0.5,
      1.0,
      1.5,
      3.5,
      5.5,
      6.0,
      7.0,
      10.0,
      11.0,
      14.5,
      16.0,
      19.5,
      20.5,
      21.5,
      24.0,
      25.0,
      27.0,
      29.0
    ],
    "transition_types": [
      "hard_cut",
      "hard_cut",
      "hard_cut",
      "soft_cut",
      "hard_cut",
      "hard_cut",
      "soft_cut",
      "hard_cut",
      "hard_cut",
      "hard_cut",
      "soft_cut",
      "hard_cut",
      "hard_cut",
      "hard_cut",
      "hard_cut",
      "hard_cut",
      "dissolve",
      "hard_cut"
    ],
    "transition_magnitudes": [
      291.60572130316734,
      694.8889092942403,
      144.49080923808143,
      31.158847669065807,
      352.92776433732956,
      448.71346469094584,
      29.363057148544144,
      386.97122054195137,
      528.6595025471806,
      7783.403809101834,
      31.298973815890037,
      603.7879521908583,
      332.4118210561764,
      186.99974144775084,
      422.6005041873738,
      1057.7876043259516,
      34.268829312405344,
      140.1593401597475
    ],
    "scene_count": 19,
    "scene_durations": [
      0.5,
      0.5,
      0.5,
      2.0,
      2.0,
      0.5,
      1.0,
      3.0,
      1.0,
      3.5,
      1.5,
      3.5,
      1.0,
      1.0,
      2.5,
      1.0,
      2.0,
      2.0,
      0.5
    ],
    "scene_duration_mean": 1.5526315789473684,
    "scene_duration_std": 0.9853497487815291,
    "scene_duration_min": 0.5,
    "scene_duration_max": 3.5,
    "scene_types": [
      "unknown",
      "unknown",
      "unknown",
      "unknown",
      "unknown",
      "unknown",
      "unknown",
      "unknown",
      "unknown",
      "unknown",
      "unknown",
      "unknown",
      "unknown",
      "unknown",
      "unknown",
      "unknown",
      "unknown",
      "unknown",
      "unknown"
    ],
    "transitions": [
      {
        "timestamp": 0.5,
        "frame_index": 1,
        "transition_type": "hard_cut",
        "magnitude": 291.60572130316734
      },
      {
        "timestamp": 1.0,
        "frame_index": 2,
        "transition_type": "hard_cut",
        "magnitude": 694.8889092942403
      },
      {
        "timestamp": 1.5,
        "frame_index": 3,
        "transition_type": "hard_cut",
        "magnitude": 144.49080923808143
      },
      {
        "timestamp": 3.5,
        "frame_index": 7,
        "transition_type": "soft_cut",
        "magnitude": 31.158847669065807
      },
      {
        "timestamp": 5.5,
        "frame_index": 11,
        "transition_type": "hard_cut",
        "magnitude": 352.92776433732956
      },
      {
        "timestamp": 6.0,
        "frame_index": 12,
        "transition_type": "hard_cut",
        "magnitude": 448.71346469094584
      },
      {
        "timestamp": 7.0,
        "frame_index": 14,
        "transition_type": "soft_cut",
        "magnitude": 29.363057148544144
      },
      {
        "timestamp": 10.0,
        "frame_index": 20,
        "transition_type": "hard_cut",
        "magnitude": 386.97122054195137
      },
      {
        "timestamp": 11.0,
        "frame_index": 22,
        "transition_type": "hard_cut",
        "magnitude": 528.6595025471806
      },
      {
        "timestamp": 14.5,
        "frame_index": 29,
        "transition_type": "hard_cut",
        "magnitude": 7783.403809101834
      },
      {
        "timestamp": 16.0,
        "frame_index": 32,
        "transition_type": "soft_cut",
        "magnitude": 31.298973815890037
      },
      {
        "timestamp": 19.5,
        "frame_index": 39,
        "transition_type": "hard_cut",
        "magnitude": 603.7879521908583
      },
      {
        "timestamp": 20.5,
        "frame_index": 41,
        "transition_type": "hard_cut",
        "magnitude": 332.4118210561764
      },
      {
        "timestamp": 21.5,
        "frame_index": 43,
        "transition_type": "hard_cut",
        "magnitude": 186.99974144775084
      },
      {
        "timestamp": 24.0,
        "frame_index": 48,
        "transition_type": "hard_cut",
        "magnitude": 422.6005041873738
      },
      {
        "timestamp": 25.0,
        "frame_index": 50,
        "transition_type": "hard_cut",
        "magnitude": 1057.7876043259516
      },
      {
        "timestamp": 27.0,
        "frame_index": 54,
        "transition_type": "dissolve",
        "magnitude": 34.268829312405344
      },
      {
        "timestamp": 29.0,
        "frame_index": 58,
        "transition_type": "hard_cut",
        "magnitude": 140.1593401597475
      }
    ],
    "scenes": [
      {
        "start_time": 0.0,
        "end_time": 0.5,
        "duration": 0.5,
        "scene_type": "unknown",
        "start_frame": 0,
        "end_frame": 0
      },
      {
        "start_time": 0.5,
        "end_time": 1.0,
        "duration": 0.5,
        "scene_type": "unknown",
        "start_frame": 1,
        "end_frame": 1
      },
      {
        "start_time": 1.0,
        "end_time": 1.5,
        "duration": 0.5,
        "scene_type": "unknown",
        "start_frame": 2,
        "end_frame": 2
      },
      {
        "start_time": 1.5,
        "end_time": 3.5,
        "duration": 2.0,
        "scene_type": "unknown",
        "start_frame": 3,
        "end_frame": 6
      },
      {
        "start_time": 3.5,
        "end_time": 5.5,
        "duration": 2.0,
        "scene_type": "unknown",
        "start_frame": 7,
        "end_frame": 10
      },
      {
        "start_time": 5.5,
        "end_time": 6.0,
        "duration": 0.5,
        "scene_type": "unknown",
        "start_frame": 11,
        "end_frame": 11
      },
      {
        "start_time": 6.0,
        "end_time": 7.0,
        "duration": 1.0,
        "scene_type": "unknown",
        "start_frame": 12,
        "end_frame": 13
      },
      {
        "start_time": 7.0,
        "end_time": 10.0,
        "duration": 3.0,
        "scene_type": "unknown",
        "start_frame": 14,
        "end_frame": 19
      },
      {
        "start_time": 10.0,
        "end_time": 11.0,
        "duration": 1.0,
        "scene_type": "unknown",
        "start_frame": 20,
        "end_frame": 21
      },
      {
        "start_time": 11.0,
        "end_time": 14.5,
        "duration": 3.5,
        "scene_type": "unknown",
        "start_frame": 22,
        "end_frame": 28
      },
      {
        "start_time": 14.5,
        "end_time": 16.0,
        "duration": 1.5,
        "scene_type": "unknown",
        "start_frame": 29,
        "end_frame": 31
      },
      {
        "start_time": 16.0,
        "end_time": 19.5,
        "duration": 3.5,
        "scene_type": "unknown",
        "start_frame": 32,
        "end_frame": 38
      },
      {
        "start_time": 19.5,
        "end_time": 20.5,
        "duration": 1.0,
        "scene_type": "unknown",
        "start_frame": 39,
        "end_frame": 40
      },
      {
        "start_time": 20.5,
        "end_time": 21.5,
        "duration": 1.0,
        "scene_type": "unknown",
        "start_frame": 41,
        "end_frame": 42
      },
      {
        "start_time": 21.5,
        "end_time": 24.0,
        "duration": 2.5,
        "scene_type": "unknown",
        "start_frame": 43,
        "end_frame": 47
      },
      {
        "start_time": 24.0,
        "end_time": 25.0,
        "duration": 1.0,
        "scene_type": "unknown",
        "start_frame": 48,
        "end_frame": 49
      },
      {
        "start_time": 25.0,
        "end_time": 27.0,
        "duration": 2.0,
        "scene_type": "unknown",
        "start_frame": 50,
        "end_frame": 53
      },
      {
        "start_time": 27.0,
        "end_time": 29.0,
        "duration": 2.0,
        "scene_type": "unknown",
        "start_frame": 54,
        "end_frame": 57
      },
      {
        "start_time": 29.0,
        "end_time": 29.5,
        "duration": 0.5,
        "scene_type": "unknown",
        "start_frame": 58,
        "end_frame": 59
      }
    ]
  },
  "character_signals": {
    "person_counts_per_frame": [
      0,
      1,
      1,
      2,
      1,
      1,
      2,
      0,
      1,
      0,
      0,
      1,
      1,
      1,
      7,
      5,
      7,
      7,
      5,
      3,
      1,
      1,
      2,
      1,
      2,
      1,
      1,
      1,
      1,
      1,
      1,
      1,
      1,
      1,
      1,
      1,
      1,
      2,
      1,
      4,
      6,
      1,
      1,
      1,
      1,
      1,
      1,
      1,
      1,
      1,
      1,
      1,
      0,
      0,
      6,
      4,
      4,
      9,
      8,
      7
    ],
    "person_count_mode": 1,
    "person_count_mean": 2.1166666666666667,
    "person_count_std": 2.258994368199167,
    "person_count_min": 0,
    "person_count_max": 9,
    "person_count_distribution": {
      "0": 6,
      "1": 35,
      "2": 5,
      "7": 4,
      "5": 2,
      "3": 1,
      "4": 3,
      "6": 2,
      "9": 1,
      "8": 1
    },
    "character_consistency": 0.5833333333333334,
    "entry_events": [
      {
        "timestamp": 0.5,
        "frame_index": 1,
        "event_type": "entry",
        "count_before": 0,
        "count_after": 1
      },
      {
        "timestamp": 1.5,
        "frame_index": 3,
        "event_type": "entry",
        "count_before": 1,
        "count_after": 2
      },
      {
        "timestamp": 3.0,
        "frame_index": 6,
        "event_type": "entry",
        "count_before": 1,
        "count_after": 2
      },
      {
        "timestamp": 4.0,
        "frame_index": 8,
        "event_type": "entry",
        "count_before": 0,
        "count_after": 1
      },
      {
        "timestamp": 5.5,
        "frame_index": 11,
        "event_type": "entry",
        "count_before": 0,
        "count_after": 1
      },
      {
        "timestamp": 7.0,
        "frame_index": 14,
        "event_type": "entry",
        "count_before": 1,
        "count_after": 7
      },
      {
        "timestamp": 8.0,
        "frame_index": 16,
        "event_type": "entry",
        "count_before": 5,
        "count_after": 7
      },
      {
        "timestamp": 11.0,
        "frame_index": 22,
        "event_type": "entry",
        "count_before": 1,
        "count_after": 2
      },
      {
        "timestamp": 12.0,
        "frame_index": 24,
        "event_type": "entry",
        "count_before": 1,
        "count_after": 2
      },
      {
        "timestamp": 18.5,
        "frame_index": 37,
        "event_type": "entry",
        "count_before": 1,
        "count_after": 2
      },
      {
        "timestamp": 19.5,
        "frame_index": 39,
        "event_type": "entry",
        "count_before": 1,
        "count_after": 4
      },
      {
        "timestamp": 20.0,
        "frame_index": 40,
        "event_type": "entry",
        "count_before": 4,
        "count_after": 6
      },
      {
        "timestamp": 27.0,
        "frame_index": 54,
        "event_type": "entry",
        "count_before": 0,
        "count_after": 6
      },
      {
        "timestamp": 28.5,
        "frame_index": 57,
        "event_type": "entry",
        "count_before": 4,
        "count_after": 9
      }
    ],
    "exit_events": [
      {
        "timestamp": 2.0,
        "frame_index": 4,
        "event_type": "exit",
        "count_before": 2,
        "count_after": 1
      },
      {
        "timestamp": 3.5,
        "frame_index": 7,
        "event_type": "exit",
        "count_before": 2,
        "count_after": 0
      },
      {
        "timestamp": 4.5,
        "frame_index": 9,
        "event_type": "exit",
        "count_before": 1,
        "count_after": 0
      },
      {
        "timestamp": 7.5,
        "frame_index": 15,
        "event_type": "exit",
        "count_before": 7,
        "count_after": 5
      },
      {
        "timestamp": 9.0,
        "frame_index": 18,
        "event_type": "exit",
        "count_before": 7,
        "count_after": 5
      },
      {
        "timestamp": 9.5,
        "frame_index": 19,
        "event_type": "exit",
        "count_before": 5,
        "count_after": 3
      },
      {
        "timestamp": 10.0,
        "frame_index": 20,
        "event_type": "exit",
        "count_before": 3,
        "count_after": 1
      },
      {
        "timestamp": 11.5,
        "frame_index": 23,
        "event_type": "exit",
        "count_before": 2,
        "count_after": 1
      },
      {
        "timestamp": 12.5,
        "frame_index": 25,
        "event_type": "exit",
        "count_before": 2,
        "count_after": 1
      },
      {
        "timestamp": 19.0,
        "frame_index": 38,
        "event_type": "exit",
        "count_before": 2,
        "count_after": 1
      },
      {
        "timestamp": 20.5,
        "frame_index": 41,
        "event_type": "exit",
        "count_before": 6,
        "count_after": 1
      },
      {
        "timestamp": 26.0,
        "frame_index": 52,
        "event_type": "exit",
        "count_before": 1,
        "count_after": 0
      },
      {
        "timestamp": 27.5,
        "frame_index": 55,
        "event_type": "exit",
        "count_before": 6,
        "count_after": 4
      },
      {
        "timestamp": 29.0,
        "frame_index": 58,
        "event_type": "exit",
        "count_before": 9,
        "count_after": 8
      },
      {
        "timestamp": 29.5,
        "frame_index": 59,
        "event_type": "exit",
        "count_before": 8,
        "count_after": 7
      }
    ],
    "entry_count": 14,
    "exit_count": 15,
    "entry_exit_total": 29,
    "entry_timestamps": [
      0.5,
      1.5,
      3.0,
      4.0,
      5.5,
      7.0,
      8.0,
      11.0,
      12.0,
      18.5,
      19.5,
      20.0,
      27.0,
      28.5
    ],
    "exit_timestamps": [
      2.0,
      3.5,
      4.5,
      7.5,
      9.0,
      9.5,
      10.0,
      11.5,
      12.5,
      19.0,
      20.5,
      26.0,
      27.5,
      29.0,
      29.5
    ]
  },
  "visual_signals": {
    "unique_objects": [
      "person",
      "skateboard",
      "sports ball",
      "car",
      "suitcase"
    ],
    "unique_object_count": 5,
    "persistent_objects": [
      "person"
    ],
    "persistent_object_count": 1,
    "transient_objects": [
      "skateboard",
      "sports ball",
      "car",
      "suitcase"
    ],
    "transient_object_count": 4,
    "object_frequency": {
      "person": 0.9,
      "skateboard": 0.05,
      "sports ball": 0.016666666666666666,
      "car": 0.016666666666666666,
      "suitcase": 0.016666666666666666
    },
    "object_frame_counts": {
      "person": 54,
      "skateboard": 3,
      "sports ball": 1,
      "car": 1,
      "suitcase": 1
    },
    "object_first_appearance": {
      "person": 0.5,
      "skateboard": 5.5,
      "sports ball": 10.5,
      "car": 21.5,
      "suitcase": 29.0
    },
    "object_last_appearance": {
      "person": 29.5,
      "skateboard": 21.0,
      "sports ball": 10.5,
      "car": 21.5,
      "suitcase": 29.0
    },
    "objects_per_frame": [
      [],
      [
        "person"
      ],
      [
        "person"
      ],
      [
        "person"
      ],
      [
        "person"
      ],
      [
        "person"
      ],
      [
        "person"
      ],
      [],
      [
        "person"
      ],
      [],
      [],
      [
        "skateboard",
        "person"
      ],
      [
        "person"
      ],
      [
        "person"
      ],
      [
        "person"
      ],
      [
        "person"
      ],
      [
        "person"
      ],
      [
        "person"
      ],
      [
        "person"
      ],
      [
        "person"
      ],
      [
        "person"
      ],
      [
        "sports ball",
        "person"
      ],
      [
        "person"
      ],
      [
        "person"
      ],
      [
        "person"
      ],
      [
        "person"
      ],
      [
        "person"
      ],
      [
        "person"
      ],
      [
        "person"
      ],
      [
        "person"
      ],
      [
        "person"
      ],
      [
        "person"
      ],
      [
        "person"
      ],
      [
        "person"
      ],
      [
        "person"
      ],
      [
        "person"
      ],
      [
        "person"
      ],
      [
        "person"
      ],
      [
        "person"
      ],
      [
        "person"
      ],
      [
        "person"
      ],
      [
        "skateboard",
        "person"
      ],
      [
        "skateboard",
        "person"
      ],
      [
        "car",
        "person"
      ],
      [
        "person"
      ],
      [
        "person"
      ],
      [
        "person"
      ],
      [
        "person"
      ],
      [
        "person"
      ],
      [
        "person"
      ],
      [
        "person"
      ],
      [
        "person"
      ],
      [],
      [],
      [
        "person"
      ],
      [
        "person"
      ],
      [
        "person"
      ],
      [
        "person"
      ],
      [
        "person",
        "suitcase"
      ],
      [
        "person"
      ]
    ],
    "appearances": [
      {
        "object_class": "person",
        "first_appearance": 0.5,
        "last_appearance": 29.5,
        "frame_count": 54,
        "frequency": 0.9
      },
      {
        "object_class": "skateboard",
        "first_appearance": 5.5,
        "last_appearance": 21.0,
        "frame_count": 3,
        "frequency": 0.05
      },
      {
        "object_class": "sports ball",
        "first_appearance": 10.5,
        "last_appearance": 10.5,
        "frame_count": 1,
        "frequency": 0.016666666666666666
      },
      {
        "object_class": "car",
        "first_appearance": 21.5,
        "last_appearance": 21.5,
        "frame_count": 1,
        "frequency": 0.016666666666666666
      },
      {
        "object_class": "suitcase",
        "first_appearance": 29.0,
        "last_appearance": 29.0,
        "frame_count": 1,
        "frequency": 0.016666666666666666
      }
    ]
  },
  "atmosphere_signals": {
    "brightness_values": [
      110.59794379340278,
      89.80618706597222,
      73.477919921875,
      119.11712999131944,
      130.6240017361111,
      137.7833181423611,
      132.330224609375,
      100.54450412326389,
      98.34145290798611,
      93.77558159722223,
      75.96167209201388,
      103.01684353298612,
      124.83122938368055,
      127.04102973090278,
      125.7463845486111,
      128.35358506944445,
      130.7813650173611,
      130.837421875,
      129.2840700954861,
      119.01438151041667,
      72.41714735243056,
      71.32167100694444,
      63.72866861979167,
      64.72737630208333,
      65.31826605902778,
      67.32576388888889,
      68.84546657986111,
      68.86169487847222,
      69.81715711805556,
      130.91354166666667,
      130.75597764756944,
      128.7131174045139,
      116.97746310763888,
      113.45228732638888,
      106.51651692708333,
      98.54003255208333,
      94.90062391493055,
      63.29559244791667,
      68.20337456597223,
      144.28365993923612,
      143.80512803819445,
      98.25458984375,
      95.38107421875,
      95.98606336805555,
      112.16237847222222,
      114.44308376736112,
      62.733509114583335,
      63.702396918402776,
      65.0950954861111,
      72.6746484375,
      50.13243815104167,
      54.659220920138885,
      60.70052951388889,
      69.5617502170139,
      140.53628472222223,
      139.71402235243056,
      134.36844618055557,
      132.1617892795139,
      107.21647894965278,
      107.57191948784723
    ],
    "brightness_mean": 100.1840415581597,
    "brightness_std": 28.181108909333147,
    "brightness_min": 50.13243815104167,
    "brightness_max": 144.28365993923612,
    "brightness_range": 94.15122178819445,
    "lighting_changes": [
      {
        "timestamp": 0.5,
        "frame_index": 1,
        "brightness_before": 110.59794379340278,
        "brightness_after": 89.80618706597222,
        "magnitude": 20.791756727430553
      },
      {
        "timestamp": 1.5,
        "frame_index": 3,
        "brightness_before": 73.477919921875,
        "brightness_after": 119.11712999131944,
        "magnitude": 45.639210069444445
      },
      {
        "timestamp": 3.5,
        "frame_index": 7,
        "brightness_before": 132.330224609375,
        "brightness_after": 100.54450412326389,
        "magnitude": 31.785720486111103
      },
      {
        "timestamp": 5.5,
        "frame_index": 11,
        "brightness_before": 75.96167209201388,
        "brightness_after": 103.01684353298612,
        "magnitude": 27.05517144097223
      },
      {
        "timestamp": 6.0,
        "frame_index": 12,
        "brightness_before": 103.01684353298612,
        "brightness_after": 124.83122938368055,
        "magnitude": 21.814385850694435
      },
      {
        "timestamp": 10.0,
        "frame_index": 20,
        "brightness_before": 119.01438151041667,
        "brightness_after": 72.41714735243056,
        "magnitude": 46.59723415798611
      },
      {
        "timestamp": 14.5,
        "frame_index": 29,
        "brightness_before": 69.81715711805556,
        "brightness_after": 130.91354166666667,
        "magnitude": 61.09638454861111
      },
      {
        "timestamp": 18.5,
        "frame_index": 37,
        "brightness_before": 94.90062391493055,
        "brightness_after": 63.29559244791667,
        "magnitude": 31.60503146701388
      },
      {
        "timestamp": 19.5,
        "frame_index": 39,
        "brightness_before": 68.20337456597223,
        "brightness_after": 144.28365993923612,
        "magnitude": 76.08028537326389
      },
      {
        "timestamp": 20.5,
        "frame_index": 41,
        "brightness_before": 143.80512803819445,
        "brightness_after": 98.25458984375,
        "magnitude": 45.55053819444446
      },
      {
        "timestamp": 23.0,
        "frame_index": 46,
        "brightness_before": 114.44308376736112,
        "brightness_after": 62.733509114583335,
        "magnitude": 51.70957465277778
      },
      {
        "timestamp": 25.0,
        "frame_index": 50,
        "brightness_before": 72.6746484375,
        "brightness_after": 50.13243815104167,
        "magnitude": 22.542210286458328
      },
      {
        "timestamp": 27.0,
        "frame_index": 54,
        "brightness_before": 69.5617502170139,
        "brightness_after": 140.53628472222223,
        "magnitude": 70.97453450520834
      },
      {
        "timestamp": 29.0,
        "frame_index": 58,
        "brightness_before": 132.1617892795139,
        "brightness_after": 107.21647894965278,
        "magnitude": 24.945310329861115
      }
    ],
    "lighting_change_count": 14,
    "setting_type": "indoor",
    "dominant_colors_rgb": [
      [
        "61",
        "67",
        "63"
      ],
      [
        "207",
        "214",
        "204"
      ],
      [
        "146",
        "152",
        "136"
      ]
    ],
    "dominant_colors": [
      "green",
      "white",
      "green"
    ]
  },
  "action_signals": {
    "intensity_timeline": [
      0.0,
      0.03359165668487549,
      0.053086285591125486,
      0.15398068428039552,
      0.26468826293945313,
      0.32417495727539064,
      0.2361595344543457,
      0.22184398651123047,
      0.2713345718383789,
      0.23748422622680665,
      0.23944198608398437,
      0.21036134719848631,
      0.18757070541381837,
      0.11196572303771973,
      0.14690770149230958,
      0.1433570098876953,
      0.11941934585571289,
      0.09435454368591309,
      0.08029067039489746,
      0.1191321086883545,
      0.06943612098693848,
      0.046139497756958005,
      0.09748509407043457,
      0.044566984176635745,
      0.04798988819122314,
      0.041941866874694825,
      0.050345845222473144,
      0.05574740886688232,
      0.04033189296722412,
      0.11122973442077637,
      0.2668463325500488,
      0.14801145553588868,
      0.09226144790649414,
      0.06471525192260742,
      0.06533838748931885,
      0.06811889171600342,
      0.05796510219573975,
      0.03570432662963867,
      0.020848326683044434,
      0.10571447372436524,
      0.21926429748535156,
      0.1411591625213623,
      0.05476850032806396,
      0.1091453742980957,
      0.1405445384979248,
      0.11552145004272461,
      0.09850661277770996,
      0.07144633293151856,
      0.08072769165039062,
      0.0974653434753418,
      0.1069749927520752,
      0.11422780990600585,
      0.12220948219299316,
      0.1125737476348877,
      0.12195352554321288,
      0.1596867847442627,
      0.17423517227172852,
      0.20413324356079102,
      0.19396812438964844,
      0.251154842376709
    ],
    "intensity_mean": 0.12449251111348471,
    "intensity_std": 0.0739709215536082,
    "intensity_min": 0.0,
    "intensity_max": 0.32417495727539064,
    "intensity_trend": "stable",
    "peak_moments": [
      {
        "timestamp": 2.5,
        "frame_index": 5,
        "intensity": 0.32417495727539064,
        "moment_type": "peak"
      },
      {
        "timestamp": 15.0,
        "frame_index": 30,
        "intensity": 0.2668463325500488,
        "moment_type": "peak"
      },
      {
        "timestamp": 20.0,
        "frame_index": 40,
        "intensity": 0.21926429748535156,
        "moment_type": "peak"
      }
    ],
    "valley_moments": [
      {
        "timestamp": 14.0,
        "frame_index": 28,
        "intensity": 0.04033189296722412,
        "moment_type": "valley"
      },
      {
        "timestamp": 19.0,
        "frame_index": 38,
        "intensity": 0.020848326683044434,
        "moment_type": "valley"
      },
      {
        "timestamp": 21.0,
        "frame_index": 42,
        "intensity": 0.05476850032806396,
        "moment_type": "valley"
      }
    ],
    "peak_timestamps": [
      2.5,
      15.0,
      20.0
    ],
    "valley_timestamps": [
      14.0,
      19.0,
      21.0
    ],
    "peak_count": 3,
    "valley_count": 3,
    "action_variance": 0.005471697235490057
  },
  "temporal_signals": {
    "frame_change_scores": [
      0.0,
      0.25013316166076005,
      0.6500755300192839,
      0.8311726063249154,
      0.6969703354997447,
      0.5763702132169005,
      0.4807978143501527,
      0.855857233195539,
      0.8538183875687635,
      0.8627918519531071,
      0.8678215467460328,
      0.8542221112415279,
      0.7892494471366949,
      0.44076132697426484,
      0.8505354904434125,
      0.559595147993562,
      0.533145342909537,
      0.4136932693146357,
      0.38561614238369013,
      0.5992185139788557,
      0.8007812658812146,
      0.1886324972243405,
      0.6649516656040066,
      0.24189677420410616,
      0.24745069759170013,
      0.22737488061385758,
      0.24884052679758173,
      0.2340766649036724,
      0.23927418557959002,
      0.7400211437795878,
      0.7329931009603748,
      0.6398232191448534,
      0.6231732906178977,
      0.4146777465624347,
      0.43367743073209497,
      0.4400050260365699,
      0.3936966211299767,
      0.6906504266228553,
      0.38142634824124366,
      0.7777804846638459,
      0.771825443644935,
      0.8498244226176396,
      0.33188864228103343,
      0.7474897638984574,
      0.6293093540427945,
      0.5877509615002305,
      0.7615983895244954,
      0.39871242284093755,
      0.44836266606912556,
      0.4470975504667999,
      0.7418122022305533,
      0.548937348753467,
      0.5710367011901061,
      0.5796045437925048,
      0.7856751684242641,
      0.5498396448068048,
      0.6197371953511105,
      0.6600315126820817,
      0.9174586980864639,
      0.6444733563162934
    ],
    "change_score_mean": 0.5717585909720547,
    "change_score_std": 0.21516041580582265,
    "change_score_max": 0.9174586980864639,
    "temporal_gaps": [],
    "temporal_gap_count": 0,
    "temporal_gap_total_duration": 0.0,
    "transition_similarity_scores": [
      0.74986683833924,
      0.34992446998071614,
      0.16882739367508465,
      0.14414276680446098,
      0.1457778887584721,
      0.21075055286330516,
      0.1494645095565875,
      0.1992187341187854,
      0.3350483343959934,
      0.2599788562204121,
      0.3768267093821022,
      0.2222195153361541,
      0.15017557738236043,
      0.2525102361015426,
      0.5516373339308744,
      0.25818779776944667,
      0.2143248315757359,
      0.0825413019135362
    ],
    "transition_similarity_mean": 0.2678568693391561,
    "temporal_density": 2.0
  },
  "metadata": {
    "video_path": "/vol/videos/core/produced_digital/commercials/-grjIUWKoBA.mp4",
    "dataset": "produced_digital/commercials",
    "tier": "produced_digital",
    "study_type": "core",
    "source_fps": 25.0,
    "experiment_version": "3.2"
  }
}