{
  "video_id": "0hcaaKhGL00",
  "fps": 12.0,
  "duration": 29.916666666666664,
  "frame_count": 360,
  "scene_signals": {
    "transition_count": 37,
    "transition_timestamps": [
      1.25,
      7.166666666666666,
      7.25,
      7.333333333333333,
      8.833333333333332,
      9.0,
      9.333333333333332,
      11.333333333333332,
      11.416666666666666,
      11.5,
      11.583333333333332,
      11.666666666666666,
      11.75,
      11.833333333333332,
      12.166666666666666,
      12.25,
      13.0,
      14.666666666666666,
      17.416666666666664,
      17.833333333333332,
      17.916666666666664,
      18.0,
      19.083333333333332,
      19.166666666666664,
      19.666666666666664,
      20.25,
      20.333333333333332,
      20.916666666666664,
      21.166666666666664,
      24.416666666666664,
      25.75,
      25.833333333333332,
      25.916666666666664,
      26.666666666666664,
      26.833333333333332,
      29.5,
      29.583333333333332
    ],
    "transition_types": [
      "hard_cut",
      "hard_cut",
      "soft_cut",
      "hard_cut",
      "hard_cut",
      "hard_cut",
      "hard_cut",
      "hard_cut",
      "hard_cut",
      "hard_cut",
      "hard_cut",
      "hard_cut",
      "hard_cut",
      "hard_cut",
      "hard_cut",
      "hard_cut",
      "hard_cut",
      "soft_cut",
      "hard_cut",
      "soft_cut",
      "soft_cut",
      "hard_cut",
      "soft_cut",
      "soft_cut",
      "hard_cut",
      "hard_cut",
      "hard_cut",
      "dissolve",
      "hard_cut",
      "dissolve",
      "hard_cut",
      "soft_cut",
      "hard_cut",
      "soft_cut",
      "hard_cut",
      "hard_cut",
      "hard_cut"
    ],
    "transition_magnitudes": [
      91.30780796773772,
      445.39656520207683,
      39.40280049333046,
      104.5502329750336,
      1368.6705671550342,
      173.00120853326064,
      197.03399361400122,
      123.7481122360624,
      131.81254802398314,
      9330.381213151393,
      26727.675670413355,
      371.46429266108026,
      665.4317986966898,
      537.6369779490108,
      2242.844302561482,
      182.3854827562683,
      212.79390739367688,
      65.1115456565359,
      556.2203896226666,
      28.73701455989184,
      54.99256585403577,
      304.69546888176944,
      58.90202319110735,
      34.03015898571246,
      129.6185410913921,
      359.1291311774655,
      4553.105830508918,
      29.25608022218888,
      296.89016232672014,
      70.41481596207902,
      3352.549424740015,
      50.53450799483611,
      336.92139475244403,
      34.25224051733723,
      122.92016525796697,
      101.33673227891467,
      104.32749198880721
    ],
    "scene_count": 38,
    "scene_durations": [
      1.25,
      5.916666666666666,
      0.08333333333333393,
      0.08333333333333304,
      1.4999999999999991,
      0.16666666666666785,
      0.33333333333333215,
      2.0,
      0.08333333333333393,
      0.08333333333333393,
      0.08333333333333215,
      0.08333333333333393,
      0.08333333333333393,
      0.08333333333333215,
      0.3333333333333339,
      0.08333333333333393,
      0.75,
      1.666666666666666,
      2.7499999999999982,
      0.41666666666666785,
      0.08333333333333215,
      0.0833333333333357,
      1.0833333333333321,
      0.08333333333333215,
      0.5,
      0.5833333333333357,
      0.08333333333333215,
      0.5833333333333321,
      0.25,
      3.25,
      1.3333333333333357,
      0.08333333333333215,
      0.08333333333333215,
      0.75,
      0.16666666666666785,
      2.666666666666668,
      0.08333333333333215,
      0.33333333333333215
    ],
    "scene_duration_mean": 0.7872807017543859,
    "scene_duration_std": 1.181252396949988,
    "scene_duration_min": 0.08333333333333215,
    "scene_duration_max": 5.916666666666666,
    "scene_types": [
      "unknown",
      "unknown",
      "unknown",
      "unknown",
      "unknown",
      "unknown",
      "unknown",
      "unknown",
      "unknown",
      "unknown",
      "unknown",
      "unknown",
      "unknown",
      "unknown",
      "unknown",
      "unknown",
      "unknown",
      "unknown",
      "unknown",
      "unknown",
      "unknown",
      "unknown",
      "unknown",
      "unknown",
      "unknown",
      "unknown",
      "unknown",
      "unknown",
      "unknown",
      "unknown",
      "unknown",
      "unknown",
      "unknown",
      "unknown",
      "unknown",
      "unknown",
      "unknown",
      "unknown"
    ],
    "transitions": [
      {
        "timestamp": 1.25,
        "frame_index": 15,
        "transition_type": "hard_cut",
        "magnitude": 91.30780796773772
      },
      {
        "timestamp": 7.166666666666666,
        "frame_index": 86,
        "transition_type": "hard_cut",
        "magnitude": 445.39656520207683
      },
      {
        "timestamp": 7.25,
        "frame_index": 87,
        "transition_type": "soft_cut",
        "magnitude": 39.40280049333046
      },
      {
        "timestamp": 7.333333333333333,
        "frame_index": 88,
        "transition_type": "hard_cut",
        "magnitude": 104.5502329750336
      },
      {
        "timestamp": 8.833333333333332,
        "frame_index": 106,
        "transition_type": "hard_cut",
        "magnitude": 1368.6705671550342
      },
      {
        "timestamp": 9.0,
        "frame_index": 108,
        "transition_type": "hard_cut",
        "magnitude": 173.00120853326064
      },
      {
        "timestamp": 9.333333333333332,
        "frame_index": 112,
        "transition_type": "hard_cut",
        "magnitude": 197.03399361400122
      },
      {
        "timestamp": 11.333333333333332,
        "frame_index": 136,
        "transition_type": "hard_cut",
        "magnitude": 123.7481122360624
      },
      {
        "timestamp": 11.416666666666666,
        "frame_index": 137,
        "transition_type": "hard_cut",
        "magnitude": 131.81254802398314
      },
      {
        "timestamp": 11.5,
        "frame_index": 138,
        "transition_type": "hard_cut",
        "magnitude": 9330.381213151393
      },
      {
        "timestamp": 11.583333333333332,
        "frame_index": 139,
        "transition_type": "hard_cut",
        "magnitude": 26727.675670413355
      },
      {
        "timestamp": 11.666666666666666,
        "frame_index": 140,
        "transition_type": "hard_cut",
        "magnitude": 371.46429266108026
      },
      {
        "timestamp": 11.75,
        "frame_index": 141,
        "transition_type": "hard_cut",
        "magnitude": 665.4317986966898
      },
      {
        "timestamp": 11.833333333333332,
        "frame_index": 142,
        "transition_type": "hard_cut",
        "magnitude": 537.6369779490108
      },
      {
        "timestamp": 12.166666666666666,
        "frame_index": 146,
        "transition_type": "hard_cut",
        "magnitude": 2242.844302561482
      },
      {
        "timestamp": 12.25,
        "frame_index": 147,
        "transition_type": "hard_cut",
        "magnitude": 182.3854827562683
      },
      {
        "timestamp": 13.0,
        "frame_index": 156,
        "transition_type": "hard_cut",
        "magnitude": 212.79390739367688
      },
      {
        "timestamp": 14.666666666666666,
        "frame_index": 176,
        "transition_type": "soft_cut",
        "magnitude": 65.1115456565359
      },
      {
        "timestamp": 17.416666666666664,
        "frame_index": 209,
        "transition_type": "hard_cut",
        "magnitude": 556.2203896226666
      },
      {
        "timestamp": 17.833333333333332,
        "frame_index": 214,
        "transition_type": "soft_cut",
        "magnitude": 28.73701455989184
      },
      {
        "timestamp": 17.916666666666664,
        "frame_index": 215,
        "transition_type": "soft_cut",
        "magnitude": 54.99256585403577
      },
      {
        "timestamp": 18.0,
        "frame_index": 216,
        "transition_type": "hard_cut",
        "magnitude": 304.69546888176944
      },
      {
        "timestamp": 19.083333333333332,
        "frame_index": 229,
        "transition_type": "soft_cut",
        "magnitude": 58.90202319110735
      },
      {
        "timestamp": 19.166666666666664,
        "frame_index": 230,
        "transition_type": "soft_cut",
        "magnitude": 34.03015898571246
      },
      {
        "timestamp": 19.666666666666664,
        "frame_index": 236,
        "transition_type": "hard_cut",
        "magnitude": 129.6185410913921
      },
      {
        "timestamp": 20.25,
        "frame_index": 243,
        "transition_type": "hard_cut",
        "magnitude": 359.1291311774655
      },
      {
        "timestamp": 20.333333333333332,
        "frame_index": 244,
        "transition_type": "hard_cut",
        "magnitude": 4553.105830508918
      },
      {
        "timestamp": 20.916666666666664,
        "frame_index": 251,
        "transition_type": "dissolve",
        "magnitude": 29.25608022218888
      },
      {
        "timestamp": 21.166666666666664,
        "frame_index": 254,
        "transition_type": "hard_cut",
        "magnitude": 296.89016232672014
      },
      {
        "timestamp": 24.416666666666664,
        "frame_index": 293,
        "transition_type": "dissolve",
        "magnitude": 70.41481596207902
      },
      {
        "timestamp": 25.75,
        "frame_index": 309,
        "transition_type": "hard_cut",
        "magnitude": 3352.549424740015
      },
      {
        "timestamp": 25.833333333333332,
        "frame_index": 310,
        "transition_type": "soft_cut",
        "magnitude": 50.53450799483611
      },
      {
        "timestamp": 25.916666666666664,
        "frame_index": 311,
        "transition_type": "hard_cut",
        "magnitude": 336.92139475244403
      },
      {
        "timestamp": 26.666666666666664,
        "frame_index": 320,
        "transition_type": "soft_cut",
        "magnitude": 34.25224051733723
      },
      {
        "timestamp": 26.833333333333332,
        "frame_index": 322,
        "transition_type": "hard_cut",
        "magnitude": 122.92016525796697
      },
      {
        "timestamp": 29.5,
        "frame_index": 354,
        "transition_type": "hard_cut",
        "magnitude": 101.33673227891467
      },
      {
        "timestamp": 29.583333333333332,
        "frame_index": 355,
        "transition_type": "hard_cut",
        "magnitude": 104.32749198880721
      }
    ],
    "scenes": [
      {
        "start_time": 0.0,
        "end_time": 1.25,
        "duration": 1.25,
        "scene_type": "unknown",
        "start_frame": 0,
        "end_frame": 14
      },
      {
        "start_time": 1.25,
        "end_time": 7.166666666666666,
        "duration": 5.916666666666666,
        "scene_type": "unknown",
        "start_frame": 15,
        "end_frame": 85
      },
      {
        "start_time": 7.166666666666666,
        "end_time": 7.25,
        "duration": 0.08333333333333393,
        "scene_type": "unknown",
        "start_frame": 86,
        "end_frame": 86
      },
      {
        "start_time": 7.25,
        "end_time": 7.333333333333333,
        "duration": 0.08333333333333304,
        "scene_type": "unknown",
        "start_frame": 87,
        "end_frame": 87
      },
      {
        "start_time": 7.333333333333333,
        "end_time": 8.833333333333332,
        "duration": 1.4999999999999991,
        "scene_type": "unknown",
        "start_frame": 88,
        "end_frame": 105
      },
      {
        "start_time": 8.833333333333332,
        "end_time": 9.0,
        "duration": 0.16666666666666785,
        "scene_type": "unknown",
        "start_frame": 106,
        "end_frame": 107
      },
      {
        "start_time": 9.0,
        "end_time": 9.333333333333332,
        "duration": 0.33333333333333215,
        "scene_type": "unknown",
        "start_frame": 108,
        "end_frame": 111
      },
      {
        "start_time": 9.333333333333332,
        "end_time": 11.333333333333332,
        "duration": 2.0,
        "scene_type": "unknown",
        "start_frame": 112,
        "end_frame": 135
      },
      {
        "start_time": 11.333333333333332,
        "end_time": 11.416666666666666,
        "duration": 0.08333333333333393,
        "scene_type": "unknown",
        "start_frame": 136,
        "end_frame": 136
      },
      {
        "start_time": 11.416666666666666,
        "end_time": 11.5,
        "duration": 0.08333333333333393,
        "scene_type": "unknown",
        "start_frame": 137,
        "end_frame": 137
      },
      {
        "start_time": 11.5,
        "end_time": 11.583333333333332,
        "duration": 0.08333333333333215,
        "scene_type": "unknown",
        "start_frame": 138,
        "end_frame": 138
      },
      {
        "start_time": 11.583333333333332,
        "end_time": 11.666666666666666,
        "duration": 0.08333333333333393,
        "scene_type": "unknown",
        "start_frame": 139,
        "end_frame": 139
      },
      {
        "start_time": 11.666666666666666,
        "end_time": 11.75,
        "duration": 0.08333333333333393,
        "scene_type": "unknown",
        "start_frame": 140,
        "end_frame": 140
      },
      {
        "start_time": 11.75,
        "end_time": 11.833333333333332,
        "duration": 0.08333333333333215,
        "scene_type": "unknown",
        "start_frame": 141,
        "end_frame": 141
      },
      {
        "start_time": 11.833333333333332,
        "end_time": 12.166666666666666,
        "duration": 0.3333333333333339,
        "scene_type": "unknown",
        "start_frame": 142,
        "end_frame": 145
      },
      {
        "start_time": 12.166666666666666,
        "end_time": 12.25,
        "duration": 0.08333333333333393,
        "scene_type": "unknown",
        "start_frame": 146,
        "end_frame": 146
      },
      {
        "start_time": 12.25,
        "end_time": 13.0,
        "duration": 0.75,
        "scene_type": "unknown",
        "start_frame": 147,
        "end_frame": 155
      },
      {
        "start_time": 13.0,
        "end_time": 14.666666666666666,
        "duration": 1.666666666666666,
        "scene_type": "unknown",
        "start_frame": 156,
        "end_frame": 175
      },
      {
        "start_time": 14.666666666666666,
        "end_time": 17.416666666666664,
        "duration": 2.7499999999999982,
        "scene_type": "unknown",
        "start_frame": 176,
        "end_frame": 208
      },
      {
        "start_time": 17.416666666666664,
        "end_time": 17.833333333333332,
        "duration": 0.41666666666666785,
        "scene_type": "unknown",
        "start_frame": 209,
        "end_frame": 213
      },
      {
        "start_time": 17.833333333333332,
        "end_time": 17.916666666666664,
        "duration": 0.08333333333333215,
        "scene_type": "unknown",
        "start_frame": 214,
        "end_frame": 214
      },
      {
        "start_time": 17.916666666666664,
        "end_time": 18.0,
        "duration": 0.0833333333333357,
        "scene_type": "unknown",
        "start_frame": 215,
        "end_frame": 215
      },
      {
        "start_time": 18.0,
        "end_time": 19.083333333333332,
        "duration": 1.0833333333333321,
        "scene_type": "unknown",
        "start_frame": 216,
        "end_frame": 228
      },
      {
        "start_time": 19.083333333333332,
        "end_time": 19.166666666666664,
        "duration": 0.08333333333333215,
        "scene_type": "unknown",
        "start_frame": 229,
        "end_frame": 229
      },
      {
        "start_time": 19.166666666666664,
        "end_time": 19.666666666666664,
        "duration": 0.5,
        "scene_type": "unknown",
        "start_frame": 230,
        "end_frame": 235
      },
      {
        "start_time": 19.666666666666664,
        "end_time": 20.25,
        "duration": 0.5833333333333357,
        "scene_type": "unknown",
        "start_frame": 236,
        "end_frame": 242
      },
      {
        "start_time": 20.25,
        "end_time": 20.333333333333332,
        "duration": 0.08333333333333215,
        "scene_type": "unknown",
        "start_frame": 243,
        "end_frame": 243
      },
      {
        "start_time": 20.333333333333332,
        "end_time": 20.916666666666664,
        "duration": 0.5833333333333321,
        "scene_type": "unknown",
        "start_frame": 244,
        "end_frame": 250
      },
      {
        "start_time": 20.916666666666664,
        "end_time": 21.166666666666664,
        "duration": 0.25,
        "scene_type": "unknown",
        "start_frame": 251,
        "end_frame": 253
      },
      {
        "start_time": 21.166666666666664,
        "end_time": 24.416666666666664,
        "duration": 3.25,
        "scene_type": "unknown",
        "start_frame": 254,
        "end_frame": 292
      },
      {
        "start_time": 24.416666666666664,
        "end_time": 25.75,
        "duration": 1.3333333333333357,
        "scene_type": "unknown",
        "start_frame": 293,
        "end_frame": 308
      },
      {
        "start_time": 25.75,
        "end_time": 25.833333333333332,
        "duration": 0.08333333333333215,
        "scene_type": "unknown",
        "start_frame": 309,
        "end_frame": 309
      },
      {
        "start_time": 25.833333333333332,
        "end_time": 25.916666666666664,
        "duration": 0.08333333333333215,
        "scene_type": "unknown",
        "start_frame": 310,
        "end_frame": 310
      },
      {
        "start_time": 25.916666666666664,
        "end_time": 26.666666666666664,
        "duration": 0.75,
        "scene_type": "unknown",
        "start_frame": 311,
        "end_frame": 319
      },
      {
        "start_time": 26.666666666666664,
        "end_time": 26.833333333333332,
        "duration": 0.16666666666666785,
        "scene_type": "unknown",
        "start_frame": 320,
        "end_frame": 321
      },
      {
        "start_time": 26.833333333333332,
        "end_time": 29.5,
        "duration": 2.666666666666668,
        "scene_type": "unknown",
        "start_frame": 322,
        "end_frame": 353
      },
      {
        "start_time": 29.5,
        "end_time": 29.583333333333332,
        "duration": 0.08333333333333215,
        "scene_type": "unknown",
        "start_frame": 354,
        "end_frame": 354
      },
      {
        "start_time": 29.583333333333332,
        "end_time": 29.916666666666664,
        "duration": 0.33333333333333215,
        "scene_type": "unknown",
        "start_frame": 355,
        "end_frame": 359
      }
    ]
  },
  "character_signals": {
    "person_counts_per_frame": [
      0,
      0,
      0,
      0,
      0,
      0,
      0,
      0,
      0,
      0,
      0,
      0,
      0,
      0,
      0,
      1,
      1,
      1,
      1,
      1,
      1,
      1,
      1,
      1,
      1,
      1,
      1,
      1,
      1,
      1,
      0,
      1,
      0,
      1,
      1,
      1,
      1,
      1,
      1,
      1,
      1,
      1,
      1,
      1,
      1,
      1,
      1,
      1,
      1,
      1,
      1,
      1,
      1,
      1,
      1,
      1,
      1,
      1,
      1,
      1,
      1,
      1,
      0,
      0,
      0,
      0,
      0,
      0,
      0,
      0,
      0,
      0,
      0,
      0,
      0,
      0,
      0,
      0,
      0,
      0,
      0,
      0,
      0,
      0,
      0,
      0,
      0,
      0,
      0,
      0,
      0,
      0,
      0,
      0,
      0,
      0,
      0,
      0,
      0,
      0,
      0,
      0,
      0,
      0,
      0,
      0,
      0,
      0,
      2,
      0,
      0,
      0,
      0,
      0,
      0,
      0,
      0,
      0,
      0,
      0,
      0,
      0,
      0,
      0,
      0,
      0,
      0,
      0,
      0,
      0,
      0,
      0,
      0,
      0,
      0,
      0,
      0,
      0,
      0,
      0,
      0,
      0,
      0,
      0,
      0,
      0,
      0,
      0,
      0,
      0,
      0,
      1,
      0,
      0,
      0,
      0,
      0,
      0,
      0,
      0,
      0,
      0,
      0,
      0,
      0,
      0,
      0,
      0,
      0,
      0,
      0,
      0,
      0,
      0,
      0,
      0,
      0,
      1,
      1,
      1,
      0,
      0,
      0,
      0,
      1,
      1,
      0,
      0,
      0,
      0,
      1,
      0,
      0,
      0,
      0,
      0,
      1,
      1,
      0,
      1,
      0,
      3,
      2,
      1,
      1,
      2,
      0,
      0,
      0,
      0,
      0,
      0,
      0,
      0,
      0,
      0,
      0,
      0,
      0,
      0,
      0,
      0,
      0,
      0,
      0,
      0,
      0,
      0,
      0,
      0,
      0,
      1,
      0,
      1,
      0,
      0,
      2,
      0,
      1,
      1,
      1,
      0,
      1,
      0,
      0,
      0,
      1,
      0,
      0,
      0,
      0,
      1,
      1,
      0,
      1,
      1,
      1,
      1,
      1,
      1,
      1,
      1,
      1,
      1,
      1,
      2,
      1,
      1,
      1,
      1,
      2,
      1,
      1,
      1,
      1,
      1,
      1,
      1,
      1,
      1,
      1,
      1,
      1,
      1,
      1,
      1,
      1,
      1,
      1,
      1,
      1,
      1,
      1,
      1,
      1,
      1,
      1,
      1,
      1,
      1,
      1,
      1,
      1,
      1,
      1,
      1,
      1,
      1,
      1,
      0,
      1,
      1,
      1,
      1,
      1,
      0,
      0,
      0,
      0,
      0,
      0,
      0,
      1,
      1,
      1,
      1,
      1,
      1,
      1,
      1,
      1,
      1,
      1,
      1,
      1,
      1,
      1,
      1,
      1,
      1,
      1,
      1,
      1,
      1,
      1,
      1,
      1,
      0,
      0,
      0,
      0,
      0,
      0,
      1,
      2,
      2,
      2,
      2,
      2,
      1
    ],
    "person_count_mode": 0,
    "person_count_mean": 0.4888888888888889,
    "person_count_std": 0.5724109721062781,
    "person_count_min": 0,
    "person_count_max": 3,
    "person_count_distribution": {
      "0": 197,
      "1": 151,
      "2": 11,
      "3": 1
    },
    "character_consistency": 0.5472222222222223,
    "entry_events": [
      {
        "timestamp": 1.25,
        "frame_index": 15,
        "event_type": "entry",
        "count_before": 0,
        "count_after": 1
      },
      {
        "timestamp": 2.583333333333333,
        "frame_index": 31,
        "event_type": "entry",
        "count_before": 0,
        "count_after": 1
      },
      {
        "timestamp": 2.75,
        "frame_index": 33,
        "event_type": "entry",
        "count_before": 0,
        "count_after": 1
      },
      {
        "timestamp": 9.0,
        "frame_index": 108,
        "event_type": "entry",
        "count_before": 0,
        "count_after": 2
      },
      {
        "timestamp": 12.583333333333332,
        "frame_index": 151,
        "event_type": "entry",
        "count_before": 0,
        "count_after": 1
      },
      {
        "timestamp": 14.75,
        "frame_index": 177,
        "event_type": "entry",
        "count_before": 0,
        "count_after": 1
      },
      {
        "timestamp": 15.333333333333332,
        "frame_index": 184,
        "event_type": "entry",
        "count_before": 0,
        "count_after": 1
      },
      {
        "timestamp": 15.833333333333332,
        "frame_index": 190,
        "event_type": "entry",
        "count_before": 0,
        "count_after": 1
      },
      {
        "timestamp": 16.333333333333332,
        "frame_index": 196,
        "event_type": "entry",
        "count_before": 0,
        "count_after": 1
      },
      {
        "timestamp": 16.583333333333332,
        "frame_index": 199,
        "event_type": "entry",
        "count_before": 0,
        "count_after": 1
      },
      {
        "timestamp": 16.75,
        "frame_index": 201,
        "event_type": "entry",
        "count_before": 0,
        "count_after": 3
      },
      {
        "timestamp": 17.083333333333332,
        "frame_index": 205,
        "event_type": "entry",
        "count_before": 1,
        "count_after": 2
      },
      {
        "timestamp": 19.25,
        "frame_index": 231,
        "event_type": "entry",
        "count_before": 0,
        "count_after": 1
      },
      {
        "timestamp": 19.416666666666664,
        "frame_index": 233,
        "event_type": "entry",
        "count_before": 0,
        "count_after": 1
      },
      {
        "timestamp": 19.666666666666664,
        "frame_index": 236,
        "event_type": "entry",
        "count_before": 0,
        "count_after": 2
      },
      {
        "timestamp": 19.833333333333332,
        "frame_index": 238,
        "event_type": "entry",
        "count_before": 0,
        "count_after": 1
      },
      {
        "timestamp": 20.166666666666664,
        "frame_index": 242,
        "event_type": "entry",
        "count_before": 0,
        "count_after": 1
      },
      {
        "timestamp": 20.5,
        "frame_index": 246,
        "event_type": "entry",
        "count_before": 0,
        "count_after": 1
      },
      {
        "timestamp": 20.916666666666664,
        "frame_index": 251,
        "event_type": "entry",
        "count_before": 0,
        "count_after": 1
      },
      {
        "timestamp": 21.166666666666664,
        "frame_index": 254,
        "event_type": "entry",
        "count_before": 0,
        "count_after": 1
      },
      {
        "timestamp": 22.083333333333332,
        "frame_index": 265,
        "event_type": "entry",
        "count_before": 1,
        "count_after": 2
      },
      {
        "timestamp": 22.5,
        "frame_index": 270,
        "event_type": "entry",
        "count_before": 1,
        "count_after": 2
      },
      {
        "timestamp": 25.833333333333332,
        "frame_index": 310,
        "event_type": "entry",
        "count_before": 0,
        "count_after": 1
      },
      {
        "timestamp": 26.833333333333332,
        "frame_index": 322,
        "event_type": "entry",
        "count_before": 0,
        "count_after": 1
      },
      {
        "timestamp": 29.416666666666664,
        "frame_index": 353,
        "event_type": "entry",
        "count_before": 0,
        "count_after": 1
      },
      {
        "timestamp": 29.5,
        "frame_index": 354,
        "event_type": "entry",
        "count_before": 1,
        "count_after": 2
      }
    ],
    "exit_events": [
      {
        "timestamp": 2.5,
        "frame_index": 30,
        "event_type": "exit",
        "count_before": 1,
        "count_after": 0
      },
      {
        "timestamp": 2.6666666666666665,
        "frame_index": 32,
        "event_type": "exit",
        "count_before": 1,
        "count_after": 0
      },
      {
        "timestamp": 5.166666666666666,
        "frame_index": 62,
        "event_type": "exit",
        "count_before": 1,
        "count_after": 0
      },
      {
        "timestamp": 9.083333333333332,
        "frame_index": 109,
        "event_type": "exit",
        "count_before": 2,
        "count_after": 0
      },
      {
        "timestamp": 12.666666666666666,
        "frame_index": 152,
        "event_type": "exit",
        "count_before": 1,
        "count_after": 0
      },
      {
        "timestamp": 15.0,
        "frame_index": 180,
        "event_type": "exit",
        "count_before": 1,
        "count_after": 0
      },
      {
        "timestamp": 15.5,
        "frame_index": 186,
        "event_type": "exit",
        "count_before": 1,
        "count_after": 0
      },
      {
        "timestamp": 15.916666666666666,
        "frame_index": 191,
        "event_type": "exit",
        "count_before": 1,
        "count_after": 0
      },
      {
        "timestamp": 16.5,
        "frame_index": 198,
        "event_type": "exit",
        "count_before": 1,
        "count_after": 0
      },
      {
        "timestamp": 16.666666666666664,
        "frame_index": 200,
        "event_type": "exit",
        "count_before": 1,
        "count_after": 0
      },
      {
        "timestamp": 16.833333333333332,
        "frame_index": 202,
        "event_type": "exit",
        "count_before": 3,
        "count_after": 2
      },
      {
        "timestamp": 16.916666666666664,
        "frame_index": 203,
        "event_type": "exit",
        "count_before": 2,
        "count_after": 1
      },
      {
        "timestamp": 17.166666666666664,
        "frame_index": 206,
        "event_type": "exit",
        "count_before": 2,
        "count_after": 0
      },
      {
        "timestamp": 19.333333333333332,
        "frame_index": 232,
        "event_type": "exit",
        "count_before": 1,
        "count_after": 0
      },
      {
        "timestamp": 19.5,
        "frame_index": 234,
        "event_type": "exit",
        "count_before": 1,
        "count_after": 0
      },
      {
        "timestamp": 19.75,
        "frame_index": 237,
        "event_type": "exit",
        "count_before": 2,
        "count_after": 0
      },
      {
        "timestamp": 20.083333333333332,
        "frame_index": 241,
        "event_type": "exit",
        "count_before": 1,
        "count_after": 0
      },
      {
        "timestamp": 20.25,
        "frame_index": 243,
        "event_type": "exit",
        "count_before": 1,
        "count_after": 0
      },
      {
        "timestamp": 20.583333333333332,
        "frame_index": 247,
        "event_type": "exit",
        "count_before": 1,
        "count_after": 0
      },
      {
        "timestamp": 21.083333333333332,
        "frame_index": 253,
        "event_type": "exit",
        "count_before": 1,
        "count_after": 0
      },
      {
        "timestamp": 22.166666666666664,
        "frame_index": 266,
        "event_type": "exit",
        "count_before": 2,
        "count_after": 1
      },
      {
        "timestamp": 22.583333333333332,
        "frame_index": 271,
        "event_type": "exit",
        "count_before": 2,
        "count_after": 1
      },
      {
        "timestamp": 25.75,
        "frame_index": 309,
        "event_type": "exit",
        "count_before": 1,
        "count_after": 0
      },
      {
        "timestamp": 26.25,
        "frame_index": 315,
        "event_type": "exit",
        "count_before": 1,
        "count_after": 0
      },
      {
        "timestamp": 28.916666666666664,
        "frame_index": 347,
        "event_type": "exit",
        "count_before": 1,
        "count_after": 0
      },
      {
        "timestamp": 29.916666666666664,
        "frame_index": 359,
        "event_type": "exit",
        "count_before": 2,
        "count_after": 1
      }
    ],
    "entry_count": 26,
    "exit_count": 26,
    "entry_exit_total": 52,
    "entry_timestamps": [
      1.25,
      2.583333333333333,
      2.75,
      9.0,
      12.583333333333332,
      14.75,
      15.333333333333332,
      15.833333333333332,
      16.333333333333332,
      16.583333333333332,
      16.75,
      17.083333333333332,
      19.25,
      19.416666666666664,
      19.666666666666664,
      19.833333333333332,
      20.166666666666664,
      20.5,
      20.916666666666664,
      21.166666666666664,
      22.083333333333332,
      22.5,
      25.833333333333332,
      26.833333333333332,
      29.416666666666664,
      29.5
    ],
    "exit_timestamps": [
      2.5,
      2.6666666666666665,
      5.166666666666666,
      9.083333333333332,
      12.666666666666666,
      15.0,
      15.5,
      15.916666666666666,
      16.5,
      16.666666666666664,
      16.833333333333332,
      16.916666666666664,
      17.166666666666664,
      19.333333333333332,
      19.5,
      19.75,
      20.083333333333332,
      20.25,
      20.583333333333332,
      21.083333333333332,
      22.166666666666664,
      22.583333333333332,
      25.75,
      26.25,
      28.916666666666664,
      29.916666666666664
    ]
  },
  "visual_signals": {
    "unique_objects": [
      "person",
      "car",
      "train",
      "motorcycle",
      "traffic light",
      "bird",
      "umbrella",
      "clock",
      "tie"
    ],
    "unique_object_count": 9,
    "persistent_objects": [],
    "persistent_object_count": 0,
    "transient_objects": [
      "car",
      "train",
      "motorcycle",
      "traffic light",
      "bird",
      "umbrella",
      "clock",
      "tie"
    ],
    "transient_object_count": 8,
    "object_frequency": {
      "person": 0.4527777777777778,
      "car": 0.1,
      "train": 0.016666666666666666,
      "motorcycle": 0.005555555555555556,
      "traffic light": 0.002777777777777778,
      "bird": 0.008333333333333333,
      "umbrella": 0.002777777777777778,
      "clock": 0.019444444444444445,
      "tie": 0.013888888888888888
    },
    "object_frame_counts": {
      "person": 163,
      "car": 36,
      "train": 6,
      "motorcycle": 2,
      "traffic light": 1,
      "bird": 3,
      "umbrella": 1,
      "clock": 7,
      "tie": 5
    },
    "object_first_appearance": {
      "person": 1.25,
      "car": 2.25,
      "train": 7.333333333333333,
      "motorcycle": 8.0,
      "traffic light": 12.916666666666666,
      "bird": 13.666666666666666,
      "umbrella": 19.333333333333332,
      "clock": 20.0,
      "tie": 29.583333333333332
    },
    "object_last_appearance": {
      "person": 29.916666666666664,
      "car": 20.833333333333332,
      "train": 8.5,
      "motorcycle": 24.416666666666664,
      "traffic light": 12.916666666666666,
      "bird": 20.333333333333332,
      "umbrella": 19.333333333333332,
      "clock": 20.75,
      "tie": 29.916666666666664
    },
    "objects_per_frame": [
      [],
      [],
      [],
      [],
      [],
      [],
      [],
      [],
      [],
      [],
      [],
      [],
      [],
      [],
      [],
      [
        "person"
      ],
      [
        "person"
      ],
      [
        "person"
      ],
      [
        "person"
      ],
      [
        "person"
      ],
      [
        "person"
      ],
      [
        "person"
      ],
      [
        "person"
      ],
      [
        "person"
      ],
      [
        "person"
      ],
      [
        "person"
      ],
      [
        "person"
      ],
      [
        "car",
        "person"
      ],
      [
        "person"
      ],
      [
        "person"
      ],
      [],
      [
        "person"
      ],
      [],
      [
        "person"
      ],
      [
        "person"
      ],
      [
        "person"
      ],
      [
        "person"
      ],
      [
        "person"
      ],
      [
        "person"
      ],
      [
        "person"
      ],
      [
        "person"
      ],
      [
        "person"
      ],
      [
        "person"
      ],
      [
        "person"
      ],
      [
        "person"
      ],
      [
        "person"
      ],
      [
        "person"
      ],
      [
        "person"
      ],
      [
        "person"
      ],
      [
        "person"
      ],
      [
        "person"
      ],
      [
        "person"
      ],
      [
        "person"
      ],
      [
        "person"
      ],
      [
        "person"
      ],
      [
        "person"
      ],
      [
        "person"
      ],
      [
        "person"
      ],
      [
        "person"
      ],
      [
        "person"
      ],
      [
        "person"
      ],
      [
        "person"
      ],
      [],
      [],
      [],
      [],
      [],
      [],
      [],
      [],
      [],
      [],
      [],
      [],
      [],
      [],
      [],
      [],
      [],
      [],
      [],
      [],
      [],
      [],
      [],
      [],
      [],
      [],
      [
        "train"
      ],
      [
        "train"
      ],
      [
        "train"
      ],
      [
        "train"
      ],
      [
        "train"
      ],
      [],
      [],
      [],
      [
        "motorcycle"
      ],
      [],
      [],
      [],
      [],
      [],
      [
        "train"
      ],
      [],
      [],
      [],
      [],
      [],
      [
        "person"
      ],
      [],
      [],
      [],
      [],
      [],
      [],
      [],
      [],
      [],
      [],
      [],
      [],
      [],
      [],
      [],
      [],
      [],
      [],
      [],
      [],
      [],
      [],
      [],
      [],
      [],
      [],
      [],
      [],
      [],
      [],
      [],
      [],
      [],
      [],
      [],
      [],
      [],
      [],
      [],
      [
        "car"
      ],
      [],
      [],
      [
        "person"
      ],
      [],
      [],
      [],
      [
        "traffic light"
      ],
      [
        "car"
      ],
      [
        "car"
      ],
      [
        "car"
      ],
      [
        "car"
      ],
      [
        "car"
      ],
      [
        "car"
      ],
      [
        "car"
      ],
      [
        "car"
      ],
      [
        "car",
        "bird"
      ],
      [
        "car",
        "bird"
      ],
      [
        "car"
      ],
      [
        "car"
      ],
      [
        "car"
      ],
      [
        "car"
      ],
      [
        "car"
      ],
      [
        "car"
      ],
      [
        "car"
      ],
      [
        "car"
      ],
      [
        "car"
      ],
      [
        "car"
      ],
      [
        "car"
      ],
      [
        "car",
        "person"
      ],
      [
        "car",
        "person"
      ],
      [
        "car",
        "person"
      ],
      [
        "car"
      ],
      [
        "car"
      ],
      [],
      [],
      [
        "person"
      ],
      [
        "person"
      ],
      [],
      [],
      [],
      [],
      [
        "person"
      ],
      [],
      [],
      [],
      [],
      [],
      [
        "person"
      ],
      [
        "person"
      ],
      [],
      [
        "person"
      ],
      [],
      [
        "person"
      ],
      [
        "person"
      ],
      [
        "person"
      ],
      [
        "person"
      ],
      [
        "person"
      ],
      [],
      [],
      [],
      [],
      [],
      [],
      [],
      [],
      [],
      [],
      [],
      [],
      [],
      [],
      [],
      [],
      [],
      [],
      [],
      [],
      [],
      [],
      [],
      [],
      [],
      [
        "person"
      ],
      [
        "umbrella"
      ],
      [
        "person"
      ],
      [
        "car"
      ],
      [],
      [
        "person"
      ],
      [],
      [
        "person"
      ],
      [
        "person"
      ],
      [
        "clock",
        "car",
        "person"
      ],
      [],
      [
        "clock",
        "person"
      ],
      [],
      [
        "car",
        "clock",
        "bird"
      ],
      [
        "car",
        "clock"
      ],
      [
        "car",
        "person"
      ],
      [
        "clock"
      ],
      [
        "car",
        "clock"
      ],
      [
        "car",
        "clock"
      ],
      [
        "car"
      ],
      [
        "person"
      ],
      [
        "person"
      ],
      [],
      [
        "person"
      ],
      [
        "person"
      ],
      [
        "person"
      ],
      [
        "person"
      ],
      [
        "person"
      ],
      [
        "person"
      ],
      [
        "person"
      ],
      [
        "person"
      ],
      [
        "person"
      ],
      [
        "person"
      ],
      [
        "person"
      ],
      [
        "person"
      ],
      [
        "person"
      ],
      [
        "person"
      ],
      [
        "person"
      ],
      [
        "person"
      ],
      [
        "person"
      ],
      [
        "person"
      ],
      [
        "person"
      ],
      [
        "person"
      ],
      [
        "person"
      ],
      [
        "person"
      ],
      [
        "person"
      ],
      [
        "person"
      ],
      [
        "person"
      ],
      [
        "person"
      ],
      [
        "person"
      ],
      [
        "person"
      ],
      [
        "person"
      ],
      [
        "person"
      ],
      [
        "person"
      ],
      [
        "person"
      ],
      [
        "person"
      ],
      [
        "person"
      ],
      [
        "person"
      ],
      [
        "person"
      ],
      [
        "person"
      ],
      [
        "person"
      ],
      [
        "person"
      ],
      [
        "motorcycle",
        "person"
      ],
      [
        "person"
      ],
      [
        "person"
      ],
      [
        "person"
      ],
      [
        "person"
      ],
      [
        "person"
      ],
      [
        "person"
      ],
      [
        "person"
      ],
      [
        "person"
      ],
      [
        "person"
      ],
      [
        "person"
      ],
      [
        "person"
      ],
      [
        "person"
      ],
      [
        "person"
      ],
      [
        "person"
      ],
      [
        "person"
      ],
      [],
      [
        "person"
      ],
      [
        "person"
      ],
      [
        "person"
      ],
      [
        "person"
      ],
      [
        "person"
      ],
      [],
      [],
      [],
      [],
      [],
      [],
      [],
      [
        "person"
      ],
      [
        "person"
      ],
      [
        "person"
      ],
      [
        "person"
      ],
      [
        "person"
      ],
      [
        "person"
      ],
      [
        "person"
      ],
      [
        "person"
      ],
      [
        "person"
      ],
      [
        "person"
      ],
      [
        "person"
      ],
      [
        "person"
      ],
      [
        "person"
      ],
      [
        "person"
      ],
      [
        "person"
      ],
      [
        "person"
      ],
      [
        "person"
      ],
      [
        "person"
      ],
      [
        "person"
      ],
      [
        "person"
      ],
      [
        "person"
      ],
      [
        "person"
      ],
      [
        "person"
      ],
      [
        "person"
      ],
      [
        "person"
      ],
      [],
      [],
      [],
      [],
      [],
      [],
      [
        "person"
      ],
      [
        "person"
      ],
      [
        "tie",
        "person"
      ],
      [
        "tie",
        "person"
      ],
      [
        "tie",
        "person"
      ],
      [
        "tie",
        "person"
      ],
      [
        "tie",
        "person"
      ]
    ],
    "appearances": [
      {
        "object_class": "person",
        "first_appearance": 1.25,
        "last_appearance": 29.916666666666664,
        "frame_count": 163,
        "frequency": 0.4527777777777778
      },
      {
        "object_class": "car",
        "first_appearance": 2.25,
        "last_appearance": 20.833333333333332,
        "frame_count": 36,
        "frequency": 0.1
      },
      {
        "object_class": "train",
        "first_appearance": 7.333333333333333,
        "last_appearance": 8.5,
        "frame_count": 6,
        "frequency": 0.016666666666666666
      },
      {
        "object_class": "motorcycle",
        "first_appearance": 8.0,
        "last_appearance": 24.416666666666664,
        "frame_count": 2,
        "frequency": 0.005555555555555556
      },
      {
        "object_class": "traffic light",
        "first_appearance": 12.916666666666666,
        "last_appearance": 12.916666666666666,
        "frame_count": 1,
        "frequency": 0.002777777777777778
      },
      {
        "object_class": "bird",
        "first_appearance": 13.666666666666666,
        "last_appearance": 20.333333333333332,
        "frame_count": 3,
        "frequency": 0.008333333333333333
      },
      {
        "object_class": "umbrella",
        "first_appearance": 19.333333333333332,
        "last_appearance": 19.333333333333332,
        "frame_count": 1,
        "frequency": 0.002777777777777778
      },
      {
        "object_class": "clock",
        "first_appearance": 20.0,
        "last_appearance": 20.75,
        "frame_count": 7,
        "frequency": 0.019444444444444445
      },
      {
        "object_class": "tie",
        "first_appearance": 29.583333333333332,
        "last_appearance": 29.916666666666664,
        "frame_count": 5,
        "frequency": 0.013888888888888888
      }
    ]
  },
  "atmosphere_signals": {
    "brightness_values": [
      2.0230620659722223,
      2.0230620659722223,
      2.0230620659722223,
      2.0230620659722223,
      2.0230620659722223,
      2.0230620659722223,
      2.0230620659722223,
      2.0230620659722223,
      2.0230620659722223,
      2.0230620659722223,
      2.0230620659722223,
      2.0230620659722223,
      2.0230620659722223,
      2.0230620659722223,
      2.0230620659722223,
      77.00698133680555,
      77.11833550347222,
      77.19747504340278,
      77.32255859375,
      77.37006727430555,
      77.49915256076389,
      77.59729058159722,
      77.72194986979167,
      77.72301540798611,
      77.88653971354167,
      77.93064127604167,
      77.99519205729166,
      78.050810546875,
      78.084375,
      78.16159939236111,
      78.24236219618055,
      78.34847330729167,
      78.46952473958333,
      78.57639431423611,
      78.6475390625,
      67.54009765625,
      67.78975043402778,
      68.02034722222223,
      68.16133680555555,
      68.2909765625,
      68.38947157118055,
      68.51577799479166,
      68.55329318576389,
      68.708466796875,
      68.7222927517361,
      68.78968641493056,
      68.75516276041667,
      68.6962717013889,
      68.57799153645833,
      68.43962022569444,
      68.43515625,
      68.3862131076389,
      68.33676323784722,
      68.4069140625,
      68.47250325520834,
      68.43427842881944,
      68.44900933159722,
      68.45188368055555,
      68.48281358506945,
      68.48643880208333,
      68.50462348090278,
      68.44316948784723,
      66.913125,
      67.79186414930555,
      67.73991970486111,
      66.98894422743055,
      65.85276475694444,
      64.740947265625,
      63.37629774305555,
      61.893741319444445,
      59.88369900173611,
      57.55491753472222,
      53.864718967013886,
      51.18853515625,
      48.56326280381944,
      47.057651909722225,
      45.43463107638889,
      43.685909288194445,
      42.482249348958334,
      41.801298828125,
      41.44462348090278,
      41.50659939236111,
      41.61044270833333,
      41.764966362847225,
      41.954212239583335,
      41.23235894097222,
      161.063505859375,
      141.18467447916666,
      106.17739800347222,
      105.18272026909722,
      103.62331163194445,
      98.23512369791666,
      98.9332009548611,
      97.55192599826388,
      95.81128580729167,
      94.49750434027777,
      93.01800021701389,
      92.31543077256944,
      91.54970377604167,
      90.35463216145833,
      89.15454535590278,
      87.832490234375,
      87.05223090277778,
      83.90539713541666,
      82.20892903645833,
      81.25909939236111,
      22.500317925347222,
      22.919876302083335,
      102.39615776909723,
      25.38372721354167,
      25.320043402777777,
      32.153904079861114,
      240.15536458333332,
      232.25856553819443,
      219.82694986979166,
      205.312177734375,
      195.21548394097223,
      193.48920789930557,
      191.38107530381944,
      188.37228949652777,
      181.639296875,
      175.45525716145832,
      168.88108940972222,
      161.84630316840278,
      154.35224066840277,
      148.60943250868056,
      140.752041015625,
      134.8203591579861,
      127.79213216145833,
      117.14165473090277,
      110.57263020833334,
      95.97233506944444,
      87.1969021267361,
      82.08045247395833,
      72.14070529513889,
      201.5278830295139,
      168.260302734375,
      130.6270464409722,
      91.23592339409723,
      57.124345703125,
      34.25049696180555,
      189.01173719618055,
      90.48223849826388,
      28.7587109375,
      27.90651584201389,
      26.287710503472223,
      181.16784505208332,
      39.95846354166667,
      36.131930338541665,
      37.12777777777778,
      38.34079210069444,
      38.36739583333333,
      37.78064127604166,
      37.180309244791665,
      37.20551432291666,
      39.14495225694444,
      70.99731336805556,
      73.42371527777777,
      73.02483615451389,
      75.64220160590278,
      88.426748046875,
      80.20438693576389,
      83.31674370659722,
      82.89083550347222,
      87.49813042534723,
      92.15492730034723,
      101.36108072916667,
      108.44857747395834,
      112.01306206597222,
      112.48445638020833,
      113.76624565972222,
      115.46685980902778,
      114.61332139756945,
      113.39316623263889,
      111.77263020833334,
      129.0251171875,
      109.93148546006944,
      106.49841471354166,
      129.55448893229166,
      109.10485026041667,
      105.18132269965278,
      104.115947265625,
      104.01827039930555,
      112.54342339409722,
      105.69929361979166,
      107.208154296875,
      110.08052300347222,
      115.57802191840278,
      126.3120290798611,
      122.80383138020834,
      136.10199544270833,
      138.37164930555556,
      137.435361328125,
      122.01758572048611,
      129.40682942708332,
      132.55255099826388,
      121.64007161458333,
      133.2102907986111,
      131.64802625868055,
      126.71819227430555,
      148.16823567708335,
      123.04962456597222,
      129.18968315972222,
      132.4086273871528,
      125.63819118923611,
      130.07121419270834,
      122.25806966145834,
      146.0209429253472,
      151.49205620659723,
      222.15274956597221,
      240.39907769097223,
      233.08990885416668,
      225.237314453125,
      203.49957899305556,
      180.75148763020835,
      163.54715060763888,
      114.24684787326389,
      99.35175889756944,
      97.77896592881945,
      99.03130208333333,
      97.95126410590278,
      119.67731770833333,
      97.76380208333333,
      96.51670030381945,
      95.88757921006945,
      96.02921657986111,
      100.6797048611111,
      100.67736979166666,
      121.66391927083333,
      96.37144856770833,
      116.86913302951389,
      115.38812174479166,
      96.22375434027778,
      95.55713975694445,
      104.04432942708333,
      120.81919053819445,
      94.50572482638889,
      98.93023871527778,
      94.36641927083333,
      94.89984157986112,
      96.35659613715278,
      99.2763205295139,
      99.40576388888888,
      193.04438151041666,
      109.09505099826389,
      110.51076280381945,
      106.25356987847222,
      117.609150390625,
      105.09128363715278,
      106.505341796875,
      108.13925455729166,
      172.36556640625,
      161.191572265625,
      216.90632486979166,
      152.48571723090276,
      136.74793511284722,
      131.44354166666668,
      126.01344401041666,
      119.71439995659722,
      116.83935112847222,
      115.92914605034723,
      114.57380533854166,
      114.22069769965277,
      114.02326931423612,
      113.08661241319444,
      111.83553493923611,
      110.41554036458334,
      108.84434895833333,
      107.51717122395833,
      106.09464409722223,
      104.61254448784722,
      103.18308159722223,
      101.76771375868056,
      100.48580837673612,
      99.85615559895834,
      99.84550130208333,
      99.59108072916666,
      99.26277886284723,
      98.87922309027778,
      98.09650824652778,
      97.58446397569445,
      98.00986219618055,
      97.56742621527778,
      97.45814453125,
      97.80618923611111,
      98.34747938368055,
      99.10675130208334,
      100.48733615451388,
      101.56713216145833,
      102.74077690972223,
      104.11937065972222,
      105.84015082465278,
      107.53136284722223,
      162.56529839409723,
      110.33877604166666,
      111.67427300347222,
      112.27522786458333,
      112.4482421875,
      112.35379448784722,
      112.38378689236112,
      112.20571940104166,
      111.49326931423612,
      111.1645627170139,
      111.35622504340277,
      111.53381944444445,
      111.57743706597222,
      111.67653645833333,
      112.10097764756945,
      112.40944769965277,
      199.40582899305556,
      155.47818684895833,
      74.61583875868055,
      72.50947916666667,
      71.5821506076389,
      70.71413736979167,
      69.92787977430555,
      69.53678927951388,
      105.219384765625,
      158.07655598958334,
      225.25980251736112,
      224.13118489583334,
      233.25096571180555,
      192.0344650607639,
      167.34793619791665,
      152.31190321180554,
      147.26620985243056,
      147.14227430555556,
      145.36005316840277,
      146.80063910590277,
      148.2679296875,
      148.304072265625,
      147.8508083767361,
      148.65575412326388,
      149.98979058159722,
      152.23367296006944,
      154.90284830729166,
      158.16638346354168,
      160.06603624131944,
      162.1637087673611,
      166.19383138020834,
      172.0289767795139,
      172.73821397569444,
      180.46205620659723,
      190.87370768229167,
      183.69162543402777,
      185.84355360243055,
      188.602197265625,
      194.66347330729167,
      195.4245073784722,
      197.51297526041665,
      200.04058268229167,
      209.0911284722222,
      198.0649761284722,
      189.01032335069445,
      164.286220703125,
      141.252265625,
      135.60837890625,
      135.17758029513888,
      125.98429796006944,
      137.9724001736111
    ],
    "brightness_mean": 105.39830573037229,
    "brightness_std": 49.9234544116621,
    "brightness_min": 2.0230620659722223,
    "brightness_max": 240.39907769097223,
    "brightness_range": 238.376015625,
    "lighting_changes": [
      {
        "timestamp": 1.25,
        "frame_index": 15,
        "brightness_before": 2.0230620659722223,
        "brightness_after": 77.00698133680555,
        "magnitude": 74.98391927083333
      },
      {
        "timestamp": 7.166666666666666,
        "frame_index": 86,
        "brightness_before": 41.23235894097222,
        "brightness_after": 161.063505859375,
        "magnitude": 119.83114691840278
      },
      {
        "timestamp": 7.333333333333333,
        "frame_index": 88,
        "brightness_before": 141.18467447916666,
        "brightness_after": 106.17739800347222,
        "magnitude": 35.00727647569444
      },
      {
        "timestamp": 8.833333333333332,
        "frame_index": 106,
        "brightness_before": 81.25909939236111,
        "brightness_after": 22.500317925347222,
        "magnitude": 58.75878146701389
      },
      {
        "timestamp": 9.0,
        "frame_index": 108,
        "brightness_before": 22.919876302083335,
        "brightness_after": 102.39615776909723,
        "magnitude": 79.47628146701389
      },
      {
        "timestamp": 9.083333333333332,
        "frame_index": 109,
        "brightness_before": 102.39615776909723,
        "brightness_after": 25.38372721354167,
        "magnitude": 77.01243055555557
      },
      {
        "timestamp": 9.333333333333332,
        "frame_index": 112,
        "brightness_before": 32.153904079861114,
        "brightness_after": 240.15536458333332,
        "magnitude": 208.0014605034722
      },
      {
        "timestamp": 11.25,
        "frame_index": 135,
        "brightness_before": 72.14070529513889,
        "brightness_after": 201.5278830295139,
        "magnitude": 129.38717773437503
      },
      {
        "timestamp": 11.333333333333332,
        "frame_index": 136,
        "brightness_before": 201.5278830295139,
        "brightness_after": 168.260302734375,
        "magnitude": 33.26758029513891
      },
      {
        "timestamp": 11.416666666666666,
        "frame_index": 137,
        "brightness_before": 168.260302734375,
        "brightness_after": 130.6270464409722,
        "magnitude": 37.63325629340278
      },
      {
        "timestamp": 11.5,
        "frame_index": 138,
        "brightness_before": 130.6270464409722,
        "brightness_after": 91.23592339409723,
        "magnitude": 39.39112304687498
      },
      {
        "timestamp": 11.583333333333332,
        "frame_index": 139,
        "brightness_before": 91.23592339409723,
        "brightness_after": 57.124345703125,
        "magnitude": 34.111577690972226
      },
      {
        "timestamp": 11.666666666666666,
        "frame_index": 140,
        "brightness_before": 57.124345703125,
        "brightness_after": 34.25049696180555,
        "magnitude": 22.87384874131945
      },
      {
        "timestamp": 11.75,
        "frame_index": 141,
        "brightness_before": 34.25049696180555,
        "brightness_after": 189.01173719618055,
        "magnitude": 154.761240234375
      },
      {
        "timestamp": 11.833333333333332,
        "frame_index": 142,
        "brightness_before": 189.01173719618055,
        "brightness_after": 90.48223849826388,
        "magnitude": 98.52949869791667
      },
      {
        "timestamp": 11.916666666666666,
        "frame_index": 143,
        "brightness_before": 90.48223849826388,
        "brightness_after": 28.7587109375,
        "magnitude": 61.723527560763884
      },
      {
        "timestamp": 12.166666666666666,
        "frame_index": 146,
        "brightness_before": 26.287710503472223,
        "brightness_after": 181.16784505208332,
        "magnitude": 154.8801345486111
      },
      {
        "timestamp": 12.25,
        "frame_index": 147,
        "brightness_before": 181.16784505208332,
        "brightness_after": 39.95846354166667,
        "magnitude": 141.20938151041665
      },
      {
        "timestamp": 13.0,
        "frame_index": 156,
        "brightness_before": 39.14495225694444,
        "brightness_after": 70.99731336805556,
        "magnitude": 31.852361111111115
      },
      {
        "timestamp": 14.833333333333332,
        "frame_index": 178,
        "brightness_before": 106.49841471354166,
        "brightness_after": 129.55448893229166,
        "magnitude": 23.05607421875
      },
      {
        "timestamp": 14.916666666666666,
        "frame_index": 179,
        "brightness_before": 129.55448893229166,
        "brightness_after": 109.10485026041667,
        "magnitude": 20.449638671874993
      },
      {
        "timestamp": 16.666666666666664,
        "frame_index": 200,
        "brightness_before": 126.71819227430555,
        "brightness_after": 148.16823567708335,
        "magnitude": 21.450043402777794
      },
      {
        "timestamp": 16.75,
        "frame_index": 201,
        "brightness_before": 148.16823567708335,
        "brightness_after": 123.04962456597222,
        "magnitude": 25.11861111111112
      },
      {
        "timestamp": 17.25,
        "frame_index": 207,
        "brightness_before": 122.25806966145834,
        "brightness_after": 146.0209429253472,
        "magnitude": 23.762873263888878
      },
      {
        "timestamp": 17.416666666666664,
        "frame_index": 209,
        "brightness_before": 151.49205620659723,
        "brightness_after": 222.15274956597221,
        "magnitude": 70.66069335937499
      },
      {
        "timestamp": 17.75,
        "frame_index": 213,
        "brightness_before": 225.237314453125,
        "brightness_after": 203.49957899305556,
        "magnitude": 21.737735460069445
      },
      {
        "timestamp": 17.833333333333332,
        "frame_index": 214,
        "brightness_before": 203.49957899305556,
        "brightness_after": 180.75148763020835,
        "magnitude": 22.74809136284722
      },
      {
        "timestamp": 18.0,
        "frame_index": 216,
        "brightness_before": 163.54715060763888,
        "brightness_after": 114.24684787326389,
        "magnitude": 49.300302734374995
      },
      {
        "timestamp": 18.416666666666664,
        "frame_index": 221,
        "brightness_before": 97.95126410590278,
        "brightness_after": 119.67731770833333,
        "magnitude": 21.726053602430554
      },
      {
        "timestamp": 18.5,
        "frame_index": 222,
        "brightness_before": 119.67731770833333,
        "brightness_after": 97.76380208333333,
        "magnitude": 21.913515625000002
      },
      {
        "timestamp": 19.0,
        "frame_index": 228,
        "brightness_before": 100.67736979166666,
        "brightness_after": 121.66391927083333,
        "magnitude": 20.98654947916667
      },
      {
        "timestamp": 19.083333333333332,
        "frame_index": 229,
        "brightness_before": 121.66391927083333,
        "brightness_after": 96.37144856770833,
        "magnitude": 25.292470703125005
      },
      {
        "timestamp": 19.166666666666664,
        "frame_index": 230,
        "brightness_before": 96.37144856770833,
        "brightness_after": 116.86913302951389,
        "magnitude": 20.497684461805562
      },
      {
        "timestamp": 19.666666666666664,
        "frame_index": 236,
        "brightness_before": 120.81919053819445,
        "brightness_after": 94.50572482638889,
        "magnitude": 26.313465711805563
      },
      {
        "timestamp": 20.25,
        "frame_index": 243,
        "brightness_before": 99.40576388888888,
        "brightness_after": 193.04438151041666,
        "magnitude": 93.63861762152777
      },
      {
        "timestamp": 20.333333333333332,
        "frame_index": 244,
        "brightness_before": 193.04438151041666,
        "brightness_after": 109.09505099826389,
        "magnitude": 83.94933051215277
      },
      {
        "timestamp": 20.916666666666664,
        "frame_index": 251,
        "brightness_before": 108.13925455729166,
        "brightness_after": 172.36556640625,
        "magnitude": 64.22631184895833
      },
      {
        "timestamp": 21.083333333333332,
        "frame_index": 253,
        "brightness_before": 161.191572265625,
        "brightness_after": 216.90632486979166,
        "magnitude": 55.71475260416665
      },
      {
        "timestamp": 21.166666666666664,
        "frame_index": 254,
        "brightness_before": 216.90632486979166,
        "brightness_after": 152.48571723090276,
        "magnitude": 64.4206076388889
      },
      {
        "timestamp": 24.416666666666664,
        "frame_index": 293,
        "brightness_before": 107.53136284722223,
        "brightness_after": 162.56529839409723,
        "magnitude": 55.033935546875
      },
      {
        "timestamp": 24.5,
        "frame_index": 294,
        "brightness_before": 162.56529839409723,
        "brightness_after": 110.33877604166666,
        "magnitude": 52.226522352430564
      },
      {
        "timestamp": 25.75,
        "frame_index": 309,
        "brightness_before": 112.40944769965277,
        "brightness_after": 199.40582899305556,
        "magnitude": 86.99638129340279
      },
      {
        "timestamp": 25.833333333333332,
        "frame_index": 310,
        "brightness_before": 199.40582899305556,
        "brightness_after": 155.47818684895833,
        "magnitude": 43.927642144097234
      },
      {
        "timestamp": 25.916666666666664,
        "frame_index": 311,
        "brightness_before": 155.47818684895833,
        "brightness_after": 74.61583875868055,
        "magnitude": 80.86234809027778
      },
      {
        "timestamp": 26.416666666666664,
        "frame_index": 317,
        "brightness_before": 69.53678927951388,
        "brightness_after": 105.219384765625,
        "magnitude": 35.68259548611111
      },
      {
        "timestamp": 26.5,
        "frame_index": 318,
        "brightness_before": 105.219384765625,
        "brightness_after": 158.07655598958334,
        "magnitude": 52.857171223958346
      },
      {
        "timestamp": 26.583333333333332,
        "frame_index": 319,
        "brightness_before": 158.07655598958334,
        "brightness_after": 225.25980251736112,
        "magnitude": 67.18324652777778
      },
      {
        "timestamp": 26.833333333333332,
        "frame_index": 322,
        "brightness_before": 233.25096571180555,
        "brightness_after": 192.0344650607639,
        "magnitude": 41.216500651041656
      },
      {
        "timestamp": 26.916666666666664,
        "frame_index": 323,
        "brightness_before": 192.0344650607639,
        "brightness_after": 167.34793619791665,
        "magnitude": 24.68652886284724
      },
      {
        "timestamp": 29.5,
        "frame_index": 354,
        "brightness_before": 189.01032335069445,
        "brightness_after": 164.286220703125,
        "magnitude": 24.724102647569453
      },
      {
        "timestamp": 29.583333333333332,
        "frame_index": 355,
        "brightness_before": 164.286220703125,
        "brightness_after": 141.252265625,
        "magnitude": 23.03395507812499
      }
    ],
    "lighting_change_count": 51,
    "setting_type": "indoor",
    "dominant_colors_rgb": [
      [
        "120",
        "106",
        "106"
      ],
      [
        "196",
        "185",
        "201"
      ],
      [
        "30",
        "26",
        "25"
      ]
    ],
    "dominant_colors": [
      "brown",
      "blue",
      "black"
    ]
  },
  "action_signals": {
    "intensity_timeline": [
      0.0,
      4.2296925961693435e-11,
      4.2296925961693435e-11,
      4.2296925961693435e-11,
      4.2296925961693435e-11,
      4.2296925961693435e-11,
      4.2296925961693435e-11,
      4.2296925961693435e-11,
      4.2296925961693435e-11,
      4.2296925961693435e-11,
      4.2296925961693435e-11,
      4.2296925961693435e-11,
      4.2296925961693435e-11,
      4.2296925961693435e-11,
      4.2296925961693435e-11,
      0.0694300127029419,
      0.01093629002571106,
      0.011254287958145141,
      0.01103977918624878,
      0.011089770793914796,
      0.011001808643341065,
      0.01098580241203308,
      0.010832369327545166,
      0.01073348879814148,
      0.015745748281478882,
      0.010493885278701782,
      0.010519580841064453,
      0.010350995063781739,
      0.010395294427871704,
      0.010539147853851318,
      0.010548886060714722,
      0.010657666921615601,
      0.010641857385635375,
      0.010693048238754272,
      0.010469646453857421,
      0.14348316192626953,
      0.013440628051757813,
      0.008234032392501832,
      0.008297555446624756,
      0.006761139035224914,
      0.006676543951034546,
      0.006413121819496155,
      0.006469669342041015,
      0.006483380198478699,
      0.006573212742805481,
      0.007194446921348571,
      0.008192757964134217,
      0.009557437896728516,
      0.01389525294303894,
      0.011309295892715454,
      0.010416733026504517,
      0.01063762664794922,
      0.010068726539611817,
      0.009079121947288514,
      0.009279237985610962,
      0.009263718724250794,
      0.009501513838768006,
      0.009477078318595886,
      0.009135076403617859,
      0.0093269944190979,
      0.013142455816268921,
      0.008628328442573547,
      0.17042930603027343,
      0.02457824468612671,
      0.025267436504364013,
      0.02510549545288086,
      0.02540341854095459,
      0.024900665283203127,
      0.024998431205749513,
      0.02451932668685913,
      0.024158151149749757,
      0.02409803628921509,
      0.03538643836975098,
      0.023976330757141114,
      0.02386941432952881,
      0.0235886287689209,
      0.02331468105316162,
      0.023633923530578613,
      0.02339155912399292,
      0.023607327938079833,
      0.023406310081481932,
      0.0233504319190979,
      0.023162100315093994,
      0.02325474262237549,
      0.03494361639022827,
      0.023547072410583497,
      0.20986818313598632,
      0.03147173881530762,
      0.04363883972167969,
      0.032762980461120604,
      0.032663002014160156,
      0.032339162826538086,
      0.032795727252960205,
      0.03169327735900879,
      0.03202650308609009,
      0.03164324045181274,
      0.04704831600189209,
      0.030574166774749757,
      0.029812450408935546,
      0.02934385299682617,
      0.028715422153472902,
      0.02814418077468872,
      0.02750485181808472,
      0.027036399841308595,
      0.02683946371078491,
      0.02632392406463623,
      0.1861502456665039,
      0.11169821739196778,
      0.13562149047851563,
      0.13210213661193848,
      0.12417623519897461,
      0.11380210876464844,
      0.06605603694915771,
      0.0017497557401657104,
      0.0013375094532966615,
      0.0011153228580951691,
      0.0008116132766008377,
      0.0008062514662742615,
      0.0007091438770294189,
      0.000712171196937561,
      0.0008159077167510986,
      0.0007985053211450577,
      0.0006900133937597275,
      0.0013218837976455688,
      0.0009715401381254196,
      0.001559804230928421,
      0.0003572279214859009,
      0.001075439676642418,
      0.002082258462905884,
      0.0017946098744869232,
      0.0008963460475206375,
      0.0008146002888679505,
      0.0007467085868120193,
      0.0007193441689014435,
      0.0007872134447097778,
      0.007685105204582214,
      0.0171093487739563,
      0.01608932137489319,
      0.025934786796569825,
      0.04421281814575195,
      0.036214165687561035,
      0.040750651359558104,
      0.09887468338012695,
      0.14588518142700196,
      0.061349401473999025,
      0.06147742748260498,
      0.044884414672851564,
      0.04636537551879883,
      0.06296351909637452,
      0.034169933795928954,
      0.03384281635284424,
      0.033684616088867185,
      0.03729851722717285,
      0.0464598798751831,
      0.040534873008728024,
      0.035801589488983154,
      0.16349166870117188,
      0.12493094444274902,
      0.13014521598815917,
      0.15291450500488282,
      0.16072166442871094,
      0.13990263938903807,
      0.1517491340637207,
      0.166844482421875,
      0.1924205780029297,
      0.16079071044921875,
      0.14290725708007812,
      0.1620076560974121,
      0.18937141418457032,
      0.1428539752960205,
      0.12634647369384766,
      0.11047322273254395,
      0.11846507072448731,
      0.07903700828552246,
      0.07412885189056397,
      0.08410351753234863,
      0.08386953353881836,
      0.08874719619750976,
      0.09495149612426758,
      0.09601161956787109,
      0.0839716625213623,
      0.08455086708068847,
      0.08178905487060546,
      0.07357575893402099,
      0.0752737808227539,
      0.07676002025604248,
      0.08088133811950683,
      0.07907430648803711,
      0.0819181728363037,
      0.08066411018371582,
      0.07369405746459962,
      0.07528675079345704,
      0.14704838752746582,
      0.0876387596130371,
      0.06477225303649903,
      0.061730332374572754,
      0.06345302104949951,
      0.060630598068237306,
      0.060801734924316404,
      0.0686000394821167,
      0.06510784149169922,
      0.06810707092285156,
      0.07198942184448243,
      0.07181623458862305,
      0.07092125415802002,
      0.07930930137634278,
      0.07869877815246581,
      0.08142576217651368,
      0.09511717796325683,
      0.06260124683380126,
      0.08471035957336426,
      0.02507972240447998,
      0.027724175453186034,
      0.040103940963745116,
      0.011898624897003173,
      0.053948345184326174,
      0.12746988296508788,
      0.07453726768493653,
      0.0005845937877893448,
      0.07190355777740479,
      0.0644832468032837,
      0.06613564014434814,
      0.07134981155395508,
      0.06554333686828613,
      0.0649354887008667,
      0.07680387496948242,
      0.06905890941619873,
      0.00012606926262378692,
      0.10609152793884277,
      0.07109248638153076,
      0.08008050918579102,
      0.07897871017456054,
      0.07885600566864014,
      0.1170754337310791,
      0.06459249019622802,
      0.06235173225402832,
      0.09765206336975098,
      0.06035907745361328,
      0.10845049858093261,
      0.06003899574279785,
      0.10410157203674317,
      0.12218682289123535,
      0.0829520320892334,
      0.07928005695343017,
      0.11179530143737793,
      0.061087360382080076,
      0.10159011840820313,
      0.06634296417236328,
      0.0671839189529419,
      0.12086580276489257,
      0.06629829406738282,
      0.1795750617980957,
      0.09180543899536132,
      0.07906687736511231,
      0.06691287040710449,
      0.08310653686523438,
      0.09350325584411621,
      0.09324169158935547,
      0.11169300079345704,
      0.08160131454467773,
      0.053691473007202145,
      0.11042844772338867,
      0.0713089370727539,
      0.07572196960449219,
      0.0816354751586914,
      0.08131390571594238,
      0.08586297035217286,
      0.08783578872680664,
      0.0919096565246582,
      0.09204526901245118,
      0.08711903572082519,
      0.08164278030395508,
      0.07043388366699219,
      0.05728937149047852,
      0.05352303028106689,
      0.052098965644836424,
      0.06251428127288819,
      0.04913733959197998,
      0.04798898220062256,
      0.0440700101852417,
      0.04830325126647949,
      0.050581164360046386,
      0.05156215190887451,
      0.05152957439422608,
      0.04585503101348877,
      0.043212366104125974,
      0.04201623916625977,
      0.03835310935974121,
      0.036151070594787595,
      0.03535243511199951,
      0.039089832305908206,
      0.03975703954696655,
      0.0410858678817749,
      0.06057258605957031,
      0.06197282314300537,
      0.042867517471313475,
      0.04214561939239502,
      0.044549293518066406,
      0.04577736377716064,
      0.04630733013153076,
      0.08042094230651856,
      0.05076316356658936,
      0.053792290687561035,
      0.057018580436706545,
      0.05396023750305176,
      0.05732362270355225,
      0.05762423038482666,
      0.0604485559463501,
      0.05941055297851563,
      0.07224963665008545,
      0.07018837451934815,
      0.09642980575561523,
      0.05289444923400879,
      0.03171147346496582,
      0.03251726627349853,
      0.03198467254638672,
      0.027296321392059328,
      0.04428289890289307,
      0.06118812084197998,
      0.015215265750885009,
      0.013362865447998046,
      0.008258557319641114,
      0.007346465587615967,
      0.0068345475196838375,
      0.00904731810092926,
      0.005080776810646057,
      0.005184433460235596,
      0.010460296869277954,
      0.0069538140296936035,
      0.007519539594650269,
      0.0125629460811615,
      0.00665793776512146,
      0.006971599459648132,
      0.007248769998550415,
      0.01234319806098938,
      0.006467582583427429,
      0.008501469492912292,
      0.0065941143035888675,
      0.006583166122436523,
      0.006067681908607483,
      0.005820675492286682,
      0.0051350069046020505,
      0.004777493178844452,
      0.004722547829151154,
      0.004635815024375916,
      0.003713347315788269,
      0.003957952260971069,
      0.0037015658617019654,
      0.0044006815552711485,
      0.003016861379146576,
      0.010352169275283813,
      0.014623156785964965,
      0.02366773843765259,
      0.0421711254119873,
      0.05946591854095459,
      0.077354097366333,
      0.12286267280578614,
      0.13218624114990235,
      0.13206366539001466,
      0.11985255241394042
    ],
    "intensity_mean": 0.04922712813047646,
    "intensity_std": 0.04434504487653566,
    "intensity_min": 0.0,
    "intensity_max": 0.20986818313598632,
    "intensity_trend": "stable",
    "peak_moments": [
      {
        "timestamp": 2.9166666666666665,
        "frame_index": 35,
        "intensity": 0.14348316192626953,
        "moment_type": "peak"
      },
      {
        "timestamp": 5.166666666666666,
        "frame_index": 62,
        "intensity": 0.17042930603027343,
        "moment_type": "peak"
      },
      {
        "timestamp": 7.166666666666666,
        "frame_index": 86,
        "intensity": 0.20986818313598632,
        "moment_type": "peak"
      },
      {
        "timestamp": 8.833333333333332,
        "frame_index": 106,
        "intensity": 0.1861502456665039,
        "moment_type": "peak"
      },
      {
        "timestamp": 11.916666666666666,
        "frame_index": 143,
        "intensity": 0.14588518142700196,
        "moment_type": "peak"
      },
      {
        "timestamp": 13.666666666666666,
        "frame_index": 164,
        "intensity": 0.1924205780029297,
        "moment_type": "peak"
      },
      {
        "timestamp": 18.0,
        "frame_index": 216,
        "intensity": 0.12746988296508788,
        "moment_type": "peak"
      },
      {
        "timestamp": 20.916666666666664,
        "frame_index": 251,
        "intensity": 0.1795750617980957,
        "moment_type": "peak"
      }
    ],
    "valley_moments": [
      {
        "timestamp": 3.4166666666666665,
        "frame_index": 41,
        "intensity": 0.006413121819496155,
        "moment_type": "valley"
      },
      {
        "timestamp": 6.833333333333333,
        "frame_index": 82,
        "intensity": 0.023162100315093994,
        "moment_type": "valley"
      },
      {
        "timestamp": 8.75,
        "frame_index": 105,
        "intensity": 0.02632392406463623,
        "moment_type": "valley"
      },
      {
        "timestamp": 10.5,
        "frame_index": 126,
        "intensity": 0.0003572279214859009,
        "moment_type": "valley"
      },
      {
        "timestamp": 12.583333333333332,
        "frame_index": 151,
        "intensity": 0.033684616088867185,
        "moment_type": "valley"
      },
      {
        "timestamp": 17.833333333333332,
        "frame_index": 214,
        "intensity": 0.011898624897003173,
        "moment_type": "valley"
      },
      {
        "timestamp": 18.916666666666664,
        "frame_index": 227,
        "intensity": 0.00012606926262378692,
        "moment_type": "valley"
      },
      {
        "timestamp": 29.083333333333332,
        "frame_index": 349,
        "intensity": 0.003016861379146576,
        "moment_type": "valley"
      }
    ],
    "peak_timestamps": [
      2.9166666666666665,
      5.166666666666666,
      7.166666666666666,
      8.833333333333332,
      11.916666666666666,
      13.666666666666666,
      18.0,
      20.916666666666664
    ],
    "valley_timestamps": [
      3.4166666666666665,
      6.833333333333333,
      8.75,
      10.5,
      12.583333333333332,
      17.833333333333332,
      18.916666666666664,
      29.083333333333332
    ],
    "peak_count": 8,
    "valley_count": 8,
    "action_variance": 0.0019664830051019616
  },
  "temporal_signals": {
    "frame_change_scores": [
      0.0,
      0.0,
      0.0,
      0.0,
      0.0,
      0.0,
      0.0,
      0.0,
      0.0,
      0.0,
      0.0,
      0.0,
      0.0,
      0.0,
      0.0,
      0.929337717883335,
      0.03229143116097055,
      0.03275308234394736,
      0.033602387539498846,
      0.031000258772537537,
      0.03192729622596935,
      0.030803635073722413,
      0.03080398692416908,
      0.03163754842850719,
      0.056591907366719596,
      0.02880868336830744,
      0.0307803003567092,
      0.028985252488852864,
      0.030420879201346396,
      0.03056161662489798,
      0.029729043728567994,
      0.03027695371214867,
      0.030768192617693813,
      0.029546930375391134,
      0.029362327191563065,
      0.7212399959898921,
      0.04507451377411331,
      0.02395656356655107,
      0.02235031486708583,
      0.015722200622169114,
      0.01570961881793076,
      0.015894601104863737,
      0.015436759950977264,
      0.015560040050819124,
      0.015128697885463893,
      0.018551767377287587,
      0.024066419663752225,
      0.032155744593118984,
      0.055852520076830836,
      0.03724410599957806,
      0.03904473006416154,
      0.033972762889635355,
      0.02987421444453775,
      0.02714242491830232,
      0.025021220902335273,
      0.02562184386314814,
      0.02811773815528218,
      0.025397775370674447,
      0.025164916700775475,
      0.024740392800035482,
      0.03732832942747333,
      0.021299296141808477,
      0.6965543076781139,
      0.1826932679331743,
      0.1937399656578933,
      0.18179078781430946,
      0.19494737457051003,
      0.19217329359842572,
      0.18989633127763406,
      0.19587899870909475,
      0.19985790223450794,
      0.21201599567363605,
      0.32507777503620927,
      0.21964880709826673,
      0.2145990153538817,
      0.2179734437458798,
      0.21975421178522092,
      0.23004842704414608,
      0.22406885743230187,
      0.22165036903572055,
      0.2233440174727851,
      0.22507564832420202,
      0.22449566162838974,
      0.23211496992441372,
      0.34953829727558217,
      0.2412123895380326,
      0.9392815278252238,
      0.22078830242494474,
      0.35316843440946166,
      0.17054291102833685,
      0.17489761794975378,
      0.178595719646496,
      0.171121263703514,
      0.16051895751267076,
      0.1599621999961155,
      0.15462781497024525,
      0.25289318692587825,
      0.14509993030103385,
      0.141064308782463,
      0.13690335997576275,
      0.13405372222635148,
      0.1311776407095474,
      0.12544474933701832,
      0.12354731616552539,
      0.12362712282707733,
      0.12113937315648615,
      0.9261822536410356,
      0.37878556034596955,
      0.7258714040508903,
      0.7074552559491304,
      0.41530882806353464,
      0.501306806040694,
      0.9397412002160018,
      0.03532459615201533,
      0.058210524867020275,
      0.07428088213593587,
      0.07179408931567466,
      0.06446837957351648,
      0.06381024549996483,
      0.07001990279215486,
      0.08503793833651674,
      0.13553668848423195,
      0.03739616163804571,
      0.0819872016292642,
      0.019856821491678223,
      0.0971049916312452,
      0.013132178518153625,
      0.1293766911810027,
      0.015147327341334393,
      0.16535711923359342,
      0.03256144128098615,
      0.2293925467791259,
      0.12923275653773525,
      0.13343682108450705,
      0.14483817184813996,
      0.536055737386445,
      0.20433735493819183,
      0.15533858331229333,
      0.2023348369945296,
      0.3216337320567658,
      0.4096509644491789,
      0.8400720395635303,
      0.8199071695473398,
      0.7692538654396959,
      0.4018481279470073,
      0.35966675357842304,
      0.9186336318265137,
      0.8901332523279352,
      0.6382198097345413,
      0.1829787374001578,
      0.20890681365064234,
      0.2560071930962585,
      0.29755643064456405,
      0.37506287137476035,
      0.38198988788139554,
      0.3344547319835802,
      0.7904375791959759,
      0.450578437302227,
      0.4595258803465475,
      0.4947353342686406,
      0.5754052684531914,
      0.5634791913452233,
      0.5323937572408421,
      0.5827220882343869,
      0.6373876871447675,
      0.6138653109545479,
      0.6370255128104751,
      0.6735851814849477,
      0.7290230562837199,
      0.6224727287702092,
      0.5758303021502355,
      0.5483729094196921,
      0.5718359040373435,
      0.42303215198884814,
      0.4251553835807331,
      0.5181550425411534,
      0.522876221177915,
      0.4620171231436758,
      0.5036620447359894,
      0.5313230887277813,
      0.43848962093699984,
      0.4491138615633362,
      0.44839983976996245,
      0.4304793817113499,
      0.42303585014584444,
      0.4027877269503636,
      0.4333827245642825,
      0.43289642391010896,
      0.4581156940777552,
      0.4453970996461196,
      0.44961468304374486,
      0.4667915721763227,
      0.610661454571249,
      0.4954295685787753,
      0.402418451705731,
      0.37469253978531103,
      0.39678920036807264,
      0.3925543674507347,
      0.38260927837199865,
      0.3973958095935656,
      0.4288292204957581,
      0.44223450651680574,
      0.39282207290431237,
      0.4003798563653572,
      0.40534787367653935,
      0.42884376316992967,
      0.42651480583138024,
      0.5117183008930646,
      0.4619602933073518,
      0.5367747446755217,
      0.4092540734756811,
      0.16638701161168334,
      0.1966774048479868,
      0.2709750899961758,
      0.1367192608566704,
      0.32682377078499336,
      0.6348346145845716,
      0.34550795605395,
      0.0021693493788357276,
      0.31864072319720615,
      0.26339162014226525,
      0.35345744943168833,
      0.3973662727198545,
      0.28427162911513704,
      0.2743249266098,
      0.32322286643385845,
      0.30473592420367956,
      0.00016296840931495638,
      0.599041196762168,
      0.49232026890693725,
      0.4806329534311522,
      0.4937181258021811,
      0.4604153685850364,
      0.5110940688892462,
      0.3285987071782671,
      0.42228883930412864,
      0.5309505680793285,
      0.3107231301761847,
      0.5128070692471831,
      0.30240662021459597,
      0.46155875036253635,
      0.43228127630892377,
      0.35562872143109747,
      0.6527992208704294,
      0.7310484358245343,
      0.33276093488151814,
      0.44134750380041443,
      0.2970486461324984,
      0.32356196792354586,
      0.5082671815834556,
      0.31799872550023944,
      0.8378283560838129,
      0.39557520935788837,
      0.5063898889775887,
      0.559429144585732,
      0.4621793956446648,
      0.39075699428143995,
      0.38595172882013973,
      0.48018734121380957,
      0.41064299364284196,
      0.25404186149338703,
      0.45060830855304923,
      0.3225946329863838,
      0.3445598656365957,
      0.36415070983771325,
      0.3680536441407698,
      0.3747587011315895,
      0.38334555353879385,
      0.3978386841509287,
      0.4154684706724169,
      0.4207569631920436,
      0.4156841436951143,
      0.40526295520609745,
      0.3970309923563645,
      0.39019639467915024,
      0.38263719889618664,
      0.4982408555352835,
      0.3695546078822506,
      0.35568703055615036,
      0.33234018889348493,
      0.3040175988034477,
      0.30483487188089076,
      0.2981460092383271,
      0.2906090303368223,
      0.26886167754639,
      0.24541879557142088,
      0.23475804281316848,
      0.2137962946033769,
      0.2097482103147168,
      0.2136536973011156,
      0.21567522288404728,
      0.23406337091757212,
      0.24223148728557686,
      0.4995207701096541,
      0.4980204913334403,
      0.27326363875054815,
      0.27998671954506194,
      0.28339010597583447,
      0.29568707036309994,
      0.3098228949789964,
      0.5184698642053869,
      0.33902538310566377,
      0.3434925341687961,
      0.35460242112049445,
      0.36007569964174,
      0.3781818096573455,
      0.3802045391528074,
      0.3924312450046935,
      0.39152841042350695,
      0.6097265389946944,
      0.501195823426015,
      0.8929994556511157,
      0.3112804996042151,
      0.1856434196047385,
      0.188276694130599,
      0.17353923315911834,
      0.13729247260613975,
      0.39156238024535517,
      0.5254291993947263,
      0.38508936314236997,
      0.38259959443841174,
      0.21957152990252704,
      0.2712957614430185,
      0.08986801480288997,
      0.07289625467874927,
      0.014171647661144982,
      0.010346511124315949,
      0.07222569963194703,
      0.016883969306885516,
      0.019683592608596867,
      0.08509052881695633,
      0.017215755983352454,
      0.018374467706926634,
      0.019142105378415653,
      0.08630428301226512,
      0.018879853787986067,
      0.039438285173573284,
      0.024774949237550525,
      0.025144829377820144,
      0.026565095619265677,
      0.026763121031849302,
      0.025260524606029455,
      0.030581770951527587,
      0.03470428847507012,
      0.036919772090610814,
      0.022686647584802655,
      0.02770484214036051,
      0.03538456123250955,
      0.05114017059691944,
      0.035445827488476134,
      0.08176245539183313,
      0.10249346751631672,
      0.17646091975696154,
      0.23503757995688757,
      0.3441507197487682,
      0.3891017007779102,
      0.42214188078550763,
      0.49041273803429675,
      0.5139287947247919,
      0.449226627303962
    ],
    "change_score_mean": 0.2816609659321692,
    "change_score_std": 0.22120756972161953,
    "change_score_max": 0.9397412002160018,
    "temporal_gaps": [
      {
        "start_time": 0.0,
        "end_time": 1.1666666666666665,
        "duration": 1.1666666666666665,
        "start_frame": 0,
        "end_frame": 14,
        "avg_change": 0.0
      },
      {
        "start_time": 3.25,
        "end_time": 3.75,
        "duration": 0.5,
        "start_frame": 39,
        "end_frame": 45,
        "avg_change": 0.016000526544215927
      }
    ],
    "temporal_gap_count": 2,
    "temporal_gap_total_duration": 1.6666666666666665,
    "transition_similarity_scores": [
      0.07066228211666507,
      0.06071847217477625,
      0.7792116975750553,
      0.6468315655905383,
      0.07381774635896443,
      0.27412859594910965,
      0.060258799783998146,
      0.7956626450618082,
      0.8446614166877067,
      0.7976651630054704,
      0.6783662679432342,
      0.5903490355508211,
      0.15992796043646973,
      0.1800928304526602,
      0.08136636817348633,
      0.10986674767206488,
      0.20956242080402415,
      0.47712377882208495,
      0.46322525532447834,
      0.8632807391433296,
      0.6731762292150066,
      0.3651653854154284,
      0.5076797310930627,
      0.5193670465688478,
      0.46904943192067156,
      0.34720077912957065,
      0.26895156417546573,
      0.16217164391618705,
      0.44057085541426794,
      0.5004792298903459,
      0.3902734610053055,
      0.49880417657398507,
      0.10700054434888427,
      0.6174004055615883,
      0.7287042385569815,
      0.6558492802512318,
      0.6108982992220898
    ],
    "transition_similarity_mean": 0.43458167813204496,
    "temporal_density": 8.523676880222842
  },
  "metadata": {
    "video_path": "/vol/videos/core/produced_digital/commercials/0hcaaKhGL00.mp4",
    "dataset": "produced_digital/commercials",
    "tier": "produced_digital",
    "study_type": "core",
    "source_fps": 25.0,
    "experiment_version": "3.2",
    "batch": 2
  }
}