{
  "video_id": "0hcaaKhGL00",
  "fps": 3.0,
  "duration": 29.666666666666664,
  "frame_count": 90,
  "scene_signals": {
    "transition_count": 19,
    "transition_timestamps": [
      1.3333333333333333,
      7.0,
      7.333333333333333,
      8.666666666666666,
      9.333333333333332,
      9.666666666666666,
      10.0,
      11.666666666666666,
      12.333333333333332,
      13.0,
      14.333333333333332,
      17.333333333333332,
      17.666666666666664,
      18.0,
      25.666666666666664,
      26.0,
      27.0,
      29.333333333333332,
      29.666666666666664
    ],
    "transition_types": [
      "hard_cut",
      "hard_cut",
      "hard_cut",
      "hard_cut",
      "hard_cut",
      "soft_cut",
      "hard_cut",
      "hard_cut",
      "hard_cut",
      "hard_cut",
      "soft_cut",
      "hard_cut",
      "hard_cut",
      "hard_cut",
      "hard_cut",
      "hard_cut",
      "hard_cut",
      "soft_cut",
      "hard_cut"
    ],
    "transition_magnitudes": [
      90.05300778959187,
      723.3406420553981,
      297.11616360323194,
      747.4893400439023,
      634.0141373475877,
      37.478725273888045,
      108.63167417411117,
      767.6067243615737,
      622.888821289486,
      2513.1754502799586,
      65.73217720644888,
      543.3296184621695,
      507.73970454693676,
      2415.852930528994,
      313.7056868386528,
      1454.7143823942238,
      1170.558078240605,
      43.37840926417799,
      516.9933782507986
    ],
    "scene_count": 20,
    "scene_durations": [
      1.3333333333333333,
      5.666666666666667,
      0.33333333333333304,
      1.333333333333333,
      0.6666666666666661,
      0.3333333333333339,
      0.3333333333333339,
      1.666666666666666,
      0.6666666666666661,
      0.6666666666666679,
      1.3333333333333321,
      3.0,
      0.33333333333333215,
      0.3333333333333357,
      7.666666666666664,
      0.3333333333333357,
      1.0,
      2.333333333333332,
      0.33333333333333215,
      0.0
    ],
    "scene_duration_mean": 1.4833333333333332,
    "scene_duration_std": 1.9045996954740902,
    "scene_duration_min": 0.0,
    "scene_duration_max": 7.666666666666664,
    "scene_types": [
      "unknown",
      "unknown",
      "unknown",
      "unknown",
      "unknown",
      "unknown",
      "unknown",
      "unknown",
      "unknown",
      "unknown",
      "unknown",
      "unknown",
      "unknown",
      "unknown",
      "unknown",
      "unknown",
      "unknown",
      "unknown",
      "unknown",
      "unknown"
    ],
    "transitions": [
      {
        "timestamp": 1.3333333333333333,
        "frame_index": 4,
        "transition_type": "hard_cut",
        "magnitude": 90.05300778959187
      },
      {
        "timestamp": 7.0,
        "frame_index": 21,
        "transition_type": "hard_cut",
        "magnitude": 723.3406420553981
      },
      {
        "timestamp": 7.333333333333333,
        "frame_index": 22,
        "transition_type": "hard_cut",
        "magnitude": 297.11616360323194
      },
      {
        "timestamp": 8.666666666666666,
        "frame_index": 26,
        "transition_type": "hard_cut",
        "magnitude": 747.4893400439023
      },
      {
        "timestamp": 9.333333333333332,
        "frame_index": 28,
        "transition_type": "hard_cut",
        "magnitude": 634.0141373475877
      },
      {
        "timestamp": 9.666666666666666,
        "frame_index": 29,
        "transition_type": "soft_cut",
        "magnitude": 37.478725273888045
      },
      {
        "timestamp": 10.0,
        "frame_index": 30,
        "transition_type": "hard_cut",
        "magnitude": 108.63167417411117
      },
      {
        "timestamp": 11.666666666666666,
        "frame_index": 35,
        "transition_type": "hard_cut",
        "magnitude": 767.6067243615737
      },
      {
        "timestamp": 12.333333333333332,
        "frame_index": 37,
        "transition_type": "hard_cut",
        "magnitude": 622.888821289486
      },
      {
        "timestamp": 13.0,
        "frame_index": 39,
        "transition_type": "hard_cut",
        "magnitude": 2513.1754502799586
      },
      {
        "timestamp": 14.333333333333332,
        "frame_index": 43,
        "transition_type": "soft_cut",
        "magnitude": 65.73217720644888
      },
      {
        "timestamp": 17.333333333333332,
        "frame_index": 52,
        "transition_type": "hard_cut",
        "magnitude": 543.3296184621695
      },
      {
        "timestamp": 17.666666666666664,
        "frame_index": 53,
        "transition_type": "hard_cut",
        "magnitude": 507.73970454693676
      },
      {
        "timestamp": 18.0,
        "frame_index": 54,
        "transition_type": "hard_cut",
        "magnitude": 2415.852930528994
      },
      {
        "timestamp": 25.666666666666664,
        "frame_index": 77,
        "transition_type": "hard_cut",
        "magnitude": 313.7056868386528
      },
      {
        "timestamp": 26.0,
        "frame_index": 78,
        "transition_type": "hard_cut",
        "magnitude": 1454.7143823942238
      },
      {
        "timestamp": 27.0,
        "frame_index": 81,
        "transition_type": "hard_cut",
        "magnitude": 1170.558078240605
      },
      {
        "timestamp": 29.333333333333332,
        "frame_index": 88,
        "transition_type": "soft_cut",
        "magnitude": 43.37840926417799
      },
      {
        "timestamp": 29.666666666666664,
        "frame_index": 89,
        "transition_type": "hard_cut",
        "magnitude": 516.9933782507986
      }
    ],
    "scenes": [
      {
        "start_time": 0.0,
        "end_time": 1.3333333333333333,
        "duration": 1.3333333333333333,
        "scene_type": "unknown",
        "start_frame": 0,
        "end_frame": 3
      },
      {
        "start_time": 1.3333333333333333,
        "end_time": 7.0,
        "duration": 5.666666666666667,
        "scene_type": "unknown",
        "start_frame": 4,
        "end_frame": 20
      },
      {
        "start_time": 7.0,
        "end_time": 7.333333333333333,
        "duration": 0.33333333333333304,
        "scene_type": "unknown",
        "start_frame": 21,
        "end_frame": 21
      },
      {
        "start_time": 7.333333333333333,
        "end_time": 8.666666666666666,
        "duration": 1.333333333333333,
        "scene_type": "unknown",
        "start_frame": 22,
        "end_frame": 25
      },
      {
        "start_time": 8.666666666666666,
        "end_time": 9.333333333333332,
        "duration": 0.6666666666666661,
        "scene_type": "unknown",
        "start_frame": 26,
        "end_frame": 27
      },
      {
        "start_time": 9.333333333333332,
        "end_time": 9.666666666666666,
        "duration": 0.3333333333333339,
        "scene_type": "unknown",
        "start_frame": 28,
        "end_frame": 28
      },
      {
        "start_time": 9.666666666666666,
        "end_time": 10.0,
        "duration": 0.3333333333333339,
        "scene_type": "unknown",
        "start_frame": 29,
        "end_frame": 29
      },
      {
        "start_time": 10.0,
        "end_time": 11.666666666666666,
        "duration": 1.666666666666666,
        "scene_type": "unknown",
        "start_frame": 30,
        "end_frame": 34
      },
      {
        "start_time": 11.666666666666666,
        "end_time": 12.333333333333332,
        "duration": 0.6666666666666661,
        "scene_type": "unknown",
        "start_frame": 35,
        "end_frame": 36
      },
      {
        "start_time": 12.333333333333332,
        "end_time": 13.0,
        "duration": 0.6666666666666679,
        "scene_type": "unknown",
        "start_frame": 37,
        "end_frame": 38
      },
      {
        "start_time": 13.0,
        "end_time": 14.333333333333332,
        "duration": 1.3333333333333321,
        "scene_type": "unknown",
        "start_frame": 39,
        "end_frame": 42
      },
      {
        "start_time": 14.333333333333332,
        "end_time": 17.333333333333332,
        "duration": 3.0,
        "scene_type": "unknown",
        "start_frame": 43,
        "end_frame": 51
      },
      {
        "start_time": 17.333333333333332,
        "end_time": 17.666666666666664,
        "duration": 0.33333333333333215,
        "scene_type": "unknown",
        "start_frame": 52,
        "end_frame": 52
      },
      {
        "start_time": 17.666666666666664,
        "end_time": 18.0,
        "duration": 0.3333333333333357,
        "scene_type": "unknown",
        "start_frame": 53,
        "end_frame": 53
      },
      {
        "start_time": 18.0,
        "end_time": 25.666666666666664,
        "duration": 7.666666666666664,
        "scene_type": "unknown",
        "start_frame": 54,
        "end_frame": 76
      },
      {
        "start_time": 25.666666666666664,
        "end_time": 26.0,
        "duration": 0.3333333333333357,
        "scene_type": "unknown",
        "start_frame": 77,
        "end_frame": 77
      },
      {
        "start_time": 26.0,
        "end_time": 27.0,
        "duration": 1.0,
        "scene_type": "unknown",
        "start_frame": 78,
        "end_frame": 80
      },
      {
        "start_time": 27.0,
        "end_time": 29.333333333333332,
        "duration": 2.333333333333332,
        "scene_type": "unknown",
        "start_frame": 81,
        "end_frame": 87
      },
      {
        "start_time": 29.333333333333332,
        "end_time": 29.666666666666664,
        "duration": 0.33333333333333215,
        "scene_type": "unknown",
        "start_frame": 88,
        "end_frame": 88
      },
      {
        "start_time": 29.666666666666664,
        "end_time": 29.666666666666664,
        "duration": 0.0,
        "scene_type": "unknown",
        "start_frame": 89,
        "end_frame": 89
      }
    ]
  },
  "character_signals": {
    "person_counts_per_frame": [
      0,
      0,
      0,
      0,
      1,
      1,
      1,
      0,
      1,
      1,
      1,
      1,
      1,
      1,
      1,
      1,
      0,
      0,
      0,
      0,
      0,
      0,
      0,
      0,
      0,
      0,
      0,
      0,
      0,
      0,
      0,
      0,
      0,
      0,
      0,
      1,
      0,
      0,
      0,
      0,
      0,
      0,
      0,
      0,
      1,
      0,
      0,
      1,
      0,
      1,
      3,
      0,
      0,
      0,
      0,
      0,
      0,
      0,
      1,
      1,
      0,
      0,
      0,
      1,
      1,
      1,
      1,
      1,
      1,
      1,
      2,
      1,
      1,
      1,
      1,
      1,
      1,
      0,
      0,
      0,
      0,
      1,
      1,
      1,
      1,
      1,
      1,
      0,
      1,
      3
    ],
    "person_count_mode": 0,
    "person_count_mean": 0.5,
    "person_count_std": 0.6368324391514266,
    "person_count_min": 0,
    "person_count_max": 3,
    "person_count_distribution": {
      "0": 50,
      "1": 37,
      "3": 2,
      "2": 1
    },
    "character_consistency": 0.5555555555555556,
    "entry_events": [
      {
        "timestamp": 1.3333333333333333,
        "frame_index": 4,
        "event_type": "entry",
        "count_before": 0,
        "count_after": 1
      },
      {
        "timestamp": 2.6666666666666665,
        "frame_index": 8,
        "event_type": "entry",
        "count_before": 0,
        "count_after": 1
      },
      {
        "timestamp": 11.666666666666666,
        "frame_index": 35,
        "event_type": "entry",
        "count_before": 0,
        "count_after": 1
      },
      {
        "timestamp": 14.666666666666666,
        "frame_index": 44,
        "event_type": "entry",
        "count_before": 0,
        "count_after": 1
      },
      {
        "timestamp": 15.666666666666666,
        "frame_index": 47,
        "event_type": "entry",
        "count_before": 0,
        "count_after": 1
      },
      {
        "timestamp": 16.333333333333332,
        "frame_index": 49,
        "event_type": "entry",
        "count_before": 0,
        "count_after": 1
      },
      {
        "timestamp": 16.666666666666664,
        "frame_index": 50,
        "event_type": "entry",
        "count_before": 1,
        "count_after": 3
      },
      {
        "timestamp": 19.333333333333332,
        "frame_index": 58,
        "event_type": "entry",
        "count_before": 0,
        "count_after": 1
      },
      {
        "timestamp": 21.0,
        "frame_index": 63,
        "event_type": "entry",
        "count_before": 0,
        "count_after": 1
      },
      {
        "timestamp": 23.333333333333332,
        "frame_index": 70,
        "event_type": "entry",
        "count_before": 1,
        "count_after": 2
      },
      {
        "timestamp": 27.0,
        "frame_index": 81,
        "event_type": "entry",
        "count_before": 0,
        "count_after": 1
      },
      {
        "timestamp": 29.333333333333332,
        "frame_index": 88,
        "event_type": "entry",
        "count_before": 0,
        "count_after": 1
      },
      {
        "timestamp": 29.666666666666664,
        "frame_index": 89,
        "event_type": "entry",
        "count_before": 1,
        "count_after": 3
      }
    ],
    "exit_events": [
      {
        "timestamp": 2.333333333333333,
        "frame_index": 7,
        "event_type": "exit",
        "count_before": 1,
        "count_after": 0
      },
      {
        "timestamp": 5.333333333333333,
        "frame_index": 16,
        "event_type": "exit",
        "count_before": 1,
        "count_after": 0
      },
      {
        "timestamp": 12.0,
        "frame_index": 36,
        "event_type": "exit",
        "count_before": 1,
        "count_after": 0
      },
      {
        "timestamp": 15.0,
        "frame_index": 45,
        "event_type": "exit",
        "count_before": 1,
        "count_after": 0
      },
      {
        "timestamp": 16.0,
        "frame_index": 48,
        "event_type": "exit",
        "count_before": 1,
        "count_after": 0
      },
      {
        "timestamp": 17.0,
        "frame_index": 51,
        "event_type": "exit",
        "count_before": 3,
        "count_after": 0
      },
      {
        "timestamp": 20.0,
        "frame_index": 60,
        "event_type": "exit",
        "count_before": 1,
        "count_after": 0
      },
      {
        "timestamp": 23.666666666666664,
        "frame_index": 71,
        "event_type": "exit",
        "count_before": 2,
        "count_after": 1
      },
      {
        "timestamp": 25.666666666666664,
        "frame_index": 77,
        "event_type": "exit",
        "count_before": 1,
        "count_after": 0
      },
      {
        "timestamp": 29.0,
        "frame_index": 87,
        "event_type": "exit",
        "count_before": 1,
        "count_after": 0
      }
    ],
    "entry_count": 13,
    "exit_count": 10,
    "entry_exit_total": 23,
    "entry_timestamps": [
      1.3333333333333333,
      2.6666666666666665,
      11.666666666666666,
      14.666666666666666,
      15.666666666666666,
      16.333333333333332,
      16.666666666666664,
      19.333333333333332,
      21.0,
      23.333333333333332,
      27.0,
      29.333333333333332,
      29.666666666666664
    ],
    "exit_timestamps": [
      2.333333333333333,
      5.333333333333333,
      12.0,
      15.0,
      16.0,
      17.0,
      20.0,
      23.666666666666664,
      25.666666666666664,
      29.0
    ]
  },
  "visual_signals": {
    "unique_objects": [
      "person",
      "train",
      "car",
      "bird",
      "clock",
      "tie"
    ],
    "unique_object_count": 6,
    "persistent_objects": [],
    "persistent_object_count": 0,
    "transient_objects": [
      "train",
      "car",
      "bird",
      "clock",
      "tie"
    ],
    "transient_object_count": 5,
    "object_frequency": {
      "person": 0.4444444444444444,
      "train": 0.011111111111111112,
      "car": 0.07777777777777778,
      "bird": 0.011111111111111112,
      "clock": 0.011111111111111112,
      "tie": 0.011111111111111112
    },
    "object_frame_counts": {
      "person": 40,
      "train": 1,
      "car": 7,
      "bird": 1,
      "clock": 1,
      "tie": 1
    },
    "object_first_appearance": {
      "person": 1.3333333333333333,
      "train": 7.333333333333333,
      "car": 13.0,
      "bird": 13.333333333333332,
      "clock": 20.666666666666664,
      "tie": 29.666666666666664
    },
    "object_last_appearance": {
      "person": 29.666666666666664,
      "train": 7.333333333333333,
      "car": 20.666666666666664,
      "bird": 13.333333333333332,
      "clock": 20.666666666666664,
      "tie": 29.666666666666664
    },
    "objects_per_frame": [
      [],
      [],
      [],
      [],
      [
        "person"
      ],
      [
        "person"
      ],
      [
        "person"
      ],
      [],
      [
        "person"
      ],
      [
        "person"
      ],
      [
        "person"
      ],
      [
        "person"
      ],
      [
        "person"
      ],
      [
        "person"
      ],
      [
        "person"
      ],
      [
        "person"
      ],
      [],
      [],
      [],
      [],
      [],
      [],
      [
        "train"
      ],
      [],
      [],
      [],
      [],
      [],
      [],
      [],
      [],
      [],
      [],
      [],
      [],
      [
        "person"
      ],
      [],
      [],
      [],
      [
        "car"
      ],
      [
        "car",
        "bird"
      ],
      [
        "car"
      ],
      [
        "car"
      ],
      [
        "car"
      ],
      [
        "person",
        "car"
      ],
      [],
      [],
      [
        "person"
      ],
      [],
      [
        "person"
      ],
      [
        "person"
      ],
      [],
      [],
      [],
      [],
      [],
      [],
      [],
      [
        "person"
      ],
      [
        "person"
      ],
      [],
      [],
      [
        "car",
        "clock"
      ],
      [
        "person"
      ],
      [
        "person"
      ],
      [
        "person"
      ],
      [
        "person"
      ],
      [
        "person"
      ],
      [
        "person"
      ],
      [
        "person"
      ],
      [
        "person"
      ],
      [
        "person"
      ],
      [
        "person"
      ],
      [
        "person"
      ],
      [
        "person"
      ],
      [
        "person"
      ],
      [
        "person"
      ],
      [],
      [],
      [],
      [],
      [
        "person"
      ],
      [
        "person"
      ],
      [
        "person"
      ],
      [
        "person"
      ],
      [
        "person"
      ],
      [
        "person"
      ],
      [],
      [
        "person"
      ],
      [
        "person",
        "tie"
      ]
    ],
    "appearances": [
      {
        "object_class": "person",
        "first_appearance": 1.3333333333333333,
        "last_appearance": 29.666666666666664,
        "frame_count": 40,
        "frequency": 0.4444444444444444
      },
      {
        "object_class": "train",
        "first_appearance": 7.333333333333333,
        "last_appearance": 7.333333333333333,
        "frame_count": 1,
        "frequency": 0.011111111111111112
      },
      {
        "object_class": "car",
        "first_appearance": 13.0,
        "last_appearance": 20.666666666666664,
        "frame_count": 7,
        "frequency": 0.07777777777777778
      },
      {
        "object_class": "bird",
        "first_appearance": 13.333333333333332,
        "last_appearance": 13.333333333333332,
        "frame_count": 1,
        "frequency": 0.011111111111111112
      },
      {
        "object_class": "clock",
        "first_appearance": 20.666666666666664,
        "last_appearance": 20.666666666666664,
        "frame_count": 1,
        "frequency": 0.011111111111111112
      },
      {
        "object_class": "tie",
        "first_appearance": 29.666666666666664,
        "last_appearance": 29.666666666666664,
        "frame_count": 1,
        "frequency": 0.011111111111111112
      }
    ]
  },
  "atmosphere_signals": {
    "brightness_values": [
      2.0230620659722223,
      2.0230620659722223,
      2.0230620659722223,
      2.0230620659722223,
      77.28444769965277,
      77.68201931423611,
      77.94220703125,
      78.17518771701388,
      78.58606336805556,
      68.11273654513889,
      68.55261176215278,
      68.72863389756944,
      68.44208875868055,
      68.41454210069445,
      68.44246636284723,
      68.32319769965278,
      66.50327582465277,
      61.181742621527775,
      49.5286328125,
      43.35984157986111,
      41.484624565972226,
      160.4066623263889,
      104.76952039930555,
      97.35773654513889,
      91.88756184895833,
      86.99820203993056,
      21.073347439236112,
      25.089229600694445,
      226.46292751736112,
      192.3961545138889,
      172.43930013020832,
      144.88644097222223,
      113.826220703125,
      80.02972330729166,
      110.80412326388888,
      101.8587673611111,
      26.04226779513889,
      244.43161241319444,
      246.4533984375,
      72.74054144965278,
      86.94048394097223,
      96.47584309895834,
      137.35359809027779,
      113.34156792534722,
      106.50434461805555,
      104.01765516493056,
      110.08087022569444,
      136.07620551215277,
      122.01488498263889,
      133.21328016493055,
      123.05504123263889,
      122.29234483506944,
      244.00817599826388,
      192.7944455295139,
      98.11334201388888,
      97.76321506076388,
      96.08321180555555,
      96.37073676215277,
      95.56004774305555,
      94.76354275173611,
      99.25719509548611,
      129.77879448784722,
      106.51387261284722,
      152.14843315972223,
      121.75698350694445,
      114.58933159722223,
      110.410166015625,
      104.68470160590277,
      99.87111653645833,
      99.25855360243055,
      98.03553927951388,
      98.3858615451389,
      104.1633767361111,
      110.34461805555556,
      112.36173719618056,
      111.45161241319444,
      111.56159071180555,
      199.20526475694444,
      71.19534722222222,
      129.221494140625,
      227.21456163194443,
      146.04274305555555,
      148.82629123263888,
      151.2567947048611,
      161.0705685763889,
      176.20579535590278,
      187.0485785590278,
      197.68253363715277,
      177.3021929253472,
      120.33001302083333
    ],
    "brightness_mean": 109.36432007137344,
    "brightness_std": 53.403334255307705,
    "brightness_min": 2.0230620659722223,
    "brightness_max": 246.4533984375,
    "brightness_range": 244.43033637152777,
    "lighting_changes": [
      {
        "timestamp": 1.3333333333333333,
        "frame_index": 4,
        "brightness_before": 2.0230620659722223,
        "brightness_after": 77.28444769965277,
        "magnitude": 75.26138563368055
      },
      {
        "timestamp": 7.0,
        "frame_index": 21,
        "brightness_before": 41.484624565972226,
        "brightness_after": 160.4066623263889,
        "magnitude": 118.92203776041667
      },
      {
        "timestamp": 7.333333333333333,
        "frame_index": 22,
        "brightness_before": 160.4066623263889,
        "brightness_after": 104.76952039930555,
        "magnitude": 55.63714192708335
      },
      {
        "timestamp": 8.666666666666666,
        "frame_index": 26,
        "brightness_before": 86.99820203993056,
        "brightness_after": 21.073347439236112,
        "magnitude": 65.92485460069445
      },
      {
        "timestamp": 9.333333333333332,
        "frame_index": 28,
        "brightness_before": 25.089229600694445,
        "brightness_after": 226.46292751736112,
        "magnitude": 201.37369791666669
      },
      {
        "timestamp": 9.666666666666666,
        "frame_index": 29,
        "brightness_before": 226.46292751736112,
        "brightness_after": 192.3961545138889,
        "magnitude": 34.066773003472235
      },
      {
        "timestamp": 10.333333333333332,
        "frame_index": 31,
        "brightness_before": 172.43930013020832,
        "brightness_after": 144.88644097222223,
        "magnitude": 27.55285915798609
      },
      {
        "timestamp": 10.666666666666666,
        "frame_index": 32,
        "brightness_before": 144.88644097222223,
        "brightness_after": 113.826220703125,
        "magnitude": 31.06022026909723
      },
      {
        "timestamp": 11.0,
        "frame_index": 33,
        "brightness_before": 113.826220703125,
        "brightness_after": 80.02972330729166,
        "magnitude": 33.79649739583334
      },
      {
        "timestamp": 11.333333333333332,
        "frame_index": 34,
        "brightness_before": 80.02972330729166,
        "brightness_after": 110.80412326388888,
        "magnitude": 30.77439995659722
      },
      {
        "timestamp": 12.0,
        "frame_index": 36,
        "brightness_before": 101.8587673611111,
        "brightness_after": 26.04226779513889,
        "magnitude": 75.81649956597221
      },
      {
        "timestamp": 12.333333333333332,
        "frame_index": 37,
        "brightness_before": 26.04226779513889,
        "brightness_after": 244.43161241319444,
        "magnitude": 218.38934461805556
      },
      {
        "timestamp": 13.0,
        "frame_index": 39,
        "brightness_before": 246.4533984375,
        "brightness_after": 72.74054144965278,
        "magnitude": 173.7128569878472
      },
      {
        "timestamp": 14.0,
        "frame_index": 42,
        "brightness_before": 96.47584309895834,
        "brightness_after": 137.35359809027779,
        "magnitude": 40.87775499131945
      },
      {
        "timestamp": 14.333333333333332,
        "frame_index": 43,
        "brightness_before": 137.35359809027779,
        "brightness_after": 113.34156792534722,
        "magnitude": 24.012030164930565
      },
      {
        "timestamp": 15.666666666666666,
        "frame_index": 47,
        "brightness_before": 110.08087022569444,
        "brightness_after": 136.07620551215277,
        "magnitude": 25.995335286458328
      },
      {
        "timestamp": 17.333333333333332,
        "frame_index": 52,
        "brightness_before": 122.29234483506944,
        "brightness_after": 244.00817599826388,
        "magnitude": 121.71583116319444
      },
      {
        "timestamp": 17.666666666666664,
        "frame_index": 53,
        "brightness_before": 244.00817599826388,
        "brightness_after": 192.7944455295139,
        "magnitude": 51.213730468749986
      },
      {
        "timestamp": 18.0,
        "frame_index": 54,
        "brightness_before": 192.7944455295139,
        "brightness_after": 98.11334201388888,
        "magnitude": 94.68110351562501
      },
      {
        "timestamp": 20.333333333333332,
        "frame_index": 61,
        "brightness_before": 99.25719509548611,
        "brightness_after": 129.77879448784722,
        "magnitude": 30.52159939236111
      },
      {
        "timestamp": 20.666666666666664,
        "frame_index": 62,
        "brightness_before": 129.77879448784722,
        "brightness_after": 106.51387261284722,
        "magnitude": 23.264921875
      },
      {
        "timestamp": 21.0,
        "frame_index": 63,
        "brightness_before": 106.51387261284722,
        "brightness_after": 152.14843315972223,
        "magnitude": 45.63456054687501
      },
      {
        "timestamp": 21.333333333333332,
        "frame_index": 64,
        "brightness_before": 152.14843315972223,
        "brightness_after": 121.75698350694445,
        "magnitude": 30.39144965277778
      },
      {
        "timestamp": 25.666666666666664,
        "frame_index": 77,
        "brightness_before": 111.56159071180555,
        "brightness_after": 199.20526475694444,
        "magnitude": 87.6436740451389
      },
      {
        "timestamp": 26.0,
        "frame_index": 78,
        "brightness_before": 199.20526475694444,
        "brightness_after": 71.19534722222222,
        "magnitude": 128.0099175347222
      },
      {
        "timestamp": 26.333333333333332,
        "frame_index": 79,
        "brightness_before": 71.19534722222222,
        "brightness_after": 129.221494140625,
        "magnitude": 58.02614691840277
      },
      {
        "timestamp": 26.666666666666664,
        "frame_index": 80,
        "brightness_before": 129.221494140625,
        "brightness_after": 227.21456163194443,
        "magnitude": 97.99306749131944
      },
      {
        "timestamp": 27.0,
        "frame_index": 81,
        "brightness_before": 227.21456163194443,
        "brightness_after": 146.04274305555555,
        "magnitude": 81.17181857638889
      },
      {
        "timestamp": 29.333333333333332,
        "frame_index": 88,
        "brightness_before": 197.68253363715277,
        "brightness_after": 177.3021929253472,
        "magnitude": 20.38034071180556
      },
      {
        "timestamp": 29.666666666666664,
        "frame_index": 89,
        "brightness_before": 177.3021929253472,
        "brightness_after": 120.33001302083333,
        "magnitude": 56.97217990451388
      }
    ],
    "lighting_change_count": 30,
    "setting_type": "indoor",
    "dominant_colors_rgb": [
      [
        "194",
        "183",
        "199"
      ],
      [
        "29",
        "24",
        "23"
      ],
      [
        "118",
        "104",
        "102"
      ]
    ],
    "dominant_colors": [
      "blue",
      "black",
      "brown"
    ]
  },
  "action_signals": {
    "intensity_timeline": [
      0.0,
      4.2296925961693435e-11,
      4.2296925961693435e-11,
      4.2296925961693435e-11,
      0.07298057556152343,
      0.041744508743286134,
      0.04528879165649414,
      0.03946226119995117,
      0.03932720422744751,
      0.14387111663818358,
      0.024267585277557374,
      0.024812779426574706,
      0.03529672861099243,
      0.032714383602142336,
      0.032232198715209964,
      0.031687560081481936,
      0.16997432708740234,
      0.09605894088745118,
      0.10534099578857421,
      0.09355073928833008,
      0.09346868515014649,
      0.20794361114501952,
      0.1338084125518799,
      0.12972287178039552,
      0.1431861400604248,
      0.11629632949829101,
      0.18407873153686524,
      0.09536635398864746,
      0.0628425693511963,
      0.002339281141757965,
      0.00102240651845932,
      0.0009010247886180878,
      0.0009979978203773499,
      0.0011484568566083907,
      0.0219745397567749,
      0.09166370391845703,
      0.09624335289001465,
      0.03024611473083496,
      0.0042427521944046025,
      0.13300987243652343,
      0.28515708923339844,
      0.20991632461547852,
      0.18610992431640624,
      0.20775453567504884,
      0.2044997215270996,
      0.20237403869628906,
      0.18331171035766602,
      0.17668561935424804,
      0.17465709686279296,
      0.13884329795837402,
      0.1551140308380127,
      0.17330358505249024,
      0.1267799186706543,
      0.10139941215515137,
      0.172872314453125,
      0.16879570007324218,
      0.14396215438842774,
      0.17160915374755858,
      0.242962589263916,
      0.20331003189086913,
      0.19494264602661132,
      0.22953472137451172,
      0.15539342880249024,
      0.18984264373779297,
      0.14571084976196289,
      0.13174673080444335,
      0.13027524948120117,
      0.11850522994995118,
      0.0825921630859375,
      0.08350427627563477,
      0.09077401161193847,
      0.0979149341583252,
      0.08907819747924804,
      0.11206707000732422,
      0.09511827468872071,
      0.08888157844543457,
      0.08940497398376465,
      0.11205503463745117,
      0.1024566650390625,
      0.09160781860351562,
      0.07541724681854248,
      0.017299569845199585,
      0.019468698501586914,
      0.023189141750335693,
      0.017942301034927367,
      0.014295761585235595,
      0.009884737730026245,
      0.009381603598594666,
      0.05088147163391113,
      0.20228219985961915
    ],
    "intensity_mean": 0.10088868204976378,
    "intensity_std": 0.0710917105673178,
    "intensity_min": 0.0,
    "intensity_max": 0.28515708923339844,
    "intensity_trend": "stable",
    "peak_moments": [
      {
        "timestamp": 3.0,
        "frame_index": 9,
        "intensity": 0.14387111663818358,
        "moment_type": "peak"
      },
      {
        "timestamp": 7.0,
        "frame_index": 21,
        "intensity": 0.20794361114501952,
        "moment_type": "peak"
      },
      {
        "timestamp": 13.333333333333332,
        "frame_index": 40,
        "intensity": 0.28515708923339844,
        "moment_type": "peak"
      },
      {
        "timestamp": 19.333333333333332,
        "frame_index": 58,
        "intensity": 0.242962589263916,
        "moment_type": "peak"
      }
    ],
    "valley_moments": [
      {
        "timestamp": 3.333333333333333,
        "frame_index": 10,
        "intensity": 0.024267585277557374,
        "moment_type": "valley"
      },
      {
        "timestamp": 10.333333333333332,
        "frame_index": 31,
        "intensity": 0.0009010247886180878,
        "moment_type": "valley"
      },
      {
        "timestamp": 17.666666666666664,
        "frame_index": 53,
        "intensity": 0.10139941215515137,
        "moment_type": "valley"
      },
      {
        "timestamp": 29.0,
        "frame_index": 87,
        "intensity": 0.009381603598594666,
        "moment_type": "valley"
      }
    ],
    "peak_timestamps": [
      3.0,
      7.0,
      13.333333333333332,
      19.333333333333332
    ],
    "valley_timestamps": [
      3.333333333333333,
      10.333333333333332,
      17.666666666666664,
      29.0
    ],
    "peak_count": 4,
    "valley_count": 4,
    "action_variance": 0.005054031311387286
  },
  "temporal_signals": {
    "frame_change_scores": [
      0.0,
      0.0,
      0.0,
      0.0,
      0.9297569508418622,
      0.18083973349006222,
      0.2038821243134833,
      0.17657660183681945,
      0.1771210741270003,
      0.7215822600939598,
      0.10416272578810115,
      0.11081142354756768,
      0.16022589173860524,
      0.13813675706585937,
      0.12402644886000058,
      0.13862520734576556,
      0.6979910248735857,
      0.42385452782953736,
      0.5185008256524493,
      0.5335858491793641,
      0.5156277582146038,
      0.9328872832175858,
      0.6872140671109033,
      0.6007009763757477,
      0.605080948996255,
      0.5454604827871643,
      0.9285357308132113,
      0.5118444728424772,
      0.959903392887345,
      0.17819800534544128,
      0.15136529278401345,
      0.06340117981717641,
      0.18667724680555375,
      0.30162017661965823,
      0.44495840545565635,
      0.7441542736856128,
      0.8262295193949796,
      0.9371932112246147,
      0.02114266158669864,
      0.910546539631025,
      0.7291042558417381,
      0.8025867036764859,
      0.8473848307539623,
      0.7476856616655925,
      0.7092535480338507,
      0.7360626602295448,
      0.6941729018226952,
      0.6953864701192572,
      0.7064228087740787,
      0.6511981279317967,
      0.6480124780018397,
      0.7052252617154563,
      0.7779321031532282,
      0.5518171937081735,
      0.8239208867205937,
      0.585668932857932,
      0.5476062409883985,
      0.6496759681878624,
      0.7216559426492601,
      0.6927858239694402,
      0.682458834256412,
      0.755567533475596,
      0.6793084519952992,
      0.8399807147658174,
      0.7261925771731519,
      0.6918087539797029,
      0.716675746052465,
      0.7091626682045006,
      0.6655473905053737,
      0.6372051338404645,
      0.6164918492002309,
      0.5848712394077473,
      0.5410348887816143,
      0.6039878620006454,
      0.6205675108500223,
      0.6356878309423422,
      0.6703812645187653,
      0.7520765229384193,
      0.895889681422917,
      0.682664201007309,
      0.7705670874744339,
      0.45866948003986874,
      0.17952883780190965,
      0.2638892139829768,
      0.1838493026525928,
      0.18461540327526071,
      0.18358038694058643,
      0.25035022490713965,
      0.5334127857747644,
      0.7639453950822461
    ],
    "change_score_mean": 0.5321772069581279,
    "change_score_std": 0.27456536020165956,
    "change_score_max": 0.959903392887345,
    "temporal_gaps": [
      {
        "start_time": 0.0,
        "end_time": 1.0,
        "duration": 1.0,
        "start_frame": 0,
        "end_frame": 3,
        "avg_change": 0.0
      }
    ],
    "temporal_gap_count": 1,
    "temporal_gap_total_duration": 1.0,
    "transition_similarity_scores": [
      0.07024304915813787,
      0.06711271678241419,
      0.3127859328890968,
      0.07146426918678875,
      0.04009660711265494,
      0.8218019946545587,
      0.8486347072159866,
      0.2558457263143872,
      0.06280678877538523,
      0.089453460368975,
      0.2523143383344075,
      0.2220678968467718,
      0.4481828062918265,
      0.1760791132794063,
      0.24792347706158066,
      0.10411031857708297,
      0.5413305199601313,
      0.4665872142252357,
      0.23605460491775385
    ],
    "transition_similarity_mean": 0.2807839758922411,
    "temporal_density": 2.8314606741573036
  },
  "metadata": {
    "video_path": "/vol/videos/core/produced_digital/commercials/0hcaaKhGL00.mp4",
    "dataset": "produced_digital/commercials",
    "tier": "produced_digital",
    "study_type": "core",
    "source_fps": 25.0,
    "source_width": 1280,
    "source_height": 720,
    "experiment_version": "3.3",
    "batch": "1-retry",
    "retry_id": "20251226_182920"
  }
}