{
  "video_id": "0hcaaKhGL00",
  "fps": 1.0,
  "duration": 29.0,
  "frame_count": 30,
  "scene_signals": {
    "transition_count": 10,
    "transition_timestamps": [
      1.0,
      7.0,
      10.0,
      11.0,
      13.0,
      14.0,
      17.0,
      18.0,
      26.0,
      28.0
    ],
    "transition_types": [
      "hard_cut",
      "hard_cut",
      "hard_cut",
      "soft_cut",
      "hard_cut",
      "soft_cut",
      "hard_cut",
      "hard_cut",
      "soft_cut",
      "hard_cut"
    ],
    "transition_magnitudes": [
      90.05300778959187,
      110.32715851812205,
      975.8614955149883,
      31.581196053218108,
      2536.417150612546,
      44.70119287498941,
      309.22026771239626,
      42550.94945670648,
      30.761727019296124,
      307.55669523960813
    ],
    "scene_count": 11,
    "scene_durations": [
      1.0,
      6.0,
      3.0,
      1.0,
      2.0,
      1.0,
      3.0,
      1.0,
      8.0,
      2.0,
      1.0
    ],
    "scene_duration_mean": 2.6363636363636362,
    "scene_duration_std": 2.226808857075616,
    "scene_duration_min": 1.0,
    "scene_duration_max": 8.0,
    "scene_types": [
      "unknown",
      "unknown",
      "unknown",
      "unknown",
      "unknown",
      "unknown",
      "unknown",
      "unknown",
      "unknown",
      "unknown",
      "unknown"
    ],
    "transitions": [
      {
        "timestamp": 1.0,
        "frame_index": 1,
        "transition_type": "hard_cut",
        "magnitude": 90.05300778959187
      },
      {
        "timestamp": 7.0,
        "frame_index": 7,
        "transition_type": "hard_cut",
        "magnitude": 110.32715851812205
      },
      {
        "timestamp": 10.0,
        "frame_index": 10,
        "transition_type": "hard_cut",
        "magnitude": 975.8614955149883
      },
      {
        "timestamp": 11.0,
        "frame_index": 11,
        "transition_type": "soft_cut",
        "magnitude": 31.581196053218108
      },
      {
        "timestamp": 13.0,
        "frame_index": 13,
        "transition_type": "hard_cut",
        "magnitude": 2536.417150612546
      },
      {
        "timestamp": 14.0,
        "frame_index": 14,
        "transition_type": "soft_cut",
        "magnitude": 44.70119287498941
      },
      {
        "timestamp": 17.0,
        "frame_index": 17,
        "transition_type": "hard_cut",
        "magnitude": 309.22026771239626
      },
      {
        "timestamp": 18.0,
        "frame_index": 18,
        "transition_type": "hard_cut",
        "magnitude": 42550.94945670648
      },
      {
        "timestamp": 26.0,
        "frame_index": 26,
        "transition_type": "soft_cut",
        "magnitude": 30.761727019296124
      },
      {
        "timestamp": 28.0,
        "frame_index": 28,
        "transition_type": "hard_cut",
        "magnitude": 307.55669523960813
      }
    ],
    "scenes": [
      {
        "start_time": 0.0,
        "end_time": 1.0,
        "duration": 1.0,
        "scene_type": "unknown",
        "start_frame": 0,
        "end_frame": 0
      },
      {
        "start_time": 1.0,
        "end_time": 7.0,
        "duration": 6.0,
        "scene_type": "unknown",
        "start_frame": 1,
        "end_frame": 6
      },
      {
        "start_time": 7.0,
        "end_time": 10.0,
        "duration": 3.0,
        "scene_type": "unknown",
        "start_frame": 7,
        "end_frame": 9
      },
      {
        "start_time": 10.0,
        "end_time": 11.0,
        "duration": 1.0,
        "scene_type": "unknown",
        "start_frame": 10,
        "end_frame": 10
      },
      {
        "start_time": 11.0,
        "end_time": 13.0,
        "duration": 2.0,
        "scene_type": "unknown",
        "start_frame": 11,
        "end_frame": 12
      },
      {
        "start_time": 13.0,
        "end_time": 14.0,
        "duration": 1.0,
        "scene_type": "unknown",
        "start_frame": 13,
        "end_frame": 13
      },
      {
        "start_time": 14.0,
        "end_time": 17.0,
        "duration": 3.0,
        "scene_type": "unknown",
        "start_frame": 14,
        "end_frame": 16
      },
      {
        "start_time": 17.0,
        "end_time": 18.0,
        "duration": 1.0,
        "scene_type": "unknown",
        "start_frame": 17,
        "end_frame": 17
      },
      {
        "start_time": 18.0,
        "end_time": 26.0,
        "duration": 8.0,
        "scene_type": "unknown",
        "start_frame": 18,
        "end_frame": 25
      },
      {
        "start_time": 26.0,
        "end_time": 28.0,
        "duration": 2.0,
        "scene_type": "unknown",
        "start_frame": 26,
        "end_frame": 27
      },
      {
        "start_time": 28.0,
        "end_time": 29.0,
        "duration": 1.0,
        "scene_type": "unknown",
        "start_frame": 28,
        "end_frame": 29
      }
    ]
  },
  "character_signals": {
    "person_counts_per_frame": [
      0,
      1,
      0,
      1,
      1,
      0,
      0,
      0,
      0,
      0,
      0,
      0,
      0,
      0,
      0,
      0,
      1,
      0,
      0,
      1,
      0,
      1,
      1,
      2,
      1,
      1,
      0,
      1,
      1,
      1
    ],
    "person_count_mode": 0,
    "person_count_mean": 0.4666666666666667,
    "person_count_std": 0.5617433182117573,
    "person_count_min": 0,
    "person_count_max": 2,
    "person_count_distribution": {
      "0": 17,
      "1": 12,
      "2": 1
    },
    "character_consistency": 0.5666666666666667,
    "entry_events": [
      {
        "timestamp": 1.0,
        "frame_index": 1,
        "event_type": "entry",
        "count_before": 0,
        "count_after": 1
      },
      {
        "timestamp": 3.0,
        "frame_index": 3,
        "event_type": "entry",
        "count_before": 0,
        "count_after": 1
      },
      {
        "timestamp": 16.0,
        "frame_index": 16,
        "event_type": "entry",
        "count_before": 0,
        "count_after": 1
      },
      {
        "timestamp": 19.0,
        "frame_index": 19,
        "event_type": "entry",
        "count_before": 0,
        "count_after": 1
      },
      {
        "timestamp": 21.0,
        "frame_index": 21,
        "event_type": "entry",
        "count_before": 0,
        "count_after": 1
      },
      {
        "timestamp": 23.0,
        "frame_index": 23,
        "event_type": "entry",
        "count_before": 1,
        "count_after": 2
      },
      {
        "timestamp": 27.0,
        "frame_index": 27,
        "event_type": "entry",
        "count_before": 0,
        "count_after": 1
      }
    ],
    "exit_events": [
      {
        "timestamp": 2.0,
        "frame_index": 2,
        "event_type": "exit",
        "count_before": 1,
        "count_after": 0
      },
      {
        "timestamp": 5.0,
        "frame_index": 5,
        "event_type": "exit",
        "count_before": 1,
        "count_after": 0
      },
      {
        "timestamp": 17.0,
        "frame_index": 17,
        "event_type": "exit",
        "count_before": 1,
        "count_after": 0
      },
      {
        "timestamp": 20.0,
        "frame_index": 20,
        "event_type": "exit",
        "count_before": 1,
        "count_after": 0
      },
      {
        "timestamp": 24.0,
        "frame_index": 24,
        "event_type": "exit",
        "count_before": 2,
        "count_after": 1
      },
      {
        "timestamp": 26.0,
        "frame_index": 26,
        "event_type": "exit",
        "count_before": 1,
        "count_after": 0
      }
    ],
    "entry_count": 7,
    "exit_count": 6,
    "entry_exit_total": 13,
    "entry_timestamps": [
      1.0,
      3.0,
      16.0,
      19.0,
      21.0,
      23.0,
      27.0
    ],
    "exit_timestamps": [
      2.0,
      5.0,
      17.0,
      20.0,
      24.0,
      26.0
    ]
  },
  "visual_signals": {
    "unique_objects": [
      "person",
      "train",
      "bird",
      "car"
    ],
    "unique_object_count": 4,
    "persistent_objects": [],
    "persistent_object_count": 0,
    "transient_objects": [
      "train",
      "bird",
      "car"
    ],
    "transient_object_count": 3,
    "object_frequency": {
      "person": 0.43333333333333335,
      "train": 0.03333333333333333,
      "bird": 0.03333333333333333,
      "car": 0.06666666666666667
    },
    "object_frame_counts": {
      "person": 13,
      "train": 1,
      "bird": 1,
      "car": 2
    },
    "object_first_appearance": {
      "person": 1.0,
      "train": 7.0,
      "bird": 13.0,
      "car": 13.0
    },
    "object_last_appearance": {
      "person": 29.0,
      "train": 7.0,
      "bird": 13.0,
      "car": 14.0
    },
    "objects_per_frame": [
      [],
      [
        "person"
      ],
      [],
      [
        "person"
      ],
      [
        "person"
      ],
      [],
      [],
      [
        "train"
      ],
      [],
      [],
      [],
      [],
      [],
      [
        "bird",
        "car"
      ],
      [
        "car"
      ],
      [],
      [
        "person"
      ],
      [],
      [],
      [
        "person"
      ],
      [],
      [
        "person"
      ],
      [
        "person"
      ],
      [
        "person"
      ],
      [
        "person"
      ],
      [
        "person"
      ],
      [],
      [
        "person"
      ],
      [
        "person"
      ],
      [
        "person"
      ]
    ],
    "appearances": [
      {
        "object_class": "person",
        "first_appearance": 1.0,
        "last_appearance": 29.0,
        "frame_count": 13,
        "frequency": 0.43333333333333335
      },
      {
        "object_class": "train",
        "first_appearance": 7.0,
        "last_appearance": 7.0,
        "frame_count": 1,
        "frequency": 0.03333333333333333
      },
      {
        "object_class": "bird",
        "first_appearance": 13.0,
        "last_appearance": 13.0,
        "frame_count": 1,
        "frequency": 0.03333333333333333
      },
      {
        "object_class": "car",
        "first_appearance": 13.0,
        "last_appearance": 14.0,
        "frame_count": 2,
        "frequency": 0.06666666666666667
      }
    ]
  },
  "atmosphere_signals": {
    "brightness_values": [
      2.0230620659722223,
      77.28444769965277,
      78.17518771701388,
      68.55261176215278,
      68.41454210069445,
      66.50327582465277,
      43.35984157986111,
      104.76952039930555,
      86.99820203993056,
      226.46292751736112,
      144.88644097222223,
      110.80412326388888,
      244.43161241319444,
      86.94048394097223,
      113.34156792534722,
      110.08087022569444,
      133.21328016493055,
      244.00817599826388,
      97.76321506076388,
      95.56004774305555,
      129.77879448784722,
      121.75698350694445,
      104.68470160590277,
      98.03553927951388,
      110.34461805555556,
      111.56159071180555,
      129.221494140625,
      148.82629123263888,
      176.20579535590278,
      177.3021929253472
    ],
    "brightness_mean": 117.04304792390049,
    "brightness_std": 53.64546630994322,
    "brightness_min": 2.0230620659722223,
    "brightness_max": 244.43161241319444,
    "brightness_range": 242.40855034722222,
    "lighting_changes": [
      {
        "timestamp": 1.0,
        "frame_index": 1,
        "brightness_before": 2.0230620659722223,
        "brightness_after": 77.28444769965277,
        "magnitude": 75.26138563368055
      },
      {
        "timestamp": 6.0,
        "frame_index": 6,
        "brightness_before": 66.50327582465277,
        "brightness_after": 43.35984157986111,
        "magnitude": 23.143434244791663
      },
      {
        "timestamp": 7.0,
        "frame_index": 7,
        "brightness_before": 43.35984157986111,
        "brightness_after": 104.76952039930555,
        "magnitude": 61.40967881944444
      },
      {
        "timestamp": 9.0,
        "frame_index": 9,
        "brightness_before": 86.99820203993056,
        "brightness_after": 226.46292751736112,
        "magnitude": 139.46472547743056
      },
      {
        "timestamp": 10.0,
        "frame_index": 10,
        "brightness_before": 226.46292751736112,
        "brightness_after": 144.88644097222223,
        "magnitude": 81.57648654513889
      },
      {
        "timestamp": 11.0,
        "frame_index": 11,
        "brightness_before": 144.88644097222223,
        "brightness_after": 110.80412326388888,
        "magnitude": 34.08231770833335
      },
      {
        "timestamp": 12.0,
        "frame_index": 12,
        "brightness_before": 110.80412326388888,
        "brightness_after": 244.43161241319444,
        "magnitude": 133.62748914930557
      },
      {
        "timestamp": 13.0,
        "frame_index": 13,
        "brightness_before": 244.43161241319444,
        "brightness_after": 86.94048394097223,
        "magnitude": 157.49112847222221
      },
      {
        "timestamp": 14.0,
        "frame_index": 14,
        "brightness_before": 86.94048394097223,
        "brightness_after": 113.34156792534722,
        "magnitude": 26.401083984374992
      },
      {
        "timestamp": 16.0,
        "frame_index": 16,
        "brightness_before": 110.08087022569444,
        "brightness_after": 133.21328016493055,
        "magnitude": 23.132409939236112
      },
      {
        "timestamp": 17.0,
        "frame_index": 17,
        "brightness_before": 133.21328016493055,
        "brightness_after": 244.00817599826388,
        "magnitude": 110.79489583333333
      },
      {
        "timestamp": 18.0,
        "frame_index": 18,
        "brightness_before": 244.00817599826388,
        "brightness_after": 97.76321506076388,
        "magnitude": 146.2449609375
      },
      {
        "timestamp": 20.0,
        "frame_index": 20,
        "brightness_before": 95.56004774305555,
        "brightness_after": 129.77879448784722,
        "magnitude": 34.21874674479167
      },
      {
        "timestamp": 28.0,
        "frame_index": 28,
        "brightness_before": 148.82629123263888,
        "brightness_after": 176.20579535590278,
        "magnitude": 27.3795041232639
      }
    ],
    "lighting_change_count": 14,
    "setting_type": "indoor",
    "dominant_colors_rgb": [
      [
        "199",
        "189",
        "208"
      ],
      [
        "29",
        "24",
        "23"
      ],
      [
        "128",
        "117",
        "124"
      ]
    ],
    "dominant_colors": [
      "blue",
      "black",
      "brown"
    ]
  },
  "action_signals": {
    "intensity_timeline": [
      0.0,
      0.07298057556152343,
      0.12312525749206543,
      0.13705636978149413,
      0.07226051330566406,
      0.1707650375366211,
      0.23436277389526367,
      0.19880401611328125,
      0.2645967292785645,
      0.1570160961151123,
      0.0018767248094081878,
      0.018464357852935792,
      0.03822502613067627,
      0.1201962661743164,
      0.19070316314697267,
      0.176628475189209,
      0.19283050537109375,
      0.11812958717346192,
      0.1178293514251709,
      0.26672060012817383,
      0.23812789916992189,
      0.18180665969848633,
      0.11729230880737304,
      0.0990993881225586,
      0.09374733924865723,
      0.08393921852111816,
      0.08857508659362794,
      0.08063416481018067,
      0.03542702674865723,
      0.08240123748779297
    ],
    "intensity_mean": 0.12578739185631274,
    "intensity_std": 0.07294668293217636,
    "intensity_min": 0.0,
    "intensity_max": 0.26672060012817383,
    "intensity_trend": "stable",
    "peak_moments": [
      {
        "timestamp": 8.0,
        "frame_index": 8,
        "intensity": 0.2645967292785645,
        "moment_type": "peak"
      },
      {
        "timestamp": 19.0,
        "frame_index": 19,
        "intensity": 0.26672060012817383,
        "moment_type": "peak"
      }
    ],
    "valley_moments": [
      {
        "timestamp": 10.0,
        "frame_index": 10,
        "intensity": 0.0018767248094081878,
        "moment_type": "valley"
      }
    ],
    "peak_timestamps": [
      8.0,
      19.0
    ],
    "valley_timestamps": [
      10.0
    ],
    "peak_count": 2,
    "valley_count": 1,
    "action_variance": 0.00532121855080747
  },
  "temporal_signals": {
    "frame_change_scores": [
      0.0,
      0.9297569508418622,
      0.4148044392676803,
      0.7251061248823645,
      0.33807351436525535,
      0.6971656431389918,
      0.7330841170950471,
      0.9129787076959587,
      0.8169733965158452,
      0.9202718815691331,
      0.2320311308757419,
      0.43785428606978094,
      0.5203612638224038,
      0.8574693705889689,
      0.8787209578256157,
      0.7832110940232381,
      0.7628240030296165,
      0.7448345432540083,
      0.8841893465707126,
      0.7978442077212861,
      0.8208032702926469,
      0.8644926220447512,
      0.8431833839478864,
      0.7665833834635627,
      0.6791501474919328,
      0.7468467208728053,
      0.8386928409583448,
      0.7776988338571069,
      0.4875888756880622,
      0.6743090995386931
    ],
    "change_score_mean": 0.6962301385769767,
    "change_score_std": 0.21888768958630433,
    "change_score_max": 0.9297569508418622,
    "temporal_gaps": [],
    "temporal_gap_count": 0,
    "temporal_gap_total_duration": 0.0,
    "transition_similarity_scores": [
      0.07024304915813787,
      0.08702129230404132,
      0.7679688691242581,
      0.5621457139302191,
      0.14253062941103112,
      0.12127904217438433,
      0.25516545674599167,
      0.11581065342928744,
      0.16130715904165516,
      0.5124111243119378
    ],
    "transition_similarity_mean": 0.2795882989630944,
    "temporal_density": 1.0
  },
  "metadata": {
    "video_path": "/vol/videos/core/produced_digital/commercials/0hcaaKhGL00.mp4",
    "dataset": "produced_digital/commercials",
    "tier": "produced_digital",
    "study_type": "core",
    "source_fps": 25.0,
    "source_width": 1280,
    "source_height": 720,
    "experiment_version": "3.3",
    "batch": "1-retry",
    "retry_id": "20251226_182920"
  }
}