{
  "video_id": "0j1uKsvlu24",
  "fps": 5.0,
  "duration": 29.8,
  "frame_count": 150,
  "scene_signals": {
    "transition_count": 4,
    "transition_timestamps": [
      6.4,
      7.6000000000000005,
      14.600000000000001,
      16.6
    ],
    "transition_types": [
      "soft_cut",
      "hard_cut",
      "hard_cut",
      "hard_cut"
    ],
    "transition_magnitudes": [
      63.39507258750774,
      139.61276304399894,
      255.07851251896452,
      272.0040172113736
    ],
    "scene_count": 5,
    "scene_durations": [
      6.4,
      1.2000000000000002,
      7.000000000000001,
      2.0,
      13.2
    ],
    "scene_duration_mean": 5.96,
    "scene_duration_std": 4.290268056893415,
    "scene_duration_min": 1.2000000000000002,
    "scene_duration_max": 13.2,
    "scene_types": [
      "unknown",
      "unknown",
      "unknown",
      "unknown",
      "unknown"
    ],
    "transitions": [
      {
        "timestamp": 6.4,
        "frame_index": 32,
        "transition_type": "soft_cut",
        "magnitude": 63.39507258750774
      },
      {
        "timestamp": 7.6000000000000005,
        "frame_index": 38,
        "transition_type": "hard_cut",
        "magnitude": 139.61276304399894
      },
      {
        "timestamp": 14.600000000000001,
        "frame_index": 73,
        "transition_type": "hard_cut",
        "magnitude": 255.07851251896452
      },
      {
        "timestamp": 16.6,
        "frame_index": 83,
        "transition_type": "hard_cut",
        "magnitude": 272.0040172113736
      }
    ],
    "scenes": [
      {
        "start_time": 0.0,
        "end_time": 6.4,
        "duration": 6.4,
        "scene_type": "unknown",
        "start_frame": 0,
        "end_frame": 31
      },
      {
        "start_time": 6.4,
        "end_time": 7.6000000000000005,
        "duration": 1.2000000000000002,
        "scene_type": "unknown",
        "start_frame": 32,
        "end_frame": 37
      },
      {
        "start_time": 7.6000000000000005,
        "end_time": 14.600000000000001,
        "duration": 7.000000000000001,
        "scene_type": "unknown",
        "start_frame": 38,
        "end_frame": 72
      },
      {
        "start_time": 14.600000000000001,
        "end_time": 16.6,
        "duration": 2.0,
        "scene_type": "unknown",
        "start_frame": 73,
        "end_frame": 82
      },
      {
        "start_time": 16.6,
        "end_time": 29.8,
        "duration": 13.2,
        "scene_type": "unknown",
        "start_frame": 83,
        "end_frame": 149
      }
    ]
  },
  "character_signals": {
    "person_counts_per_frame": [
      0,
      0,
      0,
      0,
      0,
      0,
      0,
      0,
      0,
      0,
      0,
      0,
      0,
      0,
      0,
      0,
      0,
      0,
      0,
      0,
      0,
      0,
      0,
      0,
      0,
      0,
      0,
      0,
      0,
      0,
      0,
      0,
      0,
      0,
      0,
      0,
      0,
      0,
      0,
      0,
      0,
      0,
      0,
      0,
      0,
      0,
      0,
      0,
      0,
      0,
      0,
      0,
      0,
      0,
      0,
      0,
      0,
      0,
      0,
      0,
      0,
      0,
      0,
      0,
      0,
      0,
      0,
      0,
      0,
      0,
      0,
      0,
      0,
      0,
      0,
      0,
      0,
      0,
      0,
      0,
      0,
      0,
      0,
      0,
      0,
      0,
      0,
      0,
      0,
      0,
      0,
      0,
      0,
      0,
      0,
      0,
      0,
      0,
      0,
      0,
      0,
      0,
      0,
      0,
      0,
      0,
      0,
      0,
      0,
      0,
      0,
      0,
      0,
      0,
      0,
      0,
      0,
      0,
      0,
      0,
      0,
      0,
      0,
      0,
      0,
      0,
      0,
      0,
      0,
      0,
      0,
      0,
      0,
      0,
      0,
      0,
      0,
      0,
      0,
      0,
      0,
      0,
      0,
      0,
      0,
      0,
      0,
      0,
      0,
      0
    ],
    "person_count_mode": 0,
    "person_count_mean": 0.0,
    "person_count_std": 0.0,
    "person_count_min": 0,
    "person_count_max": 0,
    "person_count_distribution": {
      "0": 150
    },
    "character_consistency": 1.0,
    "entry_events": [],
    "exit_events": [],
    "entry_count": 0,
    "exit_count": 0,
    "entry_exit_total": 0,
    "entry_timestamps": [],
    "exit_timestamps": []
  },
  "visual_signals": {
    "unique_objects": [],
    "unique_object_count": 0,
    "persistent_objects": [],
    "persistent_object_count": 0,
    "transient_objects": [],
    "transient_object_count": 0,
    "object_frequency": {},
    "object_frame_counts": {},
    "object_first_appearance": {},
    "object_last_appearance": {},
    "objects_per_frame": [
      [],
      [],
      [],
      [],
      [],
      [],
      [],
      [],
      [],
      [],
      [],
      [],
      [],
      [],
      [],
      [],
      [],
      [],
      [],
      [],
      [],
      [],
      [],
      [],
      [],
      [],
      [],
      [],
      [],
      [],
      [],
      [],
      [],
      [],
      [],
      [],
      [],
      [],
      [],
      [],
      [],
      [],
      [],
      [],
      [],
      [],
      [],
      [],
      [],
      [],
      [],
      [],
      [],
      [],
      [],
      [],
      [],
      [],
      [],
      [],
      [],
      [],
      [],
      [],
      [],
      [],
      [],
      [],
      [],
      [],
      [],
      [],
      [],
      [],
      [],
      [],
      [],
      [],
      [],
      [],
      [],
      [],
      [],
      [],
      [],
      [],
      [],
      [],
      [],
      [],
      [],
      [],
      [],
      [],
      [],
      [],
      [],
      [],
      [],
      [],
      [],
      [],
      [],
      [],
      [],
      [],
      [],
      [],
      [],
      [],
      [],
      [],
      [],
      [],
      [],
      [],
      [],
      [],
      [],
      [],
      [],
      [],
      [],
      [],
      [],
      [],
      [],
      [],
      [],
      [],
      [],
      [],
      [],
      [],
      [],
      [],
      [],
      [],
      [],
      [],
      [],
      [],
      [],
      [],
      [],
      [],
      [],
      [],
      [],
      []
    ],
    "appearances": []
  },
  "atmosphere_signals": {
    "brightness_values": [
      246.005205078125,
      245.46020182291667,
      245.46078342013888,
      245.65419921875,
      245.93552408854165,
      246.01420464409722,
      246.01557725694445,
      245.46439127604165,
      245.46759223090277,
      245.5335112847222,
      245.81321940104166,
      246.008984375,
      246.00963324652778,
      246.79305555555555,
      245.48730577256944,
      244.58432942708333,
      244.26401692708333,
      243.30975477430556,
      243.35697916666666,
      243.11965603298611,
      242.29747504340278,
      242.81252278645835,
      242.47414713541667,
      241.37139539930556,
      241.37279405381943,
      245.965224609375,
      250.08205403645835,
      234.73204210069446,
      234.7238650173611,
      234.7288943142361,
      234.73364149305556,
      234.72680555555556,
      217.47646701388888,
      216.907138671875,
      216.9590017361111,
      216.97076063368056,
      216.9314474826389,
      216.9225835503472,
      245.59448459201388,
      244.45277669270834,
      242.65951605902777,
      242.54101671006944,
      242.35895399305556,
      243.40138780381943,
      244.94490668402779,
      246.2334223090278,
      246.26787651909723,
      246.23400716145832,
      246.16054036458334,
      246.12081271701388,
      246.97977973090278,
      238.90830620659722,
      238.923271484375,
      238.936640625,
      238.9223166232639,
      237.54047200520833,
      237.5410720486111,
      237.55720160590278,
      237.51924913194443,
      237.528388671875,
      237.54781575520835,
      243.3816427951389,
      241.95676106770833,
      243.01684895833333,
      245.0232150607639,
      246.2587109375,
      246.17656792534723,
      246.02219401041665,
      245.967265625,
      245.95517252604168,
      245.90082682291666,
      246.5307562934028,
      246.78717556423612,
      222.51793077256946,
      222.52949544270834,
      222.512763671875,
      221.7564919704861,
      220.15017252604167,
      221.86442491319445,
      221.85196831597221,
      221.84191731770832,
      221.58711046006945,
      221.567998046875,
      243.48133138020833,
      243.54234700520834,
      245.0296701388889,
      245.63760633680556,
      246.1074164496528,
      246.0717947048611,
      245.79083875868056,
      233.61694010416667,
      233.61858072916667,
      233.61553276909723,
      233.55515082465277,
      233.52088216145833,
      233.540849609375,
      233.53252495659723,
      233.5095562065972,
      233.51264973958334,
      233.69504991319445,
      243.28337782118055,
      242.65853624131944,
      244.62845052083333,
      244.610400390625,
      243.54033854166667,
      234.60977864583333,
      234.58649088541668,
      234.59082248263888,
      234.5966091579861,
      234.57384331597223,
      234.5515017361111,
      234.54788411458333,
      234.5408713107639,
      234.87891710069445,
      242.720244140625,
      242.78781467013889,
      242.85020182291666,
      242.31245551215278,
      246.23272135416667,
      246.19282660590278,
      246.2008637152778,
      247.094599609375,
      236.38119032118055,
      236.4071853298611,
      236.40577473958334,
      236.40505425347223,
      236.3256640625,
      236.2697341579861,
      243.90645833333335,
      243.4268142361111,
      246.4049435763889,
      246.36311414930555,
      246.30116319444446,
      246.27753363715277,
      246.27442708333334,
      245.97569661458334,
      235.470625,
      235.50869140625,
      235.362744140625,
      235.36505099826388,
      235.30220160590278,
      235.21186848958334,
      235.19547526041666,
      235.19543728298612,
      241.87943684895833,
      241.35544162326389,
      241.641337890625,
      240.5870876736111,
      240.88770182291665,
      241.08996853298612
    ],
    "brightness_mean": 239.10082737268522,
    "brightness_std": 8.01632056365858,
    "brightness_min": 216.907138671875,
    "brightness_max": 250.08205403645835,
    "brightness_range": 33.17491536458334,
    "lighting_changes": [
      {
        "timestamp": 7.6000000000000005,
        "frame_index": 38,
        "brightness_before": 216.9225835503472,
        "brightness_after": 245.59448459201388,
        "magnitude": 28.671901041666672
      },
      {
        "timestamp": 14.600000000000001,
        "frame_index": 73,
        "brightness_before": 246.78717556423612,
        "brightness_after": 222.51793077256946,
        "magnitude": 24.269244791666665
      },
      {
        "timestamp": 16.6,
        "frame_index": 83,
        "brightness_before": 221.567998046875,
        "brightness_after": 243.48133138020833,
        "magnitude": 21.913333333333327
      }
    ],
    "lighting_change_count": 3,
    "setting_type": "outdoor",
    "dominant_colors_rgb": [
      [
        "67",
        "66",
        "177"
      ],
      [
        "14",
        "16",
        "17"
      ],
      [
        "244",
        "246",
        "250"
      ]
    ],
    "dominant_colors": [
      "blue",
      "black",
      "white"
    ]
  },
  "action_signals": {
    "intensity_timeline": [
      0.0,
      0.02430130958557129,
      1.9002569024451077e-06,
      0.057986936569213866,
      0.010008320808410645,
      0.0001348811388015747,
      1.052355975843966e-05,
      0.02288297414779663,
      9.359129704535007e-05,
      0.01874907612800598,
      0.010413410663604737,
      0.00654587984085083,
      1.1684566270560027e-05,
      0.10286760330200195,
      0.039712369441986084,
      0.011195276975631713,
      0.014982702732086182,
      0.010462781190872192,
      0.0027531024813652037,
      0.0075386142730712894,
      0.011347121000289917,
      0.008479891419410706,
      0.005528034567832947,
      0.013934341669082641,
      0.0007623960077762604,
      0.06378013610839844,
      0.05232496738433838,
      0.0373319411277771,
      0.0004393632337450981,
      3.453309182077646e-05,
      2.239437308162451e-05,
      0.00024226050823926925,
      0.17459327697753907,
      0.0023526078462600707,
      0.0021635222434997557,
      0.00013004232197999955,
      0.00045206833630800247,
      3.417321946471929e-05,
      0.13701193809509277,
      0.02137260913848877,
      0.01410077691078186,
      0.014728069305419922,
      0.011190334558486939,
      0.03110018014907837,
      0.04074929237365723,
      0.060088210105895996,
      0.001542513519525528,
      0.0003299591317772865,
      0.0014118175208568573,
      0.0002761118859052658,
      0.029588983058929444,
      0.0720704460144043,
      0.0009251836687326431,
      0.0004205426201224327,
      0.0001756479777395725,
      0.1091752815246582,
      0.0008875864744186401,
      0.0005304897204041481,
      0.0007111820578575135,
      0.00011499617248773575,
      0.00016593895852565766,
      0.12298039436340331,
      0.016555341482162474,
      0.014520008563995362,
      0.030325992107391356,
      0.06260777473449707,
      0.0008101732283830643,
      0.0008675112575292587,
      0.0004173688217997551,
      2.426482504233718e-05,
      0.0007900643348693848,
      0.035874366760253906,
      0.0020455652475357055,
      0.12584529876708983,
      0.0010170922428369522,
      0.0059334892034530635,
      0.11353021621704101,
      0.1062714958190918,
      0.08319117546081543,
      0.0009281112998723984,
      0.0032214692234992983,
      0.012400988340377807,
      0.0012803153693675994,
      0.18095735549926759,
      0.003813793659210205,
      0.031555094718933106,
      0.020172393321990965,
      0.04739012718200684,
      0.0010389474779367448,
      0.006714532971382141,
      0.10580692291259766,
      0.0009163205325603486,
      6.533305160701275e-05,
      0.0012692232429981232,
      0.00048508498817682264,
      4.2682765051722524e-05,
      0.00022905398160219192,
      0.0011125864833593368,
      7.291640155017376e-05,
      0.00014427751302719115,
      0.12872591972351075,
      0.013121824264526367,
      0.03886678695678711,
      0.0025754594802856446,
      0.0013327431678771973,
      0.12223718643188476,
      0.00019046725705266,
      7.386842276901007e-05,
      0.00014042349532246588,
      0.0009306325763463974,
      0.00014417835511267184,
      9.423818439245224e-05,
      0.0008912747353315353,
      0.0005861936882138253,
      0.12738530158996583,
      0.003696655035018921,
      0.0031238073110580445,
      0.009329867362976075,
      0.06295353412628174,
      0.0013152633607387543,
      0.0006103485077619552,
      0.05734709739685059,
      0.09794073104858399,
      0.000663367360830307,
      2.6862365193665027e-05,
      0.00010317442938685417,
      0.0008839033544063568,
      0.0005713725090026856,
      0.11664377212524414,
      0.013241075277328491,
      0.07157028198242188,
      0.0009345897287130355,
      0.0012295328825712203,
      0.0006238734349608421,
      0.0005605443567037583,
      0.017752740383148193,
      0.12571439743041993,
      0.001321684718132019,
      0.001185612678527832,
      0.0008151304721832276,
      0.00016827601939439774,
      0.000833740383386612,
      1.413622172549367e-05,
      2.747310500126332e-06,
      0.13249821662902833,
      0.011475156545639038,
      0.011620111465454101,
      0.007944983839988708,
      0.01188125491142273,
      0.006506700515747071
    ],
    "intensity_mean": 0.024112668450153436,
    "intensity_std": 0.04080049560688909,
    "intensity_min": 0.0,
    "intensity_max": 0.18095735549926759,
    "intensity_trend": "stable",
    "peak_moments": [
      {
        "timestamp": 2.6,
        "frame_index": 13,
        "intensity": 0.10286760330200195,
        "moment_type": "peak"
      },
      {
        "timestamp": 6.4,
        "frame_index": 32,
        "intensity": 0.17459327697753907,
        "moment_type": "peak"
      },
      {
        "timestamp": 7.6000000000000005,
        "frame_index": 38,
        "intensity": 0.13701193809509277,
        "moment_type": "peak"
      },
      {
        "timestamp": 11.0,
        "frame_index": 55,
        "intensity": 0.1091752815246582,
        "moment_type": "peak"
      },
      {
        "timestamp": 12.200000000000001,
        "frame_index": 61,
        "intensity": 0.12298039436340331,
        "moment_type": "peak"
      },
      {
        "timestamp": 14.600000000000001,
        "frame_index": 73,
        "intensity": 0.12584529876708983,
        "moment_type": "peak"
      },
      {
        "timestamp": 15.200000000000001,
        "frame_index": 76,
        "intensity": 0.11353021621704101,
        "moment_type": "peak"
      },
      {
        "timestamp": 16.6,
        "frame_index": 83,
        "intensity": 0.18095735549926759,
        "moment_type": "peak"
      },
      {
        "timestamp": 18.0,
        "frame_index": 90,
        "intensity": 0.10580692291259766,
        "moment_type": "peak"
      },
      {
        "timestamp": 20.0,
        "frame_index": 100,
        "intensity": 0.12872591972351075,
        "moment_type": "peak"
      },
      {
        "timestamp": 21.0,
        "frame_index": 105,
        "intensity": 0.12223718643188476,
        "moment_type": "peak"
      },
      {
        "timestamp": 22.8,
        "frame_index": 114,
        "intensity": 0.12738530158996583,
        "moment_type": "peak"
      },
      {
        "timestamp": 25.6,
        "frame_index": 128,
        "intensity": 0.11664377212524414,
        "moment_type": "peak"
      },
      {
        "timestamp": 27.200000000000003,
        "frame_index": 136,
        "intensity": 0.12571439743041993,
        "moment_type": "peak"
      },
      {
        "timestamp": 28.8,
        "frame_index": 144,
        "intensity": 0.13249821662902833,
        "moment_type": "peak"
      }
    ],
    "valley_moments": [
      {
        "timestamp": 6.0,
        "frame_index": 30,
        "intensity": 2.239437308162451e-05,
        "moment_type": "valley"
      },
      {
        "timestamp": 7.4,
        "frame_index": 37,
        "intensity": 3.417321946471929e-05,
        "moment_type": "valley"
      },
      {
        "timestamp": 10.8,
        "frame_index": 54,
        "intensity": 0.0001756479777395725,
        "moment_type": "valley"
      },
      {
        "timestamp": 11.8,
        "frame_index": 59,
        "intensity": 0.00011499617248773575,
        "moment_type": "valley"
      },
      {
        "timestamp": 13.8,
        "frame_index": 69,
        "intensity": 2.426482504233718e-05,
        "moment_type": "valley"
      },
      {
        "timestamp": 14.8,
        "frame_index": 74,
        "intensity": 0.0010170922428369522,
        "moment_type": "valley"
      },
      {
        "timestamp": 15.8,
        "frame_index": 79,
        "intensity": 0.0009281112998723984,
        "moment_type": "valley"
      },
      {
        "timestamp": 17.6,
        "frame_index": 88,
        "intensity": 0.0010389474779367448,
        "moment_type": "valley"
      },
      {
        "timestamp": 19.0,
        "frame_index": 95,
        "intensity": 4.2682765051722524e-05,
        "moment_type": "valley"
      },
      {
        "timestamp": 20.8,
        "frame_index": 104,
        "intensity": 0.0013327431678771973,
        "moment_type": "valley"
      },
      {
        "timestamp": 21.400000000000002,
        "frame_index": 107,
        "intensity": 7.386842276901007e-05,
        "moment_type": "valley"
      },
      {
        "timestamp": 24.8,
        "frame_index": 124,
        "intensity": 2.6862365193665027e-05,
        "moment_type": "valley"
      },
      {
        "timestamp": 26.8,
        "frame_index": 134,
        "intensity": 0.0005605443567037583,
        "moment_type": "valley"
      },
      {
        "timestamp": 28.6,
        "frame_index": 143,
        "intensity": 2.747310500126332e-06,
        "moment_type": "valley"
      }
    ],
    "peak_timestamps": [
      2.6,
      6.4,
      7.6000000000000005,
      11.0,
      12.200000000000001,
      14.600000000000001,
      15.200000000000001,
      16.6,
      18.0,
      20.0,
      21.0,
      22.8,
      25.6,
      27.200000000000003,
      28.8
    ],
    "valley_timestamps": [
      6.0,
      7.4,
      10.8,
      11.8,
      13.8,
      14.8,
      15.8,
      17.6,
      19.0,
      20.8,
      21.400000000000002,
      24.8,
      26.8,
      28.6
    ],
    "peak_count": 15,
    "valley_count": 14,
    "action_variance": 0.0016646804417677758
  },
  "temporal_signals": {
    "frame_change_scores": [
      0.0,
      0.01184121708721142,
      5.2136079503606325e-06,
      0.0016138036858522886,
      0.006834570294733444,
      0.008463842234901153,
      2.3445929374643626e-05,
      0.012030094366735411,
      0.0003039055888196529,
      0.0002233569146024017,
      0.003618141340869907,
      0.010526185688345624,
      2.4959117172485e-05,
      0.26415209169234144,
      0.13324640809251975,
      0.06760197813717994,
      0.06797974390347439,
      0.05540456542716199,
      0.021129965558434938,
      0.048150478964307464,
      0.05218786829281463,
      0.03991559516559284,
      0.03967773510172656,
      0.014618926160454904,
      0.00220325179080616,
      0.1928799901832765,
      0.26550668400862043,
      0.35813979137619933,
      0.0008217887596414508,
      0.0009017209452267805,
      0.0006890287982053156,
      0.0013144703344850628,
      0.7672135523837517,
      0.01028886366209969,
      0.0028108720699666634,
      0.0012544819412704244,
      0.004410739151787801,
      0.0004137802367349952,
      0.691820397737486,
      0.05526777762644297,
      0.07659306919798503,
      0.06764187232037577,
      0.062150157973335785,
      0.13900933427404194,
      0.15333867545703317,
      0.14809865436878022,
      0.0016590481049248984,
      0.0022250101290403057,
      0.0033548360486730378,
      0.0024349624847396223,
      0.028135973503722878,
      0.4860441478982084,
      0.004062670224476372,
      0.0017192080383259256,
      0.0015745444063085534,
      0.42861021267897204,
      0.0038250574951781413,
      0.002718686039467122,
      0.002941804051326935,
      0.0015123337648341728,
      0.001288063491403646,
      0.5130159939857614,
      0.08504883331501234,
      0.07997270690903469,
      0.1338100438509442,
      0.1460555618268553,
      0.0017179054083504841,
      0.004101777251470096,
      0.0019160823515789183,
      3.1328651251771866e-05,
      0.001700869530664062,
      0.02902492617123109,
      0.005196032132017692,
      0.49876334949032686,
      0.007699262664304096,
      0.006711669175341051,
      0.35903068675382543,
      0.4441855185139729,
      0.3422050557377494,
      0.004418235530169401,
      0.005688024357666022,
      0.0124490099961313,
      0.004333849499028486,
      0.580566702064589,
      0.015907059729344142,
      0.14176282213527147,
      0.10019342858091618,
      0.11253167972510225,
      0.0021540199989940056,
      0.005275090885874856,
      0.5989544367778141,
      0.003131473766924131,
      0.0019895843968846805,
      0.0033807018726360605,
      0.002016048232307721,
      0.001214638525997902,
      0.0017204162531766487,
      0.0030328653210118794,
      0.0014178146819735504,
      0.0017321784617777558,
      0.6064729277313926,
      0.04882068828359132,
      0.13505717172229714,
      0.009847536582243133,
      0.022984263980949327,
      0.5702569730965256,
      0.001714673893619345,
      0.0012885665201041174,
      0.0019406799276340259,
      0.0029757379355026536,
      0.001736756531957817,
      0.0010435234703433105,
      0.0017853215305668746,
      0.002342491705125793,
      0.5535587519412919,
      0.024426072088010398,
      0.023314829581678076,
      0.04756589769099462,
      0.16510658766818342,
      0.0024923334270928743,
      0.0021080162936942815,
      0.02584110201337586,
      0.5347059442259443,
      0.002415534966575872,
      0.0009441140721359043,
      0.0011617068674948383,
      0.002957327240354801,
      0.0026409302612547814,
      0.535025995324364,
      0.0730698252135571,
      0.16028465873049635,
      0.002429618320715754,
      0.0029523454072187816,
      0.0022589660547878143,
      0.002218079272749307,
      0.005645669865971592,
      0.5773105333350435,
      0.0025529560493228187,
      0.002447680908823746,
      0.0014080074530345987,
      0.0005599844110447671,
      0.001037268688339088,
      0.00038484270547178845,
      7.085417675911643e-07,
      0.5658852633301801,
      0.06725543677861678,
      0.09029072443473163,
      0.058625986608209835,
      0.054573049234534654,
      0.051483822679830094
    ],
    "change_score_mean": 0.09435810116281175,
    "change_score_std": 0.17623543926101382,
    "change_score_max": 0.7672135523837517,
    "temporal_gaps": [
      {
        "start_time": 0.0,
        "end_time": 2.4000000000000004,
        "duration": 2.4000000000000004,
        "start_frame": 0,
        "end_frame": 12,
        "avg_change": 0.004269902758197599
      },
      {
        "start_time": 5.6000000000000005,
        "end_time": 6.2,
        "duration": 0.5999999999999996,
        "start_frame": 28,
        "end_frame": 31,
        "avg_change": 0.0009317522093896524
      },
      {
        "start_time": 6.6000000000000005,
        "end_time": 7.4,
        "duration": 0.7999999999999998,
        "start_frame": 33,
        "end_frame": 37,
        "avg_change": 0.003835747412371915
      },
      {
        "start_time": 9.200000000000001,
        "end_time": 9.8,
        "duration": 0.5999999999999996,
        "start_frame": 46,
        "end_frame": 49,
        "avg_change": 0.002418464191844466
      },
      {
        "start_time": 11.200000000000001,
        "end_time": 12.0,
        "duration": 0.7999999999999989,
        "start_frame": 56,
        "end_frame": 60,
        "avg_change": 0.0024571889684420036
      },
      {
        "start_time": 13.200000000000001,
        "end_time": 14.0,
        "duration": 0.7999999999999989,
        "start_frame": 66,
        "end_frame": 70,
        "avg_change": 0.0018935926386630664
      },
      {
        "start_time": 15.8,
        "end_time": 16.400000000000002,
        "duration": 0.6000000000000014,
        "start_frame": 79,
        "end_frame": 82,
        "avg_change": 0.006722279845748802
      },
      {
        "start_time": 18.2,
        "end_time": 19.8,
        "duration": 1.6000000000000014,
        "start_frame": 91,
        "end_frame": 99,
        "avg_change": 0.00218174683474337
      },
      {
        "start_time": 21.200000000000003,
        "end_time": 22.6,
        "duration": 1.3999999999999986,
        "start_frame": 106,
        "end_frame": 113,
        "avg_change": 0.0018534689393567422
      },
      {
        "start_time": 24.6,
        "end_time": 25.400000000000002,
        "duration": 0.8000000000000007,
        "start_frame": 123,
        "end_frame": 127,
        "avg_change": 0.0020239226815632395
      },
      {
        "start_time": 26.200000000000003,
        "end_time": 27.0,
        "duration": 0.7999999999999972,
        "start_frame": 131,
        "end_frame": 135,
        "avg_change": 0.0031009357842886496
      },
      {
        "start_time": 27.400000000000002,
        "end_time": 28.6,
        "duration": 1.1999999999999993,
        "start_frame": 137,
        "end_frame": 143,
        "avg_change": 0.001198778393972057
      }
    ],
    "temporal_gap_count": 12,
    "temporal_gap_total_duration": 12.399999999999995,
    "transition_similarity_scores": [
      0.23278644761624837,
      0.30817960226251395,
      0.5012366505096731,
      0.419433297935411
    ],
    "transition_similarity_mean": 0.36540899958096157,
    "temporal_density": 1.1409395973154361
  },
  "metadata": {
    "video_path": "/vol/videos/core/produced_digital/commercials/0j1uKsvlu24.mp4",
    "dataset": "produced_digital/commercials",
    "tier": "produced_digital",
    "study_type": "core",
    "source_fps": 25.0,
    "experiment_version": "3.2"
  }
}