{
  "video_id": "0j1uKsvlu24",
  "fps": 0.5,
  "duration": 28.0,
  "frame_count": 15,
  "scene_signals": {
    "transition_count": 2,
    "transition_timestamps": [
      16.0,
      18.0
    ],
    "transition_types": [
      "hard_cut",
      "hard_cut"
    ],
    "transition_magnitudes": [
      319.6607857379033,
      235.725112667585
    ],
    "scene_count": 3,
    "scene_durations": [
      16.0,
      2.0,
      10.0
    ],
    "scene_duration_mean": 9.333333333333334,
    "scene_duration_std": 5.734883511361751,
    "scene_duration_min": 2.0,
    "scene_duration_max": 16.0,
    "scene_types": [
      "unknown",
      "unknown",
      "unknown"
    ],
    "transitions": [
      {
        "timestamp": 16.0,
        "frame_index": 8,
        "transition_type": "hard_cut",
        "magnitude": 319.6607857379033
      },
      {
        "timestamp": 18.0,
        "frame_index": 9,
        "transition_type": "hard_cut",
        "magnitude": 235.725112667585
      }
    ],
    "scenes": [
      {
        "start_time": 0.0,
        "end_time": 16.0,
        "duration": 16.0,
        "scene_type": "unknown",
        "start_frame": 0,
        "end_frame": 7
      },
      {
        "start_time": 16.0,
        "end_time": 18.0,
        "duration": 2.0,
        "scene_type": "unknown",
        "start_frame": 8,
        "end_frame": 8
      },
      {
        "start_time": 18.0,
        "end_time": 28.0,
        "duration": 10.0,
        "scene_type": "unknown",
        "start_frame": 9,
        "end_frame": 14
      }
    ]
  },
  "character_signals": {
    "person_counts_per_frame": [
      0,
      0,
      0,
      0,
      0,
      0,
      0,
      0,
      0,
      0,
      0,
      0,
      0,
      0,
      0
    ],
    "person_count_mode": 0,
    "person_count_mean": 0.0,
    "person_count_std": 0.0,
    "person_count_min": 0,
    "person_count_max": 0,
    "person_count_distribution": {
      "0": 15
    },
    "character_consistency": 1.0,
    "entry_events": [],
    "exit_events": [],
    "entry_count": 0,
    "exit_count": 0,
    "entry_exit_total": 0,
    "entry_timestamps": [],
    "exit_timestamps": []
  },
  "visual_signals": {
    "unique_objects": [],
    "unique_object_count": 0,
    "persistent_objects": [],
    "persistent_object_count": 0,
    "transient_objects": [],
    "transient_object_count": 0,
    "object_frequency": {},
    "object_frame_counts": {},
    "object_first_appearance": {},
    "object_last_appearance": {},
    "objects_per_frame": [
      [],
      [],
      [],
      [],
      [],
      [],
      [],
      [],
      [],
      [],
      [],
      [],
      [],
      [],
      []
    ],
    "appearances": []
  },
  "atmosphere_signals": {
    "brightness_values": [
      246.005205078125,
      245.81321940104166,
      242.29747504340278,
      234.73364149305556,
      242.65951605902777,
      246.97977973090278,
      237.54781575520835,
      245.90082682291666,
      221.84191731770832,
      233.61694010416667,
      243.28337782118055,
      234.5515017361111,
      246.2008637152778,
      246.4049435763889,
      235.30220160590278
    ],
    "brightness_mean": 240.2092816840278,
    "brightness_std": 6.886240923619534,
    "brightness_min": 221.84191731770832,
    "brightness_max": 246.97977973090278,
    "brightness_range": 25.137862413194455,
    "lighting_changes": [
      {
        "timestamp": 16.0,
        "frame_index": 8,
        "brightness_before": 245.90082682291666,
        "brightness_after": 221.84191731770832,
        "magnitude": 24.058909505208334
      }
    ],
    "lighting_change_count": 1,
    "setting_type": "outdoor",
    "dominant_colors_rgb": [
      [
        "80",
        "70",
        "76"
      ],
      [
        "253",
        "253",
        "254"
      ],
      [
        "166",
        "175",
        "188"
      ]
    ],
    "dominant_colors": [
      "brown",
      "white",
      "blue"
    ]
  },
  "action_signals": {
    "intensity_timeline": [
      0.0,
      0.010216217041015625,
      0.17009048461914061,
      0.1076934814453125,
      0.12496371269226074,
      0.07085716724395752,
      0.09554961204528808,
      0.10987070083618164,
      0.1515135669708252,
      0.18043487548828124,
      0.12600421905517578,
      0.1357100486755371,
      0.15990859031677246,
      0.008229845762252807,
      0.12102217674255371
    ],
    "intensity_mean": 0.10480431326230367,
    "intensity_std": 0.05645297535965615,
    "intensity_min": 0.0,
    "intensity_max": 0.18043487548828124,
    "intensity_trend": "stable",
    "peak_moments": [
      {
        "timestamp": 18.0,
        "frame_index": 9,
        "intensity": 0.18043487548828124,
        "moment_type": "peak"
      }
    ],
    "valley_moments": [
      {
        "timestamp": 26.0,
        "frame_index": 13,
        "intensity": 0.008229845762252807,
        "moment_type": "valley"
      }
    ],
    "peak_timestamps": [
      18.0
    ],
    "valley_timestamps": [
      26.0
    ],
    "peak_count": 1,
    "valley_count": 1,
    "action_variance": 0.003186938426957944
  },
  "temporal_signals": {
    "frame_change_scores": [
      0.0,
      0.011833736641641335,
      0.3476300678554163,
      0.5360023096807041,
      0.5259356738654807,
      0.1950721472959338,
      0.498376039462581,
      0.5033885315582776,
      0.5405387591165567,
      0.658621070681249,
      0.6049873823223213,
      0.5509611668443142,
      0.5490854222647901,
      0.036158147247682515,
      0.5769080878757273
    ],
    "change_score_mean": 0.40903323618084514,
    "change_score_std": 0.2230484967279599,
    "change_score_max": 0.658621070681249,
    "temporal_gaps": [
      {
        "start_time": 0.0,
        "end_time": 2.0,
        "duration": 2.0,
        "start_frame": 0,
        "end_frame": 1,
        "avg_change": 0.005916868320820667
      }
    ],
    "temporal_gap_count": 1,
    "temporal_gap_total_duration": 2.0,
    "transition_similarity_scores": [
      0.45946124088344326,
      0.341378929318751
    ],
    "transition_similarity_mean": 0.40042008510109717,
    "temporal_density": 0.42857142857142855
  },
  "metadata": {
    "video_path": "/vol/videos/core/produced_digital/commercials/0j1uKsvlu24.mp4",
    "dataset": "produced_digital/commercials",
    "tier": "produced_digital",
    "study_type": "core",
    "source_fps": 25.0,
    "experiment_version": "3.2"
  }
}