{
  "video_id": "1FZNYXKHwNw",
  "fps": 15.0,
  "duration": 29.933333333333334,
  "frame_count": 450,
  "scene_signals": {
    "transition_count": 5,
    "transition_timestamps": [
      1.9333333333333333,
      2.0666666666666664,
      9.266666666666666,
      10.866666666666667,
      17.466666666666665
    ],
    "transition_types": [
      "soft_cut",
      "soft_cut",
      "hard_cut",
      "hard_cut",
      "hard_cut"
    ],
    "transition_magnitudes": [
      60.97171933250007,
      41.98837311054477,
      82.43109673701242,
      115.4051083896866,
      490.9248062657381
    ],
    "scene_count": 6,
    "scene_durations": [
      1.9333333333333333,
      0.13333333333333308,
      7.199999999999999,
      1.6000000000000014,
      6.599999999999998,
      12.466666666666669
    ],
    "scene_duration_mean": 4.988888888888889,
    "scene_duration_std": 4.238695932698705,
    "scene_duration_min": 0.13333333333333308,
    "scene_duration_max": 12.466666666666669,
    "scene_types": [
      "unknown",
      "unknown",
      "unknown",
      "unknown",
      "unknown",
      "unknown"
    ],
    "transitions": [
      {
        "timestamp": 1.9333333333333333,
        "frame_index": 29,
        "transition_type": "soft_cut",
        "magnitude": 60.97171933250007
      },
      {
        "timestamp": 2.0666666666666664,
        "frame_index": 31,
        "transition_type": "soft_cut",
        "magnitude": 41.98837311054477
      },
      {
        "timestamp": 9.266666666666666,
        "frame_index": 139,
        "transition_type": "hard_cut",
        "magnitude": 82.43109673701242
      },
      {
        "timestamp": 10.866666666666667,
        "frame_index": 163,
        "transition_type": "hard_cut",
        "magnitude": 115.4051083896866
      },
      {
        "timestamp": 17.466666666666665,
        "frame_index": 262,
        "transition_type": "hard_cut",
        "magnitude": 490.9248062657381
      }
    ],
    "scenes": [
      {
        "start_time": 0.0,
        "end_time": 1.9333333333333333,
        "duration": 1.9333333333333333,
        "scene_type": "unknown",
        "start_frame": 0,
        "end_frame": 28
      },
      {
        "start_time": 1.9333333333333333,
        "end_time": 2.0666666666666664,
        "duration": 0.13333333333333308,
        "scene_type": "unknown",
        "start_frame": 29,
        "end_frame": 30
      },
      {
        "start_time": 2.0666666666666664,
        "end_time": 9.266666666666666,
        "duration": 7.199999999999999,
        "scene_type": "unknown",
        "start_frame": 31,
        "end_frame": 138
      },
      {
        "start_time": 9.266666666666666,
        "end_time": 10.866666666666667,
        "duration": 1.6000000000000014,
        "scene_type": "unknown",
        "start_frame": 139,
        "end_frame": 162
      },
      {
        "start_time": 10.866666666666667,
        "end_time": 17.466666666666665,
        "duration": 6.599999999999998,
        "scene_type": "unknown",
        "start_frame": 163,
        "end_frame": 261
      },
      {
        "start_time": 17.466666666666665,
        "end_time": 29.933333333333334,
        "duration": 12.466666666666669,
        "scene_type": "unknown",
        "start_frame": 262,
        "end_frame": 449
      }
    ]
  },
  "character_signals": {
    "person_counts_per_frame": [
      0,
      0,
      0,
      0,
      0,
      0,
      0,
      0,
      0,
      0,
      0,
      0,
      0,
      0,
      0,
      0,
      0,
      0,
      0,
      0,
      0,
      0,
      0,
      0,
      0,
      0,
      0,
      0,
      0,
      0,
      0,
      0,
      0,
      0,
      0,
      0,
      0,
      0,
      0,
      3,
      3,
      2,
      3,
      3,
      3,
      3,
      3,
      3,
      3,
      3,
      3,
      3,
      3,
      3,
      3,
      3,
      3,
      3,
      3,
      3,
      3,
      3,
      3,
      3,
      3,
      3,
      3,
      3,
      3,
      3,
      3,
      3,
      3,
      3,
      3,
      3,
      2,
      2,
      2,
      3,
      3,
      2,
      2,
      3,
      3,
      2,
      3,
      3,
      3,
      3,
      3,
      3,
      3,
      3,
      3,
      3,
      3,
      3,
      3,
      3,
      3,
      3,
      3,
      3,
      3,
      3,
      4,
      3,
      3,
      4,
      4,
      4,
      4,
      4,
      4,
      4,
      4,
      4,
      4,
      4,
      4,
      3,
      3,
      3,
      3,
      3,
      2,
      2,
      3,
      2,
      2,
      2,
      2,
      2,
      2,
      2,
      2,
      0,
      0,
      0,
      0,
      0,
      0,
      0,
      0,
      0,
      0,
      0,
      0,
      0,
      0,
      0,
      0,
      0,
      0,
      0,
      0,
      0,
      0,
      0,
      0,
      0,
      0,
      3,
      3,
      3,
      2,
      2,
      2,
      2,
      3,
      2,
      3,
      2,
      2,
      3,
      3,
      3,
      2,
      2,
      2,
      2,
      2,
      3,
      3,
      2,
      2,
      2,
      2,
      3,
      3,
      3,
      3,
      3,
      3,
      3,
      3,
      3,
      2,
      2,
      2,
      2,
      2,
      2,
      2,
      2,
      2,
      3,
      3,
      3,
      3,
      3,
      3,
      3,
      3,
      3,
      3,
      3,
      3,
      3,
      3,
      3,
      3,
      3,
      3,
      3,
      3,
      3,
      3,
      3,
      3,
      3,
      3,
      3,
      3,
      3,
      2,
      3,
      3,
      3,
      3,
      3,
      3,
      3,
      3,
      3,
      3,
      3,
      3,
      3,
      3,
      3,
      3,
      3,
      3,
      3,
      3,
      3,
      3,
      1,
      0,
      0,
      0,
      0,
      0,
      0,
      0,
      0,
      0,
      0,
      0,
      0,
      0,
      0,
      0,
      0,
      0,
      0,
      0,
      0,
      0,
      0,
      0,
      0,
      0,
      0,
      0,
      0,
      0,
      0,
      0,
      0,
      0,
      0,
      0,
      0,
      0,
      0,
      0,
      0,
      0,
      0,
      0,
      0,
      0,
      0,
      0,
      0,
      0,
      0,
      0,
      0,
      0,
      0,
      0,
      0,
      0,
      0,
      0,
      0,
      0,
      0,
      0,
      0,
      0,
      0,
      0,
      0,
      0,
      0,
      0,
      0,
      0,
      0,
      0,
      0,
      0,
      0,
      0,
      0,
      0,
      0,
      0,
      0,
      0,
      0,
      0,
      0,
      0,
      0,
      0,
      0,
      0,
      0,
      0,
      0,
      0,
      0,
      0,
      0,
      0,
      0,
      0,
      0,
      0,
      0,
      0,
      0,
      0,
      0,
      0,
      0,
      0,
      0,
      0,
      0,
      0,
      0,
      0,
      0,
      0,
      0,
      0,
      0,
      1,
      3,
      3,
      3,
      3,
      3,
      2,
      3,
      3,
      3,
      3,
      4,
      3,
      3,
      3,
      3,
      3,
      3,
      3,
      4,
      3,
      3,
      2,
      3,
      3,
      2,
      1,
      2,
      2,
      3,
      3,
      3,
      3,
      3,
      3,
      3,
      3,
      3,
      3,
      3,
      3,
      3,
      3,
      3,
      3,
      3,
      3,
      3,
      3,
      3,
      3,
      3,
      3,
      3,
      3,
      3,
      3,
      3,
      3,
      3,
      2,
      2,
      1,
      2,
      2,
      1
    ],
    "person_count_mode": 0,
    "person_count_mean": 1.6355555555555557,
    "person_count_std": 1.4531430388499353,
    "person_count_min": 0,
    "person_count_max": 4,
    "person_count_distribution": {
      "0": 189,
      "3": 189,
      "2": 52,
      "4": 15,
      "1": 5
    },
    "character_consistency": 0.42,
    "entry_events": [
      {
        "timestamp": 2.6,
        "frame_index": 39,
        "event_type": "entry",
        "count_before": 0,
        "count_after": 3
      },
      {
        "timestamp": 2.8,
        "frame_index": 42,
        "event_type": "entry",
        "count_before": 2,
        "count_after": 3
      },
      {
        "timestamp": 5.266666666666667,
        "frame_index": 79,
        "event_type": "entry",
        "count_before": 2,
        "count_after": 3
      },
      {
        "timestamp": 5.533333333333333,
        "frame_index": 83,
        "event_type": "entry",
        "count_before": 2,
        "count_after": 3
      },
      {
        "timestamp": 5.733333333333333,
        "frame_index": 86,
        "event_type": "entry",
        "count_before": 2,
        "count_after": 3
      },
      {
        "timestamp": 7.066666666666666,
        "frame_index": 106,
        "event_type": "entry",
        "count_before": 3,
        "count_after": 4
      },
      {
        "timestamp": 7.266666666666667,
        "frame_index": 109,
        "event_type": "entry",
        "count_before": 3,
        "count_after": 4
      },
      {
        "timestamp": 8.533333333333333,
        "frame_index": 128,
        "event_type": "entry",
        "count_before": 2,
        "count_after": 3
      },
      {
        "timestamp": 10.866666666666667,
        "frame_index": 163,
        "event_type": "entry",
        "count_before": 0,
        "count_after": 3
      },
      {
        "timestamp": 11.333333333333334,
        "frame_index": 170,
        "event_type": "entry",
        "count_before": 2,
        "count_after": 3
      },
      {
        "timestamp": 11.466666666666667,
        "frame_index": 172,
        "event_type": "entry",
        "count_before": 2,
        "count_after": 3
      },
      {
        "timestamp": 11.666666666666666,
        "frame_index": 175,
        "event_type": "entry",
        "count_before": 2,
        "count_after": 3
      },
      {
        "timestamp": 12.2,
        "frame_index": 183,
        "event_type": "entry",
        "count_before": 2,
        "count_after": 3
      },
      {
        "timestamp": 12.6,
        "frame_index": 189,
        "event_type": "entry",
        "count_before": 2,
        "count_after": 3
      },
      {
        "timestamp": 13.799999999999999,
        "frame_index": 207,
        "event_type": "entry",
        "count_before": 2,
        "count_after": 3
      },
      {
        "timestamp": 15.799999999999999,
        "frame_index": 237,
        "event_type": "entry",
        "count_before": 2,
        "count_after": 3
      },
      {
        "timestamp": 25.6,
        "frame_index": 384,
        "event_type": "entry",
        "count_before": 0,
        "count_after": 1
      },
      {
        "timestamp": 25.666666666666668,
        "frame_index": 385,
        "event_type": "entry",
        "count_before": 1,
        "count_after": 3
      },
      {
        "timestamp": 26.066666666666666,
        "frame_index": 391,
        "event_type": "entry",
        "count_before": 2,
        "count_after": 3
      },
      {
        "timestamp": 26.333333333333332,
        "frame_index": 395,
        "event_type": "entry",
        "count_before": 3,
        "count_after": 4
      },
      {
        "timestamp": 26.866666666666667,
        "frame_index": 403,
        "event_type": "entry",
        "count_before": 3,
        "count_after": 4
      },
      {
        "timestamp": 27.133333333333333,
        "frame_index": 407,
        "event_type": "entry",
        "count_before": 2,
        "count_after": 3
      },
      {
        "timestamp": 27.4,
        "frame_index": 411,
        "event_type": "entry",
        "count_before": 1,
        "count_after": 2
      },
      {
        "timestamp": 27.53333333333333,
        "frame_index": 413,
        "event_type": "entry",
        "count_before": 2,
        "count_after": 3
      },
      {
        "timestamp": 29.8,
        "frame_index": 447,
        "event_type": "entry",
        "count_before": 1,
        "count_after": 2
      }
    ],
    "exit_events": [
      {
        "timestamp": 2.7333333333333334,
        "frame_index": 41,
        "event_type": "exit",
        "count_before": 3,
        "count_after": 2
      },
      {
        "timestamp": 5.066666666666666,
        "frame_index": 76,
        "event_type": "exit",
        "count_before": 3,
        "count_after": 2
      },
      {
        "timestamp": 5.4,
        "frame_index": 81,
        "event_type": "exit",
        "count_before": 3,
        "count_after": 2
      },
      {
        "timestamp": 5.666666666666667,
        "frame_index": 85,
        "event_type": "exit",
        "count_before": 3,
        "count_after": 2
      },
      {
        "timestamp": 7.133333333333333,
        "frame_index": 107,
        "event_type": "exit",
        "count_before": 4,
        "count_after": 3
      },
      {
        "timestamp": 8.066666666666666,
        "frame_index": 121,
        "event_type": "exit",
        "count_before": 4,
        "count_after": 3
      },
      {
        "timestamp": 8.4,
        "frame_index": 126,
        "event_type": "exit",
        "count_before": 3,
        "count_after": 2
      },
      {
        "timestamp": 8.6,
        "frame_index": 129,
        "event_type": "exit",
        "count_before": 3,
        "count_after": 2
      },
      {
        "timestamp": 9.133333333333333,
        "frame_index": 137,
        "event_type": "exit",
        "count_before": 2,
        "count_after": 0
      },
      {
        "timestamp": 11.066666666666666,
        "frame_index": 166,
        "event_type": "exit",
        "count_before": 3,
        "count_after": 2
      },
      {
        "timestamp": 11.4,
        "frame_index": 171,
        "event_type": "exit",
        "count_before": 3,
        "count_after": 2
      },
      {
        "timestamp": 11.533333333333333,
        "frame_index": 173,
        "event_type": "exit",
        "count_before": 3,
        "count_after": 2
      },
      {
        "timestamp": 11.866666666666667,
        "frame_index": 178,
        "event_type": "exit",
        "count_before": 3,
        "count_after": 2
      },
      {
        "timestamp": 12.333333333333334,
        "frame_index": 185,
        "event_type": "exit",
        "count_before": 3,
        "count_after": 2
      },
      {
        "timestamp": 13.2,
        "frame_index": 198,
        "event_type": "exit",
        "count_before": 3,
        "count_after": 2
      },
      {
        "timestamp": 15.733333333333333,
        "frame_index": 236,
        "event_type": "exit",
        "count_before": 3,
        "count_after": 2
      },
      {
        "timestamp": 17.266666666666666,
        "frame_index": 259,
        "event_type": "exit",
        "count_before": 3,
        "count_after": 1
      },
      {
        "timestamp": 17.333333333333332,
        "frame_index": 260,
        "event_type": "exit",
        "count_before": 1,
        "count_after": 0
      },
      {
        "timestamp": 26.0,
        "frame_index": 390,
        "event_type": "exit",
        "count_before": 3,
        "count_after": 2
      },
      {
        "timestamp": 26.4,
        "frame_index": 396,
        "event_type": "exit",
        "count_before": 4,
        "count_after": 3
      },
      {
        "timestamp": 26.933333333333334,
        "frame_index": 404,
        "event_type": "exit",
        "count_before": 4,
        "count_after": 3
      },
      {
        "timestamp": 27.066666666666666,
        "frame_index": 406,
        "event_type": "exit",
        "count_before": 3,
        "count_after": 2
      },
      {
        "timestamp": 27.266666666666666,
        "frame_index": 409,
        "event_type": "exit",
        "count_before": 3,
        "count_after": 2
      },
      {
        "timestamp": 27.333333333333332,
        "frame_index": 410,
        "event_type": "exit",
        "count_before": 2,
        "count_after": 1
      },
      {
        "timestamp": 29.599999999999998,
        "frame_index": 444,
        "event_type": "exit",
        "count_before": 3,
        "count_after": 2
      },
      {
        "timestamp": 29.733333333333334,
        "frame_index": 446,
        "event_type": "exit",
        "count_before": 2,
        "count_after": 1
      },
      {
        "timestamp": 29.933333333333334,
        "frame_index": 449,
        "event_type": "exit",
        "count_before": 2,
        "count_after": 1
      }
    ],
    "entry_count": 25,
    "exit_count": 27,
    "entry_exit_total": 52,
    "entry_timestamps": [
      2.6,
      2.8,
      5.266666666666667,
      5.533333333333333,
      5.733333333333333,
      7.066666666666666,
      7.266666666666667,
      8.533333333333333,
      10.866666666666667,
      11.333333333333334,
      11.466666666666667,
      11.666666666666666,
      12.2,
      12.6,
      13.799999999999999,
      15.799999999999999,
      25.6,
      25.666666666666668,
      26.066666666666666,
      26.333333333333332,
      26.866666666666667,
      27.133333333333333,
      27.4,
      27.53333333333333,
      29.8
    ],
    "exit_timestamps": [
      2.7333333333333334,
      5.066666666666666,
      5.4,
      5.666666666666667,
      7.133333333333333,
      8.066666666666666,
      8.4,
      8.6,
      9.133333333333333,
      11.066666666666666,
      11.4,
      11.533333333333333,
      11.866666666666667,
      12.333333333333334,
      13.2,
      15.733333333333333,
      17.266666666666666,
      17.333333333333332,
      26.0,
      26.4,
      26.933333333333334,
      27.066666666666666,
      27.266666666666666,
      27.333333333333332,
      29.599999999999998,
      29.733333333333334,
      29.933333333333334
    ]
  },
  "visual_signals": {
    "unique_objects": [
      "person",
      "cake",
      "dining table",
      "sandwich",
      "donut",
      "banana",
      "dog",
      "carrot",
      "cell phone",
      "teddy bear"
    ],
    "unique_object_count": 10,
    "persistent_objects": [],
    "persistent_object_count": 0,
    "transient_objects": [
      "sandwich",
      "donut",
      "banana",
      "dog",
      "carrot",
      "cell phone",
      "teddy bear"
    ],
    "transient_object_count": 7,
    "object_frequency": {
      "person": 0.58,
      "cake": 0.3844444444444444,
      "dining table": 0.23555555555555555,
      "sandwich": 0.0044444444444444444,
      "donut": 0.07555555555555556,
      "banana": 0.0044444444444444444,
      "dog": 0.0044444444444444444,
      "carrot": 0.008888888888888889,
      "cell phone": 0.011111111111111112,
      "teddy bear": 0.0022222222222222222
    },
    "object_frame_counts": {
      "person": 261,
      "cake": 173,
      "dining table": 106,
      "sandwich": 2,
      "donut": 34,
      "banana": 2,
      "dog": 2,
      "carrot": 4,
      "cell phone": 5,
      "teddy bear": 1
    },
    "object_first_appearance": {
      "person": 2.6,
      "cake": 3.0,
      "dining table": 4.4,
      "sandwich": 9.266666666666666,
      "donut": 10.866666666666667,
      "banana": 12.133333333333333,
      "dog": 12.4,
      "carrot": 25.066666666666666,
      "cell phone": 27.933333333333334,
      "teddy bear": 29.933333333333334
    },
    "object_last_appearance": {
      "person": 29.933333333333334,
      "cake": 29.333333333333332,
      "dining table": 29.933333333333334,
      "sandwich": 18.53333333333333,
      "donut": 28.8,
      "banana": 12.2,
      "dog": 12.466666666666667,
      "carrot": 25.266666666666666,
      "cell phone": 28.2,
      "teddy bear": 29.933333333333334
    },
    "objects_per_frame": [
      [],
      [],
      [],
      [],
      [],
      [],
      [],
      [],
      [],
      [],
      [],
      [],
      [],
      [],
      [],
      [],
      [],
      [],
      [],
      [],
      [],
      [],
      [],
      [],
      [],
      [],
      [],
      [],
      [],
      [],
      [],
      [],
      [],
      [],
      [],
      [],
      [],
      [],
      [],
      [
        "person"
      ],
      [
        "person"
      ],
      [
        "person"
      ],
      [
        "person"
      ],
      [
        "person"
      ],
      [
        "person"
      ],
      [
        "cake",
        "person"
      ],
      [
        "cake",
        "person"
      ],
      [
        "cake",
        "person"
      ],
      [
        "cake",
        "person"
      ],
      [
        "cake",
        "person"
      ],
      [
        "cake",
        "person"
      ],
      [
        "cake",
        "person"
      ],
      [
        "cake",
        "person"
      ],
      [
        "cake",
        "person"
      ],
      [
        "cake",
        "person"
      ],
      [
        "cake",
        "person"
      ],
      [
        "cake",
        "person"
      ],
      [
        "cake",
        "person"
      ],
      [
        "cake",
        "person"
      ],
      [
        "cake",
        "person"
      ],
      [
        "cake",
        "person"
      ],
      [
        "cake",
        "person"
      ],
      [
        "cake",
        "person"
      ],
      [
        "cake",
        "person"
      ],
      [
        "cake",
        "person"
      ],
      [
        "cake",
        "person"
      ],
      [
        "dining table",
        "cake",
        "person"
      ],
      [
        "cake",
        "person"
      ],
      [
        "cake",
        "person"
      ],
      [
        "cake",
        "person"
      ],
      [
        "cake",
        "person"
      ],
      [
        "cake",
        "person"
      ],
      [
        "cake",
        "person"
      ],
      [
        "cake",
        "person"
      ],
      [
        "cake",
        "person"
      ],
      [
        "cake",
        "person"
      ],
      [
        "cake",
        "person"
      ],
      [
        "cake",
        "person"
      ],
      [
        "cake",
        "person"
      ],
      [
        "cake",
        "person"
      ],
      [
        "cake",
        "person"
      ],
      [
        "cake",
        "person"
      ],
      [
        "cake",
        "person"
      ],
      [
        "cake",
        "person"
      ],
      [
        "cake",
        "person"
      ],
      [
        "cake",
        "person"
      ],
      [
        "dining table",
        "cake",
        "person"
      ],
      [
        "dining table",
        "cake",
        "person"
      ],
      [
        "dining table",
        "cake",
        "person"
      ],
      [
        "cake",
        "person"
      ],
      [
        "cake",
        "person"
      ],
      [
        "cake",
        "person"
      ],
      [
        "cake",
        "person"
      ],
      [
        "cake",
        "person"
      ],
      [
        "cake",
        "person"
      ],
      [
        "cake",
        "person"
      ],
      [
        "cake",
        "person"
      ],
      [
        "cake",
        "person"
      ],
      [
        "cake",
        "person"
      ],
      [
        "cake",
        "person"
      ],
      [
        "cake",
        "person"
      ],
      [
        "cake",
        "person"
      ],
      [
        "cake",
        "person"
      ],
      [
        "cake",
        "person"
      ],
      [
        "cake",
        "person"
      ],
      [
        "cake",
        "person"
      ],
      [
        "cake",
        "person"
      ],
      [
        "cake",
        "person"
      ],
      [
        "cake",
        "person"
      ],
      [
        "cake",
        "person"
      ],
      [
        "cake",
        "person"
      ],
      [
        "cake",
        "person"
      ],
      [
        "cake",
        "person"
      ],
      [
        "cake",
        "person"
      ],
      [
        "cake",
        "person"
      ],
      [
        "cake",
        "person"
      ],
      [
        "cake",
        "person"
      ],
      [
        "cake",
        "person"
      ],
      [
        "cake",
        "person"
      ],
      [
        "cake",
        "person"
      ],
      [
        "cake",
        "person"
      ],
      [
        "cake",
        "person"
      ],
      [
        "cake",
        "person"
      ],
      [
        "cake",
        "person"
      ],
      [
        "cake",
        "person"
      ],
      [
        "cake",
        "person"
      ],
      [
        "cake",
        "person"
      ],
      [
        "cake",
        "person"
      ],
      [
        "cake",
        "person"
      ],
      [
        "cake",
        "person"
      ],
      [
        "person"
      ],
      [
        "person"
      ],
      [
        "person"
      ],
      [
        "person"
      ],
      [
        "person"
      ],
      [
        "person"
      ],
      [
        "person"
      ],
      [],
      [],
      [
        "sandwich"
      ],
      [],
      [],
      [],
      [],
      [],
      [],
      [],
      [],
      [],
      [],
      [],
      [],
      [],
      [],
      [],
      [],
      [],
      [],
      [],
      [],
      [],
      [],
      [],
      [
        "donut",
        "person"
      ],
      [
        "person"
      ],
      [
        "person"
      ],
      [
        "person"
      ],
      [
        "person"
      ],
      [
        "person"
      ],
      [
        "donut",
        "person"
      ],
      [
        "donut",
        "person"
      ],
      [
        "donut",
        "person"
      ],
      [
        "donut",
        "person"
      ],
      [
        "donut",
        "person"
      ],
      [
        "donut",
        "person"
      ],
      [
        "donut",
        "person"
      ],
      [
        "person"
      ],
      [
        "person"
      ],
      [
        "person"
      ],
      [
        "donut",
        "person"
      ],
      [
        "donut",
        "person"
      ],
      [
        "person"
      ],
      [
        "banana",
        "person"
      ],
      [
        "banana",
        "person"
      ],
      [
        "dining table",
        "person"
      ],
      [
        "donut",
        "dining table",
        "person"
      ],
      [
        "dog",
        "person"
      ],
      [
        "dog",
        "donut",
        "dining table",
        "person"
      ],
      [
        "donut",
        "dining table",
        "person"
      ],
      [
        "donut",
        "dining table",
        "person"
      ],
      [
        "donut",
        "dining table",
        "person"
      ],
      [
        "dining table",
        "person",
        "cake"
      ],
      [
        "dining table",
        "person",
        "cake"
      ],
      [
        "dining table",
        "cake",
        "person"
      ],
      [
        "dining table",
        "person",
        "cake"
      ],
      [
        "dining table",
        "person"
      ],
      [
        "dining table",
        "person"
      ],
      [
        "dining table",
        "person",
        "cake"
      ],
      [
        "dining table",
        "person"
      ],
      [
        "person"
      ],
      [
        "person"
      ],
      [
        "person"
      ],
      [
        "person"
      ],
      [
        "person"
      ],
      [
        "person"
      ],
      [
        "person"
      ],
      [
        "person"
      ],
      [
        "person"
      ],
      [
        "person"
      ],
      [
        "person"
      ],
      [
        "person"
      ],
      [
        "donut",
        "person"
      ],
      [
        "donut",
        "person"
      ],
      [
        "donut",
        "dining table",
        "person"
      ],
      [
        "dining table",
        "person",
        "cake"
      ],
      [
        "dining table",
        "person"
      ],
      [
        "donut",
        "dining table",
        "person"
      ],
      [
        "dining table",
        "person"
      ],
      [
        "dining table",
        "person"
      ],
      [
        "donut",
        "dining table",
        "person"
      ],
      [
        "dining table",
        "person"
      ],
      [
        "dining table",
        "person"
      ],
      [
        "donut",
        "dining table",
        "person"
      ],
      [
        "donut",
        "dining table",
        "person"
      ],
      [
        "donut",
        "dining table",
        "person"
      ],
      [
        "donut",
        "dining table",
        "person"
      ],
      [
        "dining table",
        "cake",
        "person"
      ],
      [
        "dining table",
        "cake",
        "person"
      ],
      [
        "person"
      ],
      [
        "cake",
        "person"
      ],
      [
        "cake",
        "person"
      ],
      [
        "cake",
        "person"
      ],
      [
        "cake",
        "person"
      ],
      [
        "cake",
        "person"
      ],
      [
        "cake",
        "person"
      ],
      [
        "cake",
        "person"
      ],
      [
        "cake",
        "person"
      ],
      [
        "cake",
        "person"
      ],
      [
        "cake",
        "person"
      ],
      [
        "cake",
        "person"
      ],
      [
        "donut",
        "person"
      ],
      [
        "donut",
        "person"
      ],
      [
        "donut",
        "person"
      ],
      [
        "donut",
        "person"
      ],
      [
        "donut",
        "person"
      ],
      [
        "dining table",
        "cake",
        "person"
      ],
      [
        "dining table",
        "cake",
        "person"
      ],
      [
        "cake",
        "person"
      ],
      [
        "dining table",
        "donut",
        "cake",
        "person"
      ],
      [
        "dining table",
        "cake",
        "person"
      ],
      [
        "cake",
        "person"
      ],
      [
        "dining table",
        "cake",
        "person"
      ],
      [
        "dining table",
        "cake",
        "person"
      ],
      [
        "dining table",
        "cake",
        "person"
      ],
      [
        "dining table",
        "cake",
        "person"
      ],
      [
        "cake",
        "person"
      ],
      [
        "donut",
        "person"
      ],
      [
        "donut",
        "person"
      ],
      [
        "donut",
        "person"
      ],
      [
        "person"
      ],
      [],
      [],
      [],
      [],
      [],
      [],
      [],
      [],
      [],
      [],
      [],
      [],
      [],
      [],
      [],
      [],
      [],
      [],
      [
        "sandwich"
      ],
      [],
      [],
      [],
      [],
      [],
      [],
      [],
      [],
      [],
      [],
      [],
      [],
      [],
      [],
      [],
      [],
      [],
      [],
      [],
      [],
      [],
      [],
      [],
      [],
      [],
      [],
      [],
      [],
      [],
      [],
      [],
      [],
      [],
      [],
      [],
      [],
      [],
      [],
      [],
      [],
      [],
      [],
      [],
      [],
      [],
      [],
      [],
      [],
      [],
      [],
      [],
      [],
      [],
      [],
      [],
      [],
      [],
      [],
      [],
      [],
      [],
      [],
      [],
      [],
      [],
      [],
      [],
      [],
      [],
      [],
      [],
      [],
      [],
      [],
      [],
      [],
      [],
      [],
      [],
      [],
      [],
      [],
      [],
      [],
      [],
      [],
      [],
      [],
      [],
      [],
      [],
      [],
      [],
      [],
      [],
      [],
      [],
      [
        "carrot"
      ],
      [
        "carrot"
      ],
      [
        "carrot"
      ],
      [
        "carrot"
      ],
      [],
      [],
      [],
      [
        "cake"
      ],
      [
        "cake",
        "person"
      ],
      [
        "dining table",
        "cake",
        "person"
      ],
      [
        "dining table",
        "cake",
        "person"
      ],
      [
        "dining table",
        "cake",
        "person"
      ],
      [
        "dining table",
        "cake",
        "person"
      ],
      [
        "dining table",
        "cake",
        "person"
      ],
      [
        "dining table",
        "cake",
        "person"
      ],
      [
        "dining table",
        "cake",
        "person"
      ],
      [
        "dining table",
        "cake",
        "person"
      ],
      [
        "dining table",
        "cake",
        "person"
      ],
      [
        "dining table",
        "cake",
        "person"
      ],
      [
        "dining table",
        "person",
        "cake"
      ],
      [
        "dining table",
        "person",
        "cake"
      ],
      [
        "dining table",
        "person",
        "cake"
      ],
      [
        "dining table",
        "person",
        "cake"
      ],
      [
        "dining table",
        "person",
        "cake"
      ],
      [
        "dining table",
        "person",
        "cake"
      ],
      [
        "dining table",
        "person",
        "cake"
      ],
      [
        "dining table",
        "person",
        "cake"
      ],
      [
        "dining table",
        "person",
        "cake"
      ],
      [
        "dining table",
        "person",
        "cake"
      ],
      [
        "dining table",
        "cake",
        "person"
      ],
      [
        "dining table",
        "person",
        "cake"
      ],
      [
        "dining table",
        "person",
        "cake"
      ],
      [
        "dining table",
        "person",
        "cake"
      ],
      [
        "dining table",
        "person",
        "cake"
      ],
      [
        "dining table",
        "person",
        "cake"
      ],
      [
        "dining table",
        "person",
        "cake"
      ],
      [
        "dining table",
        "person",
        "cake"
      ],
      [
        "dining table",
        "person",
        "cake"
      ],
      [
        "dining table",
        "person",
        "cake"
      ],
      [
        "dining table",
        "person",
        "cake"
      ],
      [
        "dining table",
        "person",
        "cake"
      ],
      [
        "dining table",
        "person",
        "cake"
      ],
      [
        "dining table",
        "person",
        "cake"
      ],
      [
        "cell phone",
        "dining table",
        "person",
        "cake"
      ],
      [
        "cell phone",
        "dining table",
        "person",
        "cake"
      ],
      [
        "cell phone",
        "dining table",
        "person",
        "cake"
      ],
      [
        "cell phone",
        "dining table",
        "person",
        "cake"
      ],
      [
        "cell phone",
        "dining table",
        "person",
        "cake"
      ],
      [
        "dining table",
        "person",
        "cake"
      ],
      [
        "dining table",
        "person",
        "cake"
      ],
      [
        "dining table",
        "person",
        "cake"
      ],
      [
        "dining table",
        "person",
        "cake"
      ],
      [
        "dining table",
        "person",
        "cake"
      ],
      [
        "dining table",
        "person",
        "cake"
      ],
      [
        "dining table",
        "person",
        "cake"
      ],
      [
        "dining table",
        "person",
        "cake"
      ],
      [
        "donut",
        "dining table",
        "person",
        "cake"
      ],
      [
        "dining table",
        "person",
        "cake"
      ],
      [
        "dining table",
        "person",
        "cake"
      ],
      [
        "dining table",
        "person",
        "cake"
      ],
      [
        "dining table",
        "person",
        "cake"
      ],
      [
        "dining table",
        "person",
        "cake"
      ],
      [
        "dining table",
        "person",
        "cake"
      ],
      [
        "dining table",
        "person",
        "cake"
      ],
      [
        "dining table",
        "person",
        "cake"
      ],
      [
        "dining table",
        "person"
      ],
      [
        "dining table",
        "person"
      ],
      [
        "dining table",
        "person"
      ],
      [
        "dining table",
        "person"
      ],
      [
        "dining table",
        "person"
      ],
      [
        "dining table",
        "person"
      ],
      [
        "dining table",
        "person"
      ],
      [
        "dining table",
        "person"
      ],
      [
        "dining table",
        "person",
        "teddy bear"
      ]
    ],
    "appearances": [
      {
        "object_class": "person",
        "first_appearance": 2.6,
        "last_appearance": 29.933333333333334,
        "frame_count": 261,
        "frequency": 0.58
      },
      {
        "object_class": "cake",
        "first_appearance": 3.0,
        "last_appearance": 29.333333333333332,
        "frame_count": 173,
        "frequency": 0.3844444444444444
      },
      {
        "object_class": "dining table",
        "first_appearance": 4.4,
        "last_appearance": 29.933333333333334,
        "frame_count": 106,
        "frequency": 0.23555555555555555
      },
      {
        "object_class": "sandwich",
        "first_appearance": 9.266666666666666,
        "last_appearance": 18.53333333333333,
        "frame_count": 2,
        "frequency": 0.0044444444444444444
      },
      {
        "object_class": "donut",
        "first_appearance": 10.866666666666667,
        "last_appearance": 28.8,
        "frame_count": 34,
        "frequency": 0.07555555555555556
      },
      {
        "object_class": "banana",
        "first_appearance": 12.133333333333333,
        "last_appearance": 12.2,
        "frame_count": 2,
        "frequency": 0.0044444444444444444
      },
      {
        "object_class": "dog",
        "first_appearance": 12.4,
        "last_appearance": 12.466666666666667,
        "frame_count": 2,
        "frequency": 0.0044444444444444444
      },
      {
        "object_class": "carrot",
        "first_appearance": 25.066666666666666,
        "last_appearance": 25.266666666666666,
        "frame_count": 4,
        "frequency": 0.008888888888888889
      },
      {
        "object_class": "cell phone",
        "first_appearance": 27.933333333333334,
        "last_appearance": 28.2,
        "frame_count": 5,
        "frequency": 0.011111111111111112
      },
      {
        "object_class": "teddy bear",
        "first_appearance": 29.933333333333334,
        "last_appearance": 29.933333333333334,
        "frame_count": 1,
        "frequency": 0.0022222222222222222
      }
    ]
  },
  "atmosphere_signals": {
    "brightness_values": [
      24.918304036458334,
      24.91876193576389,
      24.917950303819445,
      24.918074001736112,
      24.51068576388889,
      24.477476128472222,
      24.479619140625,
      24.473756510416667,
      24.471827256944444,
      24.469484592013888,
      24.458560112847223,
      24.45699652777778,
      24.456602647569444,
      24.454874131944443,
      24.454479166666665,
      24.454600694444444,
      24.455386284722223,
      24.45311306423611,
      24.451921657986112,
      24.452152777777776,
      24.452152777777776,
      24.453768446180554,
      24.454232855902777,
      24.454471571180555,
      24.452120225694443,
      24.448875868055556,
      24.776631944444443,
      24.294169921875,
      24.141797960069443,
      23.671311848958332,
      22.779970703125,
      26.72672634548611,
      37.07325629340278,
      41.008173828125,
      44.17903103298611,
      47.27418728298611,
      50.815516493055554,
      53.87622287326389,
      57.13466145833333,
      60.06287868923611,
      62.99677951388889,
      65.64372721354167,
      67.276044921875,
      68.87310655381944,
      70.63557508680556,
      71.66013997395834,
      72.09982530381944,
      72.08267035590278,
      72.18155164930556,
      72.15103841145833,
      72.25082139756944,
      72.31286024305555,
      72.30791015625,
      72.34926432291667,
      72.32661783854167,
      72.37890082465277,
      72.38820746527777,
      72.32049696180556,
      72.35722222222222,
      72.51042643229167,
      72.39158745659722,
      72.24865342881944,
      72.24993923611112,
      72.290234375,
      72.34468424479167,
      72.2836013454861,
      72.32511067708333,
      72.39576605902778,
      72.57592556423612,
      72.69560546875,
      72.64045464409722,
      72.620322265625,
      72.57447157118055,
      72.706611328125,
      72.74874891493056,
      72.72665581597222,
      72.68914171006945,
      72.64533203125,
      72.62293619791667,
      72.58793511284722,
      72.62947591145833,
      72.78222113715277,
      72.80616536458334,
      72.73448459201389,
      72.71094509548611,
      72.73645399305556,
      72.704248046875,
      72.67187608506944,
      72.57134765625,
      72.50524739583334,
      72.462138671875,
      72.26892795138889,
      72.28464626736111,
      72.37497612847223,
      72.46493706597222,
      72.45794270833333,
      72.50011176215278,
      72.56124782986112,
      72.60465169270833,
      72.57659288194445,
      72.68881401909722,
      72.82747287326389,
      73.01981987847222,
      73.04522135416667,
      73.09314670138889,
      73.02155056423611,
      73.04837999131945,
      73.02618055555556,
      72.91059244791667,
      72.859111328125,
      72.8009060329861,
      72.8430859375,
      72.75831380208334,
      72.81465711805555,
      72.87834201388888,
      72.93623806423611,
      72.92646267361111,
      72.90120008680556,
      72.88028428819445,
      72.95809027777777,
      72.94596896701388,
      72.55944444444444,
      72.69023980034723,
      72.70560438368055,
      72.74280815972222,
      72.7830783420139,
      72.7572048611111,
      72.62162000868055,
      72.46763563368056,
      72.34164496527778,
      72.29009982638888,
      72.20292317708333,
      72.07165907118056,
      72.01824110243055,
      72.00341905381944,
      71.95565104166667,
      72.00923936631945,
      122.7328634982639,
      116.62671983506945,
      109.24349392361111,
      112.02237955729167,
      116.46268663194445,
      121.90720811631944,
      124.03656575520833,
      125.16128255208334,
      126.5512109375,
      127.02194878472223,
      127.78823025173611,
      128.47206705729167,
      129.11844509548612,
      129.63300455729166,
      129.88660807291666,
      130.15920030381943,
      130.5075119357639,
      130.6341840277778,
      130.62856553819444,
      130.6286404079861,
      130.67944118923612,
      130.6825390625,
      130.7567013888889,
      130.76411675347222,
      131.21401258680555,
      131.20638020833334,
      69.66911349826388,
      70.07109700520833,
      70.39281792534722,
      70.72828993055556,
      70.98493815104166,
      71.08707356770833,
      71.22432834201389,
      71.26278862847222,
      71.36751519097223,
      71.48964952256945,
      71.58349826388888,
      71.71306423611111,
      71.85700086805555,
      71.98750868055555,
      72.03848198784722,
      72.068984375,
      72.02755208333333,
      72.20182508680556,
      72.49479383680556,
      72.6901953125,
      72.89334201388888,
      73.18793836805555,
      73.27309027777778,
      73.38423285590278,
      73.70608072916667,
      73.77231662326389,
      73.98166775173611,
      74.26909071180556,
      74.26776150173612,
      73.87154622395833,
      73.70321397569444,
      73.42024739583333,
      73.30404405381944,
      73.1151877170139,
      73.15521050347222,
      72.97646484375,
      72.99254014756944,
      72.91663736979167,
      72.93629774305556,
      72.89275933159722,
      72.91367513020833,
      72.96950086805556,
      73.22121527777777,
      73.18101996527778,
      73.25695855034722,
      73.33561306423611,
      73.3663671875,
      73.452587890625,
      73.2728244357639,
      73.55106119791667,
      73.85711805555556,
      73.92423068576389,
      73.69455837673611,
      73.91955403645834,
      73.77763997395833,
      73.54308051215278,
      73.4153515625,
      73.15172634548611,
      73.06830837673611,
      72.99434353298611,
      72.94555555555556,
      72.92464952256944,
      72.81935872395833,
      72.16254774305555,
      71.99391927083333,
      71.69647352430556,
      71.46350260416666,
      71.357939453125,
      71.14285264756944,
      70.803974609375,
      70.61230360243056,
      70.35439344618055,
      70.21470160590277,
      69.91334309895834,
      69.77513888888889,
      69.65834852430555,
      69.56446723090278,
      69.28545789930556,
      69.12912000868056,
      68.92620225694445,
      68.69967447916666,
      68.72879014756944,
      68.60909939236112,
      68.57495985243055,
      68.62338975694445,
      68.64775607638889,
      68.72889865451388,
      68.67031684027778,
      68.51625868055555,
      68.511025390625,
      68.44028211805555,
      68.192822265625,
      68.1273166232639,
      69.51700737847223,
      72.48224066840278,
      82.94972764756945,
      96.44670247395834,
      103.57631618923611,
      106.15330620659722,
      101.77834743923611,
      101.63994032118056,
      101.37676866319444,
      101.24573133680556,
      101.11241753472223,
      101.15763671875,
      101.22344184027777,
      101.22785807291666,
      101.2677734375,
      100.87426866319444,
      100.85218858506944,
      100.87806857638888,
      100.81044053819444,
      100.84054144965278,
      100.78412434895833,
      100.83346788194444,
      100.782373046875,
      100.69844943576389,
      100.78347330729167,
      100.74859266493056,
      100.72087131076388,
      100.80599717881944,
      100.83626085069444,
      100.830107421875,
      100.58190104166667,
      100.62608940972223,
      100.62922526041666,
      100.57865885416666,
      100.64717339409722,
      100.5932497829861,
      100.42900716145833,
      100.46930121527778,
      100.3584157986111,
      100.206396484375,
      99.87765190972222,
      99.68401041666667,
      99.39355360243056,
      99.12985460069444,
      99.06312391493056,
      98.85270724826388,
      98.60064453125,
      98.4286208767361,
      98.17629340277777,
      98.00976671006944,
      97.32933485243055,
      97.21221788194444,
      97.13120334201389,
      97.02190212673611,
      96.93663736979167,
      96.76684136284722,
      96.55765733506945,
      96.54128255208333,
      96.26797960069445,
      96.06827799479167,
      95.47938042534722,
      95.21752821180556,
      95.08652994791667,
      94.90072916666666,
      94.62386827256944,
      94.49010199652778,
      94.18045572916667,
      94.08134006076389,
      93.96131727430556,
      93.93158528645833,
      93.720830078125,
      93.57001193576389,
      93.48220703125,
      93.64615993923611,
      93.54696940104166,
      93.36274848090278,
      93.045,
      92.93747504340278,
      92.61697808159722,
      92.475283203125,
      92.17403537326389,
      91.75603515625,
      91.68719292534722,
      91.65921006944444,
      91.41451171875,
      91.31027235243056,
      91.14195529513889,
      90.84534396701389,
      90.54888454861111,
      90.12743923611112,
      89.514609375,
      89.41300455729167,
      89.28245659722222,
      88.82505208333333,
      88.42878146701389,
      88.22832248263889,
      87.72919379340277,
      87.4905251736111,
      87.16245442708333,
      86.59896918402778,
      86.28084743923611,
      86.24174153645833,
      86.28269856770834,
      86.18333984375,
      85.87661783854166,
      86.03962022569445,
      85.78128689236111,
      85.70892469618056,
      85.64978624131945,
      85.47670572916667,
      85.40374131944445,
      85.18845377604167,
      85.00141493055555,
      84.58647677951389,
      84.48761176215278,
      84.3658127170139,
      84.09080512152778,
      83.97310004340278,
      83.70186089409722,
      83.59504774305556,
      83.13658528645833,
      83.0815549045139,
      82.9023556857639,
      84.94420355902778,
      84.30646918402778,
      80.75082465277778,
      76.27506184895833,
      75.4072732204861,
      75.11158745659722,
      74.81070746527777,
      74.81023654513889,
      74.82176649305555,
      74.68309787326389,
      74.51855577256944,
      74.30538953993056,
      74.35138129340278,
      74.253525390625,
      74.55500325520833,
      75.09569986979167,
      75.61465169270834,
      75.96380208333333,
      76.40723090277778,
      76.68043402777778,
      76.7969650607639,
      76.82662434895833,
      76.97526801215278,
      76.97807834201389,
      77.09737413194445,
      77.00667317708333,
      76.94483506944445,
      76.53381944444445,
      76.54761827256945,
      76.47001519097222,
      76.44342013888888,
      76.29979058159722,
      76.31705946180556,
      76.20455078125,
      76.18570203993056,
      76.15461371527778,
      76.05258246527778,
      76.02030381944445,
      76.02192165798611,
      76.08324327256945,
      76.119775390625,
      76.18582248263888,
      76.21024522569445,
      76.15454535590278,
      76.068505859375,
      76.01210828993055,
      75.96688368055555,
      75.96270399305556,
      75.97493272569444,
      76.09561848958333,
      76.29187934027777,
      76.42272352430555,
      76.4460622829861,
      76.29591145833334,
      76.33896918402777,
      76.37567165798612,
      76.322451171875,
      76.17988172743055,
      76.1582421875,
      76.21078667534722,
      76.28143771701389,
      76.31229275173611,
      76.43342339409722,
      76.437470703125,
      76.43138563368055,
      76.4234884982639,
      76.3754763454861,
      76.24630750868056,
      76.25028428819445,
      78.034609375,
      81.60941623263889
    ],
    "brightness_mean": 78.03438596643517,
    "brightness_std": 21.33485529463343,
    "brightness_min": 22.779970703125,
    "brightness_max": 131.21401258680555,
    "brightness_range": 108.43404188368055,
    "lighting_changes": [
      {
        "timestamp": 9.133333333333333,
        "frame_index": 137,
        "brightness_before": 72.00923936631945,
        "brightness_after": 122.7328634982639,
        "magnitude": 50.72362413194445
      },
      {
        "timestamp": 10.866666666666667,
        "frame_index": 163,
        "brightness_before": 131.20638020833334,
        "brightness_after": 69.66911349826388,
        "magnitude": 61.53726671006946
      }
    ],
    "lighting_change_count": 2,
    "setting_type": "indoor",
    "dominant_colors_rgb": [
      [
        "197",
        "192",
        "185"
      ],
      [
        "134",
        "116",
        "98"
      ],
      [
        "21",
        "19",
        "16"
      ]
    ],
    "dominant_colors": [
      "brown",
      "brown",
      "black"
    ]
  },
  "action_signals": {
    "intensity_timeline": [
      0.0,
      4.005752271041274e-06,
      5.112655344419181e-08,
      3.7184788379818203e-06,
      2.0196072291582823e-05,
      9.570506517775356e-06,
      7.184969261288643e-05,
      8.647212758660317e-05,
      6.560509093105792e-05,
      0.00011950833722949029,
      4.976406693458557e-05,
      4.466123413294554e-05,
      1.9188603619113565e-05,
      1.8044241005554796e-05,
      5.883110134163872e-07,
      7.25544014130719e-07,
      4.5953206717967985e-05,
      1.074249972589314e-05,
      2.043050015345216e-05,
      4.962602906743996e-07,
      3.9920871053311656e-11,
      8.581491187214851e-05,
      1.6430434770882128e-05,
      1.811773399822414e-05,
      9.001793339848519e-05,
      4.908408969640732e-05,
      0.00027113329619169233,
      0.0005607346072793006,
      0.000604463666677475,
      0.0008779863268136978,
      0.0008904228359460831,
      0.0032803988456726074,
      0.00399305135011673,
      0.004257655739784241,
      0.005046455264091492,
      0.0068022400140762326,
      0.008054233193397521,
      0.011611038446426391,
      0.015160766839981079,
      0.014351987838745117,
      0.02941105604171753,
      0.017383304834365846,
      0.027606744766235352,
      0.014954304695129395,
      0.029287309646606446,
      0.01590857148170471,
      0.01994788408279419,
      0.016225510835647584,
      0.010605529546737671,
      0.013572566509246826,
      0.011616250276565552,
      0.011747051477432251,
      0.011549211740493774,
      0.00942111074924469,
      0.014323722124099731,
      0.013385343551635741,
      0.0193044912815094,
      0.01624261975288391,
      0.022189502716064454,
      0.016908116340637207,
      0.02094895124435425,
      0.020509915351867677,
      0.007889248132705688,
      0.012754597663879395,
      0.01091315746307373,
      0.015511938333511353,
      0.011158088445663452,
      0.007602213621139526,
      0.009229653477668763,
      0.00881769359111786,
      0.010365431308746337,
      0.007634477019309998,
      0.009688981175422669,
      0.006858545541763306,
      0.006114165782928466,
      0.0073157638311386105,
      0.004200402498245239,
      0.0044025003910064696,
      0.0026911598443984984,
      0.003213029503822327,
      0.004596962928771973,
      0.010613189935684204,
      0.01170740008354187,
      0.009175409078598023,
      0.01461931824684143,
      0.011434096097946166,
      0.013530640602111817,
      0.008794929385185241,
      0.008111616969108582,
      0.008644138574600219,
      0.005329447984695435,
      0.008992365002632141,
      0.006680319309234619,
      0.010551478862762451,
      0.009797160625457763,
      0.005303199291229248,
      0.005699864625930786,
      0.004605478942394257,
      0.00883295714855194,
      0.010807660818099975,
      0.00835165798664093,
      0.00704642653465271,
      0.012612396478652954,
      0.008966528773307801,
      0.005077583193778992,
      0.005652610659599305,
      0.004652526080608368,
      0.007697330713272095,
      0.00890548586845398,
      0.00684306800365448,
      0.008887702226638794,
      0.007488344311714173,
      0.008443034291267394,
      0.006553064584732055,
      0.007101166844367981,
      0.005282113552093506,
      0.005172680020332336,
      0.006590085625648498,
      0.004169913828372955,
      0.008338146805763245,
      0.005428619980812073,
      0.011570149660110473,
      0.010330846309661865,
      0.009002735018730163,
      0.009175967574119568,
      0.007067830562591553,
      0.007814610004425048,
      0.0042440792918205265,
      0.0050121891498565675,
      0.005415456891059875,
      0.007190635800361634,
      0.005638461709022522,
      0.004118174016475677,
      0.005288124680519104,
      0.003091541528701782,
      0.00556340217590332,
      0.009847137928009033,
      0.13699164390563964,
      0.02184670925140381,
      0.01182562232017517,
      0.016649807691574096,
      0.006252636909484863,
      0.005952191948890686,
      0.003894025385379791,
      0.004261309206485748,
      0.0030172455310821535,
      0.0015724821388721467,
      0.00178320974111557,
      0.0026276230812072752,
      0.0027679443359375,
      0.0016057705879211426,
      0.0016658283770084382,
      0.0011642488837242126,
      0.001186850517988205,
      0.0009797557443380356,
      0.0014010480046272279,
      0.0005271705985069275,
      0.00044796276837587355,
      0.00021788233891129494,
      0.0013202591240406036,
      0.0005463875085115433,
      0.0033033686876297,
      0.0004122348502278328,
      0.43884510040283203,
      0.010222152471542359,
      0.008962607979774474,
      0.010495338439941406,
      0.005909917354583741,
      0.006628000736236572,
      0.0058026653528213505,
      0.004659833014011383,
      0.004246785342693329,
      0.009721398949623108,
      0.016042691469192506,
      0.01368921160697937,
      0.013272284269332886,
      0.0086590176820755,
      0.009786863327026368,
      0.008718733191490174,
      0.013386428356170654,
      0.014661717414855956,
      0.0130147123336792,
      0.022483434677124024,
      0.020620129108428954,
      0.023169353008270263,
      0.01689221978187561,
      0.01944469451904297,
      0.02063056230545044,
      0.01414279341697693,
      0.02531172037124634,
      0.022176506519317626,
      0.02862595796585083,
      0.023507378101348876,
      0.018570454120635987,
      0.019610544443130495,
      0.013502017259597779,
      0.016658048629760742,
      0.010414881706237793,
      0.013142622709274292,
      0.010289274454116822,
      0.017638520002365113,
      0.02011728525161743,
      0.012564321756362915,
      0.01072916030883789,
      0.007969766855239868,
      0.01705120801925659,
      0.019378536939620973,
      0.01044492244720459,
      0.012325481176376343,
      0.011351708173751831,
      0.01883345365524292,
      0.015471512079238891,
      0.014421921968460084,
      0.012079474925994873,
      0.019141247272491457,
      0.022059080600738527,
      0.017602977752685548,
      0.023106751441955568,
      0.016083738803863525,
      0.02226123809814453,
      0.02059828281402588,
      0.015149483680725098,
      0.022661378383636476,
      0.019334107637405396,
      0.021167082786560057,
      0.014422570466995238,
      0.020522241592407228,
      0.014473490715026856,
      0.02012054920196533,
      0.019626624584197998,
      0.0145268714427948,
      0.018093560934066773,
      0.013201241493225097,
      0.021232075691223144,
      0.02133986949920654,
      0.0194286847114563,
      0.024045116901397705,
      0.01650663375854492,
      0.016546307802200316,
      0.00951565444469452,
      0.011037468910217285,
      0.011150494813919068,
      0.013414815664291382,
      0.015438075065612794,
      0.012317445278167725,
      0.014109668731689453,
      0.00855476975440979,
      0.008257330060005189,
      0.007132102251052857,
      0.007028334140777588,
      0.010922553539276124,
      0.010234147310256958,
      0.016370049715042113,
      0.01440941333770752,
      0.0185059654712677,
      0.013046104907989502,
      0.019060449600219728,
      0.01803504824638367,
      0.015820962190628052,
      0.02816518545150757,
      0.021852853298187255,
      0.034831185340881345,
      0.018704675436019898,
      0.006085951328277588,
      0.00695325493812561,
      0.007528834342956543,
      0.010829510688781739,
      0.0034372925758361815,
      0.005078790783882141,
      0.005071489214897156,
      0.0079742431640625,
      0.012942085266113281,
      0.005482363700866699,
      0.010871516466140747,
      0.007329953312873841,
      0.007743797302246094,
      0.0054952013492584224,
      0.00439031571149826,
      0.008293166160583496,
      0.005959073305130005,
      0.00745794951915741,
      0.008783057928085328,
      0.008359826803207397,
      0.007301740050315857,
      0.005856542587280273,
      0.0059811782836914065,
      0.007578729391098022,
      0.007554842233657837,
      0.008504966497421265,
      0.009724189043045044,
      0.008539658188819885,
      0.006794389486312866,
      0.005227246284484863,
      0.005409330129623413,
      0.008625468611717224,
      0.005399131774902343,
      0.006793602108955383,
      0.004770152866840362,
      0.014977177381515503,
      0.01276470422744751,
      0.008401588201522828,
      0.01216544508934021,
      0.007942233681678772,
      0.013341257572174072,
      0.01171162486076355,
      0.009628602862358093,
      0.0124878990650177,
      0.011211812496185303,
      0.016556520462036133,
      0.011249489784240722,
      0.013681191205978393,
      0.006243255734443664,
      0.014769506454467774,
      0.016270540952682495,
      0.013475086688995361,
      0.016449164152145385,
      0.011889300346374511,
      0.011120780706405639,
      0.006253666281700134,
      0.006559402346611023,
      0.009307072758674621,
      0.008813281655311584,
      0.01106374740600586,
      0.005644203424453736,
      0.008244604468345643,
      0.005391745567321777,
      0.007833398580551147,
      0.008974846601486206,
      0.005982926487922669,
      0.01163880705833435,
      0.007358256578445434,
      0.013660285472869873,
      0.00931955337524414,
      0.006161408424377441,
      0.012838823795318604,
      0.011946864128112793,
      0.015001453161239624,
      0.008328535556793214,
      0.013186869621276855,
      0.013752087354660034,
      0.012042938470840455,
      0.009137597680091859,
      0.006210443377494812,
      0.008770262598991394,
      0.011168218851089477,
      0.01667205810546875,
      0.017251309156417847,
      0.006970691680908203,
      0.009169896245002746,
      0.012277164459228516,
      0.012088812589645385,
      0.00897894561290741,
      0.010251497030258178,
      0.009676120281219482,
      0.014341999292373658,
      0.01251604437828064,
      0.009606940150260925,
      0.0073324602842330935,
      0.006482899785041809,
      0.007362810373306275,
      0.008664324879646301,
      0.005822605490684509,
      0.0056409752368927,
      0.006684003472328186,
      0.009557715058326722,
      0.00622976541519165,
      0.009979371428489685,
      0.0073853772878646855,
      0.008393096923828124,
      0.009962592720985413,
      0.005381085276603699,
      0.0072421795129776,
      0.005979927182197571,
      0.007667472958564759,
      0.006968663334846497,
      0.005027366876602173,
      0.00858469307422638,
      0.004608215987682343,
      0.006657256484031677,
      0.016682817935943603,
      0.027800290584564208,
      0.01955171227455139,
      0.02648435354232788,
      0.027229559421539307,
      0.011029300689697265,
      0.012939367294311523,
      0.013728817701339721,
      0.016912519931793213,
      0.016937907934188843,
      0.012007278203964234,
      0.017037512063980104,
      0.008238730430603027,
      0.013021035194396973,
      0.015829014778137206,
      0.0221691632270813,
      0.016896084547042847,
      0.02523692846298218,
      0.02483938455581665,
      0.015468673706054687,
      0.017866591215133665,
      0.01284353256225586,
      0.014843363761901856,
      0.012046213150024415,
      0.010966644287109376,
      0.012477827072143555,
      0.009997277855873107,
      0.015413433313369751,
      0.009472947120666503,
      0.013351080417633056,
      0.009854711890220642,
      0.010471484661102294,
      0.011700963973999024,
      0.007454976439476013,
      0.008402937650680542,
      0.006979551315307617,
      0.008378732204437255,
      0.008056937456130982,
      0.006173455119132996,
      0.007865915298461914,
      0.006833959817886353,
      0.005341335535049439,
      0.005509941577911377,
      0.004210698008537292,
      0.002942066192626953,
      0.004845395088195801,
      0.006034200191497803,
      0.005169843435287476,
      0.007194209694862366,
      0.007835741043090821,
      0.01316404938697815,
      0.013900972604751587,
      0.009250056147575379,
      0.010811095237731933,
      0.007264869809150695,
      0.008307013511657715,
      0.005954828262329102,
      0.010119832754135132,
      0.007027775645256042,
      0.008764689564704895,
      0.008555936813354491,
      0.006844341158866883,
      0.011614311933517456,
      0.008472222685813904,
      0.011310689449310303,
      0.01324002504348755,
      0.010002230405807494,
      0.01585770010948181,
      0.010089900493621826,
      0.015193881988525391,
      0.016467641592025756
    ],
    "intensity_mean": 0.011480955196879247,
    "intensity_std": 0.02195139611947769,
    "intensity_min": 0.0,
    "intensity_max": 0.43884510040283203,
    "intensity_trend": "stable",
    "peak_moments": [
      {
        "timestamp": 9.133333333333333,
        "frame_index": 137,
        "intensity": 0.13699164390563964,
        "moment_type": "peak"
      },
      {
        "timestamp": 10.866666666666667,
        "frame_index": 163,
        "intensity": 0.43884510040283203,
        "moment_type": "peak"
      }
    ],
    "valley_moments": [
      {
        "timestamp": 10.533333333333333,
        "frame_index": 158,
        "intensity": 0.00021788233891129494,
        "moment_type": "valley"
      }
    ],
    "peak_timestamps": [
      9.133333333333333,
      10.866666666666667
    ],
    "valley_timestamps": [
      10.533333333333333
    ],
    "peak_count": 2,
    "valley_count": 1,
    "action_variance": 0.0004818637915942201
  },
  "temporal_signals": {
    "frame_change_scores": [
      0.0,
      1.3278177019016013e-06,
      3.4493037355032286e-05,
      5.750786988834022e-07,
      0.05256073928837579,
      0.0026034696796195522,
      0.0001641137308051599,
      0.0009095291757552637,
      0.00023089778291174312,
      0.0003021869214385742,
      0.00038973842045142426,
      0.0001477440002514152,
      7.325942658509277e-06,
      7.607696136857633e-05,
      2.8268794148744725e-05,
      1.228652855012058e-07,
      3.80356692381012e-05,
      4.214523681544957e-05,
      1.5379079672639406e-05,
      4.908119088931073e-08,
      0.0,
      0.00016285682145844582,
      2.7507380465752185e-05,
      1.1081774547117007e-05,
      4.704036814662249e-05,
      1.766883115428275e-05,
      0.05216880020761849,
      0.0036178239889026464,
      0.039824369988969766,
      0.027276141479375626,
      0.002184974135453821,
      0.1518684861974523,
      0.20086370025714073,
      0.036185326219099756,
      0.03294641862191772,
      0.03449808907751739,
      0.036212767792431544,
      0.050537732484180475,
      0.06425202215559711,
      0.055185527506769416,
      0.06995766875616949,
      0.07294604035366803,
      0.09494582189789402,
      0.05958535787329966,
      0.0656501704085658,
      0.05105888646685819,
      0.07223269970777668,
      0.06269852924491437,
      0.03990668245379936,
      0.052121515963413634,
      0.03789888358442228,
      0.04238618779593506,
      0.04197470461328401,
      0.02925401702928676,
      0.050031293700634416,
      0.043342392499326254,
      0.06168459116808833,
      0.05320495095198097,
      0.0720632457332192,
      0.05768577409768971,
      0.06759767709077391,
      0.07901945064292915,
      0.022370768300059907,
      0.043731643225370376,
      0.033782341440439234,
      0.053216488929452965,
      0.03326652202502922,
      0.0195477738299209,
      0.02357220332920129,
      0.022209266704730446,
      0.02875881878187103,
      0.02040315580265961,
      0.030211220359686042,
      0.016806013466723058,
      0.014311857851512566,
      0.020419385298596993,
      0.008813112196112804,
      0.009807203149612476,
      0.003466683211643562,
      0.004894919287337429,
      0.011196995537997467,
      0.033363140131795865,
      0.038284701867321025,
      0.03429103544740242,
      0.05423913090213672,
      0.03892935827836341,
      0.0457576718635917,
      0.02602396044319144,
      0.024047855783928207,
      0.024557021345974595,
      0.014122247375065178,
      0.02955863792681468,
      0.019518729253153233,
      0.03412442902070445,
      0.028119755986321437,
      0.012032496865835074,
      0.012212518570350661,
      0.00926699068781578,
      0.02249725733827601,
      0.02577528751067415,
      0.019616921330462334,
      0.022925394463989,
      0.03699531020113733,
      0.021585400376215813,
      0.00915683983088178,
      0.01238306509771292,
      0.008243718933272137,
      0.016094374877223205,
      0.02380322692244552,
      0.018037640456125104,
      0.025771947870039225,
      0.01965472952616054,
      0.026314471460218813,
      0.015973957905649705,
      0.01973197640046631,
      0.00809700192754792,
      0.009529067717779616,
      0.011904157771313595,
      0.006359171598276037,
      0.02254739019667551,
      0.010918327072471201,
      0.040373947110168396,
      0.029658010931988943,
      0.02325221440947689,
      0.026413138148784765,
      0.019057444080838537,
      0.022381602886958896,
      0.010476406040804687,
      0.014370566389199646,
      0.014315915152035341,
      0.02047269230010873,
      0.015234881224109653,
      0.007452639642183456,
      0.009225177232067283,
      0.005825211317215806,
      0.011543394661594153,
      0.0359493885089045,
      0.6056525665380582,
      0.19712683337249304,
      0.19453663177526537,
      0.17693002691143767,
      0.04179326898241398,
      0.03679790135283234,
      0.0167829598886704,
      0.011474220236624921,
      0.010823476252753483,
      0.005165933633169528,
      0.006032950022395678,
      0.007529310088086216,
      0.007661530534521899,
      0.00577138056285964,
      0.004262156303471487,
      0.0032223901667703947,
      0.004313189868425105,
      0.0017678307667007287,
      0.0006298512091450492,
      0.0006136895662046671,
      0.0009148834484198343,
      0.000181046176052857,
      0.0019057518222910241,
      0.0006785652668075404,
      0.0116208556787456,
      0.0009083843313644202,
      0.6121098334811015,
      0.031125961294078075,
      0.023606972043883068,
      0.03357694093315722,
      0.017514089250062148,
      0.01608954630416204,
      0.00879294137864517,
      0.007843692355107179,
      0.003970724255834557,
      0.02715713949239884,
      0.04998242657300256,
      0.036424965453054736,
      0.0403465404715142,
      0.0193107582175448,
      0.0274978107678423,
      0.02261781662728679,
      0.04305674948797911,
      0.05367963314566926,
      0.044864028055171756,
      0.08000136663239998,
      0.07766029884858205,
      0.0924976027981328,
      0.0610233070639975,
      0.06656724837492889,
      0.07166354998165514,
      0.04555935210210438,
      0.08415513150342768,
      0.07104782099439111,
      0.09865318072831952,
      0.09069481417820302,
      0.07241088883845226,
      0.07531961045103097,
      0.04791274610459162,
      0.07010688709782464,
      0.03825508248058196,
      0.04765565679197914,
      0.04059130810417322,
      0.0628335182149603,
      0.06169942898285141,
      0.04219510054441422,
      0.03391728125170823,
      0.019983306395494282,
      0.04945137867352967,
      0.05817826995895736,
      0.03726087361255359,
      0.042295612010976646,
      0.0377974107647957,
      0.06361068875463616,
      0.060065485505488736,
      0.05837245629586063,
      0.04814662442682183,
      0.07901007334391408,
      0.08672999636106993,
      0.06793826219907217,
      0.08673360828796073,
      0.05918999268038139,
      0.08414863879449674,
      0.07422351029779295,
      0.05188138104032025,
      0.08215015906603573,
      0.0686726773611318,
      0.07441160831277249,
      0.04376281354200451,
      0.07592662995465038,
      0.04599546733377369,
      0.07230682044520864,
      0.06721417628119786,
      0.044640156229297956,
      0.061454558171288975,
      0.04024929973480851,
      0.07229634988433542,
      0.07821227772614003,
      0.0663136055790593,
      0.08525602225900375,
      0.061452093913906936,
      0.060297019262793516,
      0.025997019671684996,
      0.04299127567036298,
      0.03881888563817815,
      0.04913421842661758,
      0.05124404797796356,
      0.03948045137751599,
      0.046362553095159464,
      0.026561265954710755,
      0.025163281254864556,
      0.021426064607667383,
      0.017055613371648515,
      0.038181490472592894,
      0.03600451333088717,
      0.06829085187775963,
      0.05555543315165601,
      0.071912971032423,
      0.04484305791048193,
      0.07866008703903593,
      0.092274900220782,
      0.09245602629076843,
      0.13809255655220976,
      0.09371489396135302,
      0.1593476700473292,
      0.10271359558145798,
      0.012434726628718473,
      0.015574018918234178,
      0.014741833587945896,
      0.02371585448283209,
      0.00435726805061587,
      0.009081625272085003,
      0.007838694875665575,
      0.015337080522280333,
      0.037150813730919996,
      0.007712700463794353,
      0.023795091504920207,
      0.01240278327663269,
      0.017036513566099032,
      0.009461639746290995,
      0.0069869818557311,
      0.017754913916365078,
      0.01074020408331533,
      0.013866993602258404,
      0.017859715113996977,
      0.016153853587369094,
      0.01332851504819721,
      0.009545762985929351,
      0.011772488050233232,
      0.018414670662524668,
      0.014542472817297813,
      0.015732663141083236,
      0.02018952726683554,
      0.015789490439873655,
      0.010585108818870537,
      0.00926164588943168,
      0.009781176216993703,
      0.019271284047004067,
      0.008284563087516128,
      0.016675092998035934,
      0.009947027510503359,
      0.04927732901163706,
      0.03570555975908363,
      0.018630170436431226,
      0.04052997359232391,
      0.023064616705128493,
      0.050787859646291844,
      0.0385378977921198,
      0.026334127597153367,
      0.04232845096800364,
      0.03278202286031395,
      0.04660883696002538,
      0.015419054192303383,
      0.014392980065885519,
      0.015748659643537444,
      0.03476012033752007,
      0.03702541395165859,
      0.02510769727109108,
      0.05359803135199703,
      0.03721930335646573,
      0.04485118516624653,
      0.013060399199316008,
      0.012297079841008696,
      0.025270980466856274,
      0.025491502329190174,
      0.04057512556663756,
      0.011464991451212492,
      0.02503183620729077,
      0.010336080658977953,
      0.022081642986980454,
      0.029658427154613864,
      0.011037905675168158,
      0.02763901916187872,
      0.01440447504373743,
      0.04332814015922004,
      0.01789126244071959,
      0.014298051717990035,
      0.04914942055928884,
      0.03641788484322439,
      0.05264457174698611,
      0.02026301126913288,
      0.035785302451949774,
      0.0375811000991072,
      0.037605386582748146,
      0.03122331929945099,
      0.01468118600130719,
      0.028235513662316913,
      0.041786721912993374,
      0.08225698038599316,
      0.0699444711294207,
      0.015925451991282147,
      0.022401505525599608,
      0.04075691589855912,
      0.03556493587625287,
      0.02627631732492619,
      0.031179105762049297,
      0.028577582160470794,
      0.05528473869191086,
      0.04768477971092899,
      0.02617736827029793,
      0.015120724626914606,
      0.010450916384871944,
      0.015656592058080676,
      0.022624295085157176,
      0.01305648626662581,
      0.01315324936580986,
      0.012594119837281093,
      0.02313076084679566,
      0.010834243406845467,
      0.021829107027752537,
      0.012875399978620194,
      0.02332648379292024,
      0.0350528546844604,
      0.009174294318351706,
      0.017490959969524322,
      0.011773546305577809,
      0.023073245563096312,
      0.01682941472578281,
      0.009312547006625094,
      0.026325845780459378,
      0.00887638480526709,
      0.01867545297154749,
      0.044996668912269056,
      0.12224001431444975,
      0.08001846524838263,
      0.13048707072071808,
      0.09057191858989,
      0.05333114389107396,
      0.05765665434402922,
      0.04228812595613396,
      0.06287784994622925,
      0.059647963844012275,
      0.037589131908241424,
      0.056374084433819194,
      0.022529587466207812,
      0.039646133491179514,
      0.05157071996688689,
      0.06980529119229362,
      0.05263350381701115,
      0.07627218873748576,
      0.07674090819540558,
      0.045439185109028224,
      0.05171137462770958,
      0.03122978269793253,
      0.05406155625585296,
      0.03374826256571184,
      0.03093369395649337,
      0.04120850698381662,
      0.028928841740944233,
      0.053555489781456966,
      0.028180438324975965,
      0.039921534864468144,
      0.02698565980328005,
      0.030814715539125404,
      0.034659460881105275,
      0.016936494633114307,
      0.020610524738573055,
      0.01519262163532209,
      0.021295062989586278,
      0.0240937465269917,
      0.015793306485310077,
      0.023978241084910645,
      0.01739573235316849,
      0.008931060098431254,
      0.011493943482421498,
      0.007959063435892255,
      0.003739293863241122,
      0.00789190486144431,
      0.010061255726250384,
      0.010607067112728519,
      0.021416543318709125,
      0.023195762383842466,
      0.03874103371592463,
      0.036869584597279736,
      0.024043552472165608,
      0.02966642251226359,
      0.018762771004600443,
      0.02228075751493186,
      0.013735044638382155,
      0.03193528958535574,
      0.015161971508034666,
      0.02369541799222985,
      0.023599352606026303,
      0.016519025141449317,
      0.033252998320589255,
      0.021179179403794435,
      0.034746385279542324,
      0.04324906382701443,
      0.02910377806074005,
      0.04626035404064033,
      0.028908352255758607,
      0.058484953372209825,
      0.08677770048058797
    ],
    "change_score_mean": 0.03717645294710653,
    "change_score_std": 0.04849301500042184,
    "change_score_max": 0.6121098334811015,
    "temporal_gaps": [
      {
        "start_time": 0.3333333333333333,
        "end_time": 1.6666666666666667,
        "duration": 1.3333333333333335,
        "start_frame": 5,
        "end_frame": 25,
        "avg_change": 0.00024863040558970305
      },
      {
        "start_time": 9.533333333333333,
        "end_time": 10.8,
        "duration": 1.2666666666666675,
        "start_frame": 143,
        "end_frame": 162,
        "avg_change": 0.005113017791174024
      },
      {
        "start_time": 18.266666666666666,
        "end_time": 19.2,
        "duration": 0.9333333333333336,
        "start_frame": 274,
        "end_frame": 288,
        "avg_change": 0.01370667809688828
      }
    ],
    "temporal_gap_count": 3,
    "temporal_gap_total_duration": 3.5333333333333345,
    "transition_similarity_scores": [
      0.9727238585206244,
      0.8481315138025477,
      0.8054633682247346,
      0.38789016651889846,
      0.897286404418542
    ],
    "transition_similarity_mean": 0.7822990622970695,
    "temporal_density": 0.40089086859688194
  },
  "metadata": {
    "video_path": "/vol/videos/core/produced_digital/commercials/1FZNYXKHwNw.mp4",
    "dataset": "produced_digital/commercials",
    "tier": "produced_digital",
    "study_type": "core",
    "source_fps": 29.97002997002997,
    "experiment_version": "3.2"
  }
}