{
  "video_id": "1FZNYXKHwNw",
  "fps": 2.0,
  "duration": 29.5,
  "frame_count": 60,
  "scene_signals": {
    "transition_count": 4,
    "transition_timestamps": [
      2.0,
      2.5,
      11.0,
      26.0
    ],
    "transition_types": [
      "hard_cut",
      "hard_cut",
      "hard_cut",
      "soft_cut"
    ],
    "transition_magnitudes": [
      103.70573342394604,
      84.82617293410948,
      82.74876776666555,
      27.77578770109912
    ],
    "scene_count": 5,
    "scene_durations": [
      2.0,
      0.5,
      8.5,
      15.0,
      3.5
    ],
    "scene_duration_mean": 5.9,
    "scene_duration_std": 5.285830114561004,
    "scene_duration_min": 0.5,
    "scene_duration_max": 15.0,
    "scene_types": [
      "unknown",
      "unknown",
      "unknown",
      "unknown",
      "unknown"
    ],
    "transitions": [
      {
        "timestamp": 2.0,
        "frame_index": 4,
        "transition_type": "hard_cut",
        "magnitude": 103.70573342394604
      },
      {
        "timestamp": 2.5,
        "frame_index": 5,
        "transition_type": "hard_cut",
        "magnitude": 84.82617293410948
      },
      {
        "timestamp": 11.0,
        "frame_index": 22,
        "transition_type": "hard_cut",
        "magnitude": 82.74876776666555
      },
      {
        "timestamp": 26.0,
        "frame_index": 52,
        "transition_type": "soft_cut",
        "magnitude": 27.77578770109912
      }
    ],
    "scenes": [
      {
        "start_time": 0.0,
        "end_time": 2.0,
        "duration": 2.0,
        "scene_type": "unknown",
        "start_frame": 0,
        "end_frame": 3
      },
      {
        "start_time": 2.0,
        "end_time": 2.5,
        "duration": 0.5,
        "scene_type": "unknown",
        "start_frame": 4,
        "end_frame": 4
      },
      {
        "start_time": 2.5,
        "end_time": 11.0,
        "duration": 8.5,
        "scene_type": "unknown",
        "start_frame": 5,
        "end_frame": 21
      },
      {
        "start_time": 11.0,
        "end_time": 26.0,
        "duration": 15.0,
        "scene_type": "unknown",
        "start_frame": 22,
        "end_frame": 51
      },
      {
        "start_time": 26.0,
        "end_time": 29.5,
        "duration": 3.5,
        "scene_type": "unknown",
        "start_frame": 52,
        "end_frame": 59
      }
    ]
  },
  "character_signals": {
    "person_counts_per_frame": [
      0,
      0,
      0,
      0,
      0,
      0,
      3,
      3,
      3,
      3,
      3,
      3,
      3,
      3,
      3,
      4,
      4,
      3,
      2,
      0,
      0,
      0,
      3,
      2,
      2,
      2,
      3,
      2,
      3,
      3,
      3,
      3,
      3,
      3,
      3,
      0,
      0,
      0,
      0,
      0,
      0,
      0,
      0,
      0,
      0,
      0,
      0,
      0,
      0,
      0,
      0,
      0,
      2,
      3,
      3,
      2,
      3,
      3,
      3,
      2
    ],
    "person_count_mode": 0,
    "person_count_mean": 1.6,
    "person_count_std": 1.451436070471816,
    "person_count_min": 0,
    "person_count_max": 4,
    "person_count_distribution": {
      "0": 26,
      "3": 24,
      "4": 2,
      "2": 8
    },
    "character_consistency": 0.43333333333333335,
    "entry_events": [
      {
        "timestamp": 3.0,
        "frame_index": 6,
        "event_type": "entry",
        "count_before": 0,
        "count_after": 3
      },
      {
        "timestamp": 7.5,
        "frame_index": 15,
        "event_type": "entry",
        "count_before": 3,
        "count_after": 4
      },
      {
        "timestamp": 11.0,
        "frame_index": 22,
        "event_type": "entry",
        "count_before": 0,
        "count_after": 3
      },
      {
        "timestamp": 13.0,
        "frame_index": 26,
        "event_type": "entry",
        "count_before": 2,
        "count_after": 3
      },
      {
        "timestamp": 14.0,
        "frame_index": 28,
        "event_type": "entry",
        "count_before": 2,
        "count_after": 3
      },
      {
        "timestamp": 26.0,
        "frame_index": 52,
        "event_type": "entry",
        "count_before": 0,
        "count_after": 2
      },
      {
        "timestamp": 26.5,
        "frame_index": 53,
        "event_type": "entry",
        "count_before": 2,
        "count_after": 3
      },
      {
        "timestamp": 28.0,
        "frame_index": 56,
        "event_type": "entry",
        "count_before": 2,
        "count_after": 3
      }
    ],
    "exit_events": [
      {
        "timestamp": 8.5,
        "frame_index": 17,
        "event_type": "exit",
        "count_before": 4,
        "count_after": 3
      },
      {
        "timestamp": 9.0,
        "frame_index": 18,
        "event_type": "exit",
        "count_before": 3,
        "count_after": 2
      },
      {
        "timestamp": 9.5,
        "frame_index": 19,
        "event_type": "exit",
        "count_before": 2,
        "count_after": 0
      },
      {
        "timestamp": 11.5,
        "frame_index": 23,
        "event_type": "exit",
        "count_before": 3,
        "count_after": 2
      },
      {
        "timestamp": 13.5,
        "frame_index": 27,
        "event_type": "exit",
        "count_before": 3,
        "count_after": 2
      },
      {
        "timestamp": 17.5,
        "frame_index": 35,
        "event_type": "exit",
        "count_before": 3,
        "count_after": 0
      },
      {
        "timestamp": 27.5,
        "frame_index": 55,
        "event_type": "exit",
        "count_before": 3,
        "count_after": 2
      },
      {
        "timestamp": 29.5,
        "frame_index": 59,
        "event_type": "exit",
        "count_before": 3,
        "count_after": 2
      }
    ],
    "entry_count": 8,
    "exit_count": 8,
    "entry_exit_total": 16,
    "entry_timestamps": [
      3.0,
      7.5,
      11.0,
      13.0,
      14.0,
      26.0,
      26.5,
      28.0
    ],
    "exit_timestamps": [
      8.5,
      9.0,
      9.5,
      11.5,
      13.5,
      17.5,
      27.5,
      29.5
    ]
  },
  "visual_signals": {
    "unique_objects": [
      "cake",
      "person",
      "donut",
      "dining table",
      "sandwich",
      "cell phone"
    ],
    "unique_object_count": 6,
    "persistent_objects": [],
    "persistent_object_count": 0,
    "transient_objects": [
      "donut",
      "dining table",
      "sandwich",
      "cell phone"
    ],
    "transient_object_count": 4,
    "object_frequency": {
      "cake": 0.36666666666666664,
      "person": 0.5666666666666667,
      "donut": 0.1,
      "dining table": 0.2,
      "sandwich": 0.016666666666666666,
      "cell phone": 0.016666666666666666
    },
    "object_frame_counts": {
      "cake": 22,
      "person": 34,
      "donut": 6,
      "dining table": 12,
      "sandwich": 1,
      "cell phone": 1
    },
    "object_first_appearance": {
      "cake": 3.0,
      "person": 3.0,
      "donut": 11.5,
      "dining table": 12.5,
      "sandwich": 18.5,
      "cell phone": 28.0
    },
    "object_last_appearance": {
      "cake": 29.0,
      "person": 29.5,
      "donut": 16.5,
      "dining table": 29.5,
      "sandwich": 18.5,
      "cell phone": 28.0
    },
    "objects_per_frame": [
      [],
      [],
      [],
      [],
      [],
      [],
      [
        "cake",
        "person"
      ],
      [
        "cake",
        "person"
      ],
      [
        "cake",
        "person"
      ],
      [
        "cake",
        "person"
      ],
      [
        "cake",
        "person"
      ],
      [
        "cake",
        "person"
      ],
      [
        "cake",
        "person"
      ],
      [
        "cake",
        "person"
      ],
      [
        "cake",
        "person"
      ],
      [
        "cake",
        "person"
      ],
      [
        "cake",
        "person"
      ],
      [
        "cake",
        "person"
      ],
      [
        "person"
      ],
      [],
      [],
      [],
      [
        "person"
      ],
      [
        "donut",
        "person"
      ],
      [
        "donut",
        "person"
      ],
      [
        "donut",
        "dining table",
        "person"
      ],
      [
        "dining table",
        "person"
      ],
      [
        "person"
      ],
      [
        "person"
      ],
      [
        "dining table",
        "person"
      ],
      [
        "donut",
        "dining table",
        "person"
      ],
      [
        "cake",
        "person"
      ],
      [
        "donut",
        "person"
      ],
      [
        "donut",
        "cake",
        "person"
      ],
      [
        "cake",
        "person"
      ],
      [],
      [],
      [
        "sandwich"
      ],
      [],
      [],
      [],
      [],
      [],
      [],
      [],
      [],
      [],
      [],
      [],
      [],
      [],
      [],
      [
        "cake",
        "dining table",
        "person"
      ],
      [
        "cake",
        "dining table",
        "person"
      ],
      [
        "person",
        "dining table",
        "cake"
      ],
      [
        "cake",
        "dining table",
        "person"
      ],
      [
        "cell phone",
        "cake",
        "dining table",
        "person"
      ],
      [
        "cake",
        "dining table",
        "person"
      ],
      [
        "cake",
        "dining table",
        "person"
      ],
      [
        "dining table",
        "person"
      ]
    ],
    "appearances": [
      {
        "object_class": "cake",
        "first_appearance": 3.0,
        "last_appearance": 29.0,
        "frame_count": 22,
        "frequency": 0.36666666666666664
      },
      {
        "object_class": "person",
        "first_appearance": 3.0,
        "last_appearance": 29.5,
        "frame_count": 34,
        "frequency": 0.5666666666666667
      },
      {
        "object_class": "donut",
        "first_appearance": 11.5,
        "last_appearance": 16.5,
        "frame_count": 6,
        "frequency": 0.1
      },
      {
        "object_class": "dining table",
        "first_appearance": 12.5,
        "last_appearance": 29.5,
        "frame_count": 12,
        "frequency": 0.2
      },
      {
        "object_class": "sandwich",
        "first_appearance": 18.5,
        "last_appearance": 18.5,
        "frame_count": 1,
        "frequency": 0.016666666666666666
      },
      {
        "object_class": "cell phone",
        "first_appearance": 28.0,
        "last_appearance": 28.0,
        "frame_count": 1,
        "frequency": 0.016666666666666666
      }
    ]
  },
  "atmosphere_signals": {
    "brightness_values": [
      24.918304036458334,
      24.47361762152778,
      24.454600694444444,
      24.454232855902777,
      22.779970703125,
      55.35368489583333,
      71.66013997395834,
      72.30870225694444,
      72.39158745659722,
      72.46559244791666,
      72.72665581597222,
      72.78250108506944,
      72.462138671875,
      72.54796875,
      73.02155056423611,
      72.73477973090277,
      72.94596896701388,
      72.53988389756944,
      71.95565104166667,
      123.48354600694445,
      129.63300455729166,
      130.67920681423612,
      70.39281792534722,
      71.36481011284722,
      72.20182508680556,
      73.722734375,
      73.30404405381944,
      72.85349066840278,
      73.452587890625,
      73.55224934895833,
      72.81935872395833,
      70.68545572916666,
      69.28545789930556,
      68.68670138888889,
      68.1273166232639,
      101.74291232638889,
      101.2677734375,
      100.74303602430555,
      100.830107421875,
      100.48377387152777,
      99.06312391493056,
      97.12962565104166,
      96.06827799479167,
      94.10734266493056,
      93.54696940104166,
      91.61449327256945,
      90.12743923611112,
      87.59078559027778,
      85.87661783854166,
      85.17699869791667,
      83.59504774305556,
      74.57337239583333,
      74.30538953993056,
      76.60055230034722,
      76.94483506944445,
      76.15082356770833,
      76.18582248263888,
      76.03816297743056,
      76.322451171875,
      76.37489691840278
    ],
    "brightness_mean": 77.09471283637153,
    "brightness_std": 21.724639864616798,
    "brightness_min": 22.779970703125,
    "brightness_max": 130.67920681423612,
    "brightness_range": 107.89923611111112,
    "lighting_changes": [
      {
        "timestamp": 2.5,
        "frame_index": 5,
        "brightness_before": 22.779970703125,
        "brightness_after": 55.35368489583333,
        "magnitude": 32.57371419270834
      },
      {
        "timestamp": 9.5,
        "frame_index": 19,
        "brightness_before": 71.95565104166667,
        "brightness_after": 123.48354600694445,
        "magnitude": 51.52789496527778
      },
      {
        "timestamp": 11.0,
        "frame_index": 22,
        "brightness_before": 130.67920681423612,
        "brightness_after": 70.39281792534722,
        "magnitude": 60.28638888888891
      },
      {
        "timestamp": 17.5,
        "frame_index": 35,
        "brightness_before": 68.1273166232639,
        "brightness_after": 101.74291232638889,
        "magnitude": 33.615595703124995
      }
    ],
    "lighting_change_count": 4,
    "setting_type": "indoor",
    "dominant_colors_rgb": [
      [
        "197",
        "192",
        "185"
      ],
      [
        "134",
        "116",
        "98"
      ],
      [
        "21",
        "19",
        "16"
      ]
    ],
    "dominant_colors": [
      "brown",
      "brown",
      "black"
    ]
  },
  "action_signals": {
    "intensity_timeline": [
      0.0,
      0.0001212439127266407,
      0.00019961172714829444,
      0.00015741674229502678,
      0.002162462919950485,
      0.03720763444900513,
      0.08316405296325684,
      0.044930977821350096,
      0.04138866901397705,
      0.053630437850952145,
      0.04375318050384522,
      0.022637367248535156,
      0.038875901699066163,
      0.03506091833114624,
      0.025582170486450194,
      0.03950014114379883,
      0.01950820326805115,
      0.03931281566619873,
      0.024292409420013428,
      0.14342451095581055,
      0.012319477796554566,
      0.004157899022102356,
      0.33644866943359375,
      0.021264603137969972,
      0.032770130634307865,
      0.06180989265441895,
      0.07278589248657226,
      0.04506893634796143,
      0.04154314994812012,
      0.061998453140258786,
      0.061179919242858885,
      0.051637001037597656,
      0.06613830089569092,
      0.04607749462127685,
      0.07336104393005372,
      0.13997488021850585,
      0.03882165193557739,
      0.046432662010192874,
      0.04655592918395996,
      0.04415751457214356,
      0.05161869049072266,
      0.0882300853729248,
      0.06569809913635254,
      0.05375780582427978,
      0.04471204280853271,
      0.06587709903717041,
      0.07054304122924805,
      0.06927164077758789,
      0.055459208488464355,
      0.04350132465362549,
      0.045924654006958006,
      0.12016683578491211,
      0.07528140544891357,
      0.0634276819229126,
      0.061100945472717286,
      0.06015425682067871,
      0.040280303955078124,
      0.029048871994018555,
      0.04435623168945312,
      0.047825865745544434
    ],
    "intensity_mean": 0.05326082865055651,
    "intensity_std": 0.04681576607912545,
    "intensity_min": 0.0,
    "intensity_max": 0.33644866943359375,
    "intensity_trend": "stable",
    "peak_moments": [
      {
        "timestamp": 9.5,
        "frame_index": 19,
        "intensity": 0.14342451095581055,
        "moment_type": "peak"
      },
      {
        "timestamp": 11.0,
        "frame_index": 22,
        "intensity": 0.33644866943359375,
        "moment_type": "peak"
      },
      {
        "timestamp": 17.5,
        "frame_index": 35,
        "intensity": 0.13997488021850585,
        "moment_type": "peak"
      }
    ],
    "valley_moments": [
      {
        "timestamp": 10.5,
        "frame_index": 21,
        "intensity": 0.004157899022102356,
        "moment_type": "valley"
      },
      {
        "timestamp": 11.5,
        "frame_index": 23,
        "intensity": 0.021264603137969972,
        "moment_type": "valley"
      }
    ],
    "peak_timestamps": [
      9.5,
      11.0,
      17.5
    ],
    "valley_timestamps": [
      10.5,
      11.5
    ],
    "peak_count": 3,
    "valley_count": 2,
    "action_variance": 0.0021917159535753935
  },
  "temporal_signals": {
    "frame_change_scores": [
      0.0,
      0.05694561904420381,
      0.0011268335390979267,
      0.0002342488246499519,
      0.2686391062556922,
      0.5549261533206183,
      0.3258380070073459,
      0.17073747596011224,
      0.16721575022206014,
      0.1748341984183145,
      0.13699732328530156,
      0.08393984334727089,
      0.13074675036208405,
      0.11111213280188426,
      0.09196496260876608,
      0.14397975561545884,
      0.06942677099524586,
      0.1373975073046213,
      0.10021694673945025,
      0.6080435776278617,
      0.03505629492959306,
      0.011462612417332596,
      0.61002841828419,
      0.07343014840292483,
      0.1427708032047147,
      0.22943262763498862,
      0.2524882828344396,
      0.16431351766338032,
      0.12885088699585423,
      0.2259300368381063,
      0.23745865740895156,
      0.20397703530409617,
      0.2255169260675879,
      0.16912031442911624,
      0.2131362866212827,
      0.655903253383064,
      0.14608310602761143,
      0.18727981124077198,
      0.17972846909846318,
      0.17699681697080993,
      0.22928047567591014,
      0.313178597764581,
      0.27656952537831525,
      0.2636167403054309,
      0.23909746929760112,
      0.3000829259590866,
      0.31992192238995265,
      0.3135248496282621,
      0.27588459487715744,
      0.21220492042833172,
      0.22378602922552793,
      0.5368877397234653,
      0.2750708253850962,
      0.21564055888141198,
      0.189791639859194,
      0.17558112787372637,
      0.1360554502503245,
      0.08003140044531498,
      0.13068754178183106,
      0.14955484008380204
    ],
    "change_score_mean": 0.20766227407086071,
    "change_score_std": 0.14250586885882,
    "change_score_max": 0.655903253383064,
    "temporal_gaps": [
      {
        "start_time": 1.0,
        "end_time": 1.5,
        "duration": 0.5,
        "start_frame": 2,
        "end_frame": 3,
        "avg_change": 0.0006805411818739393
      }
    ],
    "temporal_gap_count": 1,
    "temporal_gap_total_duration": 0.5,
    "transition_similarity_scores": [
      0.7313608937443078,
      0.44507384667938166,
      0.38997158171581,
      0.7249291746149038
    ],
    "transition_similarity_mean": 0.5728338741886008,
    "temporal_density": 1.6610169491525424
  },
  "metadata": {
    "video_path": "/vol/videos/core/produced_digital/commercials/1FZNYXKHwNw.mp4",
    "dataset": "produced_digital/commercials",
    "tier": "produced_digital",
    "study_type": "core",
    "source_fps": 29.97002997002997,
    "experiment_version": "3.2"
  }
}