{
  "video_id": "1FZNYXKHwNw",
  "fps": 8.0,
  "duration": 29.875,
  "frame_count": 240,
  "scene_signals": {
    "transition_count": 3,
    "transition_timestamps": [
      2.125,
      10.875,
      17.5
    ],
    "transition_types": [
      "hard_cut",
      "hard_cut",
      "hard_cut"
    ],
    "transition_magnitudes": [
      99.93711716401464,
      118.37079085492802,
      2479.5855888791875
    ],
    "scene_count": 4,
    "scene_durations": [
      2.125,
      8.75,
      6.625,
      12.375
    ],
    "scene_duration_mean": 7.46875,
    "scene_duration_std": 3.70744078678271,
    "scene_duration_min": 2.125,
    "scene_duration_max": 12.375,
    "scene_types": [
      "unknown",
      "unknown",
      "unknown",
      "unknown"
    ],
    "transitions": [
      {
        "timestamp": 2.125,
        "frame_index": 17,
        "transition_type": "hard_cut",
        "magnitude": 99.93711716401464
      },
      {
        "timestamp": 10.875,
        "frame_index": 87,
        "transition_type": "hard_cut",
        "magnitude": 118.37079085492802
      },
      {
        "timestamp": 17.5,
        "frame_index": 140,
        "transition_type": "hard_cut",
        "magnitude": 2479.5855888791875
      }
    ],
    "scenes": [
      {
        "start_time": 0.0,
        "end_time": 2.125,
        "duration": 2.125,
        "scene_type": "unknown",
        "start_frame": 0,
        "end_frame": 16
      },
      {
        "start_time": 2.125,
        "end_time": 10.875,
        "duration": 8.75,
        "scene_type": "unknown",
        "start_frame": 17,
        "end_frame": 86
      },
      {
        "start_time": 10.875,
        "end_time": 17.5,
        "duration": 6.625,
        "scene_type": "unknown",
        "start_frame": 87,
        "end_frame": 139
      },
      {
        "start_time": 17.5,
        "end_time": 29.875,
        "duration": 12.375,
        "scene_type": "unknown",
        "start_frame": 140,
        "end_frame": 239
      }
    ]
  },
  "character_signals": {
    "person_counts_per_frame": [
      0,
      0,
      0,
      0,
      0,
      0,
      0,
      0,
      0,
      0,
      0,
      0,
      0,
      0,
      0,
      0,
      0,
      0,
      0,
      0,
      0,
      3,
      3,
      3,
      3,
      3,
      3,
      3,
      3,
      3,
      3,
      3,
      3,
      3,
      3,
      3,
      3,
      3,
      3,
      3,
      3,
      2,
      3,
      2,
      3,
      2,
      3,
      3,
      3,
      3,
      3,
      3,
      3,
      3,
      3,
      3,
      3,
      3,
      4,
      4,
      4,
      4,
      4,
      4,
      4,
      3,
      3,
      2,
      3,
      2,
      2,
      2,
      2,
      0,
      0,
      0,
      0,
      0,
      0,
      0,
      0,
      0,
      0,
      0,
      0,
      0,
      0,
      3,
      3,
      2,
      2,
      3,
      2,
      3,
      3,
      2,
      2,
      2,
      3,
      2,
      2,
      3,
      3,
      3,
      3,
      3,
      2,
      2,
      2,
      2,
      2,
      3,
      3,
      3,
      3,
      3,
      3,
      3,
      3,
      3,
      3,
      3,
      3,
      3,
      3,
      3,
      2,
      3,
      3,
      3,
      3,
      3,
      3,
      3,
      3,
      3,
      3,
      3,
      3,
      0,
      0,
      0,
      0,
      0,
      0,
      0,
      0,
      0,
      0,
      0,
      0,
      0,
      0,
      0,
      0,
      0,
      0,
      0,
      0,
      0,
      0,
      0,
      0,
      0,
      0,
      0,
      0,
      0,
      0,
      0,
      0,
      0,
      0,
      0,
      0,
      0,
      0,
      0,
      0,
      0,
      0,
      0,
      0,
      0,
      0,
      0,
      0,
      0,
      0,
      0,
      0,
      0,
      0,
      0,
      0,
      0,
      0,
      0,
      0,
      0,
      0,
      0,
      0,
      0,
      0,
      1,
      3,
      3,
      2,
      3,
      3,
      3,
      3,
      3,
      3,
      4,
      3,
      3,
      3,
      1,
      2,
      3,
      3,
      3,
      3,
      3,
      3,
      3,
      3,
      3,
      3,
      3,
      3,
      3,
      3,
      3,
      2,
      2,
      1,
      2
    ],
    "person_count_mode": 0,
    "person_count_mean": 1.6333333333333333,
    "person_count_std": 1.4544949486180956,
    "person_count_min": 0,
    "person_count_max": 4,
    "person_count_distribution": {
      "0": 101,
      "3": 101,
      "2": 27,
      "4": 8,
      "1": 3
    },
    "character_consistency": 0.42083333333333334,
    "entry_events": [
      {
        "timestamp": 2.625,
        "frame_index": 21,
        "event_type": "entry",
        "count_before": 0,
        "count_after": 3
      },
      {
        "timestamp": 5.25,
        "frame_index": 42,
        "event_type": "entry",
        "count_before": 2,
        "count_after": 3
      },
      {
        "timestamp": 5.5,
        "frame_index": 44,
        "event_type": "entry",
        "count_before": 2,
        "count_after": 3
      },
      {
        "timestamp": 5.75,
        "frame_index": 46,
        "event_type": "entry",
        "count_before": 2,
        "count_after": 3
      },
      {
        "timestamp": 7.25,
        "frame_index": 58,
        "event_type": "entry",
        "count_before": 3,
        "count_after": 4
      },
      {
        "timestamp": 8.5,
        "frame_index": 68,
        "event_type": "entry",
        "count_before": 2,
        "count_after": 3
      },
      {
        "timestamp": 10.875,
        "frame_index": 87,
        "event_type": "entry",
        "count_before": 0,
        "count_after": 3
      },
      {
        "timestamp": 11.375,
        "frame_index": 91,
        "event_type": "entry",
        "count_before": 2,
        "count_after": 3
      },
      {
        "timestamp": 11.625,
        "frame_index": 93,
        "event_type": "entry",
        "count_before": 2,
        "count_after": 3
      },
      {
        "timestamp": 12.25,
        "frame_index": 98,
        "event_type": "entry",
        "count_before": 2,
        "count_after": 3
      },
      {
        "timestamp": 12.625,
        "frame_index": 101,
        "event_type": "entry",
        "count_before": 2,
        "count_after": 3
      },
      {
        "timestamp": 13.875,
        "frame_index": 111,
        "event_type": "entry",
        "count_before": 2,
        "count_after": 3
      },
      {
        "timestamp": 15.875,
        "frame_index": 127,
        "event_type": "entry",
        "count_before": 2,
        "count_after": 3
      },
      {
        "timestamp": 25.625,
        "frame_index": 205,
        "event_type": "entry",
        "count_before": 0,
        "count_after": 1
      },
      {
        "timestamp": 25.75,
        "frame_index": 206,
        "event_type": "entry",
        "count_before": 1,
        "count_after": 3
      },
      {
        "timestamp": 26.125,
        "frame_index": 209,
        "event_type": "entry",
        "count_before": 2,
        "count_after": 3
      },
      {
        "timestamp": 26.875,
        "frame_index": 215,
        "event_type": "entry",
        "count_before": 3,
        "count_after": 4
      },
      {
        "timestamp": 27.5,
        "frame_index": 220,
        "event_type": "entry",
        "count_before": 1,
        "count_after": 2
      },
      {
        "timestamp": 27.625,
        "frame_index": 221,
        "event_type": "entry",
        "count_before": 2,
        "count_after": 3
      },
      {
        "timestamp": 29.875,
        "frame_index": 239,
        "event_type": "entry",
        "count_before": 1,
        "count_after": 2
      }
    ],
    "exit_events": [
      {
        "timestamp": 5.125,
        "frame_index": 41,
        "event_type": "exit",
        "count_before": 3,
        "count_after": 2
      },
      {
        "timestamp": 5.375,
        "frame_index": 43,
        "event_type": "exit",
        "count_before": 3,
        "count_after": 2
      },
      {
        "timestamp": 5.625,
        "frame_index": 45,
        "event_type": "exit",
        "count_before": 3,
        "count_after": 2
      },
      {
        "timestamp": 8.125,
        "frame_index": 65,
        "event_type": "exit",
        "count_before": 4,
        "count_after": 3
      },
      {
        "timestamp": 8.375,
        "frame_index": 67,
        "event_type": "exit",
        "count_before": 3,
        "count_after": 2
      },
      {
        "timestamp": 8.625,
        "frame_index": 69,
        "event_type": "exit",
        "count_before": 3,
        "count_after": 2
      },
      {
        "timestamp": 9.125,
        "frame_index": 73,
        "event_type": "exit",
        "count_before": 2,
        "count_after": 0
      },
      {
        "timestamp": 11.125,
        "frame_index": 89,
        "event_type": "exit",
        "count_before": 3,
        "count_after": 2
      },
      {
        "timestamp": 11.5,
        "frame_index": 92,
        "event_type": "exit",
        "count_before": 3,
        "count_after": 2
      },
      {
        "timestamp": 11.875,
        "frame_index": 95,
        "event_type": "exit",
        "count_before": 3,
        "count_after": 2
      },
      {
        "timestamp": 12.375,
        "frame_index": 99,
        "event_type": "exit",
        "count_before": 3,
        "count_after": 2
      },
      {
        "timestamp": 13.25,
        "frame_index": 106,
        "event_type": "exit",
        "count_before": 3,
        "count_after": 2
      },
      {
        "timestamp": 15.75,
        "frame_index": 126,
        "event_type": "exit",
        "count_before": 3,
        "count_after": 2
      },
      {
        "timestamp": 17.375,
        "frame_index": 139,
        "event_type": "exit",
        "count_before": 3,
        "count_after": 0
      },
      {
        "timestamp": 26.0,
        "frame_index": 208,
        "event_type": "exit",
        "count_before": 3,
        "count_after": 2
      },
      {
        "timestamp": 27.0,
        "frame_index": 216,
        "event_type": "exit",
        "count_before": 4,
        "count_after": 3
      },
      {
        "timestamp": 27.375,
        "frame_index": 219,
        "event_type": "exit",
        "count_before": 3,
        "count_after": 1
      },
      {
        "timestamp": 29.5,
        "frame_index": 236,
        "event_type": "exit",
        "count_before": 3,
        "count_after": 2
      },
      {
        "timestamp": 29.75,
        "frame_index": 238,
        "event_type": "exit",
        "count_before": 2,
        "count_after": 1
      }
    ],
    "entry_count": 20,
    "exit_count": 19,
    "entry_exit_total": 39,
    "entry_timestamps": [
      2.625,
      5.25,
      5.5,
      5.75,
      7.25,
      8.5,
      10.875,
      11.375,
      11.625,
      12.25,
      12.625,
      13.875,
      15.875,
      25.625,
      25.75,
      26.125,
      26.875,
      27.5,
      27.625,
      29.875
    ],
    "exit_timestamps": [
      5.125,
      5.375,
      5.625,
      8.125,
      8.375,
      8.625,
      9.125,
      11.125,
      11.5,
      11.875,
      12.375,
      13.25,
      15.75,
      17.375,
      26.0,
      27.0,
      27.375,
      29.5,
      29.75
    ]
  },
  "visual_signals": {
    "unique_objects": [
      "person",
      "cake",
      "dining table",
      "sandwich",
      "donut",
      "banana",
      "dog",
      "carrot",
      "cell phone"
    ],
    "unique_object_count": 9,
    "persistent_objects": [],
    "persistent_object_count": 0,
    "transient_objects": [
      "sandwich",
      "donut",
      "banana",
      "dog",
      "carrot",
      "cell phone"
    ],
    "transient_object_count": 6,
    "object_frequency": {
      "person": 0.5791666666666667,
      "cake": 0.3958333333333333,
      "dining table": 0.22916666666666666,
      "sandwich": 0.008333333333333333,
      "donut": 0.08333333333333333,
      "banana": 0.008333333333333333,
      "dog": 0.004166666666666667,
      "carrot": 0.008333333333333333,
      "cell phone": 0.0125
    },
    "object_frame_counts": {
      "person": 139,
      "cake": 95,
      "dining table": 55,
      "sandwich": 2,
      "donut": 20,
      "banana": 2,
      "dog": 1,
      "carrot": 2,
      "cell phone": 3
    },
    "object_first_appearance": {
      "person": 2.625,
      "cake": 2.875,
      "dining table": 4.375,
      "sandwich": 9.25,
      "donut": 9.375,
      "banana": 12.125,
      "dog": 12.375,
      "carrot": 25.125,
      "cell phone": 28.0
    },
    "object_last_appearance": {
      "person": 29.875,
      "cake": 29.375,
      "dining table": 29.875,
      "sandwich": 18.5,
      "donut": 17.125,
      "banana": 29.375,
      "dog": 12.375,
      "carrot": 25.25,
      "cell phone": 28.25
    },
    "objects_per_frame": [
      [],
      [],
      [],
      [],
      [],
      [],
      [],
      [],
      [],
      [],
      [],
      [],
      [],
      [],
      [],
      [],
      [],
      [],
      [],
      [],
      [],
      [
        "person"
      ],
      [
        "person"
      ],
      [
        "cake",
        "person"
      ],
      [
        "cake",
        "person"
      ],
      [
        "cake",
        "person"
      ],
      [
        "cake",
        "person"
      ],
      [
        "cake",
        "person"
      ],
      [
        "cake",
        "person"
      ],
      [
        "cake",
        "person"
      ],
      [
        "cake",
        "person"
      ],
      [
        "cake",
        "person"
      ],
      [
        "cake",
        "person"
      ],
      [
        "cake",
        "person"
      ],
      [
        "cake",
        "person"
      ],
      [
        "cake",
        "dining table",
        "person"
      ],
      [
        "cake",
        "person"
      ],
      [
        "cake",
        "person"
      ],
      [
        "cake",
        "person"
      ],
      [
        "cake",
        "person"
      ],
      [
        "cake",
        "person"
      ],
      [
        "cake",
        "person"
      ],
      [
        "cake",
        "person"
      ],
      [
        "cake",
        "person"
      ],
      [
        "cake",
        "person"
      ],
      [
        "cake",
        "person"
      ],
      [
        "cake",
        "dining table",
        "person"
      ],
      [
        "cake",
        "dining table",
        "person"
      ],
      [
        "cake",
        "person"
      ],
      [
        "cake",
        "person"
      ],
      [
        "cake",
        "person"
      ],
      [
        "cake",
        "person"
      ],
      [
        "cake",
        "person"
      ],
      [
        "cake",
        "person"
      ],
      [
        "cake",
        "person"
      ],
      [
        "cake",
        "person"
      ],
      [
        "cake",
        "person"
      ],
      [
        "cake",
        "person"
      ],
      [
        "cake",
        "person"
      ],
      [
        "cake",
        "person"
      ],
      [
        "cake",
        "person"
      ],
      [
        "cake",
        "person"
      ],
      [
        "cake",
        "person"
      ],
      [
        "cake",
        "person"
      ],
      [
        "cake",
        "person"
      ],
      [
        "cake",
        "person"
      ],
      [
        "cake",
        "person"
      ],
      [
        "cake",
        "person"
      ],
      [
        "cake",
        "person"
      ],
      [
        "cake",
        "person"
      ],
      [
        "person"
      ],
      [
        "person"
      ],
      [
        "person"
      ],
      [],
      [
        "sandwich"
      ],
      [
        "donut"
      ],
      [],
      [],
      [],
      [],
      [],
      [],
      [],
      [],
      [],
      [],
      [],
      [
        "donut",
        "person"
      ],
      [
        "person"
      ],
      [
        "person"
      ],
      [
        "donut",
        "person"
      ],
      [
        "donut",
        "person"
      ],
      [
        "donut",
        "person"
      ],
      [
        "donut",
        "person"
      ],
      [
        "person"
      ],
      [
        "person"
      ],
      [
        "donut",
        "person"
      ],
      [
        "banana",
        "person"
      ],
      [
        "dining table",
        "person"
      ],
      [
        "dog",
        "person"
      ],
      [
        "donut",
        "dining table",
        "person"
      ],
      [
        "donut",
        "dining table",
        "person"
      ],
      [
        "cake",
        "dining table",
        "person"
      ],
      [
        "cake",
        "dining table",
        "person"
      ],
      [
        "dining table",
        "person"
      ],
      [
        "cake",
        "dining table",
        "person"
      ],
      [
        "person"
      ],
      [
        "person"
      ],
      [
        "person"
      ],
      [
        "person"
      ],
      [
        "person"
      ],
      [
        "person"
      ],
      [
        "person"
      ],
      [
        "donut",
        "person"
      ],
      [
        "cake",
        "dining table",
        "person"
      ],
      [
        "donut",
        "dining table",
        "person"
      ],
      [
        "dining table",
        "person"
      ],
      [
        "donut",
        "dining table",
        "person"
      ],
      [
        "donut",
        "dining table",
        "person"
      ],
      [
        "donut",
        "dining table",
        "person"
      ],
      [
        "donut",
        "dining table",
        "person"
      ],
      [
        "cake",
        "dining table",
        "person"
      ],
      [
        "cake",
        "person"
      ],
      [
        "cake",
        "person"
      ],
      [
        "cake",
        "person"
      ],
      [
        "cake",
        "person"
      ],
      [
        "cake",
        "person"
      ],
      [
        "cake",
        "person"
      ],
      [
        "donut",
        "person"
      ],
      [
        "donut",
        "person"
      ],
      [
        "donut",
        "person"
      ],
      [
        "cake",
        "person"
      ],
      [
        "cake",
        "donut",
        "person"
      ],
      [
        "cake",
        "dining table",
        "person"
      ],
      [
        "cake",
        "dining table",
        "person"
      ],
      [
        "cake",
        "dining table",
        "person"
      ],
      [
        "cake",
        "person"
      ],
      [
        "donut",
        "person"
      ],
      [
        "person"
      ],
      [],
      [],
      [],
      [],
      [],
      [],
      [],
      [],
      [],
      [
        "sandwich"
      ],
      [],
      [],
      [],
      [],
      [],
      [],
      [],
      [],
      [],
      [],
      [],
      [],
      [],
      [],
      [],
      [],
      [],
      [],
      [],
      [],
      [],
      [],
      [],
      [],
      [],
      [],
      [],
      [],
      [],
      [],
      [],
      [],
      [],
      [],
      [],
      [],
      [],
      [],
      [],
      [],
      [],
      [],
      [],
      [],
      [],
      [],
      [],
      [],
      [],
      [],
      [],
      [],
      [
        "carrot"
      ],
      [
        "carrot"
      ],
      [],
      [],
      [
        "cake",
        "person"
      ],
      [
        "cake",
        "dining table",
        "person"
      ],
      [
        "cake",
        "dining table",
        "person"
      ],
      [
        "cake",
        "dining table",
        "person"
      ],
      [
        "cake",
        "dining table",
        "person"
      ],
      [
        "cake",
        "dining table",
        "person"
      ],
      [
        "cake",
        "dining table",
        "person"
      ],
      [
        "cake",
        "dining table",
        "person"
      ],
      [
        "cake",
        "dining table",
        "person"
      ],
      [
        "cake",
        "dining table",
        "person"
      ],
      [
        "cake",
        "dining table",
        "person"
      ],
      [
        "cake",
        "dining table",
        "person"
      ],
      [
        "cake",
        "dining table",
        "person"
      ],
      [
        "cake",
        "dining table",
        "person"
      ],
      [
        "cake",
        "dining table",
        "person"
      ],
      [
        "cake",
        "dining table",
        "person"
      ],
      [
        "cake",
        "dining table",
        "person"
      ],
      [
        "cake",
        "dining table",
        "person"
      ],
      [
        "cake",
        "dining table",
        "person"
      ],
      [
        "cell phone",
        "cake",
        "dining table",
        "person"
      ],
      [
        "cell phone",
        "cake",
        "dining table",
        "person"
      ],
      [
        "cell phone",
        "cake",
        "dining table",
        "person"
      ],
      [
        "cake",
        "dining table",
        "person"
      ],
      [
        "cake",
        "dining table",
        "person"
      ],
      [
        "cake",
        "dining table",
        "person"
      ],
      [
        "cake",
        "dining table",
        "person"
      ],
      [
        "cake",
        "dining table",
        "person"
      ],
      [
        "cake",
        "dining table",
        "person"
      ],
      [
        "cake",
        "dining table",
        "person"
      ],
      [
        "cake",
        "dining table",
        "person"
      ],
      [
        "cake",
        "banana",
        "dining table",
        "person"
      ],
      [
        "dining table",
        "person"
      ],
      [
        "dining table",
        "person"
      ],
      [
        "dining table",
        "person"
      ],
      [
        "dining table",
        "person"
      ]
    ],
    "appearances": [
      {
        "object_class": "person",
        "first_appearance": 2.625,
        "last_appearance": 29.875,
        "frame_count": 139,
        "frequency": 0.5791666666666667
      },
      {
        "object_class": "cake",
        "first_appearance": 2.875,
        "last_appearance": 29.375,
        "frame_count": 95,
        "frequency": 0.3958333333333333
      },
      {
        "object_class": "dining table",
        "first_appearance": 4.375,
        "last_appearance": 29.875,
        "frame_count": 55,
        "frequency": 0.22916666666666666
      },
      {
        "object_class": "sandwich",
        "first_appearance": 9.25,
        "last_appearance": 18.5,
        "frame_count": 2,
        "frequency": 0.008333333333333333
      },
      {
        "object_class": "donut",
        "first_appearance": 9.375,
        "last_appearance": 17.125,
        "frame_count": 20,
        "frequency": 0.08333333333333333
      },
      {
        "object_class": "banana",
        "first_appearance": 12.125,
        "last_appearance": 29.375,
        "frame_count": 2,
        "frequency": 0.008333333333333333
      },
      {
        "object_class": "dog",
        "first_appearance": 12.375,
        "last_appearance": 12.375,
        "frame_count": 1,
        "frequency": 0.004166666666666667
      },
      {
        "object_class": "carrot",
        "first_appearance": 25.125,
        "last_appearance": 25.25,
        "frame_count": 2,
        "frequency": 0.008333333333333333
      },
      {
        "object_class": "cell phone",
        "first_appearance": 28.0,
        "last_appearance": 28.25,
        "frame_count": 3,
        "frequency": 0.0125
      }
    ]
  },
  "atmosphere_signals": {
    "brightness_values": [
      24.918304036458334,
      24.917950303819445,
      24.51068576388889,
      24.479619140625,
      24.47361762152778,
      24.462317708333334,
      24.456158854166667,
      24.454479166666665,
      24.454600694444444,
      24.45311306423611,
      24.452152777777776,
      24.453768446180554,
      24.454232855902777,
      24.449527994791666,
      24.564157986111113,
      23.64460720486111,
      22.779970703125,
      37.07325629340278,
      44.17903103298611,
      50.815516493055554,
      55.35368489583333,
      61.620059678819445,
      66.37918185763888,
      69.92941840277778,
      71.66013997395834,
      72.08267035590278,
      72.15103841145833,
      72.31286024305555,
      72.30870225694444,
      72.3561111111111,
      72.26482096354167,
      72.45012586805555,
      72.39158745659722,
      72.24993923611112,
      72.34468424479167,
      72.32511067708333,
      72.46559244791666,
      72.65836805555556,
      72.58814127604167,
      72.79199652777778,
      72.72665581597222,
      72.64533203125,
      72.58793511284722,
      72.78222113715277,
      72.78250108506944,
      72.73965711805556,
      72.64257161458333,
      72.53704861111112,
      72.462138671875,
      72.28464626736111,
      72.46493706597222,
      72.50011176215278,
      72.54796875,
      72.65210828993055,
      72.932587890625,
      73.08800130208333,
      73.02155056423611,
      73.02618055555556,
      72.859111328125,
      72.8430859375,
      72.73477973090277,
      72.90654296875,
      72.89559353298611,
      72.93780815972222,
      72.94596896701388,
      72.69023980034723,
      72.74280815972222,
      72.76642903645833,
      72.53988389756944,
      72.32882269965278,
      72.11234049479167,
      72.01824110243055,
      71.95565104166667,
      122.7328634982639,
      109.24349392361111,
      115.74291124131945,
      123.48354600694445,
      125.91996636284722,
      127.1755078125,
      128.47206705729167,
      129.63300455729166,
      130.15920030381943,
      130.6341840277778,
      130.62408203125,
      130.67920681423612,
      130.7563888888889,
      131.19870008680556,
      69.66911349826388,
      70.39281792534722,
      70.98493815104166,
      71.22432834201389,
      71.31678168402777,
      71.36481011284722,
      71.75966362847223,
      71.99546983506944,
      72.068984375,
      72.20182508680556,
      72.6901953125,
      73.18793836805555,
      73.40871853298611,
      73.722734375,
      74.15234592013888,
      74.03627821180555,
      73.70321397569444,
      73.30404405381944,
      73.15521050347222,
      72.99254014756944,
      72.74532769097222,
      72.85349066840278,
      73.05182291666667,
      73.11049913194445,
      73.33561306423611,
      73.452587890625,
      73.55106119791667,
      73.92423068576389,
      73.87403645833334,
      73.55224934895833,
      73.35539713541667,
      72.97867078993056,
      72.94555555555556,
      72.81935872395833,
      71.99391927083333,
      71.46350260416666,
      71.263994140625,
      70.68545572916666,
      70.29762369791666,
      69.8251052517361,
      69.65834852430555,
      69.28545789930556,
      68.92620225694445,
      68.72879014756944,
      68.57599500868055,
      68.68670138888889,
      68.71948025173612,
      68.51625868055555,
      68.44028211805555,
      68.1273166232639,
      72.48224066840278,
      90.44849283854167,
      105.48923611111111,
      101.74291232638889,
      101.30813042534722,
      101.11241753472223,
      101.22344184027777,
      101.2677734375,
      100.85218858506944,
      100.81259765625,
      100.72139322916667,
      100.74303602430555,
      100.73407118055556,
      100.74859266493056,
      100.80599717881944,
      100.830107421875,
      100.62608940972223,
      100.62351019965278,
      100.60799696180555,
      100.48377387152777,
      100.3211328125,
      99.87765190972222,
      99.39355360243056,
      99.06312391493056,
      98.60064453125,
      98.23007921006945,
      97.71313042534722,
      97.12962565104166,
      97.00911349826389,
      96.76684136284722,
      96.54128255208333,
      96.06827799479167,
      95.21752821180556,
      95.02481553819445,
      94.31627387152778,
      94.10734266493056,
      93.966884765625,
      93.720830078125,
      93.48220703125,
      93.54696940104166,
      93.045,
      92.73828559027778,
      92.26782443576388,
      91.61449327256945,
      91.58458875868055,
      91.31027235243056,
      90.84534396701389,
      90.12743923611112,
      89.41300455729167,
      89.23014756944444,
      88.34681315104167,
      87.59078559027778,
      86.76452690972222,
      86.28084743923611,
      86.28269856770834,
      85.87661783854166,
      85.78128689236111,
      85.61755859375,
      85.46419162326389,
      85.17699869791667,
      84.55554144965278,
      84.3658127170139,
      83.97310004340278,
      83.59504774305556,
      83.153935546875,
      86.01161349826388,
      82.91237413194445,
      74.57337239583333,
      75.11158745659722,
      74.81023654513889,
      74.68309787326389,
      74.30538953993056,
      74.31607096354166,
      74.71758897569444,
      75.6227734375,
      76.60055230034722,
      76.7969650607639,
      76.97526801215278,
      77.09737413194445,
      76.94483506944445,
      76.51882921006944,
      76.44794053819444,
      76.34038194444445,
      76.15082356770833,
      76.15461371527778,
      76.02030381944445,
      76.08324327256945,
      76.18582248263888,
      76.17078233506945,
      76.00691731770833,
      75.96167209201388,
      76.03816297743056,
      76.29187934027777,
      76.4460622829861,
      76.33896918402777,
      76.322451171875,
      76.1744650607639,
      76.28472005208333,
      76.30861870659722,
      76.37489691840278,
      76.4234884982639,
      76.24630750868056,
      78.034609375
    ],
    "brightness_mean": 78.01221959997106,
    "brightness_std": 21.38574992265915,
    "brightness_min": 22.779970703125,
    "brightness_max": 131.19870008680556,
    "brightness_range": 108.41872938368056,
    "lighting_changes": [
      {
        "timestamp": 9.125,
        "frame_index": 73,
        "brightness_before": 71.95565104166667,
        "brightness_after": 122.7328634982639,
        "magnitude": 50.777212456597226
      },
      {
        "timestamp": 10.875,
        "frame_index": 87,
        "brightness_before": 131.19870008680556,
        "brightness_after": 69.66911349826388,
        "magnitude": 61.529586588541676
      }
    ],
    "lighting_change_count": 2,
    "setting_type": "indoor",
    "dominant_colors_rgb": [
      [
        "197",
        "192",
        "185"
      ],
      [
        "134",
        "116",
        "98"
      ],
      [
        "21",
        "19",
        "16"
      ]
    ],
    "dominant_colors": [
      "brown",
      "brown",
      "black"
    ]
  },
  "action_signals": {
    "intensity_timeline": [
      0.0,
      4.045514797326177e-06,
      2.0799769554287196e-05,
      7.683224510401487e-05,
      7.80150992795825e-05,
      0.00014660444110631943,
      7.43689713999629e-05,
      2.7942346059717237e-06,
      7.25544014130719e-07,
      5.0885877572000025e-05,
      2.0915556233376266e-05,
      8.581491187214851e-05,
      1.6430434770882128e-05,
      0.000123086953535676,
      0.000460989773273468,
      0.0011440660059452057,
      0.0011373462527990341,
      0.006355816721916199,
      0.007770431041717529,
      0.013902904987335206,
      0.043738603591918945,
      0.029844672679901124,
      0.043078770637512205,
      0.03998817205429077,
      0.03925315141677856,
      0.03226754188537598,
      0.022486109733581543,
      0.022133846282958985,
      0.013742091655731202,
      0.024621522426605223,
      0.03894504070281982,
      0.037239444255828855,
      0.025510871410369874,
      0.027015762329101564,
      0.022370882034301758,
      0.023982462882995607,
      0.011295391321182251,
      0.01796201229095459,
      0.015503959655761719,
      0.014851655960083008,
      0.009681382775306701,
      0.007880767583847046,
      0.005079736709594726,
      0.014270244836807252,
      0.014333380460739136,
      0.026876435279846192,
      0.022773249149322508,
      0.013035796880722046,
      0.008637908697128296,
      0.01387838363647461,
      0.01831075668334961,
      0.009822450876235962,
      0.009378560185432434,
      0.016441925764083862,
      0.014371930360794068,
      0.016789276599884034,
      0.0069113892316818235,
      0.011266093254089355,
      0.01478227972984314,
      0.01553741455078125,
      0.011796543598175049,
      0.011709938049316406,
      0.009034442901611327,
      0.007957124710083007,
      0.009268288612365722,
      0.018891100883483888,
      0.015535995960235596,
      0.010681254863739014,
      0.008787412643432618,
      0.010343824625015258,
      0.009818527102470397,
      0.0065925663709640505,
      0.0077715212106704715,
      0.1365513324737549,
      0.031811790466308595,
      0.0195225989818573,
      0.008714865446090698,
      0.00541411817073822,
      0.003259734809398651,
      0.00350619912147522,
      0.003853784501552582,
      0.0024911624193191526,
      0.001747947484254837,
      0.0014755149185657502,
      0.0007163714617490768,
      0.0014601342380046844,
      0.0033256807923316956,
      0.3997795867919922,
      0.016718554496765136,
      0.016592994928359986,
      0.010996124744415282,
      0.006221964955329895,
      0.019635049104690553,
      0.024296622276306152,
      0.017114787101745604,
      0.011917388439178467,
      0.026205055713653565,
      0.03280611753463745,
      0.04115823745727539,
      0.024706540107727052,
      0.029230496883392333,
      0.04074300765991211,
      0.042003297805786134,
      0.028874685764312746,
      0.030787513256073,
      0.023730981349945068,
      0.02128051280975342,
      0.02758159875869751,
      0.025239884853363037,
      0.016350966691970826,
      0.02668456792831421,
      0.01839215874671936,
      0.025145473480224608,
      0.02517981767654419,
      0.026521437168121338,
      0.033166389465332034,
      0.03552175521850586,
      0.03259222030639648,
      0.029863574504852296,
      0.029571373462677002,
      0.03285215139389038,
      0.03227791547775269,
      0.03719009160995483,
      0.022788734436035157,
      0.030748460292816162,
      0.036426033973693844,
      0.042536931037902834,
      0.026873323917388916,
      0.01966249704360962,
      0.023552024364471437,
      0.026159679889678954,
      0.019369869232177733,
      0.014640270471572877,
      0.015663347244262694,
      0.014545063972473144,
      0.0278365421295166,
      0.030351636409759523,
      0.03327276229858398,
      0.026364986896514894,
      0.055211939811706544,
      0.03340311050415039,
      0.011051064729690552,
      0.016224638223648072,
      0.008029344081878663,
      0.011871516704559326,
      0.016718791723251344,
      0.015571255683898926,
      0.01236770510673523,
      0.009545878767967223,
      0.013569482564926148,
      0.012719956636428833,
      0.01468658447265625,
      0.010822958946228027,
      0.013473960161209107,
      0.012253345251083373,
      0.015917856693267823,
      0.009758540987968444,
      0.015202984809875489,
      0.007673872709274292,
      0.017678145170211792,
      0.019532361030578614,
      0.018584946393966673,
      0.019538449048995973,
      0.019623186588287354,
      0.02976336717605591,
      0.02267650842666626,
      0.014563667774200439,
      0.025094335079193116,
      0.026027402877807616,
      0.021390843391418456,
      0.00857741117477417,
      0.013707308769226075,
      0.0184543240070343,
      0.012902251482009887,
      0.008908395171165467,
      0.013534785509109496,
      0.01718949794769287,
      0.02306969404220581,
      0.011966677904129029,
      0.024971489906311036,
      0.019301602840423582,
      0.02575416088104248,
      0.013372244834899903,
      0.013420900106430054,
      0.026442930698394776,
      0.022510576248168945,
      0.011689633131027222,
      0.023487825393676758,
      0.01853159546852112,
      0.02418950080871582,
      0.013885477781295777,
      0.012496289014816284,
      0.014988174438476562,
      0.010316922664642333,
      0.010049915313720703,
      0.015439021587371825,
      0.014046480655670166,
      0.016625421047210695,
      0.008537798523902893,
      0.011955825090408325,
      0.010931309461593628,
      0.009288251399993896,
      0.01399783492088318,
      0.05051646709442139,
      0.04881088256835937,
      0.01682344079017639,
      0.023092095851898194,
      0.0315218186378479,
      0.027556521892547606,
      0.013286241292953492,
      0.029876234531402587,
      0.02875258445739746,
      0.033752336502075195,
      0.022013540267944335,
      0.02391064405441284,
      0.020909683704376222,
      0.02126326084136963,
      0.02037895917892456,
      0.021523187160491942,
      0.017979334592819213,
      0.01567938446998596,
      0.011252838373184203,
      0.015045264959335327,
      0.012670079469680786,
      0.010495169162750244,
      0.007359642982482911,
      0.005765990018844604,
      0.010530076026916503,
      0.016140280961990355,
      0.018608113527297975,
      0.022771453857421874,
      0.016971544027328492,
      0.013276970386505127,
      0.013064085245132447,
      0.014742655754089356,
      0.015163302421569824,
      0.019396241903305054,
      0.018776628971099853,
      0.02521545171737671,
      0.02527193546295166
    ],
    "intensity_mean": 0.019851587133392665,
    "intensity_std": 0.02790234430238692,
    "intensity_min": 0.0,
    "intensity_max": 0.3997795867919922,
    "intensity_trend": "stable",
    "peak_moments": [
      {
        "timestamp": 9.125,
        "frame_index": 73,
        "intensity": 0.1365513324737549,
        "moment_type": "peak"
      },
      {
        "timestamp": 10.875,
        "frame_index": 87,
        "intensity": 0.3997795867919922,
        "moment_type": "peak"
      }
    ],
    "valley_moments": [
      {
        "timestamp": 10.5,
        "frame_index": 84,
        "intensity": 0.0007163714617490768,
        "moment_type": "valley"
      }
    ],
    "peak_timestamps": [
      9.125,
      10.875
    ],
    "valley_timestamps": [
      10.5
    ],
    "peak_count": 2,
    "valley_count": 1,
    "action_variance": 0.0007785408175689438
  },
  "temporal_signals": {
    "frame_change_scores": [
      0.0,
      3.5261839419375995e-05,
      0.05256325032396192,
      0.002816802398640683,
      0.0009877800337453335,
      0.0007463658126599659,
      0.00019970473258501542,
      0.00010166337445260965,
      1.228652855012058e-07,
      8.223848172250747e-05,
      1.542817073652003e-05,
      0.00016285682145844582,
      2.7507380465752185e-05,
      6.694164088838495e-05,
      0.05530434704763665,
      0.046318378107266245,
      0.0285913181432097,
      0.34845759880093075,
      0.0855514599942534,
      0.08286313043554616,
      0.08164270580896338,
      0.12113642048349005,
      0.14032475901129648,
      0.14399729466318545,
      0.08256770171954708,
      0.11208206339311066,
      0.0885540778983015,
      0.08028219951394466,
      0.04961307733300868,
      0.07384017735377002,
      0.09821306561693988,
      0.10693427091072794,
      0.0820286796570221,
      0.10445375887254493,
      0.08331574537678554,
      0.08871831009628783,
      0.03622657860417067,
      0.062203816440770665,
      0.05883297814564392,
      0.04503545881957893,
      0.02998988164915206,
      0.02393887012056195,
      0.009043201502881848,
      0.05237764456289862,
      0.04925994187750582,
      0.08757271251451815,
      0.07969263304287622,
      0.039514669518619594,
      0.02805471115781022,
      0.052740130325568346,
      0.0659741565037647,
      0.031748564356862796,
      0.02361031867464436,
      0.04739037551338465,
      0.04743243091217564,
      0.05436486524208639,
      0.017249084325741237,
      0.03182542752879902,
      0.054603289083814954,
      0.05559484328837039,
      0.04089599720786008,
      0.039239879163141755,
      0.022359106390036798,
      0.017358192636223624,
      0.026541643744001586,
      0.06981396965886255,
      0.05327217070670154,
      0.03412648278579122,
      0.02826386399657821,
      0.03717472640977004,
      0.03214869511023355,
      0.012822280797540886,
      0.022803113591840618,
      0.6079633316478918,
      0.2508960779533074,
      0.1956641175620294,
      0.056347495307134676,
      0.018152454104196303,
      0.010443509370577031,
      0.010272398086737522,
      0.011940906956124375,
      0.006696890148197077,
      0.00547939967129929,
      0.0008154964317403923,
      0.0012791032376470168,
      0.0022242810328299,
      0.01170329437738582,
      0.6119917168594047,
      0.04897730899660302,
      0.052773748108824736,
      0.03218248727083506,
      0.011854485622593391,
      0.059257454597487325,
      0.07781091539075491,
      0.05880616836981556,
      0.03386119269090704,
      0.09335807564784626,
      0.11100292406172374,
      0.14625164887350117,
      0.09629838795171308,
      0.11736820782221047,
      0.13189343950642674,
      0.14996311689515063,
      0.11608916885656995,
      0.12001472107783595,
      0.09673710481756526,
      0.07929038506753949,
      0.07761745393289987,
      0.07481802533929938,
      0.05235866375819176,
      0.07206638898006201,
      0.05791148566174609,
      0.08290765121043486,
      0.10704167185056535,
      0.11487353823015989,
      0.12313233997842288,
      0.12980333557056922,
      0.13076182866202202,
      0.11748153141838236,
      0.11302004701152357,
      0.11784256675367766,
      0.11990382274347777,
      0.12558872763376783,
      0.07790205667106365,
      0.1035593198189172,
      0.12373382524951348,
      0.13336225977148053,
      0.10110166560623535,
      0.07736522692134273,
      0.09247456287457867,
      0.08360238092442562,
      0.06318013539620104,
      0.053800853252814584,
      0.058088456597737204,
      0.05872324608193724,
      0.11932770601925136,
      0.11835076906412634,
      0.17208469377108593,
      0.1785822391869646,
      0.2780870778060559,
      0.19503732380271066,
      0.0314240853989749,
      0.04430682513812767,
      0.016891516437678833,
      0.028263141848298146,
      0.05440570204929429,
      0.04129722280171322,
      0.03861855129165448,
      0.019724714242252972,
      0.038576527216333756,
      0.031017616386302294,
      0.039032870521718555,
      0.02809688158620194,
      0.04108931467790378,
      0.027043875782029714,
      0.04453383618563922,
      0.020888512113878543,
      0.04580625542685568,
      0.019754160153747313,
      0.06910656463891895,
      0.07373834387760458,
      0.08502870648097993,
      0.09286360678812322,
      0.08129958970956486,
      0.11003806745877354,
      0.05514062685032617,
      0.025236261928840875,
      0.09643838855759124,
      0.1032748509325192,
      0.10678376062166639,
      0.021110364197779563,
      0.053289602612539566,
      0.08567395498848851,
      0.04928643046921366,
      0.026454385236357347,
      0.05322290780255878,
      0.05746158149556624,
      0.07984546089162525,
      0.03935567856884803,
      0.13163165898276608,
      0.07246170586571243,
      0.11069218499365996,
      0.05168614507180602,
      0.05679332742685217,
      0.1551212116198284,
      0.10592101237869433,
      0.03374414283570526,
      0.11851128242617315,
      0.08360092926205542,
      0.12631841722292947,
      0.04692409191040847,
      0.03247414207611732,
      0.05222571645118157,
      0.032983398419034304,
      0.026347221723402536,
      0.047372812584803525,
      0.04008025022918882,
      0.07730891211066604,
      0.023094539562083516,
      0.04344968696178042,
      0.03444053859704044,
      0.028093412883521074,
      0.06324134950258997,
      0.23076721505087872,
      0.2328910346784825,
      0.0988942933696213,
      0.10293209035707473,
      0.1124112455414692,
      0.09443902137185123,
      0.04461325994796039,
      0.10364594480456579,
      0.10981922155551782,
      0.12578390185136024,
      0.06696698355608244,
      0.08348380895176555,
      0.07113156318048619,
      0.07167301800112169,
      0.07196882499219659,
      0.07189882710942208,
      0.055199209978389785,
      0.04519674437059373,
      0.030424336652410955,
      0.05306744621048576,
      0.04692899543282825,
      0.03140836369851063,
      0.01882555717615708,
      0.011665915555808981,
      0.02774655194165543,
      0.03775265825335272,
      0.044375938816139326,
      0.05285924193386882,
      0.053189090639673475,
      0.042365279692004876,
      0.04572272365014718,
      0.04997594433203434,
      0.05400728332559024,
      0.0640302874013351,
      0.06408691303109493,
      0.07935011447642559,
      0.08520289430816363
    ],
    "change_score_mean": 0.07150620017337352,
    "change_score_std": 0.07036424989674042,
    "change_score_max": 0.6119917168594047,
    "temporal_gaps": [
      {
        "start_time": 0.375,
        "end_time": 1.625,
        "duration": 1.25,
        "start_frame": 3,
        "end_frame": 13,
        "avg_change": 0.0004734010647855199
      },
      {
        "start_time": 9.625,
        "end_time": 10.75,
        "duration": 1.125,
        "start_frame": 77,
        "end_frame": 86,
        "avg_change": 0.007900773341673472
      }
    ],
    "temporal_gap_count": 2,
    "temporal_gap_total_duration": 2.375,
    "transition_similarity_scores": [
      0.6515424011990693,
      0.38800828314059527,
      0.8049626761972893
    ],
    "transition_similarity_mean": 0.6148377868456513,
    "temporal_density": 1.8075313807531381
  },
  "metadata": {
    "video_path": "/vol/videos/core/produced_digital/commercials/1FZNYXKHwNw.mp4",
    "dataset": "produced_digital/commercials",
    "tier": "produced_digital",
    "study_type": "core",
    "source_fps": 29.97002997002997,
    "experiment_version": "3.2"
  }
}