{
  "video_id": "1VM2eLhvsSM",
  "fps": 3.0,
  "duration": 29.666666666666664,
  "frame_count": 90,
  "scene_signals": {
    "transition_count": 5,
    "transition_timestamps": [
      0.3333333333333333,
      3.333333333333333,
      8.0,
      14.666666666666666,
      28.0
    ],
    "transition_types": [
      "hard_cut",
      "hard_cut",
      "soft_cut",
      "hard_cut",
      "soft_cut"
    ],
    "transition_magnitudes": [
      42066.113604265556,
      729.0015316844522,
      47.866304397447685,
      159.3256585017224,
      42.85600586939745
    ],
    "scene_count": 6,
    "scene_durations": [
      0.3333333333333333,
      2.9999999999999996,
      4.666666666666667,
      6.666666666666666,
      13.333333333333334,
      1.6666666666666643
    ],
    "scene_duration_mean": 4.944444444444444,
    "scene_duration_std": 4.2662181477217755,
    "scene_duration_min": 0.3333333333333333,
    "scene_duration_max": 13.333333333333334,
    "scene_types": [
      "unknown",
      "unknown",
      "unknown",
      "unknown",
      "unknown",
      "unknown"
    ],
    "transitions": [
      {
        "timestamp": 0.3333333333333333,
        "frame_index": 1,
        "transition_type": "hard_cut",
        "magnitude": 42066.113604265556
      },
      {
        "timestamp": 3.333333333333333,
        "frame_index": 10,
        "transition_type": "hard_cut",
        "magnitude": 729.0015316844522
      },
      {
        "timestamp": 8.0,
        "frame_index": 24,
        "transition_type": "soft_cut",
        "magnitude": 47.866304397447685
      },
      {
        "timestamp": 14.666666666666666,
        "frame_index": 44,
        "transition_type": "hard_cut",
        "magnitude": 159.3256585017224
      },
      {
        "timestamp": 28.0,
        "frame_index": 84,
        "transition_type": "soft_cut",
        "magnitude": 42.85600586939745
      }
    ],
    "scenes": [
      {
        "start_time": 0.0,
        "end_time": 0.3333333333333333,
        "duration": 0.3333333333333333,
        "scene_type": "unknown",
        "start_frame": 0,
        "end_frame": 0
      },
      {
        "start_time": 0.3333333333333333,
        "end_time": 3.333333333333333,
        "duration": 2.9999999999999996,
        "scene_type": "unknown",
        "start_frame": 1,
        "end_frame": 9
      },
      {
        "start_time": 3.333333333333333,
        "end_time": 8.0,
        "duration": 4.666666666666667,
        "scene_type": "unknown",
        "start_frame": 10,
        "end_frame": 23
      },
      {
        "start_time": 8.0,
        "end_time": 14.666666666666666,
        "duration": 6.666666666666666,
        "scene_type": "unknown",
        "start_frame": 24,
        "end_frame": 43
      },
      {
        "start_time": 14.666666666666666,
        "end_time": 28.0,
        "duration": 13.333333333333334,
        "scene_type": "unknown",
        "start_frame": 44,
        "end_frame": 83
      },
      {
        "start_time": 28.0,
        "end_time": 29.666666666666664,
        "duration": 1.6666666666666643,
        "scene_type": "unknown",
        "start_frame": 84,
        "end_frame": 89
      }
    ]
  },
  "character_signals": {
    "person_counts_per_frame": [
      1,
      1,
      1,
      1,
      1,
      1,
      1,
      1,
      1,
      1,
      1,
      1,
      1,
      1,
      1,
      1,
      1,
      1,
      1,
      1,
      1,
      1,
      1,
      1,
      1,
      2,
      2,
      2,
      2,
      2,
      2,
      2,
      2,
      1,
      1,
      1,
      2,
      2,
      3,
      3,
      3,
      3,
      3,
      3,
      3,
      3,
      3,
      3,
      3,
      3,
      3,
      3,
      3,
      4,
      3,
      4,
      4,
      4,
      3,
      3,
      3,
      2,
      4,
      8,
      6,
      8,
      6,
      6,
      6,
      9,
      9,
      7,
      6,
      6,
      6,
      5,
      7,
      7,
      6,
      6,
      5,
      6,
      4,
      3,
      1,
      3,
      4,
      3,
      4,
      6
    ],
    "person_count_mode": 1,
    "person_count_mean": 3.111111111111111,
    "person_count_std": 2.136687178499799,
    "person_count_min": 1,
    "person_count_max": 9,
    "person_count_distribution": {
      "1": 29,
      "2": 11,
      "3": 22,
      "4": 8,
      "8": 2,
      "6": 11,
      "9": 2,
      "7": 3,
      "5": 2
    },
    "character_consistency": 0.32222222222222224,
    "entry_events": [
      {
        "timestamp": 8.333333333333332,
        "frame_index": 25,
        "event_type": "entry",
        "count_before": 1,
        "count_after": 2
      },
      {
        "timestamp": 12.0,
        "frame_index": 36,
        "event_type": "entry",
        "count_before": 1,
        "count_after": 2
      },
      {
        "timestamp": 12.666666666666666,
        "frame_index": 38,
        "event_type": "entry",
        "count_before": 2,
        "count_after": 3
      },
      {
        "timestamp": 17.666666666666664,
        "frame_index": 53,
        "event_type": "entry",
        "count_before": 3,
        "count_after": 4
      },
      {
        "timestamp": 18.333333333333332,
        "frame_index": 55,
        "event_type": "entry",
        "count_before": 3,
        "count_after": 4
      },
      {
        "timestamp": 20.666666666666664,
        "frame_index": 62,
        "event_type": "entry",
        "count_before": 2,
        "count_after": 4
      },
      {
        "timestamp": 21.0,
        "frame_index": 63,
        "event_type": "entry",
        "count_before": 4,
        "count_after": 8
      },
      {
        "timestamp": 21.666666666666664,
        "frame_index": 65,
        "event_type": "entry",
        "count_before": 6,
        "count_after": 8
      },
      {
        "timestamp": 23.0,
        "frame_index": 69,
        "event_type": "entry",
        "count_before": 6,
        "count_after": 9
      },
      {
        "timestamp": 25.333333333333332,
        "frame_index": 76,
        "event_type": "entry",
        "count_before": 5,
        "count_after": 7
      },
      {
        "timestamp": 27.0,
        "frame_index": 81,
        "event_type": "entry",
        "count_before": 5,
        "count_after": 6
      },
      {
        "timestamp": 28.333333333333332,
        "frame_index": 85,
        "event_type": "entry",
        "count_before": 1,
        "count_after": 3
      },
      {
        "timestamp": 28.666666666666664,
        "frame_index": 86,
        "event_type": "entry",
        "count_before": 3,
        "count_after": 4
      },
      {
        "timestamp": 29.333333333333332,
        "frame_index": 88,
        "event_type": "entry",
        "count_before": 3,
        "count_after": 4
      },
      {
        "timestamp": 29.666666666666664,
        "frame_index": 89,
        "event_type": "entry",
        "count_before": 4,
        "count_after": 6
      }
    ],
    "exit_events": [
      {
        "timestamp": 11.0,
        "frame_index": 33,
        "event_type": "exit",
        "count_before": 2,
        "count_after": 1
      },
      {
        "timestamp": 18.0,
        "frame_index": 54,
        "event_type": "exit",
        "count_before": 4,
        "count_after": 3
      },
      {
        "timestamp": 19.333333333333332,
        "frame_index": 58,
        "event_type": "exit",
        "count_before": 4,
        "count_after": 3
      },
      {
        "timestamp": 20.333333333333332,
        "frame_index": 61,
        "event_type": "exit",
        "count_before": 3,
        "count_after": 2
      },
      {
        "timestamp": 21.333333333333332,
        "frame_index": 64,
        "event_type": "exit",
        "count_before": 8,
        "count_after": 6
      },
      {
        "timestamp": 22.0,
        "frame_index": 66,
        "event_type": "exit",
        "count_before": 8,
        "count_after": 6
      },
      {
        "timestamp": 23.666666666666664,
        "frame_index": 71,
        "event_type": "exit",
        "count_before": 9,
        "count_after": 7
      },
      {
        "timestamp": 24.0,
        "frame_index": 72,
        "event_type": "exit",
        "count_before": 7,
        "count_after": 6
      },
      {
        "timestamp": 25.0,
        "frame_index": 75,
        "event_type": "exit",
        "count_before": 6,
        "count_after": 5
      },
      {
        "timestamp": 26.0,
        "frame_index": 78,
        "event_type": "exit",
        "count_before": 7,
        "count_after": 6
      },
      {
        "timestamp": 26.666666666666664,
        "frame_index": 80,
        "event_type": "exit",
        "count_before": 6,
        "count_after": 5
      },
      {
        "timestamp": 27.333333333333332,
        "frame_index": 82,
        "event_type": "exit",
        "count_before": 6,
        "count_after": 4
      },
      {
        "timestamp": 27.666666666666664,
        "frame_index": 83,
        "event_type": "exit",
        "count_before": 4,
        "count_after": 3
      },
      {
        "timestamp": 28.0,
        "frame_index": 84,
        "event_type": "exit",
        "count_before": 3,
        "count_after": 1
      },
      {
        "timestamp": 29.0,
        "frame_index": 87,
        "event_type": "exit",
        "count_before": 4,
        "count_after": 3
      }
    ],
    "entry_count": 15,
    "exit_count": 15,
    "entry_exit_total": 30,
    "entry_timestamps": [
      8.333333333333332,
      12.0,
      12.666666666666666,
      17.666666666666664,
      18.333333333333332,
      20.666666666666664,
      21.0,
      21.666666666666664,
      23.0,
      25.333333333333332,
      27.0,
      28.333333333333332,
      28.666666666666664,
      29.333333333333332,
      29.666666666666664
    ],
    "exit_timestamps": [
      11.0,
      18.0,
      19.333333333333332,
      20.333333333333332,
      21.333333333333332,
      22.0,
      23.666666666666664,
      24.0,
      25.0,
      26.0,
      26.666666666666664,
      27.333333333333332,
      27.666666666666664,
      28.0,
      29.0
    ]
  },
  "visual_signals": {
    "unique_objects": [
      "person",
      "bottle",
      "tie"
    ],
    "unique_object_count": 3,
    "persistent_objects": [
      "person"
    ],
    "persistent_object_count": 1,
    "transient_objects": [
      "tie"
    ],
    "transient_object_count": 1,
    "object_frequency": {
      "person": 1.0,
      "bottle": 0.4888888888888889,
      "tie": 0.07777777777777778
    },
    "object_frame_counts": {
      "person": 90,
      "bottle": 44,
      "tie": 7
    },
    "object_first_appearance": {
      "person": 0.0,
      "bottle": 13.333333333333332,
      "tie": 23.666666666666664
    },
    "object_last_appearance": {
      "person": 29.666666666666664,
      "bottle": 29.666666666666664,
      "tie": 26.0
    },
    "objects_per_frame": [
      [
        "person"
      ],
      [
        "person"
      ],
      [
        "person"
      ],
      [
        "person"
      ],
      [
        "person"
      ],
      [
        "person"
      ],
      [
        "person"
      ],
      [
        "person"
      ],
      [
        "person"
      ],
      [
        "person"
      ],
      [
        "person"
      ],
      [
        "person"
      ],
      [
        "person"
      ],
      [
        "person"
      ],
      [
        "person"
      ],
      [
        "person"
      ],
      [
        "person"
      ],
      [
        "person"
      ],
      [
        "person"
      ],
      [
        "person"
      ],
      [
        "person"
      ],
      [
        "person"
      ],
      [
        "person"
      ],
      [
        "person"
      ],
      [
        "person"
      ],
      [
        "person"
      ],
      [
        "person"
      ],
      [
        "person"
      ],
      [
        "person"
      ],
      [
        "person"
      ],
      [
        "person"
      ],
      [
        "person"
      ],
      [
        "person"
      ],
      [
        "person"
      ],
      [
        "person"
      ],
      [
        "person"
      ],
      [
        "person"
      ],
      [
        "person"
      ],
      [
        "person"
      ],
      [
        "person"
      ],
      [
        "bottle",
        "person"
      ],
      [
        "person"
      ],
      [
        "person"
      ],
      [
        "person"
      ],
      [
        "person"
      ],
      [
        "bottle",
        "person"
      ],
      [
        "bottle",
        "person"
      ],
      [
        "bottle",
        "person"
      ],
      [
        "bottle",
        "person"
      ],
      [
        "bottle",
        "person"
      ],
      [
        "bottle",
        "person"
      ],
      [
        "bottle",
        "person"
      ],
      [
        "bottle",
        "person"
      ],
      [
        "bottle",
        "person"
      ],
      [
        "bottle",
        "person"
      ],
      [
        "bottle",
        "person"
      ],
      [
        "bottle",
        "person"
      ],
      [
        "bottle",
        "person"
      ],
      [
        "bottle",
        "person"
      ],
      [
        "bottle",
        "person"
      ],
      [
        "bottle",
        "person"
      ],
      [
        "bottle",
        "person"
      ],
      [
        "bottle",
        "person"
      ],
      [
        "bottle",
        "person"
      ],
      [
        "bottle",
        "person"
      ],
      [
        "bottle",
        "person"
      ],
      [
        "bottle",
        "person"
      ],
      [
        "bottle",
        "person"
      ],
      [
        "bottle",
        "person"
      ],
      [
        "bottle",
        "person"
      ],
      [
        "bottle",
        "person"
      ],
      [
        "bottle",
        "person",
        "tie"
      ],
      [
        "bottle",
        "person",
        "tie"
      ],
      [
        "bottle",
        "person"
      ],
      [
        "bottle",
        "person",
        "tie"
      ],
      [
        "bottle",
        "person",
        "tie"
      ],
      [
        "bottle",
        "person",
        "tie"
      ],
      [
        "bottle",
        "person",
        "tie"
      ],
      [
        "bottle",
        "person",
        "tie"
      ],
      [
        "bottle",
        "person"
      ],
      [
        "bottle",
        "person"
      ],
      [
        "bottle",
        "person"
      ],
      [
        "bottle",
        "person"
      ],
      [
        "bottle",
        "person"
      ],
      [
        "bottle",
        "person"
      ],
      [
        "bottle",
        "person"
      ],
      [
        "person"
      ],
      [
        "bottle",
        "person"
      ],
      [
        "person"
      ],
      [
        "bottle",
        "person"
      ]
    ],
    "appearances": [
      {
        "object_class": "person",
        "first_appearance": 0.0,
        "last_appearance": 29.666666666666664,
        "frame_count": 90,
        "frequency": 1.0
      },
      {
        "object_class": "bottle",
        "first_appearance": 13.333333333333332,
        "last_appearance": 29.666666666666664,
        "frame_count": 44,
        "frequency": 0.4888888888888889
      },
      {
        "object_class": "tie",
        "first_appearance": 23.666666666666664,
        "last_appearance": 26.0,
        "frame_count": 7,
        "frequency": 0.07777777777777778
      }
    ]
  },
  "atmosphere_signals": {
    "brightness_values": [
      16.315098741319446,
      67.09871853298611,
      73.6907986111111,
      83.838115234375,
      90.65595377604167,
      97.35333116319444,
      96.16541124131945,
      95.23156792534722,
      90.844267578125,
      96.75738932291667,
      129.4818044704861,
      130.0997243923611,
      132.16070963541668,
      130.53723307291668,
      127.88267144097222,
      123.58486436631945,
      122.44265625,
      124.83761176215278,
      126.72186957465277,
      122.7750998263889,
      119.31811631944444,
      123.55328559027778,
      131.98815972222224,
      142.15510091145833,
      150.225810546875,
      148.45190863715277,
      149.2209299045139,
      146.75477213541666,
      145.80824652777778,
      146.11192274305554,
      146.8582638888889,
      148.488037109375,
      150.85239149305556,
      150.5343825954861,
      150.36333550347223,
      149.13708875868056,
      148.410888671875,
      147.80355143229167,
      149.8240277777778,
      152.13549479166667,
      151.8460861545139,
      152.1390212673611,
      153.63570529513888,
      153.1944357638889,
      155.56150499131945,
      155.38649956597223,
      144.0455978732639,
      124.55793077256945,
      116.29988389756944,
      116.348515625,
      114.17465386284722,
      111.68106879340277,
      109.06106553819444,
      107.051943359375,
      105.30598741319444,
      102.81874565972223,
      101.17163519965278,
      102.06840060763889,
      99.90231770833333,
      100.26531032986111,
      103.17382161458333,
      103.74575629340278,
      104.70273654513889,
      107.34316840277778,
      111.22369357638888,
      112.78032335069445,
      115.72767903645833,
      120.12670464409722,
      122.7825390625,
      121.21436414930555,
      119.29033203125,
      121.91113606770833,
      119.66309136284723,
      117.8000021701389,
      115.27438259548612,
      112.50974066840278,
      109.30843207465277,
      106.19729926215278,
      101.79671657986111,
      98.06138346354167,
      104.31511935763889,
      109.08057725694445,
      113.6765234375,
      119.15732855902777,
      128.4870659722222,
      136.09731662326388,
      146.78002170138888,
      153.15759548611112,
      155.59576497395832,
      160.91589626736112
    ],
    "brightness_mean": 122.49870482494212,
    "brightness_std": 24.16706038590465,
    "brightness_min": 16.315098741319446,
    "brightness_max": 160.91589626736112,
    "brightness_range": 144.60079752604167,
    "lighting_changes": [
      {
        "timestamp": 0.3333333333333333,
        "frame_index": 1,
        "brightness_before": 16.315098741319446,
        "brightness_after": 67.09871853298611,
        "magnitude": 50.783619791666666
      },
      {
        "timestamp": 3.333333333333333,
        "frame_index": 10,
        "brightness_before": 96.75738932291667,
        "brightness_after": 129.4818044704861,
        "magnitude": 32.724415147569445
      }
    ],
    "lighting_change_count": 2,
    "setting_type": "indoor",
    "dominant_colors_rgb": [
      [
        "154",
        "148",
        "148"
      ],
      [
        "239",
        "208",
        "186"
      ],
      [
        "83",
        "85",
        "86"
      ]
    ],
    "dominant_colors": [
      "brown",
      "red",
      "blue"
    ]
  },
  "action_signals": {
    "intensity_timeline": [
      0.0,
      0.03356133460998535,
      0.050714659690856936,
      0.07845571994781494,
      0.09045639038085937,
      0.0595960521697998,
      0.10106067657470703,
      0.16654253005981445,
      0.14616317749023439,
      0.11025577545166015,
      0.060613179206848146,
      0.04711464405059815,
      0.08678067207336426,
      0.0851504898071289,
      0.06423377513885498,
      0.08877198219299316,
      0.056835079193115236,
      0.11470744132995606,
      0.08122940063476562,
      0.06417770385742187,
      0.1136148738861084,
      0.11586280822753907,
      0.11330090522766113,
      0.07044670581817628,
      0.08366959571838378,
      0.06215524673461914,
      0.09321423530578614,
      0.1097260570526123,
      0.07949589252471924,
      0.07508384704589843,
      0.06680321216583252,
      0.07362738609313965,
      0.08173629760742188,
      0.07584113121032715,
      0.09428059577941894,
      0.10713458061218262,
      0.10184853553771972,
      0.10238393783569336,
      0.09725821495056153,
      0.09068016052246093,
      0.12247894287109375,
      0.11829391479492188,
      0.128652400970459,
      0.12806474685668945,
      0.13772339820861818,
      0.12907408714294433,
      0.12263947486877441,
      0.15753726959228515,
      0.13856138229370119,
      0.15180150985717775,
      0.15731711387634278,
      0.1533799171447754,
      0.14464500427246094,
      0.13929792404174804,
      0.15933326721191407,
      0.16216058731079103,
      0.17743076324462892,
      0.14558799743652343,
      0.15166985511779785,
      0.1432146453857422,
      0.14385780334472656,
      0.12558616638183595,
      0.11536381721496582,
      0.13765189170837402,
      0.1374295997619629,
      0.139065637588501,
      0.1567813777923584,
      0.15763174057006835,
      0.15105215072631836,
      0.1766649055480957,
      0.15433752059936523,
      0.17927898406982423,
      0.17066787719726562,
      0.18217641830444337,
      0.16271520614624024,
      0.17437202453613282,
      0.18281171798706056,
      0.18043228149414062,
      0.19443269729614257,
      0.18513530731201172,
      0.16391918182373047,
      0.14706847190856934,
      0.15427855491638184,
      0.13610694885253907,
      0.19478845596313477,
      0.17569835662841796,
      0.16073041915893554,
      0.17221202850341796,
      0.1514769172668457,
      0.16412883758544922
    ],
    "intensity_mean": 0.1232366933822632,
    "intensity_std": 0.04212074930950409,
    "intensity_min": 0.0,
    "intensity_max": 0.19478845596313477,
    "intensity_trend": "stable",
    "peak_moments": [
      {
        "timestamp": 2.333333333333333,
        "frame_index": 7,
        "intensity": 0.16654253005981445,
        "moment_type": "peak"
      }
    ],
    "valley_moments": [
      {
        "timestamp": 3.6666666666666665,
        "frame_index": 11,
        "intensity": 0.04711464405059815,
        "moment_type": "valley"
      }
    ],
    "peak_timestamps": [
      2.333333333333333
    ],
    "valley_timestamps": [
      3.6666666666666665
    ],
    "peak_count": 1,
    "valley_count": 1,
    "action_variance": 0.0017741575223940893
  },
  "temporal_signals": {
    "frame_change_scores": [
      0.0,
      0.695601261722731,
      0.3083574805801682,
      0.4295404142819059,
      0.3878373396755387,
      0.372185025975427,
      0.40289779393404834,
      0.39156447120459426,
      0.4624525781147105,
      0.3986624340792584,
      0.3718031910141094,
      0.2205626796553556,
      0.3091641962741968,
      0.3247144766451987,
      0.33372481761002215,
      0.35892902397053195,
      0.30664999633584866,
      0.34553935456194795,
      0.33571018116018614,
      0.2821107007279654,
      0.3797089679708424,
      0.34041346311195153,
      0.441663655688304,
      0.3947907156444983,
      0.46995235978627625,
      0.39144133862414376,
      0.3582371167901982,
      0.38558669842484894,
      0.40142037737648417,
      0.3861598554169837,
      0.36750914408824165,
      0.36407051551947767,
      0.351127703472229,
      0.34035230220578294,
      0.39159721007851467,
      0.457056107873284,
      0.4690738123703383,
      0.43789513522821943,
      0.4235282322793581,
      0.3766174433687729,
      0.42859416029012976,
      0.4467144045077628,
      0.3931477154345,
      0.40739755006715916,
      0.4239144998411801,
      0.4633149775130825,
      0.5452631942623698,
      0.6406226488108093,
      0.6272560666752088,
      0.6167885565592919,
      0.6079002252253825,
      0.6084466290665693,
      0.6147203756319382,
      0.6235129033388783,
      0.6256846914589174,
      0.620984972036184,
      0.6213671958577578,
      0.6117278915078184,
      0.6253814595639233,
      0.6078836205766516,
      0.6249324036988775,
      0.6457644499036532,
      0.6635809022154197,
      0.7012477225663328,
      0.7332307045094071,
      0.7631917823239723,
      0.7899052389112151,
      0.7949927694209962,
      0.8009821151012884,
      0.824629096080054,
      0.7744272224789425,
      0.782905542024051,
      0.8084857785246402,
      0.8340161334330535,
      0.7845187732477893,
      0.7989471912745723,
      0.8210818131722234,
      0.8321704829062455,
      0.8260073587902101,
      0.8170769245682836,
      0.8142454808736719,
      0.8314210186748591,
      0.8030526722793669,
      0.7198469531344539,
      0.7225135845620054,
      0.6507038511412992,
      0.5426514689772823,
      0.4921249571278056,
      0.48269320578195163,
      0.4909766475211935
    ],
    "change_score_mean": 0.5344350839588125,
    "change_score_std": 0.18470168914808394,
    "change_score_max": 0.8340161334330535,
    "temporal_gaps": [],
    "temporal_gap_count": 0,
    "temporal_gap_total_duration": 0.0,
    "transition_similarity_scores": [
      0.304398738277269,
      0.6281968089858906,
      0.5300476402137237,
      0.5760855001588199,
      0.27748641543799457
    ],
    "transition_similarity_mean": 0.46324302061473954,
    "temporal_density": 3.0000000000000004
  },
  "metadata": {
    "video_path": "/vol/videos/core/produced_digital/commercials/1VM2eLhvsSM.mp4",
    "dataset": "produced_digital/commercials",
    "tier": "produced_digital",
    "study_type": "core",
    "source_fps": 23.976023976023978,
    "source_width": 1280,
    "source_height": 720,
    "experiment_version": "3.3",
    "batch": "1-retry",
    "retry_id": "20251226_182920"
  }
}