{
  "video_id": "1VM2eLhvsSM",
  "fps": 0.5,
  "duration": 28.0,
  "frame_count": 15,
  "scene_signals": {
    "transition_count": 6,
    "transition_timestamps": [
      4.0,
      8.0,
      10.0,
      16.0,
      22.0,
      28.0
    ],
    "transition_types": [
      "hard_cut",
      "hard_cut",
      "soft_cut",
      "soft_cut",
      "soft_cut",
      "hard_cut"
    ],
    "transition_magnitudes": [
      133.75726247068874,
      13519.265814191722,
      56.288017506281676,
      29.701593891360584,
      54.6280473361668,
      151.48813257091808
    ],
    "scene_count": 7,
    "scene_durations": [
      4.0,
      4.0,
      2.0,
      6.0,
      6.0,
      6.0,
      0.0
    ],
    "scene_duration_mean": 4.0,
    "scene_duration_std": 2.138089935299395,
    "scene_duration_min": 0.0,
    "scene_duration_max": 6.0,
    "scene_types": [
      "unknown",
      "unknown",
      "unknown",
      "unknown",
      "unknown",
      "unknown",
      "unknown"
    ],
    "transitions": [
      {
        "timestamp": 4.0,
        "frame_index": 2,
        "transition_type": "hard_cut",
        "magnitude": 133.75726247068874
      },
      {
        "timestamp": 8.0,
        "frame_index": 4,
        "transition_type": "hard_cut",
        "magnitude": 13519.265814191722
      },
      {
        "timestamp": 10.0,
        "frame_index": 5,
        "transition_type": "soft_cut",
        "magnitude": 56.288017506281676
      },
      {
        "timestamp": 16.0,
        "frame_index": 8,
        "transition_type": "soft_cut",
        "magnitude": 29.701593891360584
      },
      {
        "timestamp": 22.0,
        "frame_index": 11,
        "transition_type": "soft_cut",
        "magnitude": 54.6280473361668
      },
      {
        "timestamp": 28.0,
        "frame_index": 14,
        "transition_type": "hard_cut",
        "magnitude": 151.48813257091808
      }
    ],
    "scenes": [
      {
        "start_time": 0.0,
        "end_time": 4.0,
        "duration": 4.0,
        "scene_type": "unknown",
        "start_frame": 0,
        "end_frame": 1
      },
      {
        "start_time": 4.0,
        "end_time": 8.0,
        "duration": 4.0,
        "scene_type": "unknown",
        "start_frame": 2,
        "end_frame": 3
      },
      {
        "start_time": 8.0,
        "end_time": 10.0,
        "duration": 2.0,
        "scene_type": "unknown",
        "start_frame": 4,
        "end_frame": 4
      },
      {
        "start_time": 10.0,
        "end_time": 16.0,
        "duration": 6.0,
        "scene_type": "unknown",
        "start_frame": 5,
        "end_frame": 7
      },
      {
        "start_time": 16.0,
        "end_time": 22.0,
        "duration": 6.0,
        "scene_type": "unknown",
        "start_frame": 8,
        "end_frame": 10
      },
      {
        "start_time": 22.0,
        "end_time": 28.0,
        "duration": 6.0,
        "scene_type": "unknown",
        "start_frame": 11,
        "end_frame": 13
      },
      {
        "start_time": 28.0,
        "end_time": 28.0,
        "duration": 0.0,
        "scene_type": "unknown",
        "start_frame": 14,
        "end_frame": 14
      }
    ]
  },
  "character_signals": {
    "person_counts_per_frame": [
      1,
      1,
      1,
      1,
      2,
      2,
      2,
      3,
      3,
      5,
      5,
      5,
      5,
      5,
      4
    ],
    "person_count_mode": 5,
    "person_count_mean": 3.0,
    "person_count_std": 1.632993161855452,
    "person_count_min": 1,
    "person_count_max": 5,
    "person_count_distribution": {
      "1": 4,
      "2": 3,
      "3": 2,
      "5": 5,
      "4": 1
    },
    "character_consistency": 0.3333333333333333,
    "entry_events": [
      {
        "timestamp": 8.0,
        "frame_index": 4,
        "event_type": "entry",
        "count_before": 1,
        "count_after": 2
      },
      {
        "timestamp": 14.0,
        "frame_index": 7,
        "event_type": "entry",
        "count_before": 2,
        "count_after": 3
      },
      {
        "timestamp": 18.0,
        "frame_index": 9,
        "event_type": "entry",
        "count_before": 3,
        "count_after": 5
      }
    ],
    "exit_events": [
      {
        "timestamp": 28.0,
        "frame_index": 14,
        "event_type": "exit",
        "count_before": 5,
        "count_after": 4
      }
    ],
    "entry_count": 3,
    "exit_count": 1,
    "entry_exit_total": 4,
    "entry_timestamps": [
      8.0,
      14.0,
      18.0
    ],
    "exit_timestamps": [
      28.0
    ]
  },
  "visual_signals": {
    "unique_objects": [
      "person",
      "bottle",
      "tie"
    ],
    "unique_object_count": 3,
    "persistent_objects": [
      "person"
    ],
    "persistent_object_count": 1,
    "transient_objects": [
      "tie"
    ],
    "transient_object_count": 1,
    "object_frequency": {
      "person": 1.0,
      "bottle": 0.4,
      "tie": 0.06666666666666667
    },
    "object_frame_counts": {
      "person": 15,
      "bottle": 6,
      "tie": 1
    },
    "object_first_appearance": {
      "person": 0.0,
      "bottle": 16.0,
      "tie": 24.0
    },
    "object_last_appearance": {
      "person": 28.0,
      "bottle": 26.0,
      "tie": 24.0
    },
    "objects_per_frame": [
      [
        "person"
      ],
      [
        "person"
      ],
      [
        "person"
      ],
      [
        "person"
      ],
      [
        "person"
      ],
      [
        "person"
      ],
      [
        "person"
      ],
      [
        "person"
      ],
      [
        "person",
        "bottle"
      ],
      [
        "person",
        "bottle"
      ],
      [
        "person",
        "bottle"
      ],
      [
        "person",
        "bottle"
      ],
      [
        "tie",
        "person",
        "bottle"
      ],
      [
        "person",
        "bottle"
      ],
      [
        "person"
      ]
    ],
    "appearances": [
      {
        "object_class": "person",
        "first_appearance": 0.0,
        "last_appearance": 28.0,
        "frame_count": 15,
        "frequency": 1.0
      },
      {
        "object_class": "bottle",
        "first_appearance": 16.0,
        "last_appearance": 26.0,
        "frame_count": 6,
        "frequency": 0.4
      },
      {
        "object_class": "tie",
        "first_appearance": 24.0,
        "last_appearance": 24.0,
        "frame_count": 1,
        "frequency": 0.06666666666666667
      }
    ]
  },
  "atmosphere_signals": {
    "brightness_values": [
      81.48549479166667,
      91.79679144965277,
      125.483642578125,
      120.1435427517361,
      147.37201280381944,
      149.5273383246528,
      151.10171223958332,
      156.9726508246528,
      112.41541775173611,
      101.39097547743056,
      106.25048068576389,
      121.61398763020833,
      113.44478515625,
      106.66796006944445,
      152.45626953125
    ],
    "brightness_mean": 122.54153747106483,
    "brightness_std": 23.147313050151215,
    "brightness_min": 81.48549479166667,
    "brightness_max": 156.9726508246528,
    "brightness_range": 75.48715603298612,
    "lighting_changes": [
      {
        "timestamp": 4.0,
        "frame_index": 2,
        "brightness_before": 91.79679144965277,
        "brightness_after": 125.483642578125,
        "magnitude": 33.68685112847223
      },
      {
        "timestamp": 8.0,
        "frame_index": 4,
        "brightness_before": 120.1435427517361,
        "brightness_after": 147.37201280381944,
        "magnitude": 27.22847005208334
      },
      {
        "timestamp": 16.0,
        "frame_index": 8,
        "brightness_before": 156.9726508246528,
        "brightness_after": 112.41541775173611,
        "magnitude": 44.557233072916674
      },
      {
        "timestamp": 28.0,
        "frame_index": 14,
        "brightness_before": 106.66796006944445,
        "brightness_after": 152.45626953125,
        "magnitude": 45.788309461805554
      }
    ],
    "lighting_change_count": 4,
    "setting_type": "indoor",
    "dominant_colors_rgb": [
      [
        "81",
        "82",
        "81"
      ],
      [
        "245",
        "218",
        "189"
      ],
      [
        "151",
        "148",
        "150"
      ]
    ],
    "dominant_colors": [
      "green",
      "red",
      "brown"
    ]
  },
  "action_signals": {
    "intensity_timeline": [
      0.0,
      0.08430712699890136,
      0.11102100372314454,
      0.08953153610229492,
      0.09295921325683594,
      0.08553721427917481,
      0.0958600902557373,
      0.12627084732055663,
      0.1357436943054199,
      0.13220930099487305,
      0.13538179397583008,
      0.14433971405029297,
      0.2057645797729492,
      0.178787784576416,
      0.15047679901123046
    ],
    "intensity_mean": 0.11787937990824382,
    "intensity_std": 0.04627654277344538,
    "intensity_min": 0.0,
    "intensity_max": 0.2057645797729492,
    "intensity_trend": "stable",
    "peak_moments": [],
    "valley_moments": [],
    "peak_timestamps": [],
    "valley_timestamps": [],
    "peak_count": 0,
    "valley_count": 0,
    "action_variance": 0.00214151841106252
  },
  "temporal_signals": {
    "frame_change_scores": [
      0.0,
      0.3800267434639636,
      0.4880067338382774,
      0.4798431017528596,
      0.5721846903960145,
      0.5988510264466835,
      0.6207101740179066,
      0.6246122016092917,
      0.7393505321067496,
      0.6807594394155457,
      0.7064299124735247,
      0.7990082089152133,
      0.8718941875278492,
      0.8790290548571527,
      0.8272334907022991
    ],
    "change_score_mean": 0.6178626331682221,
    "change_score_std": 0.21797292754874306,
    "change_score_max": 0.8790290548571527,
    "temporal_gaps": [],
    "temporal_gap_count": 0,
    "temporal_gap_total_duration": 0.0,
    "transition_similarity_scores": [
      0.5119932661617226,
      0.4278153096039855,
      0.4011489735533164,
      0.2606494678932504,
      0.20099179108478668,
      0.17276650929770093
    ],
    "transition_similarity_mean": 0.32922755293246037,
    "temporal_density": 0.5
  },
  "metadata": {
    "video_path": "/vol/videos/core/produced_digital/commercials/1VM2eLhvsSM.mp4",
    "dataset": "produced_digital/commercials",
    "tier": "produced_digital",
    "study_type": "core",
    "source_fps": 23.976023976023978,
    "source_width": 1280,
    "source_height": 720,
    "experiment_version": "3.3",
    "batch": "1-retry",
    "retry_id": "20251226_182920"
  }
}