{
  "video_id": "537EwXTdipM",
  "fps": 10.0,
  "duration": 29.900000000000002,
  "frame_count": 300,
  "scene_signals": {
    "transition_count": 7,
    "transition_timestamps": [
      4.9,
      13.8,
      14.0,
      16.1,
      22.3,
      22.400000000000002,
      25.0
    ],
    "transition_types": [
      "hard_cut",
      "hard_cut",
      "hard_cut",
      "hard_cut",
      "fade",
      "hard_cut",
      "fade"
    ],
    "transition_magnitudes": [
      2370.8052536308223,
      117.34830989339308,
      115.43590407977135,
      5578.632025906734,
      33.72402695982046,
      658.532090037535,
      34.48512870806606
    ],
    "scene_count": 8,
    "scene_durations": [
      4.9,
      8.9,
      0.1999999999999993,
      2.1000000000000014,
      6.199999999999999,
      0.10000000000000142,
      2.599999999999998,
      4.900000000000002
    ],
    "scene_duration_mean": 3.7375000000000003,
    "scene_duration_std": 2.8534792359503864,
    "scene_duration_min": 0.10000000000000142,
    "scene_duration_max": 8.9,
    "scene_types": [
      "unknown",
      "unknown",
      "unknown",
      "unknown",
      "unknown",
      "unknown",
      "unknown",
      "unknown"
    ],
    "transitions": [
      {
        "timestamp": 4.9,
        "frame_index": 49,
        "transition_type": "hard_cut",
        "magnitude": 2370.8052536308223
      },
      {
        "timestamp": 13.8,
        "frame_index": 138,
        "transition_type": "hard_cut",
        "magnitude": 117.34830989339308
      },
      {
        "timestamp": 14.0,
        "frame_index": 140,
        "transition_type": "hard_cut",
        "magnitude": 115.43590407977135
      },
      {
        "timestamp": 16.1,
        "frame_index": 161,
        "transition_type": "hard_cut",
        "magnitude": 5578.632025906734
      },
      {
        "timestamp": 22.3,
        "frame_index": 223,
        "transition_type": "fade",
        "magnitude": 33.72402695982046
      },
      {
        "timestamp": 22.400000000000002,
        "frame_index": 224,
        "transition_type": "hard_cut",
        "magnitude": 658.532090037535
      },
      {
        "timestamp": 25.0,
        "frame_index": 250,
        "transition_type": "fade",
        "magnitude": 34.48512870806606
      }
    ],
    "scenes": [
      {
        "start_time": 0.0,
        "end_time": 4.9,
        "duration": 4.9,
        "scene_type": "unknown",
        "start_frame": 0,
        "end_frame": 48
      },
      {
        "start_time": 4.9,
        "end_time": 13.8,
        "duration": 8.9,
        "scene_type": "unknown",
        "start_frame": 49,
        "end_frame": 137
      },
      {
        "start_time": 13.8,
        "end_time": 14.0,
        "duration": 0.1999999999999993,
        "scene_type": "unknown",
        "start_frame": 138,
        "end_frame": 139
      },
      {
        "start_time": 14.0,
        "end_time": 16.1,
        "duration": 2.1000000000000014,
        "scene_type": "unknown",
        "start_frame": 140,
        "end_frame": 160
      },
      {
        "start_time": 16.1,
        "end_time": 22.3,
        "duration": 6.199999999999999,
        "scene_type": "unknown",
        "start_frame": 161,
        "end_frame": 222
      },
      {
        "start_time": 22.3,
        "end_time": 22.400000000000002,
        "duration": 0.10000000000000142,
        "scene_type": "unknown",
        "start_frame": 223,
        "end_frame": 223
      },
      {
        "start_time": 22.400000000000002,
        "end_time": 25.0,
        "duration": 2.599999999999998,
        "scene_type": "unknown",
        "start_frame": 224,
        "end_frame": 249
      },
      {
        "start_time": 25.0,
        "end_time": 29.900000000000002,
        "duration": 4.900000000000002,
        "scene_type": "unknown",
        "start_frame": 250,
        "end_frame": 299
      }
    ]
  },
  "character_signals": {
    "person_counts_per_frame": [
      0,
      0,
      0,
      0,
      0,
      0,
      0,
      0,
      0,
      0,
      0,
      0,
      0,
      0,
      0,
      0,
      0,
      0,
      0,
      0,
      0,
      0,
      0,
      0,
      1,
      1,
      2,
      1,
      1,
      1,
      1,
      1,
      1,
      1,
      1,
      1,
      1,
      1,
      1,
      1,
      1,
      1,
      1,
      1,
      1,
      1,
      1,
      1,
      1,
      0,
      0,
      0,
      0,
      0,
      0,
      0,
      0,
      0,
      0,
      0,
      0,
      0,
      0,
      1,
      1,
      1,
      1,
      1,
      0,
      0,
      0,
      0,
      0,
      0,
      0,
      0,
      0,
      0,
      0,
      0,
      0,
      0,
      0,
      0,
      0,
      0,
      0,
      0,
      0,
      2,
      1,
      2,
      2,
      1,
      1,
      1,
      1,
      1,
      1,
      1,
      0,
      0,
      2,
      2,
      1,
      1,
      0,
      1,
      1,
      1,
      1,
      1,
      1,
      1,
      1,
      1,
      1,
      1,
      1,
      1,
      1,
      1,
      1,
      1,
      1,
      1,
      1,
      1,
      1,
      1,
      1,
      1,
      1,
      1,
      1,
      0,
      0,
      0,
      0,
      0,
      0,
      0,
      0,
      0,
      0,
      0,
      0,
      0,
      0,
      0,
      0,
      0,
      0,
      0,
      0,
      0,
      0,
      1,
      0,
      1,
      0,
      1,
      1,
      1,
      1,
      1,
      1,
      1,
      1,
      1,
      1,
      1,
      1,
      1,
      1,
      1,
      1,
      1,
      1,
      1,
      1,
      1,
      1,
      1,
      1,
      1,
      1,
      1,
      1,
      1,
      0,
      0,
      0,
      0,
      0,
      0,
      0,
      0,
      0,
      0,
      0,
      0,
      0,
      0,
      0,
      0,
      0,
      0,
      0,
      0,
      0,
      0,
      0,
      0,
      0,
      0,
      0,
      0,
      0,
      0,
      0,
      0,
      0,
      0,
      0,
      0,
      0,
      0,
      0,
      0,
      0,
      0,
      0,
      0,
      0,
      0,
      0,
      0,
      0,
      0,
      0,
      0,
      0,
      0,
      0,
      0,
      0,
      0,
      0,
      0,
      1,
      1,
      1,
      1,
      1,
      1,
      1,
      1,
      1,
      1,
      1,
      1,
      1,
      1,
      1,
      1,
      1,
      1,
      1,
      1,
      1,
      1,
      1,
      1,
      1,
      1,
      1,
      0,
      0,
      0,
      0,
      1,
      1,
      0,
      0,
      0,
      0,
      0,
      0,
      0,
      0,
      0,
      0,
      0,
      0,
      0,
      0,
      0,
      0,
      0
    ],
    "person_count_mode": 0,
    "person_count_mean": 0.4633333333333333,
    "person_count_std": 0.5372667452537478,
    "person_count_min": 0,
    "person_count_max": 2,
    "person_count_distribution": {
      "0": 167,
      "1": 127,
      "2": 6
    },
    "character_consistency": 0.5566666666666666,
    "entry_events": [
      {
        "timestamp": 2.4000000000000004,
        "frame_index": 24,
        "event_type": "entry",
        "count_before": 0,
        "count_after": 1
      },
      {
        "timestamp": 2.6,
        "frame_index": 26,
        "event_type": "entry",
        "count_before": 1,
        "count_after": 2
      },
      {
        "timestamp": 6.300000000000001,
        "frame_index": 63,
        "event_type": "entry",
        "count_before": 0,
        "count_after": 1
      },
      {
        "timestamp": 8.9,
        "frame_index": 89,
        "event_type": "entry",
        "count_before": 0,
        "count_after": 2
      },
      {
        "timestamp": 9.1,
        "frame_index": 91,
        "event_type": "entry",
        "count_before": 1,
        "count_after": 2
      },
      {
        "timestamp": 10.200000000000001,
        "frame_index": 102,
        "event_type": "entry",
        "count_before": 0,
        "count_after": 2
      },
      {
        "timestamp": 10.700000000000001,
        "frame_index": 107,
        "event_type": "entry",
        "count_before": 0,
        "count_after": 1
      },
      {
        "timestamp": 15.700000000000001,
        "frame_index": 157,
        "event_type": "entry",
        "count_before": 0,
        "count_after": 1
      },
      {
        "timestamp": 15.9,
        "frame_index": 159,
        "event_type": "entry",
        "count_before": 0,
        "count_after": 1
      },
      {
        "timestamp": 16.1,
        "frame_index": 161,
        "event_type": "entry",
        "count_before": 0,
        "count_after": 1
      },
      {
        "timestamp": 25.0,
        "frame_index": 250,
        "event_type": "entry",
        "count_before": 0,
        "count_after": 1
      },
      {
        "timestamp": 28.1,
        "frame_index": 281,
        "event_type": "entry",
        "count_before": 0,
        "count_after": 1
      }
    ],
    "exit_events": [
      {
        "timestamp": 2.7,
        "frame_index": 27,
        "event_type": "exit",
        "count_before": 2,
        "count_after": 1
      },
      {
        "timestamp": 4.9,
        "frame_index": 49,
        "event_type": "exit",
        "count_before": 1,
        "count_after": 0
      },
      {
        "timestamp": 6.800000000000001,
        "frame_index": 68,
        "event_type": "exit",
        "count_before": 1,
        "count_after": 0
      },
      {
        "timestamp": 9.0,
        "frame_index": 90,
        "event_type": "exit",
        "count_before": 2,
        "count_after": 1
      },
      {
        "timestamp": 9.3,
        "frame_index": 93,
        "event_type": "exit",
        "count_before": 2,
        "count_after": 1
      },
      {
        "timestamp": 10.0,
        "frame_index": 100,
        "event_type": "exit",
        "count_before": 1,
        "count_after": 0
      },
      {
        "timestamp": 10.4,
        "frame_index": 104,
        "event_type": "exit",
        "count_before": 2,
        "count_after": 1
      },
      {
        "timestamp": 10.600000000000001,
        "frame_index": 106,
        "event_type": "exit",
        "count_before": 1,
        "count_after": 0
      },
      {
        "timestamp": 13.5,
        "frame_index": 135,
        "event_type": "exit",
        "count_before": 1,
        "count_after": 0
      },
      {
        "timestamp": 15.8,
        "frame_index": 158,
        "event_type": "exit",
        "count_before": 1,
        "count_after": 0
      },
      {
        "timestamp": 16.0,
        "frame_index": 160,
        "event_type": "exit",
        "count_before": 1,
        "count_after": 0
      },
      {
        "timestamp": 19.0,
        "frame_index": 190,
        "event_type": "exit",
        "count_before": 1,
        "count_after": 0
      },
      {
        "timestamp": 27.700000000000003,
        "frame_index": 277,
        "event_type": "exit",
        "count_before": 1,
        "count_after": 0
      },
      {
        "timestamp": 28.3,
        "frame_index": 283,
        "event_type": "exit",
        "count_before": 1,
        "count_after": 0
      }
    ],
    "entry_count": 12,
    "exit_count": 14,
    "entry_exit_total": 26,
    "entry_timestamps": [
      2.4000000000000004,
      2.6,
      6.300000000000001,
      8.9,
      9.1,
      10.200000000000001,
      10.700000000000001,
      15.700000000000001,
      15.9,
      16.1,
      25.0,
      28.1
    ],
    "exit_timestamps": [
      2.7,
      4.9,
      6.800000000000001,
      9.0,
      9.3,
      10.0,
      10.4,
      10.600000000000001,
      13.5,
      15.8,
      16.0,
      19.0,
      27.700000000000003,
      28.3
    ]
  },
  "visual_signals": {
    "unique_objects": [
      "airplane",
      "person",
      "tie",
      "car",
      "traffic light",
      "truck",
      "train",
      "bus",
      "backpack"
    ],
    "unique_object_count": 9,
    "persistent_objects": [],
    "persistent_object_count": 0,
    "transient_objects": [
      "airplane",
      "tie",
      "traffic light",
      "truck",
      "train",
      "bus",
      "backpack"
    ],
    "transient_object_count": 7,
    "object_frequency": {
      "airplane": 0.02,
      "person": 0.44333333333333336,
      "tie": 0.04666666666666667,
      "car": 0.21666666666666667,
      "traffic light": 0.0033333333333333335,
      "truck": 0.013333333333333334,
      "train": 0.01,
      "bus": 0.0033333333333333335,
      "backpack": 0.0033333333333333335
    },
    "object_frame_counts": {
      "airplane": 6,
      "person": 133,
      "tie": 14,
      "car": 65,
      "traffic light": 1,
      "truck": 4,
      "train": 3,
      "bus": 1,
      "backpack": 1
    },
    "object_first_appearance": {
      "airplane": 0.30000000000000004,
      "person": 2.4000000000000004,
      "tie": 2.4000000000000004,
      "car": 6.300000000000001,
      "traffic light": 13.0,
      "truck": 13.9,
      "train": 14.3,
      "bus": 14.600000000000001,
      "backpack": 18.3
    },
    "object_last_appearance": {
      "airplane": 14.9,
      "person": 28.200000000000003,
      "tie": 17.0,
      "car": 29.3,
      "traffic light": 13.0,
      "truck": 19.200000000000003,
      "train": 15.700000000000001,
      "bus": 14.600000000000001,
      "backpack": 18.3
    },
    "objects_per_frame": [
      [],
      [],
      [],
      [
        "airplane"
      ],
      [
        "airplane"
      ],
      [
        "airplane"
      ],
      [],
      [],
      [],
      [],
      [],
      [],
      [],
      [],
      [],
      [],
      [],
      [],
      [],
      [],
      [],
      [],
      [],
      [],
      [
        "person",
        "tie"
      ],
      [
        "person",
        "tie"
      ],
      [
        "person"
      ],
      [
        "person",
        "tie"
      ],
      [
        "person",
        "tie"
      ],
      [
        "person",
        "tie"
      ],
      [
        "person",
        "tie"
      ],
      [
        "person",
        "tie"
      ],
      [
        "person",
        "tie"
      ],
      [
        "person",
        "tie"
      ],
      [
        "person",
        "tie"
      ],
      [
        "person"
      ],
      [
        "person"
      ],
      [
        "person"
      ],
      [
        "person"
      ],
      [
        "person"
      ],
      [
        "person"
      ],
      [
        "person"
      ],
      [
        "person"
      ],
      [
        "person"
      ],
      [
        "person"
      ],
      [
        "person"
      ],
      [
        "person"
      ],
      [
        "person"
      ],
      [
        "person",
        "tie"
      ],
      [],
      [],
      [],
      [],
      [],
      [],
      [],
      [],
      [],
      [],
      [],
      [],
      [],
      [],
      [
        "person",
        "car"
      ],
      [
        "person",
        "car"
      ],
      [
        "car",
        "person"
      ],
      [
        "car",
        "person"
      ],
      [
        "car",
        "person"
      ],
      [
        "car"
      ],
      [
        "car"
      ],
      [
        "car"
      ],
      [
        "car"
      ],
      [
        "car"
      ],
      [
        "car"
      ],
      [
        "car"
      ],
      [
        "car"
      ],
      [
        "car"
      ],
      [
        "car"
      ],
      [
        "car"
      ],
      [
        "car"
      ],
      [
        "car"
      ],
      [
        "car"
      ],
      [
        "car"
      ],
      [
        "car"
      ],
      [
        "car"
      ],
      [
        "car"
      ],
      [
        "car"
      ],
      [
        "car"
      ],
      [
        "car"
      ],
      [
        "person"
      ],
      [
        "person"
      ],
      [
        "person",
        "car"
      ],
      [
        "person",
        "car"
      ],
      [
        "person",
        "car"
      ],
      [
        "person",
        "car"
      ],
      [
        "person"
      ],
      [
        "person",
        "car"
      ],
      [
        "person"
      ],
      [
        "person",
        "car"
      ],
      [
        "person",
        "car"
      ],
      [
        "car"
      ],
      [],
      [
        "person"
      ],
      [
        "person"
      ],
      [
        "person"
      ],
      [
        "person"
      ],
      [],
      [
        "person"
      ],
      [
        "person"
      ],
      [
        "person"
      ],
      [
        "person"
      ],
      [
        "person"
      ],
      [
        "person"
      ],
      [
        "person"
      ],
      [
        "person"
      ],
      [
        "person"
      ],
      [
        "person"
      ],
      [
        "person"
      ],
      [
        "person"
      ],
      [
        "person"
      ],
      [
        "person"
      ],
      [
        "person"
      ],
      [
        "person"
      ],
      [
        "person"
      ],
      [
        "person"
      ],
      [
        "person"
      ],
      [
        "person"
      ],
      [
        "person"
      ],
      [
        "person"
      ],
      [
        "person"
      ],
      [
        "person",
        "traffic light"
      ],
      [
        "person"
      ],
      [
        "person"
      ],
      [
        "person",
        "airplane"
      ],
      [
        "person"
      ],
      [],
      [],
      [],
      [],
      [
        "truck"
      ],
      [
        "truck"
      ],
      [],
      [],
      [
        "train"
      ],
      [
        "train"
      ],
      [],
      [
        "bus"
      ],
      [],
      [
        "airplane"
      ],
      [
        "airplane"
      ],
      [],
      [
        "car"
      ],
      [
        "car"
      ],
      [
        "car"
      ],
      [
        "car"
      ],
      [],
      [
        "car"
      ],
      [
        "person",
        "train",
        "car"
      ],
      [],
      [
        "person"
      ],
      [
        "car"
      ],
      [
        "person"
      ],
      [
        "person"
      ],
      [
        "person",
        "tie"
      ],
      [
        "person",
        "tie"
      ],
      [
        "person"
      ],
      [
        "person"
      ],
      [
        "person"
      ],
      [
        "person"
      ],
      [
        "person"
      ],
      [
        "person",
        "tie"
      ],
      [
        "person"
      ],
      [
        "person"
      ],
      [
        "person"
      ],
      [
        "person",
        "car"
      ],
      [
        "car",
        "person"
      ],
      [
        "person",
        "car"
      ],
      [
        "person",
        "car"
      ],
      [
        "person",
        "car"
      ],
      [
        "car",
        "person"
      ],
      [
        "car",
        "person"
      ],
      [
        "car",
        "person"
      ],
      [
        "car",
        "person"
      ],
      [
        "car",
        "person",
        "backpack"
      ],
      [
        "car",
        "person"
      ],
      [
        "car",
        "person"
      ],
      [
        "car",
        "person"
      ],
      [
        "car",
        "person"
      ],
      [
        "car",
        "person"
      ],
      [
        "car",
        "person"
      ],
      [
        "car"
      ],
      [
        "truck"
      ],
      [
        "truck"
      ],
      [
        "car"
      ],
      [],
      [],
      [],
      [],
      [],
      [],
      [
        "car"
      ],
      [],
      [],
      [],
      [],
      [],
      [],
      [],
      [],
      [],
      [],
      [],
      [],
      [],
      [],
      [],
      [],
      [],
      [],
      [],
      [],
      [],
      [],
      [],
      [],
      [],
      [],
      [],
      [
        "car"
      ],
      [
        "car"
      ],
      [],
      [],
      [],
      [],
      [],
      [],
      [],
      [],
      [],
      [],
      [],
      [],
      [],
      [],
      [],
      [],
      [],
      [],
      [],
      [],
      [
        "person"
      ],
      [
        "person"
      ],
      [
        "person"
      ],
      [
        "person"
      ],
      [
        "person"
      ],
      [
        "person"
      ],
      [
        "person"
      ],
      [
        "person"
      ],
      [
        "person"
      ],
      [
        "person"
      ],
      [
        "person"
      ],
      [
        "person"
      ],
      [
        "person"
      ],
      [
        "person"
      ],
      [
        "person"
      ],
      [
        "person"
      ],
      [
        "person"
      ],
      [
        "person"
      ],
      [
        "person"
      ],
      [
        "person"
      ],
      [
        "person"
      ],
      [
        "person"
      ],
      [
        "person"
      ],
      [
        "person"
      ],
      [
        "person"
      ],
      [
        "person"
      ],
      [
        "person"
      ],
      [],
      [],
      [],
      [],
      [
        "person"
      ],
      [
        "person"
      ],
      [],
      [],
      [],
      [],
      [],
      [],
      [],
      [],
      [
        "car"
      ],
      [
        "car"
      ],
      [
        "car"
      ],
      [],
      [],
      [],
      [],
      [],
      []
    ],
    "appearances": [
      {
        "object_class": "airplane",
        "first_appearance": 0.30000000000000004,
        "last_appearance": 14.9,
        "frame_count": 6,
        "frequency": 0.02
      },
      {
        "object_class": "person",
        "first_appearance": 2.4000000000000004,
        "last_appearance": 28.200000000000003,
        "frame_count": 133,
        "frequency": 0.44333333333333336
      },
      {
        "object_class": "tie",
        "first_appearance": 2.4000000000000004,
        "last_appearance": 17.0,
        "frame_count": 14,
        "frequency": 0.04666666666666667
      },
      {
        "object_class": "car",
        "first_appearance": 6.300000000000001,
        "last_appearance": 29.3,
        "frame_count": 65,
        "frequency": 0.21666666666666667
      },
      {
        "object_class": "traffic light",
        "first_appearance": 13.0,
        "last_appearance": 13.0,
        "frame_count": 1,
        "frequency": 0.0033333333333333335
      },
      {
        "object_class": "truck",
        "first_appearance": 13.9,
        "last_appearance": 19.200000000000003,
        "frame_count": 4,
        "frequency": 0.013333333333333334
      },
      {
        "object_class": "train",
        "first_appearance": 14.3,
        "last_appearance": 15.700000000000001,
        "frame_count": 3,
        "frequency": 0.01
      },
      {
        "object_class": "bus",
        "first_appearance": 14.600000000000001,
        "last_appearance": 14.600000000000001,
        "frame_count": 1,
        "frequency": 0.0033333333333333335
      },
      {
        "object_class": "backpack",
        "first_appearance": 18.3,
        "last_appearance": 18.3,
        "frame_count": 1,
        "frequency": 0.0033333333333333335
      }
    ]
  },
  "atmosphere_signals": {
    "brightness_values": [
      56.50125108506944,
      56.607182074652776,
      56.77690646701389,
      57.17461371527778,
      57.60180555555556,
      58.03064995659722,
      58.49345920138889,
      58.78759657118056,
      58.98650390625,
      59.12799913194444,
      59.288154296875,
      59.354571397569444,
      59.371973741319444,
      59.40033203125,
      59.51078016493056,
      59.58698350694444,
      59.62656467013889,
      59.700298394097224,
      59.73645724826389,
      59.821888020833335,
      59.868017578125,
      59.863445095486114,
      59.885952690972225,
      60.00421875,
      41.53987738715278,
      41.50905815972222,
      41.47655056423611,
      41.52680881076389,
      41.79146809895833,
      41.777608506944446,
      41.35212890625,
      41.20788302951389,
      41.23741861979167,
      41.17263129340278,
      41.25887478298611,
      42.439549696180556,
      44.90191840277778,
      44.85972873263889,
      45.176616753472224,
      45.53415473090278,
      45.51898111979167,
      45.72571072048611,
      46.022867838541664,
      46.10807183159722,
      45.615152994791664,
      45.16066731770833,
      43.98189561631944,
      42.80053819444444,
      42.360445963541665,
      15.337289496527777,
      15.377822265625,
      15.444370659722223,
      15.455248480902778,
      15.584514973958333,
      15.683282335069444,
      15.776355251736112,
      15.946643880208333,
      16.071618923611112,
      16.217139756944444,
      16.330591362847223,
      16.446450737847222,
      16.525423177083333,
      16.549091796875,
      30.119130859375,
      31.037137586805557,
      31.854104817708333,
      31.927584635416668,
      32.48288845486111,
      33.7528515625,
      34.342411024305555,
      34.88885199652778,
      35.517783203125,
      35.998753255208335,
      36.175694444444446,
      36.151332465277775,
      36.17605685763889,
      36.041522352430555,
      35.884419487847225,
      35.70893229166666,
      35.72632052951389,
      35.957310112847225,
      35.928677300347225,
      35.727368706597225,
      35.22035481770833,
      34.807391493055555,
      34.55138997395834,
      34.34210286458333,
      34.18629557291667,
      34.01891493055555,
      25.086588541666668,
      25.128817274305554,
      25.28860785590278,
      25.340631510416667,
      25.36855685763889,
      25.376391059027778,
      25.437741970486112,
      25.58091254340278,
      25.764610460069445,
      25.723676215277777,
      25.675355902777778,
      25.680419921875,
      25.843756510416668,
      26.00527560763889,
      26.14998263888889,
      26.38486870659722,
      26.467492404513887,
      26.529956597222224,
      26.573693576388887,
      26.630989583333335,
      26.712337239583334,
      26.925220269097224,
      26.924397786458332,
      26.829839409722222,
      26.790782335069444,
      26.805852864583333,
      26.86834635416667,
      26.833555772569444,
      26.879526909722223,
      27.0173046875,
      27.086266276041666,
      27.23995659722222,
      27.469152560763888,
      27.513391927083333,
      27.660423177083334,
      27.66525607638889,
      27.619629991319446,
      39.303531901041666,
      39.501202256944445,
      39.784462890625,
      40.104174262152775,
      40.385182291666666,
      40.815082465277776,
      41.873173828125,
      51.02920464409722,
      56.61185438368056,
      74.20965928819444,
      133.63973090277779,
      132.8173828125,
      73.28135308159722,
      47.59383463541667,
      46.2194140625,
      46.776089409722225,
      47.29289279513889,
      48.111155598958334,
      48.678249782986114,
      49.30263671875,
      49.72767578125,
      49.86237955729167,
      49.84599609375,
      49.713253038194445,
      49.600079210069445,
      49.407284071180555,
      49.299587673611114,
      49.08884223090278,
      48.96471462673611,
      48.87537434895833,
      48.90923068576389,
      48.961490885416666,
      49.060029296875,
      49.10350043402778,
      49.281064453125,
      35.96719292534722,
      36.31002604166667,
      37.089697265625,
      37.32890299479167,
      37.69020724826389,
      37.739270833333336,
      37.01126736111111,
      36.85511935763889,
      37.05755750868055,
      37.20837131076389,
      37.97409071180556,
      38.472797309027776,
      38.95333984375,
      28.585321180555557,
      28.106555989583335,
      27.320680338541667,
      26.961112196180554,
      26.82403103298611,
      25.635496961805554,
      25.015657552083333,
      24.383897569444443,
      23.900477430555554,
      23.281179470486112,
      22.448657769097224,
      21.79555881076389,
      20.992559678819443,
      20.711062282986113,
      20.429730902777777,
      20.385915798611112,
      20.38865668402778,
      19.976817491319444,
      19.544226345486113,
      19.112917751736113,
      18.972000868055556,
      18.95719509548611,
      19.301427951388888,
      19.68118381076389,
      20.102679036458333,
      20.860469835069445,
      21.50078884548611,
      22.599125434027776,
      23.266617838541666,
      23.914721137152778,
      24.838580729166665,
      25.370042317708332,
      26.196978081597223,
      26.60849826388889,
      27.008522135416666,
      21.39481662326389,
      21.25836697048611,
      21.004229600694444,
      20.653562282986112,
      20.68267361111111,
      20.23385959201389,
      19.838603515625,
      19.164629991319444,
      18.617387152777777,
      17.895868055555557,
      16.501124131944444,
      15.538213975694445,
      17.377952473958334,
      13.435625,
      13.194874131944445,
      17.699697265625,
      12.770590277777778,
      9.44297634548611,
      10.057965494791667,
      37.54027669270833,
      34.616618923611114,
      31.553803168402776,
      28.451754557291668,
      26.449512803819445,
      25.228408203125,
      25.747579210069443,
      25.817477213541668,
      25.843419053819446,
      25.742231987847223,
      25.529899088541665,
      25.03756293402778,
      24.62158962673611,
      23.949711371527776,
      23.44907443576389,
      22.963612196180556,
      22.1061328125,
      21.608359375,
      20.847437065972223,
      20.044267578125,
      19.256519097222224,
      18.346321614583335,
      29.920705295138887,
      30.295602213541667,
      30.674490017361112,
      30.807567274305555,
      31.551344401041668,
      31.41205295138889,
      30.85787109375,
      31.08084201388889,
      32.689697265625,
      30.202825520833333,
      30.604921875,
      30.913980034722222,
      30.740941840277777,
      30.88341796875,
      31.45323459201389,
      31.623358289930554,
      31.999664713541666,
      31.997784288194445,
      31.673575303819444,
      32.109217664930554,
      32.14766493055556,
      32.00532335069445,
      32.16036349826389,
      32.14236545138889,
      32.128893229166664,
      32.501149088541666,
      32.059069010416664,
      28.15024956597222,
      27.2152734375,
      25.565799696180555,
      27.27177734375,
      34.91534505208333,
      42.74461480034722,
      45.08544053819445,
      43.317393663194444,
      41.868555772569444,
      40.849598524305556,
      39.14146918402778,
      39.45310221354167,
      39.76635850694444,
      39.291021050347226,
      39.57125,
      41.741930338541664,
      43.36477756076389,
      24.177940538194445,
      24.665618489583334,
      25.267012803819444,
      26.12970703125,
      26.742762586805554,
      27.590662977430554
    ],
    "brightness_mean": 34.283411100260416,
    "brightness_std": 14.90829230061611,
    "brightness_min": 9.44297634548611,
    "brightness_max": 133.63973090277779,
    "brightness_range": 124.19675455729167,
    "lighting_changes": [
      {
        "timestamp": 4.9,
        "frame_index": 49,
        "brightness_before": 42.360445963541665,
        "brightness_after": 15.337289496527777,
        "magnitude": 27.023156467013887
      },
      {
        "timestamp": 13.600000000000001,
        "frame_index": 136,
        "brightness_before": 74.20965928819444,
        "brightness_after": 133.63973090277779,
        "magnitude": 59.43007161458334
      },
      {
        "timestamp": 13.8,
        "frame_index": 138,
        "brightness_before": 132.8173828125,
        "brightness_after": 73.28135308159722,
        "magnitude": 59.53602973090278
      },
      {
        "timestamp": 13.9,
        "frame_index": 139,
        "brightness_before": 73.28135308159722,
        "brightness_after": 47.59383463541667,
        "magnitude": 25.687518446180547
      },
      {
        "timestamp": 22.8,
        "frame_index": 228,
        "brightness_before": 10.057965494791667,
        "brightness_after": 37.54027669270833,
        "magnitude": 27.482311197916665
      }
    ],
    "lighting_change_count": 5,
    "setting_type": "indoor",
    "dominant_colors_rgb": [
      [
        "55",
        "60",
        "64"
      ],
      [
        "123",
        "115",
        "108"
      ],
      [
        "8",
        "8",
        "10"
      ]
    ],
    "dominant_colors": [
      "blue",
      "brown",
      "black"
    ]
  },
  "action_signals": {
    "intensity_timeline": [
      0.0,
      0.009867183566093445,
      0.009261414408683777,
      0.015003314018249512,
      0.010212666988372802,
      0.013386085033416747,
      0.0077022695541381836,
      0.006801092624664306,
      0.010321352481842041,
      0.006492813229560852,
      0.00969369113445282,
      0.00713579535484314,
      0.007057327628135681,
      0.012258937358856201,
      0.008325831294059753,
      0.012273945808410645,
      0.010071139335632324,
      0.010037969350814819,
      0.011166534423828124,
      0.008616605401039123,
      0.010994422435760497,
      0.006087246537208557,
      0.006605148911476135,
      0.014196206331253052,
      0.16240812301635743,
      0.01101168155670166,
      0.007436709403991699,
      0.00853486716747284,
      0.020583992004394532,
      0.018706750869750977,
      0.032567331790924074,
      0.022957727909088135,
      0.019293776750564574,
      0.02764105796813965,
      0.01762664198875427,
      0.030809385776519774,
      0.024497618675231935,
      0.018095967769622804,
      0.02780872106552124,
      0.025076277256011963,
      0.04257795810699463,
      0.030509743690490723,
      0.028449547290802003,
      0.031823422908782956,
      0.009599717855453492,
      0.016853039264678956,
      0.016896909475326537,
      0.0188123083114624,
      0.01949715256690979,
      0.03634988784790039,
      0.0024919535219669344,
      0.0018678876757621766,
      0.001924753189086914,
      0.0030340123176574706,
      0.0021720798313617706,
      0.0028455176949501036,
      0.0018953049182891845,
      0.0019404342770576477,
      0.0025911593437194826,
      0.0014401179552078246,
      0.0020112034678459166,
      0.0010914748907089233,
      0.0009395959973335266,
      0.05769499778747558,
      0.02711637020111084,
      0.011076548099517823,
      0.009391170740127564,
      0.013253095149993897,
      0.011589834690093994,
      0.007640693783760071,
      0.007558279037475586,
      0.0036209309101104736,
      0.0030216538906097413,
      0.0035663771629333495,
      0.003544422686100006,
      0.015326864719390869,
      0.004073463678359986,
      0.003866567611694336,
      0.006166410446166992,
      0.004946277439594269,
      0.009082534313201905,
      0.007400903105735779,
      0.00837202787399292,
      0.01044529676437378,
      0.007016813755035401,
      0.008120812773704529,
      0.014611091613769531,
      0.011545571088790894,
      0.021755454540252687,
      0.07416932582855225,
      0.0029716908931732176,
      0.0054646837711334224,
      0.0026752233505249025,
      0.006153450608253479,
      0.003287140130996704,
      0.0028510522842407227,
      0.006326935291290283,
      0.002995603084564209,
      0.007033842206001281,
      0.004891769289970398,
      0.006714999675750732,
      0.006169189214706421,
      0.005706079006195068,
      0.007259132266044617,
      0.0075063413381576535,
      0.005212743282318116,
      0.008196383714675903,
      0.0035122862458229066,
      0.007396140098571777,
      0.003932675421237946,
      0.006211612820625306,
      0.007692438960075379,
      0.007138640284538269,
      0.0072918194532394405,
      0.007058193683624267,
      0.005145509243011475,
      0.0091769939661026,
      0.005359397530555725,
      0.009991872906684875,
      0.005171360969543457,
      0.005572589039802551,
      0.01243243932723999,
      0.00706075370311737,
      0.01173388123512268,
      0.0054308480024337765,
      0.007222529649734497,
      0.06841687202453613,
      0.030351765155792236,
      0.04066225528717041,
      0.03297316074371338,
      0.031224911212921144,
      0.03535051822662354,
      0.027179813385009764,
      0.049759435653686526,
      0.046580419540405274,
      0.05563124656677246,
      0.12425609588623047,
      0.024036097526550292,
      0.14347530364990235,
      0.14792778015136718,
      0.06069639682769776,
      0.06061642169952393,
      0.04108571529388428,
      0.06314935207366944,
      0.04806342601776123,
      0.04875125885009766,
      0.07663815021514893,
      0.05390480041503906,
      0.08269906997680664,
      0.05972611904144287,
      0.05446455001831055,
      0.07292924880981445,
      0.04665232658386231,
      0.06084183692932129,
      0.03950377225875854,
      0.0385882043838501,
      0.04997617244720459,
      0.03437435388565063,
      0.04820788860321045,
      0.03447015762329102,
      0.033685290813446046,
      0.08741490364074707,
      0.00930006742477417,
      0.01150894284248352,
      0.011216672658920289,
      0.013613991737365723,
      0.009670687913894653,
      0.018932098150253297,
      0.014694180488586426,
      0.01367542028427124,
      0.0056562268733978275,
      0.009366656541824342,
      0.006707446575164795,
      0.006138703227043152,
      0.03771632432937622,
      0.017255867719650268,
      0.02359590768814087,
      0.0163491952419281,
      0.017827006578445433,
      0.028705785274505614,
      0.019094349145889283,
      0.024663972854614257,
      0.01741725444793701,
      0.01802516222000122,
      0.02534435749053955,
      0.017088394165039062,
      0.022380599975585936,
      0.01702136278152466,
      0.02420973777770996,
      0.02154621362686157,
      0.019169098138809203,
      0.022431819438934325,
      0.015917134284973145,
      0.018790931701660157,
      0.02410475492477417,
      0.020411100387573242,
      0.025727403163909913,
      0.014276745319366456,
      0.016570848226547242,
      0.023574502468109132,
      0.020311141014099122,
      0.026452243328094482,
      0.017396613359451293,
      0.017510640621185302,
      0.021103961467742918,
      0.009147055149078369,
      0.014546358585357666,
      0.009326732158660889,
      0.008955763578414917,
      0.028104143142700197,
      0.002461489289999008,
      0.004078238308429718,
      0.0034296000003814697,
      0.006560920476913452,
      0.01815104007720947,
      0.015377857685089112,
      0.019580079317092894,
      0.012096861600875855,
      0.010817313194274902,
      0.0063395464420318605,
      0.0027780413627624513,
      0.0016534318029880523,
      0.0014889998733997344,
      0.0009079999476671219,
      0.0004766083136200905,
      0.000742727667093277,
      0.00024230223149061204,
      7.54244765266776e-05,
      0.27416698455810545,
      0.03775597333908081,
      0.03744037628173828,
      0.044117522239685056,
      0.033923707008361816,
      0.03258029699325562,
      0.05487264156341553,
      0.02965686798095703,
      0.03710777997970581,
      0.025342655181884766,
      0.02393007040023804,
      0.03484457015991211,
      0.02159801483154297,
      0.03169444561004639,
      0.01724966526031494,
      0.015564604997634887,
      0.022097258567810057,
      0.011546987295150756,
      0.013892762660980225,
      0.01028920292854309,
      0.006975746154785157,
      0.006677858233451843,
      0.014263511896133422,
      0.014519984722137452,
      0.02840674877166748,
      0.026959550380706788,
      0.032120652198791504,
      0.025302655696868896,
      0.027429378032684325,
      0.035300765037536624,
      0.02842423677444458,
      0.027318503856658936,
      0.02834836483001709,
      0.02978480577468872,
      0.031051480770111085,
      0.023284032344818115,
      0.03910038948059082,
      0.029268345832824706,
      0.028995847702026366,
      0.02630639314651489,
      0.025272810459136964,
      0.02130612850189209,
      0.015788767337799072,
      0.015475726127624512,
      0.02132578134536743,
      0.012986929416656494,
      0.015288275480270386,
      0.014283475875854492,
      0.021591882705688476,
      0.06518397331237794,
      0.02006563901901245,
      0.04034726619720459,
      0.023108425140380858,
      0.039770944118499754,
      0.061480197906494144,
      0.03600023984909058,
      0.04137942790985107,
      0.02349487066268921,
      0.0164508056640625,
      0.027267775535583495,
      0.023315424919128417,
      0.03488526821136475,
      0.01323341965675354,
      0.015247586965560913,
      0.018605945110321046,
      0.015989530086517333,
      0.07183644771575928,
      0.006412541866302491,
      0.008154191374778748,
      0.010656858682632447,
      0.008311123847961425,
      0.011890796422958374
    ],
    "intensity_mean": 0.02232719368368077,
    "intensity_std": 0.026383910146862415,
    "intensity_min": 0.0,
    "intensity_max": 0.27416698455810545,
    "intensity_trend": "stable",
    "peak_moments": [
      {
        "timestamp": 2.4000000000000004,
        "frame_index": 24,
        "intensity": 0.16240812301635743,
        "moment_type": "peak"
      },
      {
        "timestamp": 13.600000000000001,
        "frame_index": 136,
        "intensity": 0.12425609588623047,
        "moment_type": "peak"
      },
      {
        "timestamp": 13.9,
        "frame_index": 139,
        "intensity": 0.14792778015136718,
        "moment_type": "peak"
      },
      {
        "timestamp": 22.8,
        "frame_index": 228,
        "intensity": 0.27416698455810545,
        "moment_type": "peak"
      }
    ],
    "valley_moments": [
      {
        "timestamp": 6.2,
        "frame_index": 62,
        "intensity": 0.0009395959973335266,
        "moment_type": "valley"
      },
      {
        "timestamp": 13.700000000000001,
        "frame_index": 137,
        "intensity": 0.024036097526550292,
        "moment_type": "valley"
      },
      {
        "timestamp": 22.700000000000003,
        "frame_index": 227,
        "intensity": 7.54244765266776e-05,
        "moment_type": "valley"
      }
    ],
    "peak_timestamps": [
      2.4000000000000004,
      13.600000000000001,
      13.9,
      22.8
    ],
    "valley_timestamps": [
      6.2,
      13.700000000000001,
      22.700000000000003
    ],
    "peak_count": 4,
    "valley_count": 3,
    "action_variance": 0.0006961107146377095
  },
  "temporal_signals": {
    "frame_change_scores": [
      0.0,
      0.03921838455911186,
      0.03484092944798778,
      0.0795453616299866,
      0.04416779865869902,
      0.05788828040366201,
      0.02854400145392022,
      0.0268188527403993,
      0.0411583727908309,
      0.021542624672181487,
      0.03796633801201721,
      0.023861577297751846,
      0.023481037962663764,
      0.05577896182226394,
      0.0320664313690312,
      0.054025422290601255,
      0.03952522975262318,
      0.04172220522148551,
      0.046316536366771466,
      0.03372354823621149,
      0.04236589001819491,
      0.01746880120498351,
      0.022793092034148588,
      0.06515469755723535,
      0.6417682569562972,
      0.05223940739409927,
      0.03371755752694516,
      0.04339682250563737,
      0.0936028033234304,
      0.08359365186246526,
      0.12792594806685798,
      0.11083779557544904,
      0.10235905490864439,
      0.12545179521704586,
      0.09705594185391186,
      0.13152378057741398,
      0.11214316191477025,
      0.12492071976604913,
      0.16771019471038273,
      0.12309572251683987,
      0.15607480612711888,
      0.13405925357768866,
      0.1437376165384222,
      0.14372092210914544,
      0.05748953201337159,
      0.115576856656044,
      0.09342144647391626,
      0.08300201347887182,
      0.10214146497475896,
      0.5417209357258828,
      0.02933693650467506,
      0.02162795451857502,
      0.021440332368276915,
      0.0391735782706083,
      0.02585277673212194,
      0.042482633379041235,
      0.022745971669459908,
      0.023741708724591915,
      0.037313717914583044,
      0.016307634224358214,
      0.024918311591024755,
      0.009296529629924999,
      0.00718858965464908,
      0.47865317122275286,
      0.09814193115705161,
      0.10716558506412932,
      0.08269545351297602,
      0.06972683336377039,
      0.06405364352044673,
      0.04122084675554827,
      0.053219960846343395,
      0.03747661535744784,
      0.02441328452276459,
      0.01974942366276977,
      0.010109371220574648,
      0.01968206491068425,
      0.009960198329397874,
      0.010960912767391418,
      0.02365036522772701,
      0.014436761695429845,
      0.03656209951137468,
      0.026722457899027385,
      0.02784789896379858,
      0.04714160213000684,
      0.029183035581888617,
      0.0338225487872682,
      0.06311426603871284,
      0.045078755511857804,
      0.06901248477136224,
      0.4466232766858337,
      0.008573852762570389,
      0.0250154345817718,
      0.009141508045818925,
      0.02875200930094024,
      0.010799168279059024,
      0.009167680149215873,
      0.02719195761667703,
      0.010628660569051762,
      0.035356582398502256,
      0.017177788044176134,
      0.026987413375085256,
      0.0312588263771022,
      0.029051119257562874,
      0.03627283915243118,
      0.03946848279599613,
      0.01953485772223218,
      0.044132124114987015,
      0.011564122583733627,
      0.03443721809808986,
      0.01119927624310435,
      0.029448249294821927,
      0.039802538760918216,
      0.03638951094108411,
      0.03609062990733236,
      0.03297274428092245,
      0.01826587825948578,
      0.04424814464710136,
      0.01889117059873613,
      0.048395448284426656,
      0.017720642677116816,
      0.01966550662127109,
      0.06249528892256595,
      0.02769841498492731,
      0.060614756587507035,
      0.018378729144732042,
      0.030414387178553826,
      0.5088108125815016,
      0.11947418903292706,
      0.17304726985651386,
      0.13327498407784144,
      0.1398172768024879,
      0.19413449816567996,
      0.1392814355836075,
      0.2532042688760775,
      0.2027372731503384,
      0.23057177190693445,
      0.3438654728518894,
      0.0744969498122956,
      0.350856787131931,
      0.28708191448425924,
      0.18837302303710435,
      0.2507417530347432,
      0.21372785194212862,
      0.2766713616532399,
      0.24795083660385997,
      0.25111278307657503,
      0.30862200904054105,
      0.25501594642714587,
      0.3142543663148678,
      0.2557723250787979,
      0.2565541956717605,
      0.3129561146051689,
      0.23951815267607424,
      0.2877647573000691,
      0.21824054590381992,
      0.2166055001372721,
      0.27133556630632005,
      0.20349479922384162,
      0.24465286779766837,
      0.19419853800497888,
      0.18658019508201673,
      0.48840400041922694,
      0.05807653446356498,
      0.07110965876195863,
      0.058825896460601323,
      0.06510384427840377,
      0.073873659247224,
      0.11104547423780842,
      0.1071614321920783,
      0.1048714348898181,
      0.05016181922342766,
      0.07231246249832735,
      0.049825116221295485,
      0.042033351234010086,
      0.4446491780006714,
      0.15606047999838324,
      0.19853064864386627,
      0.13857837016853813,
      0.1394561226676393,
      0.18552315567894906,
      0.13587239206252144,
      0.1736348228693042,
      0.1358068537798709,
      0.1453002244535443,
      0.17658594020538076,
      0.13340215243792386,
      0.1732472516688085,
      0.13547152124228823,
      0.13029177430674876,
      0.15735031687749923,
      0.11091570915025384,
      0.1450596045815351,
      0.10896597318534829,
      0.11282465471986858,
      0.16457835410786115,
      0.12926904825598695,
      0.1688459308406871,
      0.13975885839690017,
      0.13759593233805378,
      0.1841856643520391,
      0.14587689056274222,
      0.18818854010307318,
      0.13535801579113027,
      0.12722766638408944,
      0.14697464574973318,
      0.09951241943487976,
      0.1407086927193253,
      0.10246362912675444,
      0.10130885106680754,
      0.25939943955605316,
      0.03485657299390077,
      0.054052291956698584,
      0.04845026096562033,
      0.06144073723833454,
      0.0878263500473413,
      0.07692948851278614,
      0.08477382200978578,
      0.07054417904169696,
      0.07086914119220544,
      0.09296202005330056,
      0.06910993284053701,
      0.10834602383737402,
      0.09443353870946869,
      0.07147359737049741,
      0.15161539668159285,
      0.12578186007626846,
      0.11703922431024316,
      0.08348294222730201,
      0.5266222049831966,
      0.22775569401490214,
      0.2545757507880281,
      0.29749403770957794,
      0.22893075632219584,
      0.2204669196898179,
      0.34713503685486136,
      0.27323985091360026,
      0.32039591582455385,
      0.23846207096811434,
      0.2157845544566348,
      0.25610884296496517,
      0.18425246598192602,
      0.21551549220112576,
      0.15158676230339052,
      0.13482416877907188,
      0.15550171698673354,
      0.09193705604655444,
      0.10378317614541688,
      0.08409953673830917,
      0.06404045504691824,
      0.058071765257231456,
      0.492468903898038,
      0.08910742482389122,
      0.1652046374823859,
      0.14892218594192663,
      0.23165121611060202,
      0.21172880773425473,
      0.2486601028080827,
      0.3227972984892462,
      0.32217940646616106,
      0.30370696654466234,
      0.2024271532890719,
      0.23080606446709506,
      0.2832963839903401,
      0.2012520507752963,
      0.2827403739713603,
      0.23312835416240263,
      0.2855154062641647,
      0.32474424320419415,
      0.1723473485639775,
      0.11735165596692487,
      0.09357085353925354,
      0.09439464143381116,
      0.12382398557610452,
      0.07295717180270755,
      0.09819525753956171,
      0.08085875406299048,
      0.14484750862477114,
      0.47685839226240245,
      0.16956572686491067,
      0.25906265406217144,
      0.19655627454130364,
      0.28834739696503153,
      0.3623192097456933,
      0.18417129017585654,
      0.2375910719962273,
      0.11436240677464915,
      0.06816198595055778,
      0.15486691597847901,
      0.11611517634061763,
      0.14385298487507048,
      0.07853960764406787,
      0.08010533370752881,
      0.09755428630018492,
      0.06324339571425808,
      0.5599394520881039,
      0.03190441912545172,
      0.03229075303022033,
      0.05396356774966515,
      0.036556627379578766,
      0.05818313577547363
    ],
    "change_score_mean": 0.12958355653694004,
    "change_score_std": 0.1143899953145044,
    "change_score_max": 0.6417682569562972,
    "temporal_gaps": [],
    "temporal_gap_count": 0,
    "temporal_gap_total_duration": 0.0,
    "transition_similarity_scores": [
      0.4582790642741173,
      0.649143212868069,
      0.8116269769628957,
      0.5115959995807731,
      0.9285264026295026,
      0.8483846033184071,
      0.507531096101962
    ],
    "transition_similarity_mean": 0.6735839079622467,
    "temporal_density": 4.983277591973244
  },
  "metadata": {
    "video_path": "/vol/videos/core/produced_digital/commercials/537EwXTdipM.mp4",
    "dataset": "produced_digital/commercials",
    "tier": "produced_digital",
    "study_type": "core",
    "source_fps": 23.976023976023978,
    "source_width": 1280,
    "source_height": 720,
    "experiment_version": "3.3",
    "batch": "1-retry",
    "retry_id": "20251226_182920"
  }
}