{
  "video_id": "5syJjBQ_k6o",
  "fps": 15.0,
  "duration": 29.933333333333334,
  "frame_count": 450,
  "scene_signals": {
    "transition_count": 5,
    "transition_timestamps": [
      5.533333333333333,
      24.866666666666667,
      25.266666666666666,
      27.133333333333333,
      28.733333333333334
    ],
    "transition_types": [
      "hard_cut",
      "hard_cut",
      "soft_cut",
      "dissolve",
      "hard_cut"
    ],
    "transition_magnitudes": [
      92.69376847346916,
      126.86523170000385,
      69.60193721136262,
      42.68279478239434,
      99.23506472729213
    ],
    "scene_count": 6,
    "scene_durations": [
      5.533333333333333,
      19.333333333333336,
      0.3999999999999986,
      1.8666666666666671,
      1.6000000000000014,
      1.1999999999999993
    ],
    "scene_duration_mean": 4.988888888888889,
    "scene_duration_std": 6.616972191845326,
    "scene_duration_min": 0.3999999999999986,
    "scene_duration_max": 19.333333333333336,
    "scene_types": [
      "unknown",
      "unknown",
      "unknown",
      "unknown",
      "unknown",
      "unknown"
    ],
    "transitions": [
      {
        "timestamp": 5.533333333333333,
        "frame_index": 83,
        "transition_type": "hard_cut",
        "magnitude": 92.69376847346916
      },
      {
        "timestamp": 24.866666666666667,
        "frame_index": 373,
        "transition_type": "hard_cut",
        "magnitude": 126.86523170000385
      },
      {
        "timestamp": 25.266666666666666,
        "frame_index": 379,
        "transition_type": "soft_cut",
        "magnitude": 69.60193721136262
      },
      {
        "timestamp": 27.133333333333333,
        "frame_index": 407,
        "transition_type": "dissolve",
        "magnitude": 42.68279478239434
      },
      {
        "timestamp": 28.733333333333334,
        "frame_index": 431,
        "transition_type": "hard_cut",
        "magnitude": 99.23506472729213
      }
    ],
    "scenes": [
      {
        "start_time": 0.0,
        "end_time": 5.533333333333333,
        "duration": 5.533333333333333,
        "scene_type": "unknown",
        "start_frame": 0,
        "end_frame": 82
      },
      {
        "start_time": 5.533333333333333,
        "end_time": 24.866666666666667,
        "duration": 19.333333333333336,
        "scene_type": "unknown",
        "start_frame": 83,
        "end_frame": 372
      },
      {
        "start_time": 24.866666666666667,
        "end_time": 25.266666666666666,
        "duration": 0.3999999999999986,
        "scene_type": "unknown",
        "start_frame": 373,
        "end_frame": 378
      },
      {
        "start_time": 25.266666666666666,
        "end_time": 27.133333333333333,
        "duration": 1.8666666666666671,
        "scene_type": "unknown",
        "start_frame": 379,
        "end_frame": 406
      },
      {
        "start_time": 27.133333333333333,
        "end_time": 28.733333333333334,
        "duration": 1.6000000000000014,
        "scene_type": "unknown",
        "start_frame": 407,
        "end_frame": 430
      },
      {
        "start_time": 28.733333333333334,
        "end_time": 29.933333333333334,
        "duration": 1.1999999999999993,
        "scene_type": "unknown",
        "start_frame": 431,
        "end_frame": 449
      }
    ]
  },
  "character_signals": {
    "person_counts_per_frame": [
      0,
      0,
      0,
      0,
      0,
      1,
      1,
      0,
      1,
      1,
      1,
      1,
      3,
      3,
      3,
      3,
      2,
      3,
      2,
      3,
      2,
      3,
      4,
      3,
      2,
      4,
      2,
      2,
      2,
      2,
      1,
      1,
      2,
      2,
      3,
      3,
      2,
      2,
      2,
      1,
      1,
      1,
      1,
      1,
      1,
      1,
      3,
      3,
      4,
      5,
      4,
      3,
      4,
      3,
      4,
      4,
      4,
      4,
      4,
      4,
      4,
      4,
      4,
      5,
      4,
      4,
      4,
      4,
      4,
      4,
      3,
      3,
      3,
      2,
      2,
      2,
      2,
      2,
      2,
      2,
      2,
      1,
      1,
      2,
      4,
      3,
      4,
      5,
      5,
      5,
      4,
      3,
      4,
      3,
      2,
      2,
      1,
      2,
      1,
      1,
      1,
      1,
      0,
      0,
      0,
      0,
      0,
      0,
      0,
      0,
      0,
      1,
      1,
      1,
      0,
      0,
      0,
      1,
      2,
      2,
      1,
      1,
      1,
      1,
      1,
      1,
      1,
      1,
      1,
      1,
      1,
      1,
      1,
      1,
      1,
      1,
      1,
      5,
      5,
      5,
      5,
      5,
      5,
      5,
      5,
      5,
      5,
      5,
      5,
      3,
      3,
      3,
      3,
      3,
      3,
      3,
      4,
      3,
      4,
      4,
      4,
      4,
      4,
      4,
      4,
      3,
      3,
      3,
      3,
      3,
      3,
      3,
      3,
      4,
      3,
      3,
      3,
      3,
      3,
      3,
      3,
      3,
      3,
      3,
      3,
      3,
      3,
      3,
      3,
      3,
      3,
      3,
      3,
      5,
      5,
      5,
      4,
      5,
      5,
      5,
      5,
      5,
      5,
      5,
      5,
      5,
      4,
      4,
      4,
      4,
      5,
      5,
      5,
      5,
      3,
      3,
      3,
      3,
      3,
      3,
      3,
      3,
      3,
      3,
      3,
      3,
      3,
      3,
      3,
      3,
      3,
      3,
      3,
      3,
      3,
      3,
      3,
      3,
      3,
      3,
      3,
      3,
      3,
      3,
      2,
      2,
      3,
      2,
      2,
      3,
      3,
      3,
      3,
      3,
      3,
      3,
      3,
      3,
      3,
      3,
      2,
      2,
      2,
      2,
      2,
      2,
      2,
      2,
      2,
      2,
      2,
      2,
      2,
      2,
      2,
      3,
      3,
      3,
      3,
      3,
      3,
      3,
      3,
      3,
      3,
      3,
      3,
      3,
      3,
      2,
      2,
      1,
      1,
      1,
      1,
      1,
      1,
      1,
      1,
      1,
      1,
      1,
      1,
      2,
      3,
      3,
      3,
      2,
      2,
      2,
      2,
      2,
      2,
      3,
      2,
      2,
      2,
      2,
      2,
      2,
      2,
      2,
      2,
      2,
      2,
      2,
      2,
      2,
      2,
      2,
      2,
      1,
      1,
      2,
      2,
      2,
      4,
      1,
      1,
      0,
      1,
      1,
      1,
      1,
      1,
      1,
      1,
      1,
      1,
      1,
      1,
      1,
      1,
      1,
      1,
      4,
      2,
      2,
      2,
      1,
      1,
      1,
      2,
      2,
      2,
      1,
      2,
      2,
      2,
      2,
      2,
      2,
      2,
      0,
      0,
      0,
      0,
      0,
      0,
      1,
      0,
      1,
      1,
      1,
      1,
      1,
      1,
      1,
      0,
      0,
      0,
      0,
      0,
      1,
      1,
      1,
      1,
      1,
      1,
      1,
      1,
      1,
      1,
      1,
      1,
      1,
      1,
      0,
      0,
      0,
      0,
      0,
      0,
      0,
      0,
      0,
      0,
      0,
      0,
      0,
      0,
      0,
      0,
      0,
      0,
      0,
      0,
      0,
      0,
      0,
      0,
      2,
      0,
      0,
      0,
      0,
      0,
      0,
      0,
      0,
      0,
      0,
      0,
      0,
      0,
      0,
      0,
      0,
      0,
      0
    ],
    "person_count_mode": 3,
    "person_count_mean": 2.1066666666666665,
    "person_count_std": 1.4597412251643933,
    "person_count_min": 0,
    "person_count_max": 5,
    "person_count_distribution": {
      "0": 73,
      "1": 100,
      "3": 115,
      "2": 89,
      "4": 40,
      "5": 33
    },
    "character_consistency": 0.25555555555555554,
    "entry_events": [
      {
        "timestamp": 0.3333333333333333,
        "frame_index": 5,
        "event_type": "entry",
        "count_before": 0,
        "count_after": 1
      },
      {
        "timestamp": 0.5333333333333333,
        "frame_index": 8,
        "event_type": "entry",
        "count_before": 0,
        "count_after": 1
      },
      {
        "timestamp": 0.8,
        "frame_index": 12,
        "event_type": "entry",
        "count_before": 1,
        "count_after": 3
      },
      {
        "timestamp": 1.1333333333333333,
        "frame_index": 17,
        "event_type": "entry",
        "count_before": 2,
        "count_after": 3
      },
      {
        "timestamp": 1.2666666666666666,
        "frame_index": 19,
        "event_type": "entry",
        "count_before": 2,
        "count_after": 3
      },
      {
        "timestamp": 1.4,
        "frame_index": 21,
        "event_type": "entry",
        "count_before": 2,
        "count_after": 3
      },
      {
        "timestamp": 1.4666666666666666,
        "frame_index": 22,
        "event_type": "entry",
        "count_before": 3,
        "count_after": 4
      },
      {
        "timestamp": 1.6666666666666667,
        "frame_index": 25,
        "event_type": "entry",
        "count_before": 2,
        "count_after": 4
      },
      {
        "timestamp": 2.1333333333333333,
        "frame_index": 32,
        "event_type": "entry",
        "count_before": 1,
        "count_after": 2
      },
      {
        "timestamp": 2.2666666666666666,
        "frame_index": 34,
        "event_type": "entry",
        "count_before": 2,
        "count_after": 3
      },
      {
        "timestamp": 3.0666666666666664,
        "frame_index": 46,
        "event_type": "entry",
        "count_before": 1,
        "count_after": 3
      },
      {
        "timestamp": 3.2,
        "frame_index": 48,
        "event_type": "entry",
        "count_before": 3,
        "count_after": 4
      },
      {
        "timestamp": 3.2666666666666666,
        "frame_index": 49,
        "event_type": "entry",
        "count_before": 4,
        "count_after": 5
      },
      {
        "timestamp": 3.466666666666667,
        "frame_index": 52,
        "event_type": "entry",
        "count_before": 3,
        "count_after": 4
      },
      {
        "timestamp": 3.6,
        "frame_index": 54,
        "event_type": "entry",
        "count_before": 3,
        "count_after": 4
      },
      {
        "timestamp": 4.2,
        "frame_index": 63,
        "event_type": "entry",
        "count_before": 4,
        "count_after": 5
      },
      {
        "timestamp": 5.533333333333333,
        "frame_index": 83,
        "event_type": "entry",
        "count_before": 1,
        "count_after": 2
      },
      {
        "timestamp": 5.6,
        "frame_index": 84,
        "event_type": "entry",
        "count_before": 2,
        "count_after": 4
      },
      {
        "timestamp": 5.733333333333333,
        "frame_index": 86,
        "event_type": "entry",
        "count_before": 3,
        "count_after": 4
      },
      {
        "timestamp": 5.8,
        "frame_index": 87,
        "event_type": "entry",
        "count_before": 4,
        "count_after": 5
      },
      {
        "timestamp": 6.133333333333333,
        "frame_index": 92,
        "event_type": "entry",
        "count_before": 3,
        "count_after": 4
      },
      {
        "timestamp": 6.466666666666667,
        "frame_index": 97,
        "event_type": "entry",
        "count_before": 1,
        "count_after": 2
      },
      {
        "timestamp": 7.3999999999999995,
        "frame_index": 111,
        "event_type": "entry",
        "count_before": 0,
        "count_after": 1
      },
      {
        "timestamp": 7.8,
        "frame_index": 117,
        "event_type": "entry",
        "count_before": 0,
        "count_after": 1
      },
      {
        "timestamp": 7.866666666666666,
        "frame_index": 118,
        "event_type": "entry",
        "count_before": 1,
        "count_after": 2
      },
      {
        "timestamp": 9.133333333333333,
        "frame_index": 137,
        "event_type": "entry",
        "count_before": 1,
        "count_after": 5
      },
      {
        "timestamp": 10.4,
        "frame_index": 156,
        "event_type": "entry",
        "count_before": 3,
        "count_after": 4
      },
      {
        "timestamp": 10.533333333333333,
        "frame_index": 158,
        "event_type": "entry",
        "count_before": 3,
        "count_after": 4
      },
      {
        "timestamp": 11.533333333333333,
        "frame_index": 173,
        "event_type": "entry",
        "count_before": 3,
        "count_after": 4
      },
      {
        "timestamp": 12.866666666666667,
        "frame_index": 193,
        "event_type": "entry",
        "count_before": 3,
        "count_after": 5
      },
      {
        "timestamp": 13.133333333333333,
        "frame_index": 197,
        "event_type": "entry",
        "count_before": 4,
        "count_after": 5
      },
      {
        "timestamp": 14.0,
        "frame_index": 210,
        "event_type": "entry",
        "count_before": 4,
        "count_after": 5
      },
      {
        "timestamp": 16.4,
        "frame_index": 246,
        "event_type": "entry",
        "count_before": 2,
        "count_after": 3
      },
      {
        "timestamp": 16.6,
        "frame_index": 249,
        "event_type": "entry",
        "count_before": 2,
        "count_after": 3
      },
      {
        "timestamp": 18.333333333333332,
        "frame_index": 275,
        "event_type": "entry",
        "count_before": 2,
        "count_after": 3
      },
      {
        "timestamp": 20.2,
        "frame_index": 303,
        "event_type": "entry",
        "count_before": 1,
        "count_after": 2
      },
      {
        "timestamp": 20.266666666666666,
        "frame_index": 304,
        "event_type": "entry",
        "count_before": 2,
        "count_after": 3
      },
      {
        "timestamp": 20.866666666666667,
        "frame_index": 313,
        "event_type": "entry",
        "count_before": 2,
        "count_after": 3
      },
      {
        "timestamp": 22.2,
        "frame_index": 333,
        "event_type": "entry",
        "count_before": 1,
        "count_after": 2
      },
      {
        "timestamp": 22.4,
        "frame_index": 336,
        "event_type": "entry",
        "count_before": 2,
        "count_after": 4
      },
      {
        "timestamp": 22.666666666666668,
        "frame_index": 340,
        "event_type": "entry",
        "count_before": 0,
        "count_after": 1
      },
      {
        "timestamp": 23.666666666666668,
        "frame_index": 355,
        "event_type": "entry",
        "count_before": 1,
        "count_after": 4
      },
      {
        "timestamp": 24.133333333333333,
        "frame_index": 362,
        "event_type": "entry",
        "count_before": 1,
        "count_after": 2
      },
      {
        "timestamp": 24.4,
        "frame_index": 366,
        "event_type": "entry",
        "count_before": 1,
        "count_after": 2
      },
      {
        "timestamp": 25.266666666666666,
        "frame_index": 379,
        "event_type": "entry",
        "count_before": 0,
        "count_after": 1
      },
      {
        "timestamp": 25.4,
        "frame_index": 381,
        "event_type": "entry",
        "count_before": 0,
        "count_after": 1
      },
      {
        "timestamp": 26.2,
        "frame_index": 393,
        "event_type": "entry",
        "count_before": 0,
        "count_after": 1
      },
      {
        "timestamp": 28.733333333333334,
        "frame_index": 431,
        "event_type": "entry",
        "count_before": 0,
        "count_after": 2
      }
    ],
    "exit_events": [
      {
        "timestamp": 0.4666666666666667,
        "frame_index": 7,
        "event_type": "exit",
        "count_before": 1,
        "count_after": 0
      },
      {
        "timestamp": 1.0666666666666667,
        "frame_index": 16,
        "event_type": "exit",
        "count_before": 3,
        "count_after": 2
      },
      {
        "timestamp": 1.2,
        "frame_index": 18,
        "event_type": "exit",
        "count_before": 3,
        "count_after": 2
      },
      {
        "timestamp": 1.3333333333333333,
        "frame_index": 20,
        "event_type": "exit",
        "count_before": 3,
        "count_after": 2
      },
      {
        "timestamp": 1.5333333333333332,
        "frame_index": 23,
        "event_type": "exit",
        "count_before": 4,
        "count_after": 3
      },
      {
        "timestamp": 1.6,
        "frame_index": 24,
        "event_type": "exit",
        "count_before": 3,
        "count_after": 2
      },
      {
        "timestamp": 1.7333333333333334,
        "frame_index": 26,
        "event_type": "exit",
        "count_before": 4,
        "count_after": 2
      },
      {
        "timestamp": 2.0,
        "frame_index": 30,
        "event_type": "exit",
        "count_before": 2,
        "count_after": 1
      },
      {
        "timestamp": 2.4,
        "frame_index": 36,
        "event_type": "exit",
        "count_before": 3,
        "count_after": 2
      },
      {
        "timestamp": 2.6,
        "frame_index": 39,
        "event_type": "exit",
        "count_before": 2,
        "count_after": 1
      },
      {
        "timestamp": 3.3333333333333335,
        "frame_index": 50,
        "event_type": "exit",
        "count_before": 5,
        "count_after": 4
      },
      {
        "timestamp": 3.4,
        "frame_index": 51,
        "event_type": "exit",
        "count_before": 4,
        "count_after": 3
      },
      {
        "timestamp": 3.533333333333333,
        "frame_index": 53,
        "event_type": "exit",
        "count_before": 4,
        "count_after": 3
      },
      {
        "timestamp": 4.266666666666667,
        "frame_index": 64,
        "event_type": "exit",
        "count_before": 5,
        "count_after": 4
      },
      {
        "timestamp": 4.666666666666667,
        "frame_index": 70,
        "event_type": "exit",
        "count_before": 4,
        "count_after": 3
      },
      {
        "timestamp": 4.866666666666666,
        "frame_index": 73,
        "event_type": "exit",
        "count_before": 3,
        "count_after": 2
      },
      {
        "timestamp": 5.4,
        "frame_index": 81,
        "event_type": "exit",
        "count_before": 2,
        "count_after": 1
      },
      {
        "timestamp": 5.666666666666667,
        "frame_index": 85,
        "event_type": "exit",
        "count_before": 4,
        "count_after": 3
      },
      {
        "timestamp": 6.0,
        "frame_index": 90,
        "event_type": "exit",
        "count_before": 5,
        "count_after": 4
      },
      {
        "timestamp": 6.066666666666666,
        "frame_index": 91,
        "event_type": "exit",
        "count_before": 4,
        "count_after": 3
      },
      {
        "timestamp": 6.2,
        "frame_index": 93,
        "event_type": "exit",
        "count_before": 4,
        "count_after": 3
      },
      {
        "timestamp": 6.266666666666667,
        "frame_index": 94,
        "event_type": "exit",
        "count_before": 3,
        "count_after": 2
      },
      {
        "timestamp": 6.4,
        "frame_index": 96,
        "event_type": "exit",
        "count_before": 2,
        "count_after": 1
      },
      {
        "timestamp": 6.533333333333333,
        "frame_index": 98,
        "event_type": "exit",
        "count_before": 2,
        "count_after": 1
      },
      {
        "timestamp": 6.8,
        "frame_index": 102,
        "event_type": "exit",
        "count_before": 1,
        "count_after": 0
      },
      {
        "timestamp": 7.6,
        "frame_index": 114,
        "event_type": "exit",
        "count_before": 1,
        "count_after": 0
      },
      {
        "timestamp": 8.0,
        "frame_index": 120,
        "event_type": "exit",
        "count_before": 2,
        "count_after": 1
      },
      {
        "timestamp": 9.933333333333334,
        "frame_index": 149,
        "event_type": "exit",
        "count_before": 5,
        "count_after": 3
      },
      {
        "timestamp": 10.466666666666667,
        "frame_index": 157,
        "event_type": "exit",
        "count_before": 4,
        "count_after": 3
      },
      {
        "timestamp": 11.0,
        "frame_index": 165,
        "event_type": "exit",
        "count_before": 4,
        "count_after": 3
      },
      {
        "timestamp": 11.6,
        "frame_index": 174,
        "event_type": "exit",
        "count_before": 4,
        "count_after": 3
      },
      {
        "timestamp": 13.066666666666666,
        "frame_index": 196,
        "event_type": "exit",
        "count_before": 5,
        "count_after": 4
      },
      {
        "timestamp": 13.733333333333333,
        "frame_index": 206,
        "event_type": "exit",
        "count_before": 5,
        "count_after": 4
      },
      {
        "timestamp": 14.266666666666666,
        "frame_index": 214,
        "event_type": "exit",
        "count_before": 5,
        "count_after": 3
      },
      {
        "timestamp": 16.266666666666666,
        "frame_index": 244,
        "event_type": "exit",
        "count_before": 3,
        "count_after": 2
      },
      {
        "timestamp": 16.466666666666665,
        "frame_index": 247,
        "event_type": "exit",
        "count_before": 3,
        "count_after": 2
      },
      {
        "timestamp": 17.333333333333332,
        "frame_index": 260,
        "event_type": "exit",
        "count_before": 3,
        "count_after": 2
      },
      {
        "timestamp": 19.266666666666666,
        "frame_index": 289,
        "event_type": "exit",
        "count_before": 3,
        "count_after": 2
      },
      {
        "timestamp": 19.4,
        "frame_index": 291,
        "event_type": "exit",
        "count_before": 2,
        "count_after": 1
      },
      {
        "timestamp": 20.466666666666665,
        "frame_index": 307,
        "event_type": "exit",
        "count_before": 3,
        "count_after": 2
      },
      {
        "timestamp": 20.933333333333334,
        "frame_index": 314,
        "event_type": "exit",
        "count_before": 3,
        "count_after": 2
      },
      {
        "timestamp": 22.066666666666666,
        "frame_index": 331,
        "event_type": "exit",
        "count_before": 2,
        "count_after": 1
      },
      {
        "timestamp": 22.466666666666665,
        "frame_index": 337,
        "event_type": "exit",
        "count_before": 4,
        "count_after": 1
      },
      {
        "timestamp": 22.6,
        "frame_index": 339,
        "event_type": "exit",
        "count_before": 1,
        "count_after": 0
      },
      {
        "timestamp": 23.733333333333334,
        "frame_index": 356,
        "event_type": "exit",
        "count_before": 4,
        "count_after": 2
      },
      {
        "timestamp": 23.933333333333334,
        "frame_index": 359,
        "event_type": "exit",
        "count_before": 2,
        "count_after": 1
      },
      {
        "timestamp": 24.333333333333332,
        "frame_index": 365,
        "event_type": "exit",
        "count_before": 2,
        "count_after": 1
      },
      {
        "timestamp": 24.866666666666667,
        "frame_index": 373,
        "event_type": "exit",
        "count_before": 2,
        "count_after": 0
      },
      {
        "timestamp": 25.333333333333332,
        "frame_index": 380,
        "event_type": "exit",
        "count_before": 1,
        "count_after": 0
      },
      {
        "timestamp": 25.866666666666667,
        "frame_index": 388,
        "event_type": "exit",
        "count_before": 1,
        "count_after": 0
      },
      {
        "timestamp": 27.133333333333333,
        "frame_index": 407,
        "event_type": "exit",
        "count_before": 1,
        "count_after": 0
      },
      {
        "timestamp": 28.8,
        "frame_index": 432,
        "event_type": "exit",
        "count_before": 2,
        "count_after": 0
      }
    ],
    "entry_count": 48,
    "exit_count": 52,
    "entry_exit_total": 100,
    "entry_timestamps": [
      0.3333333333333333,
      0.5333333333333333,
      0.8,
      1.1333333333333333,
      1.2666666666666666,
      1.4,
      1.4666666666666666,
      1.6666666666666667,
      2.1333333333333333,
      2.2666666666666666,
      3.0666666666666664,
      3.2,
      3.2666666666666666,
      3.466666666666667,
      3.6,
      4.2,
      5.533333333333333,
      5.6,
      5.733333333333333,
      5.8,
      6.133333333333333,
      6.466666666666667,
      7.3999999999999995,
      7.8,
      7.866666666666666,
      9.133333333333333,
      10.4,
      10.533333333333333,
      11.533333333333333,
      12.866666666666667,
      13.133333333333333,
      14.0,
      16.4,
      16.6,
      18.333333333333332,
      20.2,
      20.266666666666666,
      20.866666666666667,
      22.2,
      22.4,
      22.666666666666668,
      23.666666666666668,
      24.133333333333333,
      24.4,
      25.266666666666666,
      25.4,
      26.2,
      28.733333333333334
    ],
    "exit_timestamps": [
      0.4666666666666667,
      1.0666666666666667,
      1.2,
      1.3333333333333333,
      1.5333333333333332,
      1.6,
      1.7333333333333334,
      2.0,
      2.4,
      2.6,
      3.3333333333333335,
      3.4,
      3.533333333333333,
      4.266666666666667,
      4.666666666666667,
      4.866666666666666,
      5.4,
      5.666666666666667,
      6.0,
      6.066666666666666,
      6.2,
      6.266666666666667,
      6.4,
      6.533333333333333,
      6.8,
      7.6,
      8.0,
      9.933333333333334,
      10.466666666666667,
      11.0,
      11.6,
      13.066666666666666,
      13.733333333333333,
      14.266666666666666,
      16.266666666666666,
      16.466666666666665,
      17.333333333333332,
      19.266666666666666,
      19.4,
      20.466666666666665,
      20.933333333333334,
      22.066666666666666,
      22.466666666666665,
      22.6,
      23.733333333333334,
      23.933333333333334,
      24.333333333333332,
      24.866666666666667,
      25.333333333333332,
      25.866666666666667,
      27.133333333333333,
      28.8
    ]
  },
  "visual_signals": {
    "unique_objects": [
      "cow",
      "person",
      "dog",
      "car",
      "bird",
      "backpack",
      "cell phone",
      "sports ball",
      "tie",
      "bench"
    ],
    "unique_object_count": 10,
    "persistent_objects": [
      "person"
    ],
    "persistent_object_count": 1,
    "transient_objects": [
      "cow",
      "dog",
      "car",
      "bird",
      "backpack",
      "cell phone",
      "sports ball",
      "tie",
      "bench"
    ],
    "transient_object_count": 9,
    "object_frequency": {
      "cow": 0.015555555555555555,
      "person": 0.8377777777777777,
      "dog": 0.0022222222222222222,
      "car": 0.028888888888888888,
      "bird": 0.0022222222222222222,
      "backpack": 0.024444444444444446,
      "cell phone": 0.08,
      "sports ball": 0.0022222222222222222,
      "tie": 0.0044444444444444444,
      "bench": 0.0022222222222222222
    },
    "object_frame_counts": {
      "cow": 7,
      "person": 377,
      "dog": 1,
      "car": 13,
      "bird": 1,
      "backpack": 11,
      "cell phone": 36,
      "sports ball": 1,
      "tie": 2,
      "bench": 1
    },
    "object_first_appearance": {
      "cow": 0.06666666666666667,
      "person": 0.3333333333333333,
      "dog": 0.6,
      "car": 2.933333333333333,
      "bird": 6.8,
      "backpack": 11.6,
      "cell phone": 17.933333333333334,
      "sports ball": 22.2,
      "tie": 23.866666666666667,
      "bench": 24.0
    },
    "object_last_appearance": {
      "cow": 0.4666666666666667,
      "person": 28.733333333333334,
      "dog": 0.6,
      "car": 23.6,
      "bird": 6.8,
      "backpack": 12.4,
      "cell phone": 22.0,
      "sports ball": 22.2,
      "tie": 24.333333333333332,
      "bench": 24.0
    },
    "objects_per_frame": [
      [],
      [
        "cow"
      ],
      [
        "cow"
      ],
      [
        "cow"
      ],
      [
        "cow"
      ],
      [
        "person",
        "cow"
      ],
      [
        "person",
        "cow"
      ],
      [
        "cow"
      ],
      [
        "person"
      ],
      [
        "person",
        "dog"
      ],
      [
        "person"
      ],
      [
        "person"
      ],
      [
        "person"
      ],
      [
        "person"
      ],
      [
        "person"
      ],
      [
        "person"
      ],
      [
        "person"
      ],
      [
        "person"
      ],
      [
        "person"
      ],
      [
        "person"
      ],
      [
        "person"
      ],
      [
        "person"
      ],
      [
        "person"
      ],
      [
        "person"
      ],
      [
        "person"
      ],
      [
        "person"
      ],
      [
        "person"
      ],
      [
        "person"
      ],
      [
        "person"
      ],
      [
        "person"
      ],
      [
        "person"
      ],
      [
        "person"
      ],
      [
        "person"
      ],
      [
        "person"
      ],
      [
        "person"
      ],
      [
        "person"
      ],
      [
        "person"
      ],
      [
        "person"
      ],
      [
        "person"
      ],
      [
        "person"
      ],
      [
        "person"
      ],
      [
        "person"
      ],
      [
        "person"
      ],
      [
        "person"
      ],
      [
        "car",
        "person"
      ],
      [
        "person"
      ],
      [
        "person"
      ],
      [
        "person"
      ],
      [
        "person"
      ],
      [
        "person"
      ],
      [
        "person"
      ],
      [
        "person"
      ],
      [
        "person"
      ],
      [
        "person"
      ],
      [
        "person"
      ],
      [
        "person"
      ],
      [
        "person"
      ],
      [
        "person"
      ],
      [
        "person"
      ],
      [
        "person"
      ],
      [
        "person"
      ],
      [
        "person"
      ],
      [
        "person"
      ],
      [
        "person"
      ],
      [
        "person"
      ],
      [
        "person"
      ],
      [
        "person"
      ],
      [
        "person"
      ],
      [
        "person"
      ],
      [
        "person"
      ],
      [
        "person"
      ],
      [
        "person"
      ],
      [
        "person"
      ],
      [
        "person"
      ],
      [
        "person"
      ],
      [
        "person"
      ],
      [
        "person"
      ],
      [
        "person"
      ],
      [
        "person"
      ],
      [
        "person"
      ],
      [
        "person"
      ],
      [
        "person"
      ],
      [
        "person"
      ],
      [
        "person"
      ],
      [
        "person"
      ],
      [
        "person"
      ],
      [
        "person"
      ],
      [
        "person"
      ],
      [
        "person"
      ],
      [
        "person"
      ],
      [
        "person"
      ],
      [
        "person"
      ],
      [
        "person"
      ],
      [
        "person"
      ],
      [
        "person"
      ],
      [
        "person"
      ],
      [
        "person"
      ],
      [
        "person"
      ],
      [
        "person"
      ],
      [
        "person"
      ],
      [
        "person"
      ],
      [
        "person"
      ],
      [
        "bird"
      ],
      [],
      [],
      [],
      [],
      [],
      [],
      [],
      [],
      [
        "person"
      ],
      [
        "person"
      ],
      [
        "person"
      ],
      [],
      [],
      [],
      [
        "person"
      ],
      [
        "person"
      ],
      [
        "person"
      ],
      [
        "person"
      ],
      [
        "person"
      ],
      [
        "person"
      ],
      [
        "person"
      ],
      [
        "person"
      ],
      [
        "person"
      ],
      [
        "person"
      ],
      [
        "person"
      ],
      [
        "person"
      ],
      [
        "person"
      ],
      [
        "person"
      ],
      [
        "person"
      ],
      [
        "person"
      ],
      [
        "person"
      ],
      [
        "person"
      ],
      [
        "person"
      ],
      [
        "person"
      ],
      [
        "person"
      ],
      [
        "person"
      ],
      [
        "person"
      ],
      [
        "person"
      ],
      [
        "person"
      ],
      [
        "person"
      ],
      [
        "person"
      ],
      [
        "person"
      ],
      [
        "person"
      ],
      [
        "person"
      ],
      [
        "person"
      ],
      [
        "person"
      ],
      [
        "person"
      ],
      [
        "person"
      ],
      [
        "person"
      ],
      [
        "person"
      ],
      [
        "person"
      ],
      [
        "person"
      ],
      [
        "person"
      ],
      [
        "person"
      ],
      [
        "person"
      ],
      [
        "car",
        "person"
      ],
      [
        "person"
      ],
      [
        "person"
      ],
      [
        "person"
      ],
      [
        "car",
        "person"
      ],
      [
        "car",
        "person"
      ],
      [
        "person"
      ],
      [
        "person"
      ],
      [
        "person"
      ],
      [
        "person"
      ],
      [
        "person"
      ],
      [
        "person"
      ],
      [
        "person"
      ],
      [
        "person"
      ],
      [
        "person"
      ],
      [
        "person"
      ],
      [
        "person",
        "backpack"
      ],
      [
        "person",
        "backpack"
      ],
      [
        "person",
        "backpack"
      ],
      [
        "person"
      ],
      [
        "person",
        "backpack"
      ],
      [
        "person",
        "backpack"
      ],
      [
        "person",
        "backpack"
      ],
      [
        "person",
        "backpack"
      ],
      [
        "person"
      ],
      [
        "person",
        "backpack"
      ],
      [
        "person",
        "backpack"
      ],
      [
        "person",
        "backpack"
      ],
      [
        "person",
        "backpack"
      ],
      [
        "person"
      ],
      [
        "person"
      ],
      [
        "person"
      ],
      [
        "person"
      ],
      [
        "person"
      ],
      [
        "person"
      ],
      [
        "person"
      ],
      [
        "person"
      ],
      [
        "person"
      ],
      [
        "person"
      ],
      [
        "person"
      ],
      [
        "person"
      ],
      [
        "person"
      ],
      [
        "person"
      ],
      [
        "person"
      ],
      [
        "person"
      ],
      [
        "person"
      ],
      [
        "person"
      ],
      [
        "person"
      ],
      [
        "car",
        "person"
      ],
      [
        "person"
      ],
      [
        "person"
      ],
      [
        "person"
      ],
      [
        "person"
      ],
      [
        "person"
      ],
      [
        "person"
      ],
      [
        "person"
      ],
      [
        "person"
      ],
      [
        "person"
      ],
      [
        "person"
      ],
      [
        "person"
      ],
      [
        "person"
      ],
      [
        "person"
      ],
      [
        "person"
      ],
      [
        "person"
      ],
      [
        "person"
      ],
      [
        "person"
      ],
      [
        "person"
      ],
      [
        "person"
      ],
      [
        "person"
      ],
      [
        "person"
      ],
      [
        "person"
      ],
      [
        "person"
      ],
      [
        "person"
      ],
      [
        "person"
      ],
      [
        "person"
      ],
      [
        "person"
      ],
      [
        "person"
      ],
      [
        "person"
      ],
      [
        "person"
      ],
      [
        "person"
      ],
      [
        "person"
      ],
      [
        "person"
      ],
      [
        "person"
      ],
      [
        "person"
      ],
      [
        "person"
      ],
      [
        "person"
      ],
      [
        "person"
      ],
      [
        "person"
      ],
      [
        "person"
      ],
      [
        "person"
      ],
      [
        "person"
      ],
      [
        "person"
      ],
      [
        "person"
      ],
      [
        "person"
      ],
      [
        "person"
      ],
      [
        "person"
      ],
      [
        "person"
      ],
      [
        "person"
      ],
      [
        "person"
      ],
      [
        "person"
      ],
      [
        "person"
      ],
      [
        "person"
      ],
      [
        "person"
      ],
      [
        "person"
      ],
      [
        "person"
      ],
      [
        "person"
      ],
      [
        "person"
      ],
      [
        "person"
      ],
      [
        "person"
      ],
      [
        "person"
      ],
      [
        "person"
      ],
      [
        "person",
        "cell phone"
      ],
      [
        "person",
        "cell phone"
      ],
      [
        "person",
        "cell phone"
      ],
      [
        "person"
      ],
      [
        "person"
      ],
      [
        "person"
      ],
      [
        "person"
      ],
      [
        "person"
      ],
      [
        "person"
      ],
      [
        "person"
      ],
      [
        "person"
      ],
      [
        "person"
      ],
      [
        "person"
      ],
      [
        "person"
      ],
      [
        "person"
      ],
      [
        "person"
      ],
      [
        "person",
        "cell phone"
      ],
      [
        "person",
        "cell phone"
      ],
      [
        "person",
        "cell phone"
      ],
      [
        "person"
      ],
      [
        "person",
        "cell phone"
      ],
      [
        "person"
      ],
      [
        "person"
      ],
      [
        "person"
      ],
      [
        "person"
      ],
      [
        "person"
      ],
      [
        "person"
      ],
      [
        "person"
      ],
      [
        "person"
      ],
      [
        "person"
      ],
      [
        "person"
      ],
      [
        "person",
        "cell phone"
      ],
      [
        "person"
      ],
      [
        "person"
      ],
      [
        "person",
        "cell phone"
      ],
      [
        "person",
        "cell phone"
      ],
      [
        "person",
        "cell phone"
      ],
      [
        "person",
        "cell phone"
      ],
      [
        "person",
        "cell phone"
      ],
      [
        "person",
        "cell phone"
      ],
      [
        "person",
        "cell phone"
      ],
      [
        "person",
        "cell phone"
      ],
      [
        "person",
        "cell phone"
      ],
      [
        "person",
        "cell phone"
      ],
      [
        "person",
        "cell phone"
      ],
      [
        "person",
        "cell phone"
      ],
      [
        "person",
        "cell phone"
      ],
      [
        "person",
        "cell phone"
      ],
      [
        "person",
        "cell phone"
      ],
      [
        "person",
        "cell phone"
      ],
      [
        "person",
        "cell phone"
      ],
      [
        "person",
        "cell phone"
      ],
      [
        "person",
        "cell phone"
      ],
      [
        "person",
        "cell phone"
      ],
      [
        "person",
        "cell phone"
      ],
      [
        "person",
        "cell phone"
      ],
      [
        "person",
        "cell phone"
      ],
      [
        "person",
        "cell phone"
      ],
      [
        "person",
        "cell phone"
      ],
      [
        "person",
        "cell phone"
      ],
      [
        "person",
        "cell phone"
      ],
      [
        "person",
        "cell phone"
      ],
      [
        "person"
      ],
      [
        "person"
      ],
      [
        "person",
        "sports ball"
      ],
      [
        "person"
      ],
      [
        "person"
      ],
      [
        "person"
      ],
      [
        "person"
      ],
      [
        "person"
      ],
      [],
      [
        "person"
      ],
      [
        "person"
      ],
      [
        "person"
      ],
      [
        "person"
      ],
      [
        "person"
      ],
      [
        "person"
      ],
      [
        "person"
      ],
      [
        "car",
        "person"
      ],
      [
        "car",
        "person"
      ],
      [
        "car",
        "person"
      ],
      [
        "car",
        "person"
      ],
      [
        "car",
        "person"
      ],
      [
        "car",
        "person"
      ],
      [
        "car",
        "person"
      ],
      [
        "car",
        "person"
      ],
      [
        "person"
      ],
      [
        "person"
      ],
      [
        "person"
      ],
      [
        "tie",
        "person"
      ],
      [
        "person"
      ],
      [
        "person",
        "bench"
      ],
      [
        "person"
      ],
      [
        "person"
      ],
      [
        "person"
      ],
      [
        "person"
      ],
      [
        "tie",
        "person"
      ],
      [
        "person"
      ],
      [
        "person"
      ],
      [
        "person"
      ],
      [
        "person"
      ],
      [
        "person"
      ],
      [
        "person"
      ],
      [
        "person"
      ],
      [],
      [],
      [],
      [],
      [],
      [],
      [
        "person"
      ],
      [],
      [
        "person"
      ],
      [
        "person"
      ],
      [
        "person"
      ],
      [
        "person"
      ],
      [
        "person"
      ],
      [
        "person"
      ],
      [
        "person"
      ],
      [],
      [],
      [],
      [],
      [],
      [
        "person"
      ],
      [
        "person"
      ],
      [
        "person"
      ],
      [
        "person"
      ],
      [
        "person"
      ],
      [
        "person"
      ],
      [
        "person"
      ],
      [
        "person"
      ],
      [
        "person"
      ],
      [
        "person"
      ],
      [
        "person"
      ],
      [
        "person"
      ],
      [
        "person"
      ],
      [
        "person"
      ],
      [],
      [],
      [],
      [],
      [],
      [],
      [],
      [],
      [],
      [],
      [],
      [],
      [],
      [],
      [],
      [],
      [],
      [],
      [],
      [],
      [],
      [],
      [],
      [],
      [
        "person"
      ],
      [],
      [],
      [],
      [],
      [],
      [],
      [],
      [],
      [],
      [],
      [],
      [],
      [],
      [],
      [],
      [],
      [],
      []
    ],
    "appearances": [
      {
        "object_class": "cow",
        "first_appearance": 0.06666666666666667,
        "last_appearance": 0.4666666666666667,
        "frame_count": 7,
        "frequency": 0.015555555555555555
      },
      {
        "object_class": "person",
        "first_appearance": 0.3333333333333333,
        "last_appearance": 28.733333333333334,
        "frame_count": 377,
        "frequency": 0.8377777777777777
      },
      {
        "object_class": "dog",
        "first_appearance": 0.6,
        "last_appearance": 0.6,
        "frame_count": 1,
        "frequency": 0.0022222222222222222
      },
      {
        "object_class": "car",
        "first_appearance": 2.933333333333333,
        "last_appearance": 23.6,
        "frame_count": 13,
        "frequency": 0.028888888888888888
      },
      {
        "object_class": "bird",
        "first_appearance": 6.8,
        "last_appearance": 6.8,
        "frame_count": 1,
        "frequency": 0.0022222222222222222
      },
      {
        "object_class": "backpack",
        "first_appearance": 11.6,
        "last_appearance": 12.4,
        "frame_count": 11,
        "frequency": 0.024444444444444446
      },
      {
        "object_class": "cell phone",
        "first_appearance": 17.933333333333334,
        "last_appearance": 22.0,
        "frame_count": 36,
        "frequency": 0.08
      },
      {
        "object_class": "sports ball",
        "first_appearance": 22.2,
        "last_appearance": 22.2,
        "frame_count": 1,
        "frequency": 0.0022222222222222222
      },
      {
        "object_class": "tie",
        "first_appearance": 23.866666666666667,
        "last_appearance": 24.333333333333332,
        "frame_count": 2,
        "frequency": 0.0044444444444444444
      },
      {
        "object_class": "bench",
        "first_appearance": 24.0,
        "last_appearance": 24.0,
        "frame_count": 1,
        "frequency": 0.0022222222222222222
      }
    ]
  },
  "atmosphere_signals": {
    "brightness_values": [
      3.727214626736111,
      100.59663519965278,
      100.61576063368055,
      100.72752495659722,
      100.57839084201389,
      100.69776258680555,
      100.55800347222223,
      100.53496419270833,
      100.52538194444445,
      100.53101888020834,
      100.72544813368056,
      100.76787543402777,
      100.75021701388889,
      100.63835611979167,
      100.43857747395833,
      100.21239691840277,
      100.17456922743055,
      100.014482421875,
      51.362162543402775,
      54.15237521701389,
      55.21746636284722,
      56.460361328125,
      57.36541883680555,
      59.38333116319444,
      63.646388888888886,
      65.83781467013888,
      67.80091579861111,
      67.89717990451389,
      68.25739908854166,
      52.40090060763889,
      43.85800889756945,
      45.479976128472224,
      57.43306857638889,
      78.93401150173611,
      80.58851128472222,
      81.2463552517361,
      75.53965277777777,
      74.972900390625,
      71.73277235243056,
      66.05239149305555,
      65.24208550347223,
      59.113117404513886,
      56.807293836805556,
      56.673655598958334,
      56.85225477430556,
      36.54660590277778,
      60.58183810763889,
      60.364497612847224,
      59.37079318576389,
      58.156717664930554,
      57.699749348958335,
      57.63347439236111,
      57.21694769965278,
      56.481865234375,
      56.13909613715278,
      55.51059136284722,
      53.641499565972225,
      53.801256510416664,
      56.47327690972222,
      58.63490125868056,
      61.181393229166666,
      75.23888671875,
      76.11618381076389,
      76.73787434895833,
      76.39323025173611,
      76.83656358506944,
      77.578095703125,
      77.60378255208333,
      77.70627495659723,
      78.72159071180556,
      79.38329752604167,
      80.69430772569444,
      81.12683919270833,
      90.46304361979166,
      88.9685177951389,
      89.86048936631944,
      94.37831380208333,
      94.74316297743056,
      91.59060221354167,
      96.28200520833333,
      98.16015299479167,
      99.42931532118055,
      100.37937391493055,
      84.37620659722222,
      84.05573676215278,
      83.74259765625,
      82.33128797743055,
      76.57453342013889,
      72.18203667534722,
      73.34260850694444,
      75.32120768229167,
      77.75762152777777,
      76.91806206597222,
      75.5322732204861,
      73.23369249131945,
      71.79188585069444,
      68.34712999131945,
      73.07893012152778,
      85.42514756944445,
      93.02421115451389,
      92.98657552083333,
      84.14831163194444,
      82.87750325520834,
      84.30048719618055,
      85.34460069444444,
      85.76886284722222,
      85.59499240451389,
      84.68791558159722,
      85.14469943576388,
      90.89096354166666,
      91.61287109375,
      90.9694704861111,
      89.63001410590277,
      56.46595920138889,
      55.15075086805555,
      56.18865342881944,
      58.589908854166666,
      60.965016276041666,
      69.52208767361111,
      77.58540907118055,
      80.01537217881945,
      80.87102322048611,
      81.30882921006945,
      81.66581380208333,
      80.68068901909722,
      81.77304578993055,
      83.9181228298611,
      84.38083224826389,
      84.47537109375,
      85.90097547743055,
      86.59217447916667,
      87.29359592013888,
      87.35986002604167,
      86.70920789930555,
      85.63922526041667,
      85.38076605902778,
      85.07289171006944,
      75.95236762152778,
      76.07891276041667,
      76.19883680555556,
      76.27935329861111,
      76.55516710069445,
      76.54704318576388,
      75.66583875868055,
      74.62908745659722,
      74.16619249131945,
      73.70493272569445,
      73.84364366319444,
      73.88306098090278,
      89.70244032118056,
      89.64942708333334,
      90.00658854166667,
      90.33026150173612,
      90.524482421875,
      91.23639973958333,
      91.6278125,
      91.83406684027777,
      92.10062608506945,
      92.35145182291667,
      93.044736328125,
      93.79963433159722,
      94.980810546875,
      95.48627495659723,
      96.49363715277778,
      97.88379231770833,
      98.14331163194444,
      98.49358506944445,
      98.36636827256945,
      96.53666883680556,
      92.73442925347223,
      90.51455078125,
      86.55900390625,
      84.86722873263889,
      82.85258680555556,
      81.19639539930556,
      80.9477072482639,
      80.27720377604167,
      80.16937282986112,
      80.1246875,
      80.15678168402778,
      80.30895182291667,
      80.61787217881944,
      80.59216362847222,
      81.02493923611111,
      82.16757921006945,
      82.69219184027777,
      83.42223415798611,
      83.63816731770834,
      83.875546875,
      85.02574869791667,
      85.57814995659722,
      86.99914713541666,
      86.95045247395834,
      66.44112521701389,
      66.44300672743056,
      66.4091916232639,
      66.49706163194445,
      66.40917534722222,
      65.95158094618056,
      66.13273111979167,
      66.32502061631945,
      66.528046875,
      66.58165256076389,
      66.6854275173611,
      66.63650499131944,
      66.4854763454861,
      66.14056532118056,
      65.56209635416667,
      65.72287651909723,
      65.84656467013889,
      65.99504665798611,
      66.13748589409722,
      66.10876519097222,
      66.39806206597223,
      78.89330295138889,
      79.21627061631945,
      80.18880750868055,
      81.09110134548611,
      83.38112630208333,
      85.27006944444445,
      86.11808919270834,
      87.18389865451388,
      87.99154188368055,
      89.24351236979167,
      89.4965234375,
      89.26597873263889,
      88.976142578125,
      89.07956488715278,
      89.49698567708333,
      90.79412109375,
      91.58092447916667,
      92.76355577256945,
      93.11858072916667,
      92.18113823784722,
      94.50646809895834,
      93.45999131944444,
      89.81551432291667,
      87.80988715277778,
      86.50167317708333,
      86.71616536458333,
      87.95138129340278,
      87.84474934895833,
      87.81446940104166,
      88.79058702256944,
      91.03285373263888,
      91.5140060763889,
      91.07912434895833,
      93.45024522569445,
      95.08886610243056,
      65.87789171006945,
      65.88592122395833,
      65.16674913194444,
      64.9554296875,
      65.46432291666666,
      68.37290256076389,
      70.17969184027778,
      72.34564344618056,
      72.84837239583334,
      73.20120442708334,
      73.0892578125,
      80.72484483506945,
      79.87673936631944,
      79.00885199652778,
      78.63440755208333,
      78.85855685763889,
      78.36839735243055,
      76.83060763888889,
      75.91592230902778,
      75.24853949652778,
      75.5924099392361,
      75.5394021267361,
      75.33404188368056,
      75.81449001736111,
      76.91291341145833,
      78.16077690972222,
      102.85062608506945,
      102.69631293402777,
      102.45894748263889,
      101.43317816840278,
      99.1271853298611,
      98.13107313368056,
      96.27843098958333,
      95.55108289930556,
      96.28226888020833,
      99.12262586805555,
      99.67932508680556,
      100.96202799479167,
      101.60946180555555,
      101.90998155381945,
      101.20417209201389,
      100.68932074652778,
      88.72552625868056,
      88.21954752604167,
      88.16699978298611,
      88.43258572048612,
      88.70812174479167,
      89.35642686631944,
      89.38293077256944,
      88.35963216145834,
      86.19459418402778,
      85.60535915798611,
      85.16728081597222,
      84.95409288194445,
      83.775966796875,
      83.58222330729167,
      83.52406575520833,
      83.23720160590278,
      83.04032443576389,
      82.66105360243056,
      82.46132595486111,
      82.41552951388888,
      82.45555772569445,
      82.4665060763889,
      82.40897894965278,
      82.29551215277777,
      82.2408420138889,
      82.43485243055555,
      82.46665473090277,
      82.79046549479166,
      83.049169921875,
      83.22109917534722,
      83.268935546875,
      83.34930338541666,
      83.59838107638889,
      84.02878038194444,
      84.20876736111111,
      84.13769639756944,
      84.02500434027777,
      84.15104926215278,
      83.99259114583333,
      83.99275390625,
      57.281421440972224,
      57.212903645833336,
      57.18493381076389,
      58.75216579861111,
      59.175557725694446,
      58.12340603298611,
      58.77029513888889,
      60.32443359375,
      57.599774305555556,
      57.145946180555555,
      63.76665798611111,
      89.27848415798611,
      88.64363389756944,
      88.86077473958333,
      88.10739691840278,
      87.97453233506944,
      89.16814127604167,
      91.18183268229167,
      89.9668923611111,
      88.76177951388888,
      86.80778971354167,
      86.78470377604167,
      88.17142252604167,
      90.90856553819444,
      95.13867404513888,
      92.7005295138889,
      92.59219184027778,
      92.84049153645833,
      94.19281792534723,
      94.27609917534723,
      94.846494140625,
      94.83990451388888,
      91.86580186631944,
      87.14875542534722,
      84.96660807291667,
      86.24294704861111,
      86.00896375868055,
      80.23017361111111,
      79.0396755642361,
      77.11268337673611,
      89.92816080729166,
      101.84894639756945,
      152.55387261284721,
      146.76006184895834,
      143.64179036458333,
      140.672509765625,
      139.92340928819445,
      123.89508355034722,
      87.24832248263888,
      84.26169813368055,
      81.03404405381944,
      80.27957790798611,
      76.91746744791666,
      74.02445638020833,
      73.57558376736111,
      72.31754665798611,
      72.13846137152778,
      72.66609375,
      51.52280381944445,
      53.653837890625,
      66.13065972222222,
      75.76158311631944,
      87.879423828125,
      86.28720920138889,
      84.48266818576388,
      81.07724283854166,
      80.93745659722222,
      80.84299370659723,
      80.79690755208334,
      80.93365451388888,
      81.06110134548611,
      81.10305013020833,
      81.08624782986111,
      80.81081597222222,
      80.96530598958333,
      81.23031032986111,
      27.299943576388888,
      27.300134548611112,
      27.31209201388889,
      27.311254340277777,
      27.312231987847223,
      27.312505425347222,
      27.31424045138889,
      27.317215711805556,
      27.315811631944445,
      27.323121744791667,
      27.322444661458334,
      27.319832899305556,
      27.320299479166668,
      27.319844835069443,
      27.320157335069446,
      27.319680989583333,
      27.320302734375,
      27.32267795138889,
      27.32123263888889,
      27.32444118923611,
      27.324739583333333,
      27.323981119791668,
      27.323605685763887,
      27.32457790798611,
      45.35111436631944,
      45.47700303819445,
      48.150783420138886,
      54.04694118923611,
      56.30295030381944,
      59.715130208333335,
      60.52400282118055,
      61.95341796875,
      62.47626410590278,
      62.570789930555556,
      62.67679796006944,
      62.66511501736111,
      62.664364149305555,
      62.715814887152774,
      62.75158854166666,
      62.89099175347222,
      62.87250217013889,
      62.884256727430554,
      62.86821723090278
    ],
    "brightness_mean": 77.52257866030092,
    "brightness_std": 19.312183893283752,
    "brightness_min": 3.727214626736111,
    "brightness_max": 152.55387261284721,
    "brightness_range": 148.82665798611112,
    "lighting_changes": [
      {
        "timestamp": 0.06666666666666667,
        "frame_index": 1,
        "brightness_before": 3.727214626736111,
        "brightness_after": 100.59663519965278,
        "magnitude": 96.86942057291667
      },
      {
        "timestamp": 1.2,
        "frame_index": 18,
        "brightness_before": 100.014482421875,
        "brightness_after": 51.362162543402775,
        "magnitude": 48.65231987847223
      },
      {
        "timestamp": 2.2,
        "frame_index": 33,
        "brightness_before": 57.43306857638889,
        "brightness_after": 78.93401150173611,
        "magnitude": 21.500942925347218
      },
      {
        "timestamp": 3.0,
        "frame_index": 45,
        "brightness_before": 56.85225477430556,
        "brightness_after": 36.54660590277778,
        "magnitude": 20.30564887152778
      },
      {
        "timestamp": 3.0666666666666664,
        "frame_index": 46,
        "brightness_before": 36.54660590277778,
        "brightness_after": 60.58183810763889,
        "magnitude": 24.03523220486111
      },
      {
        "timestamp": 7.533333333333333,
        "frame_index": 113,
        "brightness_before": 89.63001410590277,
        "brightness_after": 56.46595920138889,
        "magnitude": 33.16405490451388
      },
      {
        "timestamp": 12.866666666666667,
        "frame_index": 193,
        "brightness_before": 86.95045247395834,
        "brightness_after": 66.44112521701389,
        "magnitude": 20.509327256944445
      },
      {
        "timestamp": 16.6,
        "frame_index": 249,
        "brightness_before": 95.08886610243056,
        "brightness_after": 65.87789171006945,
        "magnitude": 29.21097439236111
      },
      {
        "timestamp": 18.333333333333332,
        "frame_index": 275,
        "brightness_before": 78.16077690972222,
        "brightness_after": 102.85062608506945,
        "magnitude": 24.689849175347234
      },
      {
        "timestamp": 22.066666666666666,
        "frame_index": 331,
        "brightness_before": 83.99275390625,
        "brightness_after": 57.281421440972224,
        "magnitude": 26.711332465277778
      },
      {
        "timestamp": 22.8,
        "frame_index": 342,
        "brightness_before": 63.76665798611111,
        "brightness_after": 89.27848415798611,
        "magnitude": 25.511826171875
      },
      {
        "timestamp": 24.866666666666667,
        "frame_index": 373,
        "brightness_before": 101.84894639756945,
        "brightness_after": 152.55387261284721,
        "magnitude": 50.704926215277766
      },
      {
        "timestamp": 25.266666666666666,
        "frame_index": 379,
        "brightness_before": 123.89508355034722,
        "brightness_after": 87.24832248263888,
        "magnitude": 36.64676106770834
      },
      {
        "timestamp": 25.933333333333334,
        "frame_index": 389,
        "brightness_before": 72.66609375,
        "brightness_after": 51.52280381944445,
        "magnitude": 21.143289930555554
      },
      {
        "timestamp": 27.133333333333333,
        "frame_index": 407,
        "brightness_before": 81.23031032986111,
        "brightness_after": 27.299943576388888,
        "magnitude": 53.93036675347223
      }
    ],
    "lighting_change_count": 15,
    "setting_type": "indoor",
    "dominant_colors_rgb": [
      [
        "78",
        "81",
        "87"
      ],
      [
        "18",
        "19",
        "19"
      ],
      [
        "168",
        "171",
        "152"
      ]
    ],
    "dominant_colors": [
      "blue",
      "black",
      "green"
    ]
  },
  "action_signals": {
    "intensity_timeline": [
      0.0,
      0.1053162956237793,
      0.00027418924495577814,
      0.006568597555160522,
      0.021861894130706785,
      0.012314515113830566,
      0.018320558071136476,
      0.0053617250919342045,
      0.005148629546165466,
      0.005930624604225158,
      0.008923426866531373,
      0.01190514326095581,
      0.005743027329444885,
      0.018684760332107545,
      0.017944544553756714,
      0.010511547327041626,
      0.011865392923355103,
      0.007878879308700562,
      0.13582538604736327,
      0.1465373706817627,
      0.1537606430053711,
      0.1421755313873291,
      0.14915278434753418,
      0.12774596214294434,
      0.134646635055542,
      0.1745140266418457,
      0.1445144844055176,
      0.17012481689453124,
      0.17616926193237303,
      0.1637691879272461,
      0.08624106407165527,
      0.07265082359313965,
      0.0672347068786621,
      0.08508649826049805,
      0.11801820755004883,
      0.18460700988769532,
      0.10968216896057129,
      0.13315555572509766,
      0.10750479698181152,
      0.10706544876098632,
      0.07321832180023194,
      0.08703789710998536,
      0.07792814731597901,
      0.07141295433044434,
      0.09470562934875489,
      0.05458229064941406,
      0.06832488059997559,
      0.08342274665832519,
      0.12152083396911621,
      0.09608214378356933,
      0.06112760066986084,
      0.08555788993835449,
      0.043196430206298826,
      0.07640517234802247,
      0.07865331649780273,
      0.05372913360595703,
      0.06883307933807373,
      0.06006126880645752,
      0.06808053493499756,
      0.06288578510284423,
      0.06504848957061768,
      0.11593682289123536,
      0.02734924793243408,
      0.07448439121246338,
      0.134611291885376,
      0.10157915115356446,
      0.21425384521484375,
      0.13009236335754396,
      0.25821426391601565,
      0.1903261947631836,
      0.18251272201538085,
      0.15830265045166014,
      0.1752326202392578,
      0.14894935607910156,
      0.09195066452026367,
      0.07323371410369874,
      0.08856112480163575,
      0.0758788537979126,
      0.09088842391967773,
      0.108069429397583,
      0.0838302230834961,
      0.07382035255432129,
      0.06399741172790527,
      0.12333834648132325,
      0.05132610321044922,
      0.044167399406433105,
      0.07370063304901123,
      0.05509464740753174,
      0.09588823318481446,
      0.1496604537963867,
      0.12209471702575683,
      0.17339698791503907,
      0.14270605087280275,
      0.125000581741333,
      0.12343831062316894,
      0.10664137840270996,
      0.1319265842437744,
      0.12978816986083985,
      0.11569498062133789,
      0.09844717979431153,
      0.12417078971862792,
      0.10160200119018555,
      0.10516712188720703,
      0.10612105369567872,
      0.14133687019348146,
      0.1399960708618164,
      0.12610459327697754,
      0.13916317939758302,
      0.14758679389953613,
      0.22324151992797853,
      0.14619699478149414,
      0.17461753845214845,
      0.21321966171264647,
      0.12247916221618653,
      0.03272153854370117,
      0.03539560079574585,
      0.05321664810180664,
      0.026469740867614746,
      0.04822372913360596,
      0.061688046455383304,
      0.038193774223327634,
      0.08184724807739258,
      0.05313259601593018,
      0.06239831924438476,
      0.0723710823059082,
      0.059790120124816895,
      0.09654370307922364,
      0.06736315250396728,
      0.07363956928253174,
      0.062110910415649416,
      0.04099981784820557,
      0.058192572593688964,
      0.040974054336547855,
      0.07596474647521972,
      0.09446518898010253,
      0.06246652603149414,
      0.06269471168518066,
      0.09998820304870605,
      0.10666806221008301,
      0.09973023414611816,
      0.039824893474578855,
      0.04018806457519531,
      0.028822360038757325,
      0.06255637168884277,
      0.059986538887023926,
      0.030035319328308104,
      0.058031926155090334,
      0.024481892585754395,
      0.07428940296173096,
      0.11134530067443847,
      0.044874258041381836,
      0.0864773941040039,
      0.0475247049331665,
      0.078790602684021,
      0.07548186302185059,
      0.044155120849609375,
      0.07076130867004395,
      0.052344865798950195,
      0.088611421585083,
      0.09246212959289551,
      0.04975717067718506,
      0.0782293939590454,
      0.05578807353973389,
      0.11075362205505371,
      0.10387587547302246,
      0.0571718168258667,
      0.09255932807922364,
      0.04959484577178955,
      0.08456009864807129,
      0.07465473175048828,
      0.0425236988067627,
      0.05223489761352539,
      0.04647733211517334,
      0.09893562316894532,
      0.11554461479187011,
      0.06413433074951172,
      0.10702380180358886,
      0.04848665237426758,
      0.08375473022460937,
      0.0723888111114502,
      0.04223554611206055,
      0.06835354804992676,
      0.021842293739318848,
      0.026259393692016603,
      0.03367345094680786,
      0.042669548988342285,
      0.17579843521118163,
      0.09279712677001953,
      0.13149706840515138,
      0.10685935020446777,
      0.0441037654876709,
      0.07225285530090332,
      0.04649991512298584,
      0.124015474319458,
      0.04700366020202637,
      0.02584623098373413,
      0.09034737586975097,
      0.09025548934936524,
      0.12282236099243164,
      0.06636278629302979,
      0.05287874698638916,
      0.05270896434783936,
      0.04714402675628662,
      0.039161033630371093,
      0.07673500061035156,
      0.05993624210357666,
      0.05578979969024658,
      0.02562525272369385,
      0.06550092220306397,
      0.10497498512268066,
      0.0598268461227417,
      0.10268670082092285,
      0.05412463665008545,
      0.07960265159606933,
      0.12355813026428222,
      0.02982739210128784,
      0.028968915939331055,
      0.034896209239959716,
      0.0734025764465332,
      0.06883551120758057,
      0.03107590913772583,
      0.05235903739929199,
      0.04124529838562012,
      0.06541996479034423,
      0.04112381458282471,
      0.032267155647277834,
      0.04557560920715332,
      0.03078282594680786,
      0.0724076509475708,
      0.06261017322540283,
      0.027771284580230714,
      0.03926917552947998,
      0.03023329496383667,
      0.05198525905609131,
      0.06728729724884033,
      0.06079551219940185,
      0.06982020854949951,
      0.04924142837524414,
      0.07822059631347657,
      0.040865931510925296,
      0.06235366344451904,
      0.06404558181762696,
      0.0017012973129749299,
      0.08503606796264648,
      0.10247624397277832,
      0.06237898826599121,
      0.07601394653320312,
      0.04912667751312256,
      0.0840683364868164,
      0.12034754753112793,
      0.0638771390914917,
      0.12113637924194336,
      0.08411619186401367,
      0.12794970512390136,
      0.1731804847717285,
      0.1193013572692871,
      0.18384008407592772,
      0.07141042709350585,
      0.08791769027709961,
      0.0897640323638916,
      0.12413660049438477,
      0.05370647430419922,
      0.04296398162841797,
      0.04061103343963623,
      0.06620699882507325,
      0.029056909084320067,
      0.06310130596160889,
      0.03774337768554688,
      0.07316532611846924,
      0.06964454650878907,
      0.028258109092712404,
      0.05020425319671631,
      0.025581867694854737,
      0.03132300138473511,
      0.0539281177520752,
      0.08322418212890625,
      0.046621541976928714,
      0.027514543533325195,
      0.04210830211639404,
      0.03940642356872558,
      0.023725922107696532,
      0.03386316776275635,
      0.02690337657928467,
      0.049335670471191403,
      0.058311138153076175,
      0.035496528148651126,
      0.06185047149658203,
      0.028594932556152343,
      0.03603709697723389,
      0.048032007217407226,
      0.036029419898986816,
      0.11641292572021485,
      0.017249668836593627,
      0.027690672874450685,
      0.02131676912307739,
      0.015080881118774415,
      0.040800886154174806,
      0.029983489513397216,
      0.056286344528198244,
      0.042208189964294436,
      0.01783087968826294,
      0.01746280550956726,
      0.014360084533691406,
      0.08436036109924316,
      0.04660155296325683,
      0.024980230331420897,
      0.03746716499328613,
      0.015936750173568725,
      0.025172116756439208,
      0.028443007469177245,
      0.014635542631149292,
      0.03563529968261719,
      0.02255167007446289,
      0.03099698543548584,
      0.025533428192138673,
      0.005330425500869751,
      0.02037853479385376,
      0.014879684448242187,
      0.026135566234588622,
      0.02255061864852905,
      0.005962013602256775,
      0.015191224813461303,
      0.009539358019828796,
      0.025169878005981444,
      0.03997106075286865,
      0.019245407581329345,
      0.018822956085205077,
      0.006391220688819885,
      0.016203621625900267,
      0.019672605991363525,
      0.011217185258865357,
      0.11841230392456055,
      0.02820662260055542,
      0.03742666244506836,
      0.09475852012634277,
      0.057208285331726075,
      0.14496920585632325,
      0.17587472915649413,
      0.09384243965148925,
      0.05993267059326172,
      0.0623229455947876,
      0.0535883903503418,
      0.06788540363311768,
      0.06458115577697754,
      0.05409812927246094,
      0.08139391899108887,
      0.06483635902404786,
      0.0878668212890625,
      0.07472747325897217,
      0.08618513107299805,
      0.09625964164733887,
      0.11648471832275391,
      0.10283212661743164,
      0.08468576431274415,
      0.12302325248718261,
      0.11388920783996583,
      0.08165804862976074,
      0.06489692211151123,
      0.09178004264831544,
      0.08146418571472168,
      0.05969922542572022,
      0.06855728149414063,
      0.054737701416015624,
      0.09502361297607421,
      0.0707770299911499,
      0.06485353946685792,
      0.13105617523193358,
      0.11723067283630371,
      0.10452297210693359,
      0.0977398681640625,
      0.07610914707183838,
      0.051935009956359864,
      0.03915987253189087,
      0.030149366855621338,
      0.017025359869003297,
      0.008777711987495423,
      0.015310177803039551,
      0.007553667426109314,
      0.013298262357711792,
      0.02230389356613159,
      0.06255784034729003,
      0.07655730247497558,
      0.0777851676940918,
      0.1096464729309082,
      0.1217244529724121,
      0.06262195587158204,
      0.06690244197845459,
      0.03734089136123657,
      0.04373977184295654,
      0.09007311820983886,
      0.05767521858215332,
      0.0571330451965332,
      0.05103137969970703,
      0.05136972427368164,
      0.05066030979156494,
      0.024454479217529298,
      0.033940296173095706,
      0.009004431962966918,
      0.031763479709625245,
      0.03907501459121704,
      0.023930461406707765,
      0.024930858612060548,
      0.02577571392059326,
      0.04598706722259521,
      0.05373641490936279,
      0.022256989479064942,
      0.04438820362091064,
      0.10676023483276367,
      3.359282563906163e-06,
      2.6032906025648116e-05,
      1.9693243666552008e-06,
      1.1710121762007474e-05,
      3.5750967799685895e-06,
      3.7235606578178706e-06,
      4.133680195081979e-06,
      1.3140393093635793e-07,
      1.3616748619824647e-05,
      2.0545022562146188e-06,
      9.552879491820932e-06,
      1.9630130846053363e-05,
      1.8068859935738146e-06,
      2.5681080296635626e-05,
      3.672833845485002e-06,
      3.8495080661959945e-06,
      1.0612730402499438e-05,
      5.9149396838620305e-06,
      9.163208887912334e-06,
      1.6732096264604479e-06,
      6.271962774917483e-06,
      6.9732492556795475e-06,
      7.085139804985374e-07,
      0.026635346412658693,
      0.017997666597366332,
      0.043732924461364744,
      0.0799360466003418,
      0.08103083610534668,
      0.1133409595489502,
      0.02837878227233887,
      0.047486467361450194,
      0.020342862606048583,
      0.0036298975348472593,
      0.0022847895324230195,
      0.0009385092556476593,
      0.0012588228285312652,
      0.00160261332988739,
      0.0011175284534692765,
      0.0043748730421066286,
      0.0006312231719493866,
      0.0012101458013057708,
      0.00037495531141757966
    ],
    "intensity_mean": 0.0650873902297323,
    "intensity_std": 0.04613042506715716,
    "intensity_min": 0.0,
    "intensity_max": 0.25821426391601565,
    "intensity_trend": "stable",
    "peak_moments": [
      {
        "timestamp": 0.06666666666666667,
        "frame_index": 1,
        "intensity": 0.1053162956237793,
        "moment_type": "peak"
      },
      {
        "timestamp": 1.8666666666666667,
        "frame_index": 28,
        "intensity": 0.17616926193237303,
        "moment_type": "peak"
      },
      {
        "timestamp": 2.3333333333333335,
        "frame_index": 35,
        "intensity": 0.18460700988769532,
        "moment_type": "peak"
      },
      {
        "timestamp": 4.533333333333333,
        "frame_index": 68,
        "intensity": 0.25821426391601565,
        "moment_type": "peak"
      },
      {
        "timestamp": 7.266666666666667,
        "frame_index": 109,
        "intensity": 0.22324151992797853,
        "moment_type": "peak"
      },
      {
        "timestamp": 12.4,
        "frame_index": 186,
        "intensity": 0.17579843521118163,
        "moment_type": "peak"
      },
      {
        "timestamp": 17.066666666666666,
        "frame_index": 256,
        "intensity": 0.18384008407592772,
        "moment_type": "peak"
      },
      {
        "timestamp": 22.466666666666665,
        "frame_index": 337,
        "intensity": 0.17587472915649413,
        "moment_type": "peak"
      },
      {
        "timestamp": 25.6,
        "frame_index": 384,
        "intensity": 0.1217244529724121,
        "moment_type": "peak"
      },
      {
        "timestamp": 29.066666666666666,
        "frame_index": 436,
        "intensity": 0.1133409595489502,
        "moment_type": "peak"
      }
    ],
    "valley_moments": [
      {
        "timestamp": 0.13333333333333333,
        "frame_index": 2,
        "intensity": 0.00027418924495577814,
        "moment_type": "valley"
      },
      {
        "timestamp": 2.1333333333333333,
        "frame_index": 32,
        "intensity": 0.0672347068786621,
        "moment_type": "valley"
      },
      {
        "timestamp": 4.133333333333333,
        "frame_index": 62,
        "intensity": 0.02734924793243408,
        "moment_type": "valley"
      },
      {
        "timestamp": 5.666666666666667,
        "frame_index": 85,
        "intensity": 0.044167399406433105,
        "moment_type": "valley"
      },
      {
        "timestamp": 12.133333333333333,
        "frame_index": 182,
        "intensity": 0.021842293739318848,
        "moment_type": "valley"
      },
      {
        "timestamp": 16.133333333333333,
        "frame_index": 242,
        "intensity": 0.0017012973129749299,
        "moment_type": "valley"
      },
      {
        "timestamp": 21.0,
        "frame_index": 315,
        "intensity": 0.005330425500869751,
        "moment_type": "valley"
      },
      {
        "timestamp": 25.133333333333333,
        "frame_index": 377,
        "intensity": 0.007553667426109314,
        "moment_type": "valley"
      },
      {
        "timestamp": 27.666666666666668,
        "frame_index": 415,
        "intensity": 1.3140393093635793e-07,
        "moment_type": "valley"
      }
    ],
    "peak_timestamps": [
      0.06666666666666667,
      1.8666666666666667,
      2.3333333333333335,
      4.533333333333333,
      7.266666666666667,
      12.4,
      17.066666666666666,
      22.466666666666665,
      25.6,
      29.066666666666666
    ],
    "valley_timestamps": [
      0.13333333333333333,
      2.1333333333333333,
      4.133333333333333,
      5.666666666666667,
      12.133333333333333,
      16.133333333333333,
      21.0,
      25.133333333333333,
      27.666666666666668
    ],
    "peak_count": 10,
    "valley_count": 9,
    "action_variance": 0.0021280161168766016
  },
  "temporal_signals": {
    "frame_change_scores": [
      0.0,
      0.7938966449209492,
      0.00029728357857849996,
      0.02721666338874218,
      0.13400842873428487,
      0.052145725861173164,
      0.10169819819383519,
      0.017836179004421915,
      0.02056483423169908,
      0.02343443730010686,
      0.0344215037335488,
      0.056642557441248687,
      0.02253691680088732,
      0.08588889711937608,
      0.07909569743734135,
      0.050467291286113936,
      0.05809895181586677,
      0.03890764146621073,
      0.6838343831990847,
      0.5787476126822376,
      0.4764816629485601,
      0.5461966701432,
      0.47454586700918777,
      0.5607684921260909,
      0.5791393805151326,
      0.5063305020089246,
      0.5843577427644078,
      0.4603838884587843,
      0.53132297658252,
      0.5986897370459043,
      0.5124620317895113,
      0.6403685906270247,
      0.5292790640507425,
      0.630100445144525,
      0.5615853302195334,
      0.47773154401806395,
      0.6610695559706568,
      0.541579185091381,
      0.5230740460338485,
      0.554626227331381,
      0.4725819868284914,
      0.5610686120787776,
      0.44396866960875836,
      0.4414355487710401,
      0.5413117425903413,
      0.46692887038938824,
      0.6349086035009217,
      0.3908627352203725,
      0.4729853917911231,
      0.43914792516533374,
      0.32122795894953693,
      0.405519127316623,
      0.23004496616332915,
      0.3112996392387989,
      0.383462442994459,
      0.2694007410049858,
      0.3851320790995575,
      0.27489937874124915,
      0.3426547808066063,
      0.3421692417965536,
      0.2948751944245308,
      0.5970962474441912,
      0.11252355398628755,
      0.2893358803876793,
      0.47533868072595586,
      0.40839333340307193,
      0.5566437134646909,
      0.4724332764307403,
      0.5712377636085466,
      0.5586563292534378,
      0.5116963205191858,
      0.5416112400910182,
      0.4814042537111951,
      0.6852075874413617,
      0.42311534914252946,
      0.3136361723859016,
      0.4127919196445441,
      0.3207643207515831,
      0.4361695031031333,
      0.46172403390284344,
      0.30044613833257194,
      0.30146466273970807,
      0.26304669634886124,
      0.6783217556650765,
      0.1752961591164911,
      0.17722013751944454,
      0.3274428431372557,
      0.2740010936080799,
      0.4460318736515252,
      0.5787665118474962,
      0.5249009906102162,
      0.5397928100931765,
      0.4976771286214152,
      0.540800743458968,
      0.5541228331793215,
      0.47947184061961934,
      0.5754334221557922,
      0.5280727724294553,
      0.572255952410174,
      0.4832155814038732,
      0.4112509020119479,
      0.48585666873211886,
      0.4256027202420489,
      0.4983471416664439,
      0.5118617577667482,
      0.4883506902191991,
      0.4992808360739377,
      0.4931541187344679,
      0.5495979771260111,
      0.6052509904016137,
      0.5484008241298408,
      0.5889534633705049,
      0.5483301266569786,
      0.6288422786609,
      0.27855804163439424,
      0.28066242848392964,
      0.39871104892357356,
      0.24012449874710995,
      0.3659058764279747,
      0.3631391991660561,
      0.23869710736356609,
      0.33333604675645045,
      0.2718678548334469,
      0.28941247906333845,
      0.31673009595692503,
      0.27545474693061245,
      0.38672328433528547,
      0.314838973800852,
      0.3163992695896304,
      0.2892311158695432,
      0.21625629239304256,
      0.28217386872256245,
      0.22437743446916114,
      0.34551408315749066,
      0.3745935761738568,
      0.2875379984097777,
      0.25853564118972483,
      0.6072580349946879,
      0.4656414884132879,
      0.4029006462381738,
      0.18467565835350608,
      0.21673099508924432,
      0.1409462368430472,
      0.2908806019602801,
      0.2784421140584773,
      0.14812915062754284,
      0.27042931710272433,
      0.12449796996191909,
      0.3138467779776094,
      0.6550272829060071,
      0.16642686140238583,
      0.2828065919514944,
      0.18447861193821247,
      0.3442779289290968,
      0.30102576366280154,
      0.16602064284160567,
      0.30090403809059985,
      0.20853191415611205,
      0.3743561177063476,
      0.4073739217050688,
      0.23366912720565658,
      0.4284857292289511,
      0.31373190294682285,
      0.48102434985143105,
      0.48355023861206237,
      0.34947129322977666,
      0.45713634694023153,
      0.29967470611063474,
      0.4636885831127665,
      0.43510035502255795,
      0.22718417295188387,
      0.29906401872667776,
      0.2611336165579655,
      0.5011800423157897,
      0.5116254752082338,
      0.338560384816568,
      0.4370240792860691,
      0.2397204368003507,
      0.37832786894162507,
      0.3550027439007324,
      0.19607880236581388,
      0.3539627397255152,
      0.08211235782471227,
      0.10487935769974321,
      0.13255501833619,
      0.19339802418094476,
      0.5582214833891666,
      0.4650410333135129,
      0.4795802952814724,
      0.4171243713121431,
      0.1878144320307148,
      0.33303344757974374,
      0.22372584007888052,
      0.6843762393631059,
      0.18504848170773436,
      0.08600537967938648,
      0.37541771353202125,
      0.3796718034440919,
      0.4826257243164356,
      0.29017005126543705,
      0.22054194956162576,
      0.22328260898051888,
      0.19528461211395454,
      0.17628254362753404,
      0.35602924265654334,
      0.2626815108148771,
      0.24496782155859986,
      0.09086597290235865,
      0.266493245839696,
      0.4023680187368661,
      0.2711173399937743,
      0.4132648866890486,
      0.24170530712998983,
      0.3213666424542696,
      0.6743429918435049,
      0.13913763080918162,
      0.12854072241656977,
      0.17727000084646038,
      0.3804878285356794,
      0.3829966608547932,
      0.17798843372069706,
      0.29398320227858055,
      0.2217052192850607,
      0.3369171421894329,
      0.208652055256917,
      0.10711441095155627,
      0.22547849060062597,
      0.1501674835326069,
      0.4124079343211601,
      0.3476868119239186,
      0.11082447476211377,
      0.16645736798027722,
      0.13977064989651267,
      0.2651261731733352,
      0.2807723765285054,
      0.3259126742043469,
      0.3710104790328922,
      0.24806407603017344,
      0.40337347148633107,
      0.24256649512032946,
      0.35809152545969003,
      0.34515058524042785,
      0.0029078015285030068,
      0.42323338326419,
      0.5182795061238354,
      0.3538049243357081,
      0.43268105560909953,
      0.2589772779546686,
      0.39674036658329126,
      0.6879163948174762,
      0.2761412486929924,
      0.4570309284966252,
      0.3513844027423365,
      0.4725338645089222,
      0.5413858469312267,
      0.4670594370233506,
      0.5591151799780018,
      0.33436280541951435,
      0.3579865583463273,
      0.36838255850783075,
      0.649606700528867,
      0.33085652045694713,
      0.2275968479268553,
      0.20315598261970425,
      0.3445582432951989,
      0.18866908414370964,
      0.34332341449024284,
      0.21819711536566644,
      0.33390581507521433,
      0.3845725935460794,
      0.17083681014955132,
      0.28664437913487983,
      0.15499979957097576,
      0.19133678835792678,
      0.2725390089625448,
      0.639596025538346,
      0.2723194205792896,
      0.10623659390934581,
      0.1986116526716828,
      0.21607978589540267,
      0.11297728876472923,
      0.19818765381896064,
      0.14196808025483965,
      0.30835106783263777,
      0.33945266793008555,
      0.17145484486275853,
      0.32353836011659187,
      0.14710594533942312,
      0.21190130696475018,
      0.26191960896387967,
      0.1487888817291081,
      0.6406604519412722,
      0.08471214651168557,
      0.19128831433975546,
      0.13789906402969732,
      0.06752461380484753,
      0.22047870528913183,
      0.1534712345690541,
      0.2856199121488173,
      0.23560924061730015,
      0.08786683401461459,
      0.08262882722484044,
      0.06579870535498322,
      0.6168915381036819,
      0.23547369225194992,
      0.12155531528876073,
      0.1963438926879979,
      0.06152112136448884,
      0.11878508848123359,
      0.13584972379220928,
      0.049071360162793565,
      0.17226089542286915,
      0.09972637153529729,
      0.1501269434491801,
      0.11343077543953883,
      0.00872365860032498,
      0.07679774166484654,
      0.057842539313635144,
      0.12012107281996232,
      0.08506556363421491,
      0.011966010179971787,
      0.057639079771567125,
      0.03217740435105476,
      0.11214101111850783,
      0.2098538970818673,
      0.07494667250724485,
      0.07727412918221832,
      0.019510731215261368,
      0.05827684655497145,
      0.0792945598983752,
      0.0387370435021237,
      0.677660142980181,
      0.1053693050504595,
      0.13984468640349723,
      0.432940974578526,
      0.3061805704148278,
      0.5653584866573695,
      0.6020743075409929,
      0.6735135368621312,
      0.6433755013481548,
      0.6136225008627436,
      0.6077956568589404,
      0.6297095777805153,
      0.4500192772380206,
      0.45259967991473926,
      0.4387445021817509,
      0.47114090182316215,
      0.4513869892990501,
      0.5027544436325748,
      0.46074584409917585,
      0.4639718369781113,
      0.5390626262143557,
      0.41196648278472003,
      0.45068500642409337,
      0.5598455759478602,
      0.6460144541255337,
      0.34008464925275905,
      0.23809009404313253,
      0.3085016896065632,
      0.32443273558901176,
      0.206547954403846,
      0.2500726270792043,
      0.21075412267644622,
      0.4492833263452747,
      0.32884131783623827,
      0.333930784222661,
      0.5807631153101623,
      0.46414889606089615,
      0.5409859166684158,
      0.524464885725709,
      0.4463898719409176,
      0.4639866812398663,
      0.35344355535786776,
      0.3117051887602065,
      0.1088352590922873,
      0.10334459399103257,
      0.1317436898487544,
      0.12076935903957176,
      0.19507389057509028,
      0.38803216090223525,
      0.4318816731999766,
      0.5049899621022726,
      0.41766506221429767,
      0.5360968379621955,
      0.5281690539882864,
      0.3835280565941652,
      0.4208475277514414,
      0.14661175981310814,
      0.18638174009088482,
      0.6650256943800346,
      0.4493768939361058,
      0.48179709966179485,
      0.3733328819281543,
      0.3641266097147482,
      0.19953298126088514,
      0.075408018227758,
      0.10779819763640563,
      0.01644739829477826,
      0.08407476298801098,
      0.12095481146371467,
      0.056819731853334554,
      0.07454922115317641,
      0.07950889474661516,
      0.19874740408917535,
      0.23094833036247098,
      0.057769212067276365,
      0.19556346383594492,
      0.6932179676111203,
      7.525797952379065e-06,
      0.00018697128301647936,
      1.073229617976068e-05,
      7.244961142516271e-05,
      3.36578509604335e-05,
      4.1276028971859446e-05,
      6.289463371456083e-05,
      3.263183978219342e-05,
      0.00015122264425504461,
      2.7943324020118787e-05,
      4.084660091052683e-05,
      0.0001393568882033236,
      1.1900634416583955e-05,
      5.526738251204755e-05,
      9.098938793528077e-06,
      2.2768703561548698e-05,
      4.967658308663303e-05,
      1.8922431806123186e-05,
      8.11349493816671e-05,
      8.518912123611777e-06,
      3.628041595560294e-05,
      1.870859042318873e-05,
      1.1774737221692533e-05,
      0.29302307617220935,
      0.07759394424211397,
      0.20099110788302377,
      0.33354823185632765,
      0.29167484968623114,
      0.3802464024285336,
      0.11861939468829397,
      0.1782816954714409,
      0.06956700807202099,
      0.00579198001945358,
      0.002935763850076434,
      0.0007829674055526148,
      0.0012187438685599128,
      0.0017144350555277077,
      0.0010464706704954585,
      0.0076561462416718795,
      0.00033367135914141866,
      0.0012929053587565909,
      0.00028987693722848373
    ],
    "change_score_mean": 0.3036397608650307,
    "change_score_std": 0.1911847083748406,
    "change_score_max": 0.7938966449209492,
    "temporal_gaps": [
      {
        "start_time": 27.2,
        "end_time": 28.666666666666668,
        "duration": 1.4666666666666686,
        "start_frame": 408,
        "end_frame": 430,
        "avg_change": 4.919830776843784e-05
      },
      {
        "start_time": 29.333333333333332,
        "end_time": 29.933333333333334,
        "duration": 0.6000000000000014,
        "start_frame": 440,
        "end_frame": 449,
        "avg_change": 0.002306296076646408
      }
    ],
    "temporal_gap_count": 2,
    "temporal_gap_total_duration": 2.06666666666667,
    "transition_similarity_scores": [
      0.3216782443349235,
      0.6882948112397935,
      0.6119678390977648,
      0.30678203238887974,
      0.7069769238277906
    ],
    "transition_similarity_mean": 0.5271399701778304,
    "temporal_density": 12.293986636971047
  },
  "metadata": {
    "video_path": "/vol/videos/core/produced_digital/commercials/5syJjBQ_k6o.mp4",
    "dataset": "produced_digital/commercials",
    "tier": "produced_digital",
    "study_type": "core",
    "source_fps": 29.938,
    "experiment_version": "3.2"
  }
}