{
  "video_id": "5syJjBQ_k6o",
  "fps": 0.5,
  "duration": 28.0,
  "frame_count": 15,
  "scene_signals": {
    "transition_count": 2,
    "transition_timestamps": [
      2.0,
      24.0
    ],
    "transition_types": [
      "hard_cut",
      "soft_cut"
    ],
    "transition_magnitudes": [
      1652.87263600846,
      68.71276484289254
    ],
    "scene_count": 3,
    "scene_durations": [
      2.0,
      22.0,
      4.0
    ],
    "scene_duration_mean": 9.333333333333334,
    "scene_duration_std": 8.993825042154695,
    "scene_duration_min": 2.0,
    "scene_duration_max": 22.0,
    "scene_types": [
      "unknown",
      "unknown",
      "unknown"
    ],
    "transitions": [
      {
        "timestamp": 2.0,
        "frame_index": 1,
        "transition_type": "hard_cut",
        "magnitude": 1652.87263600846
      },
      {
        "timestamp": 24.0,
        "frame_index": 12,
        "transition_type": "soft_cut",
        "magnitude": 68.71276484289254
      }
    ],
    "scenes": [
      {
        "start_time": 0.0,
        "end_time": 2.0,
        "duration": 2.0,
        "scene_type": "unknown",
        "start_frame": 0,
        "end_frame": 0
      },
      {
        "start_time": 2.0,
        "end_time": 24.0,
        "duration": 22.0,
        "scene_type": "unknown",
        "start_frame": 1,
        "end_frame": 11
      },
      {
        "start_time": 24.0,
        "end_time": 28.0,
        "duration": 4.0,
        "scene_type": "unknown",
        "start_frame": 12,
        "end_frame": 14
      }
    ]
  },
  "character_signals": {
    "person_counts_per_frame": [
      0,
      1,
      4,
      4,
      1,
      3,
      3,
      5,
      3,
      2,
      1,
      2,
      1,
      0,
      0
    ],
    "person_count_mode": 1,
    "person_count_mean": 2.0,
    "person_count_std": 1.5491933384829668,
    "person_count_min": 0,
    "person_count_max": 5,
    "person_count_distribution": {
      "0": 3,
      "1": 4,
      "4": 2,
      "3": 3,
      "5": 1,
      "2": 2
    },
    "character_consistency": 0.26666666666666666,
    "entry_events": [
      {
        "timestamp": 2.0,
        "frame_index": 1,
        "event_type": "entry",
        "count_before": 0,
        "count_after": 1
      },
      {
        "timestamp": 4.0,
        "frame_index": 2,
        "event_type": "entry",
        "count_before": 1,
        "count_after": 4
      },
      {
        "timestamp": 10.0,
        "frame_index": 5,
        "event_type": "entry",
        "count_before": 1,
        "count_after": 3
      },
      {
        "timestamp": 14.0,
        "frame_index": 7,
        "event_type": "entry",
        "count_before": 3,
        "count_after": 5
      },
      {
        "timestamp": 22.0,
        "frame_index": 11,
        "event_type": "entry",
        "count_before": 1,
        "count_after": 2
      }
    ],
    "exit_events": [
      {
        "timestamp": 8.0,
        "frame_index": 4,
        "event_type": "exit",
        "count_before": 4,
        "count_after": 1
      },
      {
        "timestamp": 16.0,
        "frame_index": 8,
        "event_type": "exit",
        "count_before": 5,
        "count_after": 3
      },
      {
        "timestamp": 18.0,
        "frame_index": 9,
        "event_type": "exit",
        "count_before": 3,
        "count_after": 2
      },
      {
        "timestamp": 20.0,
        "frame_index": 10,
        "event_type": "exit",
        "count_before": 2,
        "count_after": 1
      },
      {
        "timestamp": 24.0,
        "frame_index": 12,
        "event_type": "exit",
        "count_before": 2,
        "count_after": 1
      },
      {
        "timestamp": 26.0,
        "frame_index": 13,
        "event_type": "exit",
        "count_before": 1,
        "count_after": 0
      }
    ],
    "entry_count": 5,
    "exit_count": 6,
    "entry_exit_total": 11,
    "entry_timestamps": [
      2.0,
      4.0,
      10.0,
      14.0,
      22.0
    ],
    "exit_timestamps": [
      8.0,
      16.0,
      18.0,
      20.0,
      24.0,
      26.0
    ]
  },
  "visual_signals": {
    "unique_objects": [
      "person",
      "backpack",
      "cell phone",
      "bench"
    ],
    "unique_object_count": 4,
    "persistent_objects": [
      "person"
    ],
    "persistent_object_count": 1,
    "transient_objects": [
      "backpack",
      "cell phone",
      "bench"
    ],
    "transient_object_count": 3,
    "object_frequency": {
      "person": 0.8,
      "backpack": 0.06666666666666667,
      "cell phone": 0.2,
      "bench": 0.06666666666666667
    },
    "object_frame_counts": {
      "person": 12,
      "backpack": 1,
      "cell phone": 3,
      "bench": 1
    },
    "object_first_appearance": {
      "person": 2.0,
      "backpack": 12.0,
      "cell phone": 18.0,
      "bench": 24.0
    },
    "object_last_appearance": {
      "person": 24.0,
      "backpack": 12.0,
      "cell phone": 22.0,
      "bench": 24.0
    },
    "objects_per_frame": [
      [],
      [
        "person"
      ],
      [
        "person"
      ],
      [
        "person"
      ],
      [
        "person"
      ],
      [
        "person"
      ],
      [
        "person",
        "backpack"
      ],
      [
        "person"
      ],
      [
        "person"
      ],
      [
        "person",
        "cell phone"
      ],
      [
        "person",
        "cell phone"
      ],
      [
        "person",
        "cell phone"
      ],
      [
        "person",
        "bench"
      ],
      [],
      []
    ],
    "appearances": [
      {
        "object_class": "person",
        "first_appearance": 2.0,
        "last_appearance": 24.0,
        "frame_count": 12,
        "frequency": 0.8
      },
      {
        "object_class": "backpack",
        "first_appearance": 12.0,
        "last_appearance": 12.0,
        "frame_count": 1,
        "frequency": 0.06666666666666667
      },
      {
        "object_class": "cell phone",
        "first_appearance": 18.0,
        "last_appearance": 22.0,
        "frame_count": 3,
        "frequency": 0.2
      },
      {
        "object_class": "bench",
        "first_appearance": 24.0,
        "last_appearance": 24.0,
        "frame_count": 1,
        "frequency": 0.06666666666666667
      }
    ]
  },
  "atmosphere_signals": {
    "brightness_values": [
      3.727214626736111,
      43.85800889756945,
      61.181393229166666,
      75.32120768229167,
      80.01537217881945,
      89.64942708333334,
      80.30895182291667,
      65.99504665798611,
      87.95138129340278,
      75.5394021267361,
      85.60535915798611,
      83.99275390625,
      94.27609917534723,
      53.653837890625,
      27.319844835069443
    ],
    "brightness_mean": 67.22635337094907,
    "brightness_std": 24.69180301244378,
    "brightness_min": 3.727214626736111,
    "brightness_max": 94.27609917534723,
    "brightness_range": 90.54888454861111,
    "lighting_changes": [
      {
        "timestamp": 2.0,
        "frame_index": 1,
        "brightness_before": 3.727214626736111,
        "brightness_after": 43.85800889756945,
        "magnitude": 40.130794270833334
      },
      {
        "timestamp": 16.0,
        "frame_index": 8,
        "brightness_before": 65.99504665798611,
        "brightness_after": 87.95138129340278,
        "magnitude": 21.956334635416667
      },
      {
        "timestamp": 26.0,
        "frame_index": 13,
        "brightness_before": 94.27609917534723,
        "brightness_after": 53.653837890625,
        "magnitude": 40.62226128472223
      },
      {
        "timestamp": 28.0,
        "frame_index": 14,
        "brightness_before": 53.653837890625,
        "brightness_after": 27.319844835069443,
        "magnitude": 26.333993055555556
      }
    ],
    "lighting_change_count": 4,
    "setting_type": "indoor",
    "dominant_colors_rgb": [
      [
        "84",
        "89",
        "94"
      ],
      [
        "22",
        "23",
        "24"
      ],
      [
        "193",
        "191",
        "177"
      ]
    ],
    "dominant_colors": [
      "blue",
      "black",
      "brown"
    ]
  },
  "action_signals": {
    "intensity_timeline": [
      0.0,
      0.028558294773101806,
      0.07971818447113037,
      0.10658771514892579,
      0.11018453598022461,
      0.08187186241149902,
      0.13710850715637207,
      0.12797927856445312,
      0.11445012092590331,
      0.07687660217285157,
      0.09344022750854492,
      0.10743417739868164,
      0.11425679206848144,
      0.09515859603881836,
      0.10464983940124511
    ],
    "intensity_mean": 0.09188498226801553,
    "intensity_std": 0.034883818133207276,
    "intensity_min": 0.0,
    "intensity_max": 0.13710850715637207,
    "intensity_trend": "stable",
    "peak_moments": [],
    "valley_moments": [],
    "peak_timestamps": [],
    "valley_timestamps": [],
    "peak_count": 0,
    "valley_count": 0,
    "action_variance": 0.0012168807675506806
  },
  "temporal_signals": {
    "frame_change_scores": [
      0.0,
      0.6409669930580955,
      0.6293127133102752,
      0.6337183329969716,
      0.6378756684817853,
      0.6229160350340568,
      0.6497393198549253,
      0.6996708190680903,
      0.6747587497913614,
      0.5954073450527038,
      0.5627851838136154,
      0.623729577187958,
      0.6478599674359631,
      0.6545534683773246,
      0.532835770069014
    ],
    "change_score_mean": 0.5870753295688094,
    "change_score_std": 0.1618378657417952,
    "change_score_max": 0.6996708190680903,
    "temporal_gaps": [],
    "temporal_gap_count": 0,
    "temporal_gap_total_duration": 0.0,
    "transition_similarity_scores": [
      0.3590330069419045,
      0.352140032564037
    ],
    "transition_similarity_mean": 0.35558651975297073,
    "temporal_density": 0.5
  },
  "metadata": {
    "video_path": "/vol/videos/core/produced_digital/commercials/5syJjBQ_k6o.mp4",
    "dataset": "produced_digital/commercials",
    "tier": "produced_digital",
    "study_type": "core",
    "source_fps": 29.938,
    "experiment_version": "3.2"
  }
}