{
  "video_id": "5syJjBQ_k6o",
  "fps": 1.0,
  "duration": 29.0,
  "frame_count": 30,
  "scene_signals": {
    "transition_count": 4,
    "transition_timestamps": [
      6.0,
      26.0,
      28.0,
      29.0
    ],
    "transition_types": [
      "hard_cut",
      "hard_cut",
      "dissolve",
      "hard_cut"
    ],
    "transition_magnitudes": [
      254.44342782680332,
      1780.9983602794073,
      42.482183341398894,
      85.6220517901177
    ],
    "scene_count": 5,
    "scene_durations": [
      6.0,
      20.0,
      2.0,
      1.0,
      0.0
    ],
    "scene_duration_mean": 5.8,
    "scene_duration_std": 7.386474125047754,
    "scene_duration_min": 0.0,
    "scene_duration_max": 20.0,
    "scene_types": [
      "unknown",
      "unknown",
      "unknown",
      "unknown",
      "unknown"
    ],
    "transitions": [
      {
        "timestamp": 6.0,
        "frame_index": 6,
        "transition_type": "hard_cut",
        "magnitude": 254.44342782680332
      },
      {
        "timestamp": 26.0,
        "frame_index": 26,
        "transition_type": "hard_cut",
        "magnitude": 1780.9983602794073
      },
      {
        "timestamp": 28.0,
        "frame_index": 28,
        "transition_type": "dissolve",
        "magnitude": 42.482183341398894
      },
      {
        "timestamp": 29.0,
        "frame_index": 29,
        "transition_type": "hard_cut",
        "magnitude": 85.6220517901177
      }
    ],
    "scenes": [
      {
        "start_time": 0.0,
        "end_time": 6.0,
        "duration": 6.0,
        "scene_type": "unknown",
        "start_frame": 0,
        "end_frame": 5
      },
      {
        "start_time": 6.0,
        "end_time": 26.0,
        "duration": 20.0,
        "scene_type": "unknown",
        "start_frame": 6,
        "end_frame": 25
      },
      {
        "start_time": 26.0,
        "end_time": 28.0,
        "duration": 2.0,
        "scene_type": "unknown",
        "start_frame": 26,
        "end_frame": 27
      },
      {
        "start_time": 28.0,
        "end_time": 29.0,
        "duration": 1.0,
        "scene_type": "unknown",
        "start_frame": 28,
        "end_frame": 28
      },
      {
        "start_time": 29.0,
        "end_time": 29.0,
        "duration": 0.0,
        "scene_type": "unknown",
        "start_frame": 29,
        "end_frame": 29
      }
    ]
  },
  "character_signals": {
    "person_counts_per_frame": [
      0,
      3,
      1,
      1,
      4,
      2,
      4,
      0,
      1,
      1,
      3,
      3,
      3,
      5,
      5,
      3,
      3,
      3,
      2,
      3,
      1,
      2,
      2,
      1,
      1,
      0,
      0,
      1,
      0,
      0
    ],
    "person_count_mode": 3,
    "person_count_mean": 1.9333333333333333,
    "person_count_std": 1.4817407180595248,
    "person_count_min": 0,
    "person_count_max": 5,
    "person_count_distribution": {
      "0": 6,
      "3": 8,
      "1": 8,
      "4": 2,
      "2": 4,
      "5": 2
    },
    "character_consistency": 0.26666666666666666,
    "entry_events": [
      {
        "timestamp": 1.0,
        "frame_index": 1,
        "event_type": "entry",
        "count_before": 0,
        "count_after": 3
      },
      {
        "timestamp": 4.0,
        "frame_index": 4,
        "event_type": "entry",
        "count_before": 1,
        "count_after": 4
      },
      {
        "timestamp": 6.0,
        "frame_index": 6,
        "event_type": "entry",
        "count_before": 2,
        "count_after": 4
      },
      {
        "timestamp": 8.0,
        "frame_index": 8,
        "event_type": "entry",
        "count_before": 0,
        "count_after": 1
      },
      {
        "timestamp": 10.0,
        "frame_index": 10,
        "event_type": "entry",
        "count_before": 1,
        "count_after": 3
      },
      {
        "timestamp": 13.0,
        "frame_index": 13,
        "event_type": "entry",
        "count_before": 3,
        "count_after": 5
      },
      {
        "timestamp": 19.0,
        "frame_index": 19,
        "event_type": "entry",
        "count_before": 2,
        "count_after": 3
      },
      {
        "timestamp": 21.0,
        "frame_index": 21,
        "event_type": "entry",
        "count_before": 1,
        "count_after": 2
      },
      {
        "timestamp": 27.0,
        "frame_index": 27,
        "event_type": "entry",
        "count_before": 0,
        "count_after": 1
      }
    ],
    "exit_events": [
      {
        "timestamp": 2.0,
        "frame_index": 2,
        "event_type": "exit",
        "count_before": 3,
        "count_after": 1
      },
      {
        "timestamp": 5.0,
        "frame_index": 5,
        "event_type": "exit",
        "count_before": 4,
        "count_after": 2
      },
      {
        "timestamp": 7.0,
        "frame_index": 7,
        "event_type": "exit",
        "count_before": 4,
        "count_after": 0
      },
      {
        "timestamp": 15.0,
        "frame_index": 15,
        "event_type": "exit",
        "count_before": 5,
        "count_after": 3
      },
      {
        "timestamp": 18.0,
        "frame_index": 18,
        "event_type": "exit",
        "count_before": 3,
        "count_after": 2
      },
      {
        "timestamp": 20.0,
        "frame_index": 20,
        "event_type": "exit",
        "count_before": 3,
        "count_after": 1
      },
      {
        "timestamp": 23.0,
        "frame_index": 23,
        "event_type": "exit",
        "count_before": 2,
        "count_after": 1
      },
      {
        "timestamp": 25.0,
        "frame_index": 25,
        "event_type": "exit",
        "count_before": 1,
        "count_after": 0
      },
      {
        "timestamp": 28.0,
        "frame_index": 28,
        "event_type": "exit",
        "count_before": 1,
        "count_after": 0
      }
    ],
    "entry_count": 9,
    "exit_count": 9,
    "entry_exit_total": 18,
    "entry_timestamps": [
      1.0,
      4.0,
      6.0,
      8.0,
      10.0,
      13.0,
      19.0,
      21.0,
      27.0
    ],
    "exit_timestamps": [
      2.0,
      5.0,
      7.0,
      15.0,
      18.0,
      20.0,
      23.0,
      25.0,
      28.0
    ]
  },
  "visual_signals": {
    "unique_objects": [
      "person",
      "backpack",
      "cell phone",
      "bench"
    ],
    "unique_object_count": 4,
    "persistent_objects": [
      "person"
    ],
    "persistent_object_count": 1,
    "transient_objects": [
      "backpack",
      "cell phone",
      "bench"
    ],
    "transient_object_count": 3,
    "object_frequency": {
      "person": 0.8,
      "backpack": 0.03333333333333333,
      "cell phone": 0.16666666666666666,
      "bench": 0.03333333333333333
    },
    "object_frame_counts": {
      "person": 24,
      "backpack": 1,
      "cell phone": 5,
      "bench": 1
    },
    "object_first_appearance": {
      "person": 1.0,
      "backpack": 12.0,
      "cell phone": 18.0,
      "bench": 24.0
    },
    "object_last_appearance": {
      "person": 27.0,
      "backpack": 12.0,
      "cell phone": 22.0,
      "bench": 24.0
    },
    "objects_per_frame": [
      [],
      [
        "person"
      ],
      [
        "person"
      ],
      [
        "person"
      ],
      [
        "person"
      ],
      [
        "person"
      ],
      [
        "person"
      ],
      [],
      [
        "person"
      ],
      [
        "person"
      ],
      [
        "person"
      ],
      [
        "person"
      ],
      [
        "person",
        "backpack"
      ],
      [
        "person"
      ],
      [
        "person"
      ],
      [
        "person"
      ],
      [
        "person"
      ],
      [
        "person"
      ],
      [
        "person",
        "cell phone"
      ],
      [
        "person",
        "cell phone"
      ],
      [
        "person",
        "cell phone"
      ],
      [
        "person",
        "cell phone"
      ],
      [
        "person",
        "cell phone"
      ],
      [
        "person"
      ],
      [
        "person",
        "bench"
      ],
      [],
      [],
      [
        "person"
      ],
      [],
      []
    ],
    "appearances": [
      {
        "object_class": "person",
        "first_appearance": 1.0,
        "last_appearance": 27.0,
        "frame_count": 24,
        "frequency": 0.8
      },
      {
        "object_class": "backpack",
        "first_appearance": 12.0,
        "last_appearance": 12.0,
        "frame_count": 1,
        "frequency": 0.03333333333333333
      },
      {
        "object_class": "cell phone",
        "first_appearance": 18.0,
        "last_appearance": 22.0,
        "frame_count": 5,
        "frequency": 0.16666666666666666
      },
      {
        "object_class": "bench",
        "first_appearance": 24.0,
        "last_appearance": 24.0,
        "frame_count": 1,
        "frequency": 0.03333333333333333
      }
    ]
  },
  "atmosphere_signals": {
    "brightness_values": [
      3.727214626736111,
      100.21239691840277,
      43.85800889756945,
      36.54660590277778,
      61.181393229166666,
      89.86048936631944,
      75.32120768229167,
      85.76886284722222,
      80.01537217881945,
      85.38076605902778,
      89.64942708333334,
      98.14331163194444,
      80.30895182291667,
      66.4091916232639,
      65.99504665798611,
      89.26597873263889,
      87.95138129340278,
      70.17969184027778,
      75.5394021267361,
      99.67932508680556,
      85.60535915798611,
      82.2408420138889,
      83.99275390625,
      88.10739691840278,
      94.27609917534723,
      143.64179036458333,
      53.653837890625,
      80.96530598958333,
      27.319844835069443,
      56.30295030381944
    ],
    "brightness_mean": 76.03667353877314,
    "brightness_std": 25.393373402074705,
    "brightness_min": 3.727214626736111,
    "brightness_max": 143.64179036458333,
    "brightness_range": 139.91457573784723,
    "lighting_changes": [
      {
        "timestamp": 1.0,
        "frame_index": 1,
        "brightness_before": 3.727214626736111,
        "brightness_after": 100.21239691840277,
        "magnitude": 96.48518229166666
      },
      {
        "timestamp": 2.0,
        "frame_index": 2,
        "brightness_before": 100.21239691840277,
        "brightness_after": 43.85800889756945,
        "magnitude": 56.354388020833326
      },
      {
        "timestamp": 4.0,
        "frame_index": 4,
        "brightness_before": 36.54660590277778,
        "brightness_after": 61.181393229166666,
        "magnitude": 24.63478732638889
      },
      {
        "timestamp": 5.0,
        "frame_index": 5,
        "brightness_before": 61.181393229166666,
        "brightness_after": 89.86048936631944,
        "magnitude": 28.679096137152776
      },
      {
        "timestamp": 15.0,
        "frame_index": 15,
        "brightness_before": 65.99504665798611,
        "brightness_after": 89.26597873263889,
        "magnitude": 23.270932074652777
      },
      {
        "timestamp": 19.0,
        "frame_index": 19,
        "brightness_before": 75.5394021267361,
        "brightness_after": 99.67932508680556,
        "magnitude": 24.139922960069455
      },
      {
        "timestamp": 25.0,
        "frame_index": 25,
        "brightness_before": 94.27609917534723,
        "brightness_after": 143.64179036458333,
        "magnitude": 49.3656911892361
      },
      {
        "timestamp": 26.0,
        "frame_index": 26,
        "brightness_before": 143.64179036458333,
        "brightness_after": 53.653837890625,
        "magnitude": 89.98795247395833
      },
      {
        "timestamp": 27.0,
        "frame_index": 27,
        "brightness_before": 53.653837890625,
        "brightness_after": 80.96530598958333,
        "magnitude": 27.31146809895833
      },
      {
        "timestamp": 28.0,
        "frame_index": 28,
        "brightness_before": 80.96530598958333,
        "brightness_after": 27.319844835069443,
        "magnitude": 53.64546115451388
      },
      {
        "timestamp": 29.0,
        "frame_index": 29,
        "brightness_before": 27.319844835069443,
        "brightness_after": 56.30295030381944,
        "magnitude": 28.98310546875
      }
    ],
    "lighting_change_count": 11,
    "setting_type": "indoor",
    "dominant_colors_rgb": [
      [
        "78",
        "81",
        "87"
      ],
      [
        "18",
        "19",
        "19"
      ],
      [
        "168",
        "171",
        "152"
      ]
    ],
    "dominant_colors": [
      "blue",
      "black",
      "green"
    ]
  },
  "action_signals": {
    "intensity_timeline": [
      0.0,
      0.13036540031433105,
      0.14165971755981446,
      0.06166872978210449,
      0.06743613243103028,
      0.10204503059387207,
      0.12296422958374023,
      0.13739775657653808,
      0.10643959045410156,
      0.05935830593109131,
      0.08886985778808594,
      0.10691645622253418,
      0.10873998641967773,
      0.13050644874572753,
      0.19034351348876954,
      0.13679228782653807,
      0.08738885879516602,
      0.1172352409362793,
      0.11983789443969727,
      0.09551071166992188,
      0.09789688110351563,
      0.09057631492614746,
      0.11216609954833984,
      0.07897823810577392,
      0.09299199104309082,
      0.07656265258789062,
      0.0492872953414917,
      0.1892457962036133,
      0.10359888076782227,
      0.06365384101867676
    ],
    "intensity_mean": 0.10221447134017943,
    "intensity_std": 0.03802623503822611,
    "intensity_min": 0.0,
    "intensity_max": 0.19034351348876954,
    "intensity_trend": "stable",
    "peak_moments": [
      {
        "timestamp": 14.0,
        "frame_index": 14,
        "intensity": 0.19034351348876954,
        "moment_type": "peak"
      },
      {
        "timestamp": 27.0,
        "frame_index": 27,
        "intensity": 0.1892457962036133,
        "moment_type": "peak"
      }
    ],
    "valley_moments": [
      {
        "timestamp": 26.0,
        "frame_index": 26,
        "intensity": 0.0492872953414917,
        "moment_type": "valley"
      }
    ],
    "peak_timestamps": [
      14.0,
      27.0
    ],
    "valley_timestamps": [
      26.0
    ],
    "peak_count": 2,
    "valley_count": 1,
    "action_variance": 0.001445994551182415
  },
  "temporal_signals": {
    "frame_change_scores": [
      0.0,
      0.7937263336814676,
      0.6884714024734656,
      0.5926552232278584,
      0.6359280726254575,
      0.6586454943737359,
      0.6860958547243872,
      0.6565660082138149,
      0.5939037515982939,
      0.46354609173908434,
      0.6063883712109657,
      0.6278995546427572,
      0.640004353089687,
      0.6985232644661263,
      0.5478120597708183,
      0.6828637810053977,
      0.5495934121833645,
      0.6697177083165613,
      0.6416161332876047,
      0.6550640891649099,
      0.6462488527714768,
      0.6271885900027651,
      0.4966168125391699,
      0.5730229889500841,
      0.618857477783542,
      0.544277106833297,
      0.6225451718793541,
      0.69913580917567,
      0.6928541841583342,
      0.407754589599727
    ],
    "change_score_mean": 0.6005840847829726,
    "change_score_std": 0.13502502425434068,
    "change_score_max": 0.7937263336814676,
    "temporal_gaps": [],
    "temporal_gap_count": 0,
    "temporal_gap_total_duration": 0.0,
    "transition_similarity_scores": [
      0.3139041452756129,
      0.3774548281206459,
      0.3071458158416657,
      0.592245410400273
    ],
    "transition_similarity_mean": 0.3976875499095494,
    "temporal_density": 1.0
  },
  "metadata": {
    "video_path": "/vol/videos/core/produced_digital/commercials/5syJjBQ_k6o.mp4",
    "dataset": "produced_digital/commercials",
    "tier": "produced_digital",
    "study_type": "core",
    "source_fps": 29.938,
    "experiment_version": "3.2"
  }
}