{
  "video_id": "5yLXrWLvwAo",
  "fps": 10.0,
  "duration": 29.900000000000002,
  "frame_count": 300,
  "scene_signals": {
    "transition_count": 11,
    "transition_timestamps": [
      2.0,
      4.1000000000000005,
      9.4,
      11.3,
      12.600000000000001,
      14.0,
      15.8,
      22.200000000000003,
      24.6,
      26.400000000000002,
      29.700000000000003
    ],
    "transition_types": [
      "soft_cut",
      "hard_cut",
      "hard_cut",
      "soft_cut",
      "hard_cut",
      "hard_cut",
      "hard_cut",
      "hard_cut",
      "hard_cut",
      "hard_cut",
      "hard_cut"
    ],
    "transition_magnitudes": [
      32.853100521622274,
      513.8016502867576,
      2650.376269932918,
      46.55138152057641,
      18326.477229567616,
      201.82469365687797,
      420.1273529883282,
      223.62352200964935,
      192.58772137436827,
      6620.770090684772,
      428.8139666821977
    ],
    "scene_count": 12,
    "scene_durations": [
      2.0,
      2.1000000000000005,
      5.3,
      1.9000000000000004,
      1.3000000000000007,
      1.3999999999999986,
      1.8000000000000007,
      6.400000000000002,
      2.3999999999999986,
      1.8000000000000007,
      3.3000000000000007,
      0.1999999999999993
    ],
    "scene_duration_mean": 2.4916666666666667,
    "scene_duration_std": 1.6680619159838033,
    "scene_duration_min": 0.1999999999999993,
    "scene_duration_max": 6.400000000000002,
    "scene_types": [
      "unknown",
      "unknown",
      "unknown",
      "unknown",
      "unknown",
      "unknown",
      "unknown",
      "unknown",
      "unknown",
      "unknown",
      "unknown",
      "unknown"
    ],
    "transitions": [
      {
        "timestamp": 2.0,
        "frame_index": 20,
        "transition_type": "soft_cut",
        "magnitude": 32.853100521622274
      },
      {
        "timestamp": 4.1000000000000005,
        "frame_index": 41,
        "transition_type": "hard_cut",
        "magnitude": 513.8016502867576
      },
      {
        "timestamp": 9.4,
        "frame_index": 94,
        "transition_type": "hard_cut",
        "magnitude": 2650.376269932918
      },
      {
        "timestamp": 11.3,
        "frame_index": 113,
        "transition_type": "soft_cut",
        "magnitude": 46.55138152057641
      },
      {
        "timestamp": 12.600000000000001,
        "frame_index": 126,
        "transition_type": "hard_cut",
        "magnitude": 18326.477229567616
      },
      {
        "timestamp": 14.0,
        "frame_index": 140,
        "transition_type": "hard_cut",
        "magnitude": 201.82469365687797
      },
      {
        "timestamp": 15.8,
        "frame_index": 158,
        "transition_type": "hard_cut",
        "magnitude": 420.1273529883282
      },
      {
        "timestamp": 22.200000000000003,
        "frame_index": 222,
        "transition_type": "hard_cut",
        "magnitude": 223.62352200964935
      },
      {
        "timestamp": 24.6,
        "frame_index": 246,
        "transition_type": "hard_cut",
        "magnitude": 192.58772137436827
      },
      {
        "timestamp": 26.400000000000002,
        "frame_index": 264,
        "transition_type": "hard_cut",
        "magnitude": 6620.770090684772
      },
      {
        "timestamp": 29.700000000000003,
        "frame_index": 297,
        "transition_type": "hard_cut",
        "magnitude": 428.8139666821977
      }
    ],
    "scenes": [
      {
        "start_time": 0.0,
        "end_time": 2.0,
        "duration": 2.0,
        "scene_type": "unknown",
        "start_frame": 0,
        "end_frame": 19
      },
      {
        "start_time": 2.0,
        "end_time": 4.1000000000000005,
        "duration": 2.1000000000000005,
        "scene_type": "unknown",
        "start_frame": 20,
        "end_frame": 40
      },
      {
        "start_time": 4.1000000000000005,
        "end_time": 9.4,
        "duration": 5.3,
        "scene_type": "unknown",
        "start_frame": 41,
        "end_frame": 93
      },
      {
        "start_time": 9.4,
        "end_time": 11.3,
        "duration": 1.9000000000000004,
        "scene_type": "unknown",
        "start_frame": 94,
        "end_frame": 112
      },
      {
        "start_time": 11.3,
        "end_time": 12.600000000000001,
        "duration": 1.3000000000000007,
        "scene_type": "unknown",
        "start_frame": 113,
        "end_frame": 125
      },
      {
        "start_time": 12.600000000000001,
        "end_time": 14.0,
        "duration": 1.3999999999999986,
        "scene_type": "unknown",
        "start_frame": 126,
        "end_frame": 139
      },
      {
        "start_time": 14.0,
        "end_time": 15.8,
        "duration": 1.8000000000000007,
        "scene_type": "unknown",
        "start_frame": 140,
        "end_frame": 157
      },
      {
        "start_time": 15.8,
        "end_time": 22.200000000000003,
        "duration": 6.400000000000002,
        "scene_type": "unknown",
        "start_frame": 158,
        "end_frame": 221
      },
      {
        "start_time": 22.200000000000003,
        "end_time": 24.6,
        "duration": 2.3999999999999986,
        "scene_type": "unknown",
        "start_frame": 222,
        "end_frame": 245
      },
      {
        "start_time": 24.6,
        "end_time": 26.400000000000002,
        "duration": 1.8000000000000007,
        "scene_type": "unknown",
        "start_frame": 246,
        "end_frame": 263
      },
      {
        "start_time": 26.400000000000002,
        "end_time": 29.700000000000003,
        "duration": 3.3000000000000007,
        "scene_type": "unknown",
        "start_frame": 264,
        "end_frame": 296
      },
      {
        "start_time": 29.700000000000003,
        "end_time": 29.900000000000002,
        "duration": 0.1999999999999993,
        "scene_type": "unknown",
        "start_frame": 297,
        "end_frame": 299
      }
    ]
  },
  "character_signals": {
    "person_counts_per_frame": [
      2,
      2,
      2,
      2,
      4,
      4,
      3,
      4,
      3,
      3,
      3,
      3,
      3,
      4,
      3,
      4,
      4,
      5,
      3,
      3,
      1,
      2,
      2,
      2,
      2,
      2,
      2,
      2,
      2,
      2,
      1,
      1,
      1,
      1,
      1,
      1,
      2,
      2,
      2,
      1,
      1,
      0,
      0,
      0,
      0,
      0,
      0,
      0,
      0,
      0,
      0,
      0,
      0,
      0,
      0,
      0,
      0,
      0,
      0,
      0,
      0,
      0,
      0,
      0,
      0,
      0,
      0,
      0,
      0,
      1,
      1,
      1,
      1,
      1,
      1,
      1,
      1,
      1,
      1,
      1,
      1,
      1,
      1,
      1,
      1,
      1,
      1,
      1,
      1,
      1,
      1,
      1,
      1,
      1,
      0,
      0,
      0,
      0,
      1,
      1,
      1,
      2,
      2,
      2,
      1,
      1,
      1,
      0,
      1,
      1,
      2,
      2,
      2,
      1,
      1,
      1,
      1,
      1,
      1,
      1,
      1,
      1,
      1,
      1,
      1,
      1,
      2,
      2,
      2,
      2,
      2,
      2,
      2,
      2,
      2,
      2,
      2,
      2,
      2,
      2,
      1,
      1,
      1,
      1,
      1,
      1,
      1,
      1,
      1,
      1,
      1,
      1,
      1,
      1,
      1,
      1,
      1,
      1,
      1,
      1,
      1,
      1,
      1,
      1,
      1,
      1,
      1,
      1,
      1,
      1,
      1,
      1,
      1,
      1,
      1,
      1,
      1,
      1,
      1,
      1,
      1,
      1,
      1,
      1,
      1,
      1,
      1,
      1,
      1,
      1,
      1,
      1,
      1,
      1,
      1,
      1,
      1,
      1,
      1,
      1,
      1,
      1,
      1,
      1,
      1,
      1,
      1,
      1,
      1,
      1,
      1,
      1,
      1,
      1,
      1,
      1,
      1,
      1,
      1,
      1,
      1,
      1,
      1,
      1,
      1,
      1,
      1,
      1,
      1,
      1,
      1,
      1,
      1,
      1,
      1,
      1,
      1,
      1,
      1,
      1,
      1,
      1,
      1,
      1,
      1,
      1,
      1,
      1,
      1,
      1,
      1,
      1,
      1,
      1,
      1,
      1,
      1,
      1,
      1,
      1,
      1,
      1,
      1,
      1,
      2,
      2,
      2,
      2,
      2,
      2,
      2,
      2,
      2,
      2,
      2,
      2,
      2,
      2,
      2,
      1,
      1,
      1,
      1,
      1,
      1,
      1,
      1,
      1,
      1,
      1,
      1,
      1,
      1,
      1,
      1,
      1,
      1,
      1,
      1,
      1
    ],
    "person_count_mode": 1,
    "person_count_mean": 1.1933333333333334,
    "person_count_std": 0.7719815772125366,
    "person_count_min": 0,
    "person_count_max": 5,
    "person_count_distribution": {
      "2": 51,
      "4": 6,
      "3": 9,
      "5": 1,
      "1": 200,
      "0": 33
    },
    "character_consistency": 0.6666666666666666,
    "entry_events": [
      {
        "timestamp": 0.4,
        "frame_index": 4,
        "event_type": "entry",
        "count_before": 2,
        "count_after": 4
      },
      {
        "timestamp": 0.7000000000000001,
        "frame_index": 7,
        "event_type": "entry",
        "count_before": 3,
        "count_after": 4
      },
      {
        "timestamp": 1.3,
        "frame_index": 13,
        "event_type": "entry",
        "count_before": 3,
        "count_after": 4
      },
      {
        "timestamp": 1.5,
        "frame_index": 15,
        "event_type": "entry",
        "count_before": 3,
        "count_after": 4
      },
      {
        "timestamp": 1.7000000000000002,
        "frame_index": 17,
        "event_type": "entry",
        "count_before": 4,
        "count_after": 5
      },
      {
        "timestamp": 2.1,
        "frame_index": 21,
        "event_type": "entry",
        "count_before": 1,
        "count_after": 2
      },
      {
        "timestamp": 3.6,
        "frame_index": 36,
        "event_type": "entry",
        "count_before": 1,
        "count_after": 2
      },
      {
        "timestamp": 6.9,
        "frame_index": 69,
        "event_type": "entry",
        "count_before": 0,
        "count_after": 1
      },
      {
        "timestamp": 9.8,
        "frame_index": 98,
        "event_type": "entry",
        "count_before": 0,
        "count_after": 1
      },
      {
        "timestamp": 10.100000000000001,
        "frame_index": 101,
        "event_type": "entry",
        "count_before": 1,
        "count_after": 2
      },
      {
        "timestamp": 10.8,
        "frame_index": 108,
        "event_type": "entry",
        "count_before": 0,
        "count_after": 1
      },
      {
        "timestamp": 11.0,
        "frame_index": 110,
        "event_type": "entry",
        "count_before": 1,
        "count_after": 2
      },
      {
        "timestamp": 12.600000000000001,
        "frame_index": 126,
        "event_type": "entry",
        "count_before": 1,
        "count_after": 2
      },
      {
        "timestamp": 26.400000000000002,
        "frame_index": 264,
        "event_type": "entry",
        "count_before": 1,
        "count_after": 2
      }
    ],
    "exit_events": [
      {
        "timestamp": 0.6000000000000001,
        "frame_index": 6,
        "event_type": "exit",
        "count_before": 4,
        "count_after": 3
      },
      {
        "timestamp": 0.8,
        "frame_index": 8,
        "event_type": "exit",
        "count_before": 4,
        "count_after": 3
      },
      {
        "timestamp": 1.4000000000000001,
        "frame_index": 14,
        "event_type": "exit",
        "count_before": 4,
        "count_after": 3
      },
      {
        "timestamp": 1.8,
        "frame_index": 18,
        "event_type": "exit",
        "count_before": 5,
        "count_after": 3
      },
      {
        "timestamp": 2.0,
        "frame_index": 20,
        "event_type": "exit",
        "count_before": 3,
        "count_after": 1
      },
      {
        "timestamp": 3.0,
        "frame_index": 30,
        "event_type": "exit",
        "count_before": 2,
        "count_after": 1
      },
      {
        "timestamp": 3.9000000000000004,
        "frame_index": 39,
        "event_type": "exit",
        "count_before": 2,
        "count_after": 1
      },
      {
        "timestamp": 4.1000000000000005,
        "frame_index": 41,
        "event_type": "exit",
        "count_before": 1,
        "count_after": 0
      },
      {
        "timestamp": 9.4,
        "frame_index": 94,
        "event_type": "exit",
        "count_before": 1,
        "count_after": 0
      },
      {
        "timestamp": 10.4,
        "frame_index": 104,
        "event_type": "exit",
        "count_before": 2,
        "count_after": 1
      },
      {
        "timestamp": 10.700000000000001,
        "frame_index": 107,
        "event_type": "exit",
        "count_before": 1,
        "count_after": 0
      },
      {
        "timestamp": 11.3,
        "frame_index": 113,
        "event_type": "exit",
        "count_before": 2,
        "count_after": 1
      },
      {
        "timestamp": 14.0,
        "frame_index": 140,
        "event_type": "exit",
        "count_before": 2,
        "count_after": 1
      },
      {
        "timestamp": 27.900000000000002,
        "frame_index": 279,
        "event_type": "exit",
        "count_before": 2,
        "count_after": 1
      }
    ],
    "entry_count": 14,
    "exit_count": 14,
    "entry_exit_total": 28,
    "entry_timestamps": [
      0.4,
      0.7000000000000001,
      1.3,
      1.5,
      1.7000000000000002,
      2.1,
      3.6,
      6.9,
      9.8,
      10.100000000000001,
      10.8,
      11.0,
      12.600000000000001,
      26.400000000000002
    ],
    "exit_timestamps": [
      0.6000000000000001,
      0.8,
      1.4000000000000001,
      1.8,
      2.0,
      3.0,
      3.9000000000000004,
      4.1000000000000005,
      9.4,
      10.4,
      10.700000000000001,
      11.3,
      14.0,
      27.900000000000002
    ]
  },
  "visual_signals": {
    "unique_objects": [
      "person",
      "cup",
      "bottle",
      "tv"
    ],
    "unique_object_count": 4,
    "persistent_objects": [
      "person"
    ],
    "persistent_object_count": 1,
    "transient_objects": [
      "cup",
      "bottle",
      "tv"
    ],
    "transient_object_count": 3,
    "object_frequency": {
      "person": 0.89,
      "cup": 0.05,
      "bottle": 0.006666666666666667,
      "tv": 0.006666666666666667
    },
    "object_frame_counts": {
      "person": 267,
      "cup": 15,
      "bottle": 2,
      "tv": 2
    },
    "object_first_appearance": {
      "person": 0.0,
      "cup": 10.100000000000001,
      "bottle": 12.700000000000001,
      "tv": 27.400000000000002
    },
    "object_last_appearance": {
      "person": 29.900000000000002,
      "cup": 13.9,
      "bottle": 13.100000000000001,
      "tv": 27.5
    },
    "objects_per_frame": [
      [
        "person"
      ],
      [
        "person"
      ],
      [
        "person"
      ],
      [
        "person"
      ],
      [
        "person"
      ],
      [
        "person"
      ],
      [
        "person"
      ],
      [
        "person"
      ],
      [
        "person"
      ],
      [
        "person"
      ],
      [
        "person"
      ],
      [
        "person"
      ],
      [
        "person"
      ],
      [
        "person"
      ],
      [
        "person"
      ],
      [
        "person"
      ],
      [
        "person"
      ],
      [
        "person"
      ],
      [
        "person"
      ],
      [
        "person"
      ],
      [
        "person"
      ],
      [
        "person"
      ],
      [
        "person"
      ],
      [
        "person"
      ],
      [
        "person"
      ],
      [
        "person"
      ],
      [
        "person"
      ],
      [
        "person"
      ],
      [
        "person"
      ],
      [
        "person"
      ],
      [
        "person"
      ],
      [
        "person"
      ],
      [
        "person"
      ],
      [
        "person"
      ],
      [
        "person"
      ],
      [
        "person"
      ],
      [
        "person"
      ],
      [
        "person"
      ],
      [
        "person"
      ],
      [
        "person"
      ],
      [
        "person"
      ],
      [],
      [],
      [],
      [],
      [],
      [],
      [],
      [],
      [],
      [],
      [],
      [],
      [],
      [],
      [],
      [],
      [],
      [],
      [],
      [],
      [],
      [],
      [],
      [],
      [],
      [],
      [],
      [],
      [
        "person"
      ],
      [
        "person"
      ],
      [
        "person"
      ],
      [
        "person"
      ],
      [
        "person"
      ],
      [
        "person"
      ],
      [
        "person"
      ],
      [
        "person"
      ],
      [
        "person"
      ],
      [
        "person"
      ],
      [
        "person"
      ],
      [
        "person"
      ],
      [
        "person"
      ],
      [
        "person"
      ],
      [
        "person"
      ],
      [
        "person"
      ],
      [
        "person"
      ],
      [
        "person"
      ],
      [
        "person"
      ],
      [
        "person"
      ],
      [
        "person"
      ],
      [
        "person"
      ],
      [
        "person"
      ],
      [
        "person"
      ],
      [
        "person"
      ],
      [],
      [],
      [],
      [],
      [
        "person"
      ],
      [
        "person"
      ],
      [
        "person"
      ],
      [
        "person",
        "cup"
      ],
      [
        "person"
      ],
      [
        "person"
      ],
      [
        "person"
      ],
      [
        "person"
      ],
      [
        "person"
      ],
      [],
      [
        "person"
      ],
      [
        "person"
      ],
      [
        "person"
      ],
      [
        "person"
      ],
      [
        "person"
      ],
      [
        "person"
      ],
      [
        "person"
      ],
      [
        "person"
      ],
      [
        "person"
      ],
      [
        "person"
      ],
      [
        "person"
      ],
      [
        "person"
      ],
      [
        "person"
      ],
      [
        "person"
      ],
      [
        "person"
      ],
      [
        "person"
      ],
      [
        "person"
      ],
      [
        "person"
      ],
      [
        "person",
        "cup"
      ],
      [
        "person",
        "bottle",
        "cup"
      ],
      [
        "person",
        "cup"
      ],
      [
        "person",
        "cup"
      ],
      [
        "person",
        "cup"
      ],
      [
        "person",
        "bottle",
        "cup"
      ],
      [
        "person",
        "cup"
      ],
      [
        "person",
        "cup"
      ],
      [
        "person",
        "cup"
      ],
      [
        "person",
        "cup"
      ],
      [
        "person",
        "cup"
      ],
      [
        "person",
        "cup"
      ],
      [
        "person",
        "cup"
      ],
      [
        "person",
        "cup"
      ],
      [
        "person"
      ],
      [
        "person"
      ],
      [
        "person"
      ],
      [
        "person"
      ],
      [
        "person"
      ],
      [
        "person"
      ],
      [
        "person"
      ],
      [
        "person"
      ],
      [
        "person"
      ],
      [
        "person"
      ],
      [
        "person"
      ],
      [
        "person"
      ],
      [
        "person"
      ],
      [
        "person"
      ],
      [
        "person"
      ],
      [
        "person"
      ],
      [
        "person"
      ],
      [
        "person"
      ],
      [
        "person"
      ],
      [
        "person"
      ],
      [
        "person"
      ],
      [
        "person"
      ],
      [
        "person"
      ],
      [
        "person"
      ],
      [
        "person"
      ],
      [
        "person"
      ],
      [
        "person"
      ],
      [
        "person"
      ],
      [
        "person"
      ],
      [
        "person"
      ],
      [
        "person"
      ],
      [
        "person"
      ],
      [
        "person"
      ],
      [
        "person"
      ],
      [
        "person"
      ],
      [
        "person"
      ],
      [
        "person"
      ],
      [
        "person"
      ],
      [
        "person"
      ],
      [
        "person"
      ],
      [
        "person"
      ],
      [
        "person"
      ],
      [
        "person"
      ],
      [
        "person"
      ],
      [
        "person"
      ],
      [
        "person"
      ],
      [
        "person"
      ],
      [
        "person"
      ],
      [
        "person"
      ],
      [
        "person"
      ],
      [
        "person"
      ],
      [
        "person"
      ],
      [
        "person"
      ],
      [
        "person"
      ],
      [
        "person"
      ],
      [
        "person"
      ],
      [
        "person"
      ],
      [
        "person"
      ],
      [
        "person"
      ],
      [
        "person"
      ],
      [
        "person"
      ],
      [
        "person"
      ],
      [
        "person"
      ],
      [
        "person"
      ],
      [
        "person"
      ],
      [
        "person"
      ],
      [
        "person"
      ],
      [
        "person"
      ],
      [
        "person"
      ],
      [
        "person"
      ],
      [
        "person"
      ],
      [
        "person"
      ],
      [
        "person"
      ],
      [
        "person"
      ],
      [
        "person"
      ],
      [
        "person"
      ],
      [
        "person"
      ],
      [
        "person"
      ],
      [
        "person"
      ],
      [
        "person"
      ],
      [
        "person"
      ],
      [
        "person"
      ],
      [
        "person"
      ],
      [
        "person"
      ],
      [
        "person"
      ],
      [
        "person"
      ],
      [
        "person"
      ],
      [
        "person"
      ],
      [
        "person"
      ],
      [
        "person"
      ],
      [
        "person"
      ],
      [
        "person"
      ],
      [
        "person"
      ],
      [
        "person"
      ],
      [
        "person"
      ],
      [
        "person"
      ],
      [
        "person"
      ],
      [
        "person"
      ],
      [
        "person"
      ],
      [
        "person"
      ],
      [
        "person"
      ],
      [
        "person"
      ],
      [
        "person"
      ],
      [
        "person"
      ],
      [
        "person"
      ],
      [
        "person"
      ],
      [
        "person"
      ],
      [
        "person"
      ],
      [
        "person"
      ],
      [
        "person"
      ],
      [
        "person"
      ],
      [
        "person"
      ],
      [
        "person"
      ],
      [
        "person"
      ],
      [
        "person"
      ],
      [
        "person"
      ],
      [
        "person"
      ],
      [
        "person"
      ],
      [
        "person"
      ],
      [
        "person"
      ],
      [
        "person"
      ],
      [
        "person"
      ],
      [
        "person"
      ],
      [
        "person"
      ],
      [
        "person"
      ],
      [
        "person"
      ],
      [
        "person"
      ],
      [
        "person"
      ],
      [
        "person"
      ],
      [
        "person"
      ],
      [
        "person"
      ],
      [
        "person"
      ],
      [
        "person"
      ],
      [
        "person"
      ],
      [
        "person",
        "tv"
      ],
      [
        "person",
        "tv"
      ],
      [
        "person"
      ],
      [
        "person"
      ],
      [
        "person"
      ],
      [
        "person"
      ],
      [
        "person"
      ],
      [
        "person"
      ],
      [
        "person"
      ],
      [
        "person"
      ],
      [
        "person"
      ],
      [
        "person"
      ],
      [
        "person"
      ],
      [
        "person"
      ],
      [
        "person"
      ],
      [
        "person"
      ],
      [
        "person"
      ],
      [
        "person"
      ],
      [
        "person"
      ],
      [
        "person"
      ],
      [
        "person"
      ],
      [
        "person"
      ],
      [
        "person"
      ],
      [
        "person"
      ],
      [
        "person"
      ],
      [
        "person"
      ]
    ],
    "appearances": [
      {
        "object_class": "person",
        "first_appearance": 0.0,
        "last_appearance": 29.900000000000002,
        "frame_count": 267,
        "frequency": 0.89
      },
      {
        "object_class": "cup",
        "first_appearance": 10.100000000000001,
        "last_appearance": 13.9,
        "frame_count": 15,
        "frequency": 0.05
      },
      {
        "object_class": "bottle",
        "first_appearance": 12.700000000000001,
        "last_appearance": 13.100000000000001,
        "frame_count": 2,
        "frequency": 0.006666666666666667
      },
      {
        "object_class": "tv",
        "first_appearance": 27.400000000000002,
        "last_appearance": 27.5,
        "frame_count": 2,
        "frequency": 0.006666666666666667
      }
    ]
  },
  "atmosphere_signals": {
    "brightness_values": [
      89.9079216131285,
      89.89525576117319,
      89.892593400838,
      89.82987953910614,
      89.59996071927374,
      89.60058048184358,
      99.09073411312849,
      99.22838250698324,
      99.5595844972067,
      100.01554207402235,
      99.76116445530727,
      99.13632594273743,
      99.01490485335195,
      99.04432611731843,
      99.51568610335195,
      100.3309968575419,
      101.0679251047486,
      101.66924755586592,
      101.8214123603352,
      101.99229661312849,
      76.88167772346368,
      74.87124650837988,
      73.01464734636872,
      71.60508467178771,
      70.79958100558659,
      71.94422136871508,
      72.43572363826816,
      73.05126134776536,
      72.01949196927374,
      71.04603701117318,
      71.05965869413407,
      70.35021822625698,
      70.02808135474861,
      70.03043819832402,
      69.98635649441341,
      70.46182786312849,
      71.14559619413407,
      71.27179207402234,
      71.87091043994414,
      74.7589123603352,
      73.74224860335195,
      42.058139839385476,
      42.049528631284915,
      42.04850733240224,
      42.04791375698324,
      42.047970495810056,
      42.0479530377095,
      42.0479530377095,
      42.0479530377095,
      42.0479530377095,
      42.0479530377095,
      42.04686190642458,
      42.04700157122905,
      42.04700157122905,
      42.04686190642458,
      41.89183833798883,
      41.89203037709497,
      41.891982367318434,
      41.89570530726257,
      41.896770251396646,
      41.90004800977653,
      41.90046700418994,
      41.900746333798885,
      41.900746333798885,
      41.900746333798885,
      41.90130499301676,
      41.90144465782123,
      42.05658170391062,
      42.0265406773743,
      45.2608938547486,
      45.293976955307265,
      45.285108240223465,
      45.32053945530726,
      45.31292335893855,
      45.312613477653635,
      45.354277234636875,
      45.36662447625698,
      45.37101082402235,
      45.30827513966481,
      45.28499912709497,
      45.30349162011173,
      45.285121333798884,
      45.31348201815643,
      45.327012046089386,
      45.324026710893854,
      44.70566078910615,
      44.73921089385475,
      44.779988652234636,
      44.77036923882682,
      44.789677898044694,
      44.78944221368715,
      44.717410090782124,
      44.73320967178771,
      44.69314333100559,
      45.08690206005586,
      43.3457969622905,
      38.7141279678771,
      36.89511173184358,
      33.15665590083799,
      31.016201117318435,
      31.450192039106145,
      34.90723638268157,
      38.393675803072625,
      36.24086941340782,
      34.55345233938547,
      32.76569483240223,
      31.733929818435755,
      30.96861033519553,
      29.61121682960894,
      29.026549406424582,
      28.635256634078214,
      28.40247468575419,
      27.873223638268158,
      44.7760562150838,
      44.774454434357544,
      44.78627356843575,
      44.76724423882681,
      44.74985597067039,
      44.72070967178771,
      44.73203997905028,
      44.71633205307263,
      44.743846019553075,
      44.8140406773743,
      44.860317737430165,
      44.87940817039106,
      44.87777583798883,
      20.744361033519553,
      20.756014315642457,
      21.026134776536313,
      21.608279504189944,
      21.792017283519552,
      21.922612604748604,
      21.858493365921788,
      21.906586068435754,
      21.8416593924581,
      21.823123254189944,
      21.714629888268156,
      21.70035789106145,
      21.653705481843577,
      21.61524092178771,
      68.8833624301676,
      68.51721805167598,
      69.40705743715084,
      70.51219448324022,
      70.8549406424581,
      70.72534043296089,
      70.53246770251397,
      70.8513093575419,
      71.20082925977654,
      71.33652234636871,
      71.34992580307262,
      71.29415153631285,
      71.50442126396648,
      71.66328561452514,
      71.88449720670391,
      72.20877706005587,
      72.07954347067039,
      70.18622119413408,
      45.388063023743015,
      45.130412011173185,
      45.010784741620114,
      45.157262569832405,
      45.45579608938547,
      45.482956529329606,
      44.92406162709497,
      44.553980446927376,
      44.593536138268156,
      45.178421787709496,
      45.2955438198324,
      45.07815118715084,
      44.90844972067039,
      45.27765363128491,
      45.38181738826815,
      45.007860509776535,
      44.66089821927374,
      44.81472154329609,
      45.666969273743014,
      45.53482018156424,
      45.1981407122905,
      44.92917248603352,
      45.34311277932961,
      45.56732280027933,
      45.13639577513967,
      44.666371333798885,
      44.7599467527933,
      45.39289455307262,
      45.555787360335195,
      45.461133903631286,
      43.86371333798883,
      44.28111033519553,
      44.52857018156425,
      44.32204085195531,
      44.23430953212291,
      44.31521037011173,
      44.14235771648045,
      44.06417597765363,
      44.023092702513964,
      44.02386522346369,
      43.75197276536313,
      43.590550803072624,
      43.707245111731844,
      43.771534567039105,
      44.24446141759776,
      45.36214210893855,
      46.09015363128491,
      46.10083798882682,
      48.11167074022347,
      49.25338687150838,
      52.52594710195531,
      50.61490485335195,
      52.18041201117318,
      53.729936277932964,
      55.63867405726257,
      54.547171787709495,
      49.8794125349162,
      51.392296613128494,
      54.22655813547486,
      53.437853526536315,
      48.41665502793296,
      47.50196840083799,
      52.514935405027934,
      54.51153107541899,
      51.899284217877096,
      52.01621421089386,
      52.22688983938548,
      52.273882681564245,
      52.36951815642458,
      52.10549930167598,
      52.57864874301676,
      52.7645906075419,
      52.68083100558659,
      52.47478613826816,
      52.81607018156424,
      52.7716436801676,
      52.33131110335196,
      52.203173009776535,
      52.353561452513965,
      52.98518680167598,
      52.67042161312849,
      52.57591655027933,
      66.71425453910615,
      67.78606843575419,
      68.59868191340782,
      68.00079870810056,
      67.53708973463687,
      69.29371071927375,
      43.446730970670394,
      43.51107716480447,
      43.59042423184358,
      43.45848900139665,
      43.46054469273743,
      43.56967964385475,
      43.42811627094972,
      43.495805691340784,
      43.528347590782126,
      43.57659741620112,
      40.922403107541896,
      40.8640188547486,
      40.819544343575416,
      40.84323498603352,
      40.80921351256983,
      40.770142283519554,
      40.938761347765364,
      40.71166637569832,
      69.22602566340782,
      68.62342440642458,
      68.79130150139665,
      68.78989612430168,
      68.81489175977654,
      68.72351606145251,
      68.40053683659218,
      68.35570443435755,
      68.4246377444134,
      68.38744762569833,
      68.47527932960894,
      68.45646822625699,
      68.40380586592178,
      68.33638704608938,
      68.242375174581,
      58.10970233938548,
      57.845997730446925,
      58.117296613128495,
      58.18356756284916,
      57.107467702513965,
      58.562307960893854,
      59.384876920391065,
      57.15744587988827,
      56.15267545391062,
      59.33905377094972,
      59.4302374301676,
      58.37177461592179,
      56.44053334497207,
      57.3986688198324,
      57.60473550977654,
      54.842733065642456,
      52.459938023743014,
      50.032258205307265,
      40.185754189944134,
      40.229224860335194,
      40.150279329608935
    ],
    "brightness_mean": 52.7610123225093,
    "brightness_std": 17.411449512970336,
    "brightness_min": 20.744361033519553,
    "brightness_max": 101.99229661312849,
    "brightness_range": 81.24793557960894,
    "lighting_changes": [
      {
        "timestamp": 2.0,
        "frame_index": 20,
        "brightness_before": 101.99229661312849,
        "brightness_after": 76.88167772346368,
        "magnitude": 25.110618889664806
      },
      {
        "timestamp": 4.1000000000000005,
        "frame_index": 41,
        "brightness_before": 73.74224860335195,
        "brightness_after": 42.058139839385476,
        "magnitude": 31.684108763966478
      },
      {
        "timestamp": 12.600000000000001,
        "frame_index": 126,
        "brightness_before": 44.87777583798883,
        "brightness_after": 20.744361033519553,
        "magnitude": 24.133414804469275
      },
      {
        "timestamp": 14.0,
        "frame_index": 140,
        "brightness_before": 21.61524092178771,
        "brightness_after": 68.8833624301676,
        "magnitude": 47.268121508379885
      },
      {
        "timestamp": 15.8,
        "frame_index": 158,
        "brightness_before": 70.18622119413408,
        "brightness_after": 45.388063023743015,
        "magnitude": 24.798158170391062
      },
      {
        "timestamp": 24.6,
        "frame_index": 246,
        "brightness_before": 69.29371071927375,
        "brightness_after": 43.446730970670394,
        "magnitude": 25.846979748603353
      },
      {
        "timestamp": 26.400000000000002,
        "frame_index": 264,
        "brightness_before": 40.71166637569832,
        "brightness_after": 69.22602566340782,
        "magnitude": 28.514359287709503
      }
    ],
    "lighting_change_count": 7,
    "setting_type": "indoor",
    "dominant_colors_rgb": [
      [
        "190",
        "155",
        "146"
      ],
      [
        "114",
        "96",
        "81"
      ],
      [
        "32",
        "53",
        "64"
      ]
    ],
    "dominant_colors": [
      "brown",
      "brown",
      "blue"
    ]
  },
  "action_signals": {
    "intensity_timeline": [
      0.0,
      5.417950917035341e-05,
      2.2807912901043893e-05,
      4.075537901371717e-05,
      0.05447301864624023,
      0.00011977926827967166,
      0.058510417938232424,
      0.05955356597900391,
      0.06642356395721435,
      0.06639402866363525,
      0.10129441261291504,
      0.019265071153640748,
      0.03684694766998291,
      0.06745350360870361,
      0.038592715263366696,
      0.03284736633300781,
      0.014684194326400756,
      0.02022416114807129,
      0.017020444869995117,
      0.02357084274291992,
      0.2718169593811035,
      0.07317246913909912,
      0.0751316213607788,
      0.03686197519302368,
      0.032896149158477786,
      0.017805091142654418,
      0.017363957166671752,
      0.023715403079986572,
      0.028698594570159913,
      0.017445197105407716,
      0.038355293273925783,
      0.008135986328125,
      0.018893250226974488,
      0.01588178992271423,
      0.043381023406982425,
      0.040038132667541505,
      0.059278016090393064,
      0.0957447624206543,
      0.07760708332061768,
      0.054583659172058104,
      0.06569763660430908,
      0.13141225814819335,
      3.469553776085377e-06,
      1.4220234334061388e-07,
      5.740056076319888e-07,
      2.8061818738933655e-07,
      5.6638064052094705e-08,
      2.0106676856812556e-09,
      2.0106676856812556e-09,
      2.0106676856812556e-09,
      2.0106676856812556e-09,
      2.5805276891333053e-07,
      5.674785370501923e-09,
      2.0047316695581687e-09,
      2.2771050680603366e-08,
      0.0016164655983448028,
      2.9193953378126026e-06,
      5.185506597626954e-07,
      1.566019345773384e-06,
      2.2643884221906775e-07,
      1.8728183931671083e-07,
      5.9337244238122365e-08,
      5.757099188485881e-08,
      5.868521952834272e-09,
      5.868521952834272e-09,
      9.379261314279574e-09,
      5.8801247178053017e-08,
      0.001832883358001709,
      0.00029826482757925986,
      0.06292905807495117,
      0.0011214005202054976,
      0.0005021625384688378,
      0.0011076123267412185,
      0.0005625120550394058,
      0.000983317941427231,
      0.0009921564906835555,
      0.0009697805345058442,
      0.000867513045668602,
      0.0021839268505573274,
      0.0008016891777515411,
      0.0032704076170921325,
      0.0015843577682971954,
      0.0014372402429580688,
      0.0006211981177330017,
      0.0007607748359441757,
      0.006217330098152161,
      0.0007255718857049942,
      0.0017615894973278046,
      0.0016417063772678376,
      0.0014816015958786012,
      0.0015879888832569123,
      0.0016825790703296662,
      0.002756143808364868,
      0.0015527679026126862,
      0.14899938583374023,
      0.28029130935668944,
      0.2159988784790039,
      0.24690629959106444,
      0.2043401336669922,
      0.3523474884033203,
      0.32969940185546875,
      0.23073356628417968,
      0.3014651298522949,
      0.27240869522094724,
      0.16694070816040038,
      0.16280866622924806,
      0.12091257095336914,
      0.16616449356079102,
      0.21592048645019532,
      0.14285264015197754,
      0.08977055549621582,
      0.023414561748504637,
      0.1062667179107666,
      0.17897897720336914,
      0.0006227653846144676,
      0.0006410683691501618,
      0.0012349122017621993,
      0.0007179804891347886,
      0.0022346918284893037,
      0.0012074796855449676,
      0.0009037159383296966,
      0.0007329502701759338,
      0.0015225718915462495,
      0.0014868934452533721,
      0.0026203495264053344,
      0.0017737488448619843,
      0.13143307685852051,
      0.010927947759628296,
      0.009040701985359192,
      0.02059967041015625,
      0.01227797508239746,
      0.009892120361328124,
      0.017292165756225587,
      0.006645933985710144,
      0.011655943393707275,
      0.019546445608139038,
      0.0344936466217041,
      0.012106599807739258,
      0.01731217384338379,
      0.01363463282585144,
      0.22473733901977538,
      0.02549023151397705,
      0.05739854335784912,
      0.050191640853881836,
      0.09057417869567871,
      0.05607337474822998,
      0.07732664108276367,
      0.02785325050354004,
      0.02081752061843872,
      0.01716113805770874,
      0.02449575185775757,
      0.018381013870239257,
      0.028841392993927004,
      0.006817798018455505,
      0.020357398986816405,
      0.015097565650939941,
      0.028880183696746827,
      0.03864803552627563,
      0.14631882667541504,
      0.01055699348449707,
      0.013106042146682739,
      0.007038238644599915,
      0.0278311824798584,
      0.010268477201461792,
      0.043577046394348146,
      0.017647404670715332,
      0.025191757678985596,
      0.02424912452697754,
      0.0243757963180542,
      0.013666203022003174,
      0.014280118942260743,
      0.02062871217727661,
      0.015699353218078613,
      0.027872552871704103,
      0.016386812925338744,
      0.00975796639919281,
      0.04164130210876465,
      0.019555525779724123,
      0.026560328006744384,
      0.009166139960289001,
      0.03372079133987427,
      0.013669565916061402,
      0.04298714637756348,
      0.02209479093551636,
      0.015611153841018677,
      0.029284462928771973,
      0.017257306575775146,
      0.015130147933959961,
      0.09059306144714356,
      0.023305442333221436,
      0.010764241218566895,
      0.022452218532562254,
      0.017202178239822386,
      0.02328993558883667,
      0.014392693042755127,
      0.022181015014648437,
      0.010813535451889037,
      0.0073913466930389405,
      0.007257238030433655,
      0.009489997625350952,
      0.006047516465187073,
      0.015367774963378907,
      0.03751154899597168,
      0.045179128646850586,
      0.055243635177612306,
      0.08330924034118653,
      0.05188477993011475,
      0.03479323148727417,
      0.05380188941955567,
      0.10681964874267579,
      0.0458136510848999,
      0.0739744234085083,
      0.09427967071533203,
      0.08082268714904785,
      0.06437214851379394,
      0.022223720550537108,
      0.036189117431640626,
      0.05953529357910156,
      0.062461023330688474,
      0.05146749496459961,
      0.0790210247039795,
      0.10904192924499512,
      0.07101093769073487,
      0.03070603609085083,
      0.019169249534606934,
      0.013674403429031373,
      0.021573994159698486,
      0.022240464687347413,
      0.022838757038116456,
      0.015212339162826539,
      0.016583734750747682,
      0.028162171840667726,
      0.011806817054748535,
      0.023222639560699462,
      0.01933415174484253,
      0.0176508367061615,
      0.0113399338722229,
      0.04527774333953857,
      0.013272360563278199,
      0.03524821043014526,
      0.06468664169311523,
      0.02569793701171875,
      0.07818246364593506,
      0.06622771739959717,
      0.03329813241958618,
      0.053862628936767576,
      0.07048262596130371,
      0.00835655689239502,
      0.016816066503524782,
      0.008650729656219483,
      0.0066897118091583255,
      0.013191714286804199,
      0.012492648363113402,
      0.005628149509429931,
      0.012103471755981445,
      0.010304217338562011,
      0.026833481788635254,
      0.01991114616394043,
      0.02607915163040161,
      0.012115094661712646,
      0.03766433715820312,
      0.009196004271507264,
      0.032312994003295896,
      0.018553134202957153,
      0.1789883232116699,
      0.018989174365997313,
      0.011769338846206664,
      0.010828547477722168,
      0.017189040184020996,
      0.009987643361091614,
      0.02016228437423706,
      0.005928152799606323,
      0.01465806245803833,
      0.0065056604146957395,
      0.007682068943977356,
      0.008325833082199096,
      0.005897666215896606,
      0.009151739478111267,
      0.004336749017238617,
      0.28467124938964844,
      0.028281261920928957,
      0.014369210004806518,
      0.015231682062149048,
      0.0794178819656372,
      0.09852468490600585,
      0.08373156547546387,
      0.0598129415512085,
      0.029944710731506348,
      0.0628546667098999,
      0.0754621696472168,
      0.08022984504699707,
      0.062766432762146,
      0.04403026580810547,
      0.035185623168945315,
      0.06692048072814942,
      0.08179547309875489,
      0.07845359802246094,
      0.02719014644622803,
      0.008901375532150268,
      0.013218698501586914
    ],
    "intensity_mean": 0.04068856962864467,
    "intensity_std": 0.05974308359850296,
    "intensity_min": 0.0,
    "intensity_max": 0.3523474884033203,
    "intensity_trend": "stable",
    "peak_moments": [
      {
        "timestamp": 2.0,
        "frame_index": 20,
        "intensity": 0.2718169593811035,
        "moment_type": "peak"
      },
      {
        "timestamp": 4.1000000000000005,
        "frame_index": 41,
        "intensity": 0.13141225814819335,
        "moment_type": "peak"
      },
      {
        "timestamp": 9.9,
        "frame_index": 99,
        "intensity": 0.3523474884033203,
        "moment_type": "peak"
      },
      {
        "timestamp": 11.3,
        "frame_index": 113,
        "intensity": 0.17897897720336914,
        "moment_type": "peak"
      },
      {
        "timestamp": 12.600000000000001,
        "frame_index": 126,
        "intensity": 0.13143307685852051,
        "moment_type": "peak"
      },
      {
        "timestamp": 14.0,
        "frame_index": 140,
        "intensity": 0.22473733901977538,
        "moment_type": "peak"
      },
      {
        "timestamp": 15.8,
        "frame_index": 158,
        "intensity": 0.14631882667541504,
        "moment_type": "peak"
      },
      {
        "timestamp": 22.1,
        "frame_index": 221,
        "intensity": 0.10904192924499512,
        "moment_type": "peak"
      },
      {
        "timestamp": 26.400000000000002,
        "frame_index": 264,
        "intensity": 0.1789883232116699,
        "moment_type": "peak"
      },
      {
        "timestamp": 27.900000000000002,
        "frame_index": 279,
        "intensity": 0.28467124938964844,
        "moment_type": "peak"
      }
    ],
    "valley_moments": [
      {
        "timestamp": 3.1,
        "frame_index": 31,
        "intensity": 0.008135986328125,
        "moment_type": "valley"
      },
      {
        "timestamp": 5.300000000000001,
        "frame_index": 53,
        "intensity": 2.0047316695581687e-09,
        "moment_type": "valley"
      },
      {
        "timestamp": 11.100000000000001,
        "frame_index": 111,
        "intensity": 0.023414561748504637,
        "moment_type": "valley"
      },
      {
        "timestamp": 11.4,
        "frame_index": 114,
        "intensity": 0.0006227653846144676,
        "moment_type": "valley"
      },
      {
        "timestamp": 13.3,
        "frame_index": 133,
        "intensity": 0.006645933985710144,
        "moment_type": "valley"
      },
      {
        "timestamp": 15.3,
        "frame_index": 153,
        "intensity": 0.006817798018455505,
        "moment_type": "valley"
      },
      {
        "timestamp": 20.0,
        "frame_index": 200,
        "intensity": 0.006047516465187073,
        "moment_type": "valley"
      },
      {
        "timestamp": 25.3,
        "frame_index": 253,
        "intensity": 0.005628149509429931,
        "moment_type": "valley"
      },
      {
        "timestamp": 27.8,
        "frame_index": 278,
        "intensity": 0.004336749017238617,
        "moment_type": "valley"
      }
    ],
    "peak_timestamps": [
      2.0,
      4.1000000000000005,
      9.9,
      11.3,
      12.600000000000001,
      14.0,
      15.8,
      22.1,
      26.400000000000002,
      27.900000000000002
    ],
    "valley_timestamps": [
      3.1,
      5.300000000000001,
      11.100000000000001,
      11.4,
      13.3,
      15.3,
      20.0,
      25.3,
      27.8
    ],
    "peak_count": 10,
    "valley_count": 9,
    "action_variance": 0.0035692360378577134
  },
  "temporal_signals": {
    "frame_change_scores": [
      0.0,
      0.0003728978606496458,
      6.589196906980899e-05,
      0.0012042710567635728,
      0.25763532180978266,
      0.00023445146770062486,
      0.3118807372945095,
      0.3280245299091872,
      0.36974763209925954,
      0.3447469680557146,
      0.42533741984919904,
      0.12033087541832188,
      0.2526642261916989,
      0.3574096804615684,
      0.13010876147322537,
      0.16641018866334933,
      0.07447023744296122,
      0.09759699486571216,
      0.0838899477460121,
      0.12769045930919565,
      0.7143630757822017,
      0.23518287612093902,
      0.27189258919136916,
      0.20256659224750495,
      0.2209561294496335,
      0.10197273824184505,
      0.09500852143051453,
      0.14197031992070053,
      0.19157870880763828,
      0.05371378572911567,
      0.24864848678417828,
      0.05082304815565297,
      0.13213079318500476,
      0.11667335828663772,
      0.24742928948795262,
      0.19873703169946644,
      0.19413840649184244,
      0.1970007127603225,
      0.32676667619789523,
      0.2408005422567,
      0.16871267998000183,
      0.37225841012278404,
      0.00044497285074163173,
      2.6264108493490035e-05,
      8.754740770555713e-06,
      2.4982359481118266e-07,
      2.1888108432399633e-06,
      0.0,
      0.0,
      0.0,
      0.0,
      1.8417170767448532e-05,
      1.4790185087765195e-06,
      0.0,
      1.546992493883792e-06,
      0.012895978382085449,
      4.485965385825352e-06,
      1.6545406211765368e-07,
      7.86731859374612e-05,
      2.0908286945009458e-05,
      6.346949231905707e-05,
      1.4634816252412364e-05,
      2.665961779668713e-06,
      0.0,
      0.0,
      4.613240381701189e-06,
      1.7477510733110435e-06,
      0.01289829598892378,
      0.0026764971168787843,
      0.14077568559804865,
      0.003664200197297185,
      0.0005705628528874795,
      0.004057100751320708,
      0.0009077700660387045,
      0.00323006994659103,
      0.004526594674385098,
      0.0036295245651298824,
      0.0034833332797390426,
      0.01267578825672222,
      0.00166127928107751,
      0.014434544714153619,
      0.007126864958637347,
      0.006646301491616158,
      0.0009907232854092785,
      0.0014860242838515836,
      0.05061857447563001,
      0.0016332885451368906,
      0.0057754843939542555,
      0.005997992712999278,
      0.006534315379545075,
      0.008527179598777579,
      0.013427294709557613,
      0.015400136454955637,
      0.006497086866856461,
      0.6620173139215617,
      0.6501092556242473,
      0.6441532124866419,
      0.5263395361880165,
      0.6616330508559798,
      0.5880092700003174,
      0.5837705126085175,
      0.5918374934993123,
      0.6201511932812278,
      0.6482742368704462,
      0.6062999212611518,
      0.5918738375826398,
      0.5206203883920013,
      0.536338342581578,
      0.5420918945077664,
      0.5295753662057922,
      0.4310381972413698,
      0.12761003338816035,
      0.3800428867678355,
      0.6710398651316414,
      0.0021649864696812182,
      0.0012910559124276189,
      0.0046016969488449355,
      0.0015385908834648632,
      0.01260720780693847,
      0.0035835549999410077,
      0.0022667082177868503,
      0.0018661951409638666,
      0.00711395352928601,
      0.007969405713106115,
      0.015694469767806973,
      0.009279281586729637,
      0.7980359633599501,
      0.057244121296812445,
      0.047361205332534184,
      0.11370373139563072,
      0.06929775052361897,
      0.052739559917049705,
      0.09850913612973333,
      0.022142509826057477,
      0.056077671954801955,
      0.11503535343506277,
      0.21245351366896614,
      0.055526513857401816,
      0.10100415759715686,
      0.06777761354917078,
      0.8370820658377096,
      0.15305522655846326,
      0.27179727884824734,
      0.25665070790953115,
      0.31539204878540605,
      0.26401033424058484,
      0.2813983619675733,
      0.16584587952230945,
      0.11915906214683913,
      0.07100879445292285,
      0.14581677758626843,
      0.101072159732854,
      0.14912972601538677,
      0.02326677410048783,
      0.07306954901667306,
      0.06034502543649545,
      0.11405691644543037,
      0.11481086264859397,
      0.3624786121773974,
      0.03460989121195068,
      0.03782525216940269,
      0.0349152231625629,
      0.0651964572179129,
      0.04040563976985878,
      0.11812526275638768,
      0.06295672490844084,
      0.0798298033651661,
      0.07548245668529951,
      0.08053198101326009,
      0.044873729497420856,
      0.055048389420613186,
      0.06339768734136708,
      0.060826789924647295,
      0.07206458265990501,
      0.061662064463113175,
      0.036089296007382865,
      0.10249018082441408,
      0.06261329043019748,
      0.07576544610910796,
      0.040526628135544196,
      0.08581788989225203,
      0.05494895876352168,
      0.09488563710364073,
      0.06886150750036513,
      0.06108628773239477,
      0.08221115585816896,
      0.0833262958426777,
      0.04643637049188687,
      0.1445734318111931,
      0.06228934211143555,
      0.04381192979654247,
      0.06673180020773228,
      0.06254920050862134,
      0.06488420585246202,
      0.059660855828513104,
      0.08696466492741839,
      0.05333849569025573,
      0.030100091086703307,
      0.0417559197866878,
      0.036579801457993444,
      0.02824503427524605,
      0.05625058247631809,
      0.18190123016709436,
      0.13722704597534752,
      0.15725854267179384,
      0.17087546383108,
      0.16177022390963802,
      0.14391509354759768,
      0.16776560017007014,
      0.17382465207524012,
      0.17296256701581392,
      0.17394495330212645,
      0.24362037857122054,
      0.20202903184815124,
      0.20869894317101467,
      0.10594365674833894,
      0.2000708277123412,
      0.1824331359948287,
      0.2609149416889842,
      0.15748567393188495,
      0.18923697923907468,
      0.19657894524570874,
      0.2915090015472458,
      0.0780514817727177,
      0.06404321691427872,
      0.05116294093885454,
      0.0950267105072764,
      0.07120534017372449,
      0.07172384552115785,
      0.056724185668973526,
      0.082845090782656,
      0.06931184809484947,
      0.05559805198168899,
      0.06663706367126232,
      0.07335565555555923,
      0.05033739257932479,
      0.059040080958725705,
      0.10123791469901411,
      0.06254121381332567,
      0.07889246480364154,
      0.2837366399139706,
      0.11187376240208069,
      0.22288034213253038,
      0.20586037260686518,
      0.11997761600497692,
      0.16601930862548153,
      0.3287077393220248,
      0.04793864285236438,
      0.07539876540785517,
      0.040299125638447286,
      0.032235814646514704,
      0.06995129494682151,
      0.056702671972768015,
      0.031693064994720244,
      0.061793429370909925,
      0.05103906687740922,
      0.11745453378346116,
      0.06130127672003216,
      0.08097455006489185,
      0.07319054910632916,
      0.08697641963611669,
      0.045507154962076246,
      0.09287241166997418,
      0.07851979499945017,
      0.650333665136947,
      0.09558472080111124,
      0.051827060789584656,
      0.05539759750377016,
      0.08441740794861097,
      0.04127322407413514,
      0.14053715325575533,
      0.015037995863878661,
      0.059660900495562275,
      0.023530295099501886,
      0.020833309032356584,
      0.03712513599054357,
      0.014009016423925935,
      0.03708352957589667,
      0.007828051128622282,
      0.6712511328132043,
      0.15417421113892416,
      0.06344338674810146,
      0.07756997428139378,
      0.19277746748767677,
      0.20416179902582277,
      0.21414717271828232,
      0.21686031988600063,
      0.12400075987911419,
      0.23832498772351574,
      0.24489646062934745,
      0.2529687360380155,
      0.19787015373206107,
      0.162372563418122,
      0.13171679621866916,
      0.2213597752886698,
      0.1967911810549201,
      0.15197125621389063,
      0.20741244586549057,
      0.05591480761627987,
      0.05223908905481578
    ],
    "change_score_mean": 0.13717867795968947,
    "change_score_std": 0.16752749175571038,
    "change_score_max": 0.8370820658377096,
    "temporal_gaps": [
      {
        "start_time": 4.2,
        "end_time": 6.800000000000001,
        "duration": 2.6000000000000005,
        "start_frame": 42,
        "end_frame": 68,
        "avg_change": 0.0010802225614162375
      },
      {
        "start_time": 7.0,
        "end_time": 8.4,
        "duration": 1.4000000000000004,
        "start_frame": 70,
        "end_frame": 84,
        "avg_change": 0.004606045506990456
      },
      {
        "start_time": 8.6,
        "end_time": 9.3,
        "duration": 0.7000000000000011,
        "start_frame": 86,
        "end_frame": 93,
        "avg_change": 0.007974097332722849
      },
      {
        "start_time": 11.4,
        "end_time": 12.5,
        "duration": 1.0999999999999996,
        "start_frame": 114,
        "end_frame": 125,
        "avg_change": 0.005831425581414797
      }
    ],
    "temporal_gap_count": 4,
    "temporal_gap_total_duration": 5.800000000000002,
    "transition_similarity_scores": [
      0.2856369242177983,
      0.627741589877216,
      0.3379826860784383,
      0.3289601348683587,
      0.2019640366400499,
      0.1629179341622904,
      0.6375213878226026,
      0.7084909984527542,
      0.6712922606779752,
      0.349666334863053,
      0.7925875541345094
    ],
    "transition_similarity_mean": 0.4640692583450042,
    "temporal_density": 4.147157190635451
  },
  "metadata": {
    "video_path": "/vol/videos/core/produced_digital/commercials/5yLXrWLvwAo.mp4",
    "dataset": "produced_digital/commercials",
    "tier": "produced_digital",
    "study_type": "core",
    "source_fps": 25.0,
    "experiment_version": "3.2"
  }
}