{
  "video_id": "5yLXrWLvwAo",
  "fps": 3.0,
  "duration": 29.666666666666664,
  "frame_count": 90,
  "scene_signals": {
    "transition_count": 10,
    "transition_timestamps": [
      2.0,
      4.333333333333333,
      9.666666666666666,
      11.333333333333332,
      12.666666666666666,
      14.0,
      16.0,
      22.333333333333332,
      24.666666666666664,
      26.666666666666664
    ],
    "transition_types": [
      "soft_cut",
      "hard_cut",
      "hard_cut",
      "soft_cut",
      "hard_cut",
      "hard_cut",
      "hard_cut",
      "hard_cut",
      "hard_cut",
      "hard_cut"
    ],
    "transition_magnitudes": [
      34.9195961908045,
      514.4327491270684,
      3162.908613824601,
      44.97901343248118,
      18378.167257900062,
      181.57737622515947,
      414.77101573129914,
      295.4872173598328,
      182.48828280292025,
      1293.044560682575
    ],
    "scene_count": 11,
    "scene_durations": [
      2.0,
      2.333333333333333,
      5.333333333333333,
      1.666666666666666,
      1.333333333333334,
      1.333333333333334,
      2.0,
      6.333333333333332,
      2.333333333333332,
      2.0,
      3.0
    ],
    "scene_duration_mean": 2.696969696969697,
    "scene_duration_std": 1.5599439607556058,
    "scene_duration_min": 1.333333333333334,
    "scene_duration_max": 6.333333333333332,
    "scene_types": [
      "unknown",
      "unknown",
      "unknown",
      "unknown",
      "unknown",
      "unknown",
      "unknown",
      "unknown",
      "unknown",
      "unknown",
      "unknown"
    ],
    "transitions": [
      {
        "timestamp": 2.0,
        "frame_index": 6,
        "transition_type": "soft_cut",
        "magnitude": 34.9195961908045
      },
      {
        "timestamp": 4.333333333333333,
        "frame_index": 13,
        "transition_type": "hard_cut",
        "magnitude": 514.4327491270684
      },
      {
        "timestamp": 9.666666666666666,
        "frame_index": 29,
        "transition_type": "hard_cut",
        "magnitude": 3162.908613824601
      },
      {
        "timestamp": 11.333333333333332,
        "frame_index": 34,
        "transition_type": "soft_cut",
        "magnitude": 44.97901343248118
      },
      {
        "timestamp": 12.666666666666666,
        "frame_index": 38,
        "transition_type": "hard_cut",
        "magnitude": 18378.167257900062
      },
      {
        "timestamp": 14.0,
        "frame_index": 42,
        "transition_type": "hard_cut",
        "magnitude": 181.57737622515947
      },
      {
        "timestamp": 16.0,
        "frame_index": 48,
        "transition_type": "hard_cut",
        "magnitude": 414.77101573129914
      },
      {
        "timestamp": 22.333333333333332,
        "frame_index": 67,
        "transition_type": "hard_cut",
        "magnitude": 295.4872173598328
      },
      {
        "timestamp": 24.666666666666664,
        "frame_index": 74,
        "transition_type": "hard_cut",
        "magnitude": 182.48828280292025
      },
      {
        "timestamp": 26.666666666666664,
        "frame_index": 80,
        "transition_type": "hard_cut",
        "magnitude": 1293.044560682575
      }
    ],
    "scenes": [
      {
        "start_time": 0.0,
        "end_time": 2.0,
        "duration": 2.0,
        "scene_type": "unknown",
        "start_frame": 0,
        "end_frame": 5
      },
      {
        "start_time": 2.0,
        "end_time": 4.333333333333333,
        "duration": 2.333333333333333,
        "scene_type": "unknown",
        "start_frame": 6,
        "end_frame": 12
      },
      {
        "start_time": 4.333333333333333,
        "end_time": 9.666666666666666,
        "duration": 5.333333333333333,
        "scene_type": "unknown",
        "start_frame": 13,
        "end_frame": 28
      },
      {
        "start_time": 9.666666666666666,
        "end_time": 11.333333333333332,
        "duration": 1.666666666666666,
        "scene_type": "unknown",
        "start_frame": 29,
        "end_frame": 33
      },
      {
        "start_time": 11.333333333333332,
        "end_time": 12.666666666666666,
        "duration": 1.333333333333334,
        "scene_type": "unknown",
        "start_frame": 34,
        "end_frame": 37
      },
      {
        "start_time": 12.666666666666666,
        "end_time": 14.0,
        "duration": 1.333333333333334,
        "scene_type": "unknown",
        "start_frame": 38,
        "end_frame": 41
      },
      {
        "start_time": 14.0,
        "end_time": 16.0,
        "duration": 2.0,
        "scene_type": "unknown",
        "start_frame": 42,
        "end_frame": 47
      },
      {
        "start_time": 16.0,
        "end_time": 22.333333333333332,
        "duration": 6.333333333333332,
        "scene_type": "unknown",
        "start_frame": 48,
        "end_frame": 66
      },
      {
        "start_time": 22.333333333333332,
        "end_time": 24.666666666666664,
        "duration": 2.333333333333332,
        "scene_type": "unknown",
        "start_frame": 67,
        "end_frame": 73
      },
      {
        "start_time": 24.666666666666664,
        "end_time": 26.666666666666664,
        "duration": 2.0,
        "scene_type": "unknown",
        "start_frame": 74,
        "end_frame": 79
      },
      {
        "start_time": 26.666666666666664,
        "end_time": 29.666666666666664,
        "duration": 3.0,
        "scene_type": "unknown",
        "start_frame": 80,
        "end_frame": 89
      }
    ]
  },
  "character_signals": {
    "person_counts_per_frame": [
      2,
      2,
      3,
      3,
      4,
      4,
      1,
      2,
      2,
      1,
      1,
      2,
      1,
      0,
      0,
      0,
      0,
      0,
      0,
      0,
      0,
      1,
      1,
      1,
      1,
      1,
      1,
      1,
      1,
      0,
      1,
      2,
      1,
      2,
      1,
      1,
      1,
      1,
      2,
      2,
      2,
      2,
      1,
      1,
      1,
      1,
      1,
      1,
      1,
      1,
      1,
      1,
      1,
      1,
      1,
      1,
      1,
      1,
      1,
      1,
      1,
      1,
      1,
      1,
      1,
      1,
      1,
      1,
      1,
      1,
      1,
      1,
      1,
      1,
      1,
      1,
      1,
      1,
      1,
      1,
      2,
      2,
      2,
      2,
      1,
      1,
      1,
      1,
      1,
      1
    ],
    "person_count_mode": 1,
    "person_count_mean": 1.1777777777777778,
    "person_count_std": 0.7238443322178814,
    "person_count_min": 0,
    "person_count_max": 4,
    "person_count_distribution": {
      "2": 15,
      "3": 2,
      "4": 2,
      "1": 62,
      "0": 9
    },
    "character_consistency": 0.6888888888888889,
    "entry_events": [
      {
        "timestamp": 0.6666666666666666,
        "frame_index": 2,
        "event_type": "entry",
        "count_before": 2,
        "count_after": 3
      },
      {
        "timestamp": 1.3333333333333333,
        "frame_index": 4,
        "event_type": "entry",
        "count_before": 3,
        "count_after": 4
      },
      {
        "timestamp": 2.333333333333333,
        "frame_index": 7,
        "event_type": "entry",
        "count_before": 1,
        "count_after": 2
      },
      {
        "timestamp": 3.6666666666666665,
        "frame_index": 11,
        "event_type": "entry",
        "count_before": 1,
        "count_after": 2
      },
      {
        "timestamp": 7.0,
        "frame_index": 21,
        "event_type": "entry",
        "count_before": 0,
        "count_after": 1
      },
      {
        "timestamp": 10.0,
        "frame_index": 30,
        "event_type": "entry",
        "count_before": 0,
        "count_after": 1
      },
      {
        "timestamp": 10.333333333333332,
        "frame_index": 31,
        "event_type": "entry",
        "count_before": 1,
        "count_after": 2
      },
      {
        "timestamp": 11.0,
        "frame_index": 33,
        "event_type": "entry",
        "count_before": 1,
        "count_after": 2
      },
      {
        "timestamp": 12.666666666666666,
        "frame_index": 38,
        "event_type": "entry",
        "count_before": 1,
        "count_after": 2
      },
      {
        "timestamp": 26.666666666666664,
        "frame_index": 80,
        "event_type": "entry",
        "count_before": 1,
        "count_after": 2
      }
    ],
    "exit_events": [
      {
        "timestamp": 2.0,
        "frame_index": 6,
        "event_type": "exit",
        "count_before": 4,
        "count_after": 1
      },
      {
        "timestamp": 3.0,
        "frame_index": 9,
        "event_type": "exit",
        "count_before": 2,
        "count_after": 1
      },
      {
        "timestamp": 4.0,
        "frame_index": 12,
        "event_type": "exit",
        "count_before": 2,
        "count_after": 1
      },
      {
        "timestamp": 4.333333333333333,
        "frame_index": 13,
        "event_type": "exit",
        "count_before": 1,
        "count_after": 0
      },
      {
        "timestamp": 9.666666666666666,
        "frame_index": 29,
        "event_type": "exit",
        "count_before": 1,
        "count_after": 0
      },
      {
        "timestamp": 10.666666666666666,
        "frame_index": 32,
        "event_type": "exit",
        "count_before": 2,
        "count_after": 1
      },
      {
        "timestamp": 11.333333333333332,
        "frame_index": 34,
        "event_type": "exit",
        "count_before": 2,
        "count_after": 1
      },
      {
        "timestamp": 14.0,
        "frame_index": 42,
        "event_type": "exit",
        "count_before": 2,
        "count_after": 1
      },
      {
        "timestamp": 28.0,
        "frame_index": 84,
        "event_type": "exit",
        "count_before": 2,
        "count_after": 1
      }
    ],
    "entry_count": 10,
    "exit_count": 9,
    "entry_exit_total": 19,
    "entry_timestamps": [
      0.6666666666666666,
      1.3333333333333333,
      2.333333333333333,
      3.6666666666666665,
      7.0,
      10.0,
      10.333333333333332,
      11.0,
      12.666666666666666,
      26.666666666666664
    ],
    "exit_timestamps": [
      2.0,
      3.0,
      4.0,
      4.333333333333333,
      9.666666666666666,
      10.666666666666666,
      11.333333333333332,
      14.0,
      28.0
    ]
  },
  "visual_signals": {
    "unique_objects": [
      "person",
      "cup"
    ],
    "unique_object_count": 2,
    "persistent_objects": [
      "person"
    ],
    "persistent_object_count": 1,
    "transient_objects": [
      "cup"
    ],
    "transient_object_count": 1,
    "object_frequency": {
      "person": 0.9,
      "cup": 0.044444444444444446
    },
    "object_frame_counts": {
      "person": 81,
      "cup": 4
    },
    "object_first_appearance": {
      "person": 0.0,
      "cup": 12.666666666666666
    },
    "object_last_appearance": {
      "person": 29.666666666666664,
      "cup": 13.666666666666666
    },
    "objects_per_frame": [
      [
        "person"
      ],
      [
        "person"
      ],
      [
        "person"
      ],
      [
        "person"
      ],
      [
        "person"
      ],
      [
        "person"
      ],
      [
        "person"
      ],
      [
        "person"
      ],
      [
        "person"
      ],
      [
        "person"
      ],
      [
        "person"
      ],
      [
        "person"
      ],
      [
        "person"
      ],
      [],
      [],
      [],
      [],
      [],
      [],
      [],
      [],
      [
        "person"
      ],
      [
        "person"
      ],
      [
        "person"
      ],
      [
        "person"
      ],
      [
        "person"
      ],
      [
        "person"
      ],
      [
        "person"
      ],
      [
        "person"
      ],
      [],
      [
        "person"
      ],
      [
        "person"
      ],
      [
        "person"
      ],
      [
        "person"
      ],
      [
        "person"
      ],
      [
        "person"
      ],
      [
        "person"
      ],
      [
        "person"
      ],
      [
        "cup",
        "person"
      ],
      [
        "cup",
        "person"
      ],
      [
        "cup",
        "person"
      ],
      [
        "person",
        "cup"
      ],
      [
        "person"
      ],
      [
        "person"
      ],
      [
        "person"
      ],
      [
        "person"
      ],
      [
        "person"
      ],
      [
        "person"
      ],
      [
        "person"
      ],
      [
        "person"
      ],
      [
        "person"
      ],
      [
        "person"
      ],
      [
        "person"
      ],
      [
        "person"
      ],
      [
        "person"
      ],
      [
        "person"
      ],
      [
        "person"
      ],
      [
        "person"
      ],
      [
        "person"
      ],
      [
        "person"
      ],
      [
        "person"
      ],
      [
        "person"
      ],
      [
        "person"
      ],
      [
        "person"
      ],
      [
        "person"
      ],
      [
        "person"
      ],
      [
        "person"
      ],
      [
        "person"
      ],
      [
        "person"
      ],
      [
        "person"
      ],
      [
        "person"
      ],
      [
        "person"
      ],
      [
        "person"
      ],
      [
        "person"
      ],
      [
        "person"
      ],
      [
        "person"
      ],
      [
        "person"
      ],
      [
        "person"
      ],
      [
        "person"
      ],
      [
        "person"
      ],
      [
        "person"
      ],
      [
        "person"
      ],
      [
        "person"
      ],
      [
        "person"
      ],
      [
        "person"
      ],
      [
        "person"
      ],
      [
        "person"
      ],
      [
        "person"
      ],
      [
        "person"
      ],
      [
        "person"
      ]
    ],
    "appearances": [
      {
        "object_class": "person",
        "first_appearance": 0.0,
        "last_appearance": 29.666666666666664,
        "frame_count": 81,
        "frequency": 0.9
      },
      {
        "object_class": "cup",
        "first_appearance": 12.666666666666666,
        "last_appearance": 13.666666666666666,
        "frame_count": 4,
        "frequency": 0.044444444444444446
      }
    ]
  },
  "atmosphere_signals": {
    "brightness_values": [
      89.9079216131285,
      89.83012831703911,
      99.09849423882682,
      99.76116445530727,
      99.03947276536313,
      101.7428465432961,
      76.88167772346368,
      71.60571316340783,
      72.87478177374301,
      71.05965869413407,
      69.94471892458101,
      71.28491620111731,
      73.74224860335195,
      42.04850733240224,
      42.0479530377095,
      42.0479530377095,
      42.04700157122905,
      41.891982367318434,
      41.90004800977653,
      41.900746333798885,
      41.90089909217877,
      45.293976955307265,
      45.31159217877095,
      45.37550192039106,
      45.30349162011173,
      45.32528369413408,
      44.75218226256983,
      44.78944221368715,
      44.6955656424581,
      36.89340083798883,
      31.450192039106145,
      36.24065118715084,
      31.556171438547487,
      28.635256634078214,
      44.78608589385475,
      44.730355272346365,
      44.71633205307263,
      44.89540415502793,
      20.706869762569834,
      21.792017283519552,
      21.878072625698323,
      21.657358589385474,
      68.8833624301676,
      70.68071316340782,
      70.69502007681564,
      71.34992580307262,
      71.64325680865922,
      71.55860684357542,
      45.010784741620114,
      45.20951030027933,
      44.876095495810056,
      44.90844972067039,
      44.81346456005586,
      45.63346717877095,
      45.34311277932961,
      44.58772695530726,
      45.4453125,
      44.52857018156425,
      44.39064245810056,
      44.03197887569832,
      43.707245111731844,
      45.84718488128492,
      48.69629015363129,
      52.18041201117318,
      52.65844099162011,
      53.471316340782124,
      52.514935405027934,
      52.189416026536314,
      52.16120810055866,
      52.68083100558659,
      52.69323062150838,
      52.62197101955307,
      66.71425453910615,
      67.57158257681564,
      43.46452513966481,
      43.46054469273743,
      43.53265101256983,
      40.90418994413408,
      40.80921351256983,
      40.71747555865922,
      68.67106319832402,
      68.40053683659218,
      68.43739088687151,
      68.42122905027934,
      57.845997730446925,
      57.080364001396646,
      57.16420652932961,
      58.37177461592179,
      57.60613652234637,
      50.032258205307265
    ],
    "brightness_mean": 53.19513239059591,
    "brightness_std": 17.329651776252405,
    "brightness_min": 20.706869762569834,
    "brightness_max": 101.7428465432961,
    "brightness_range": 81.03597678072626,
    "lighting_changes": [
      {
        "timestamp": 2.0,
        "frame_index": 6,
        "brightness_before": 101.7428465432961,
        "brightness_after": 76.88167772346368,
        "magnitude": 24.861168819832415
      },
      {
        "timestamp": 4.333333333333333,
        "frame_index": 13,
        "brightness_before": 73.74224860335195,
        "brightness_after": 42.04850733240224,
        "magnitude": 31.693741270949715
      },
      {
        "timestamp": 12.666666666666666,
        "frame_index": 38,
        "brightness_before": 44.89540415502793,
        "brightness_after": 20.706869762569834,
        "magnitude": 24.1885343924581
      },
      {
        "timestamp": 14.0,
        "frame_index": 42,
        "brightness_before": 21.657358589385474,
        "brightness_after": 68.8833624301676,
        "magnitude": 47.22600384078212
      },
      {
        "timestamp": 16.0,
        "frame_index": 48,
        "brightness_before": 71.55860684357542,
        "brightness_after": 45.010784741620114,
        "magnitude": 26.547822101955305
      },
      {
        "timestamp": 24.666666666666664,
        "frame_index": 74,
        "brightness_before": 67.57158257681564,
        "brightness_after": 43.46452513966481,
        "magnitude": 24.107057437150836
      },
      {
        "timestamp": 26.666666666666664,
        "frame_index": 80,
        "brightness_before": 40.71747555865922,
        "brightness_after": 68.67106319832402,
        "magnitude": 27.953587639664804
      }
    ],
    "lighting_change_count": 7,
    "setting_type": "indoor",
    "dominant_colors_rgb": [
      [
        "190",
        "155",
        "146"
      ],
      [
        "114",
        "96",
        "81"
      ],
      [
        "32",
        "53",
        "64"
      ]
    ],
    "dominant_colors": [
      "brown",
      "brown",
      "blue"
    ]
  },
  "action_signals": {
    "intensity_timeline": [
      0.0,
      9.689049795269967e-05,
      0.09474154472351075,
      0.2021816062927246,
      0.10675655364990234,
      0.036244604587554935,
      0.2825128364562988,
      0.09489690780639648,
      0.051350464820861814,
      0.054141526222229,
      0.050660443305969236,
      0.08471737861633301,
      0.08312334060668945,
      0.13132092475891113,
      8.928278839448467e-07,
      2.0106676856812556e-09,
      2.617227437440306e-07,
      0.0016173839569091797,
      1.816066214814782e-06,
      5.305244485498406e-08,
      1.947924465639517e-06,
      0.08056431770324707,
      0.0017744827270507813,
      0.002114371210336685,
      0.005703654289245606,
      0.003336982727050781,
      0.007547038793563843,
      0.005663496851921082,
      0.0060960441827774044,
      0.17356981277465822,
      0.22788629531860352,
      0.2834148788452148,
      0.4002764892578125,
      0.25170705795288084,
      0.1672830581665039,
      0.0024047978222370148,
      0.0038924744725227357,
      0.0037677940726280213,
      0.1352220344543457,
      0.03107383966445923,
      0.023741731643676756,
      0.06771282196044921,
      0.2191171455383301,
      0.14734904289245607,
      0.15186256408691406,
      0.051518521308898925,
      0.054455595016479494,
      0.04498647212982178,
      0.159552640914917,
      0.036673693656921386,
      0.016371004581451416,
      0.027364838123321533,
      0.032806692123413084,
      0.04638594627380371,
      0.016856876611709596,
      0.05102677822113037,
      0.05032849788665771,
      0.09090363502502441,
      0.02070533752441406,
      0.02009800910949707,
      0.011341432332992554,
      0.04654830455780029,
      0.046526780128479,
      0.06742912769317627,
      0.07276463985443116,
      0.07780741214752197,
      0.11013752937316895,
      0.06054605484008789,
      0.028928208351135253,
      0.036139731407165525,
      0.02244408369064331,
      0.02832078456878662,
      0.08624613761901856,
      0.06030802726745606,
      0.0661378812789917,
      0.019667621850967407,
      0.0182211172580719,
      0.032905704975128174,
      0.027300164699554444,
      0.02718289613723755,
      0.17670692443847658,
      0.045166578292846676,
      0.020424244403839113,
      0.014967513084411622,
      0.26641139984130857,
      0.05740557193756104,
      0.0195673668384552,
      0.06420040130615234,
      0.0758830213546753,
      0.04641185283660889
    ],
    "intensity_mean": 0.06812814066876846,
    "intensity_std": 0.07768107835493039,
    "intensity_min": 0.0,
    "intensity_max": 0.4002764892578125,
    "intensity_trend": "stable",
    "peak_moments": [
      {
        "timestamp": 1.0,
        "frame_index": 3,
        "intensity": 0.2021816062927246,
        "moment_type": "peak"
      },
      {
        "timestamp": 2.0,
        "frame_index": 6,
        "intensity": 0.2825128364562988,
        "moment_type": "peak"
      },
      {
        "timestamp": 10.666666666666666,
        "frame_index": 32,
        "intensity": 0.4002764892578125,
        "moment_type": "peak"
      },
      {
        "timestamp": 12.666666666666666,
        "frame_index": 38,
        "intensity": 0.1352220344543457,
        "moment_type": "peak"
      },
      {
        "timestamp": 14.0,
        "frame_index": 42,
        "intensity": 0.2191171455383301,
        "moment_type": "peak"
      },
      {
        "timestamp": 16.0,
        "frame_index": 48,
        "intensity": 0.159552640914917,
        "moment_type": "peak"
      },
      {
        "timestamp": 26.666666666666664,
        "frame_index": 80,
        "intensity": 0.17670692443847658,
        "moment_type": "peak"
      },
      {
        "timestamp": 28.0,
        "frame_index": 84,
        "intensity": 0.26641139984130857,
        "moment_type": "peak"
      }
    ],
    "valley_moments": [
      {
        "timestamp": 1.6666666666666665,
        "frame_index": 5,
        "intensity": 0.036244604587554935,
        "moment_type": "valley"
      },
      {
        "timestamp": 5.0,
        "frame_index": 15,
        "intensity": 2.0106676856812556e-09,
        "moment_type": "valley"
      },
      {
        "timestamp": 11.666666666666666,
        "frame_index": 35,
        "intensity": 0.0024047978222370148,
        "moment_type": "valley"
      },
      {
        "timestamp": 13.333333333333332,
        "frame_index": 40,
        "intensity": 0.023741731643676756,
        "moment_type": "valley"
      },
      {
        "timestamp": 15.666666666666666,
        "frame_index": 47,
        "intensity": 0.04498647212982178,
        "moment_type": "valley"
      },
      {
        "timestamp": 20.0,
        "frame_index": 60,
        "intensity": 0.011341432332992554,
        "moment_type": "valley"
      },
      {
        "timestamp": 27.666666666666664,
        "frame_index": 83,
        "intensity": 0.014967513084411622,
        "moment_type": "valley"
      }
    ],
    "peak_timestamps": [
      1.0,
      2.0,
      10.666666666666666,
      12.666666666666666,
      14.0,
      16.0,
      26.666666666666664,
      28.0
    ],
    "valley_timestamps": [
      1.6666666666666665,
      5.0,
      11.666666666666666,
      13.333333333333332,
      15.666666666666666,
      20.0,
      27.666666666666664
    ],
    "peak_count": 8,
    "valley_count": 7,
    "action_variance": 0.006034349934384836
  },
  "temporal_signals": {
    "frame_change_scores": [
      0.0,
      0.0016136539651582238,
      0.39703198730481115,
      0.520880563047333,
      0.46468353015802266,
      0.26905572256111476,
      0.7156698063505751,
      0.3789190559287998,
      0.31932967739231777,
      0.291879631325357,
      0.2761120333497642,
      0.33855499572061876,
      0.3500762477957874,
      0.3724111487991987,
      1.2216969085376839e-05,
      0.0,
      1.989618927622505e-05,
      0.012902155784949132,
      0.00015605192610579355,
      1.5682781079995323e-05,
      1.1233080766670511e-05,
      0.14811108228732883,
      0.009678580152080896,
      0.012898652991085058,
      0.03584856059791919,
      0.02270058350625659,
      0.05553951780347888,
      0.03965676936654017,
      0.044356371898328084,
      0.7117734396954923,
      0.6823552412038167,
      0.6792723616939891,
      0.662743682279237,
      0.6179723384143991,
      0.682013989425637,
      0.014378443119939743,
      0.0230033353658865,
      0.024429952572133762,
      0.7988002404343271,
      0.2162142179457195,
      0.15897240347674457,
      0.34175835621326855,
      0.8407096343615432,
      0.34928803606844183,
      0.3447165855806429,
      0.1712639831237438,
      0.24071801110805613,
      0.18725631044829394,
      0.374997228541021,
      0.11212643304161574,
      0.07153381680288884,
      0.09819513273528668,
      0.11191161899497482,
      0.11070606380309889,
      0.05742222069399894,
      0.11291060638413886,
      0.12853372741142044,
      0.14024106492678312,
      0.08169578243083031,
      0.08788963630364177,
      0.060208678699236184,
      0.19456597790937447,
      0.1906295757807065,
      0.19358979975120938,
      0.2387421050240931,
      0.19502936572897467,
      0.2303400157475115,
      0.23918595946772703,
      0.11432612811379717,
      0.1087911557380743,
      0.07615760535086569,
      0.08517874249220114,
      0.2842803118171008,
      0.2207638505349001,
      0.3154404867078393,
      0.0861382851315694,
      0.08618719135809993,
      0.11943197417100304,
      0.10670624369350479,
      0.08907998685865048,
      0.6593035654366963,
      0.2836878810377831,
      0.10957049234390193,
      0.07905801423287673,
      0.6657661543635502,
      0.176195824642275,
      0.09310083551731818,
      0.21770478314230268,
      0.21168533602152273,
      0.2174955643052957
    ],
    "change_score_mean": 0.22513634660837903,
    "change_score_std": 0.2147536489199584,
    "change_score_max": 0.8407096343615432,
    "temporal_gaps": [
      {
        "start_time": 4.666666666666666,
        "end_time": 6.666666666666666,
        "duration": 2.0,
        "start_frame": 14,
        "end_frame": 20,
        "avg_change": 0.0018738909616090277
      }
    ],
    "temporal_gap_count": 1,
    "temporal_gap_total_duration": 2.0,
    "transition_similarity_scores": [
      0.28433019364942486,
      0.6275888512008013,
      0.28822656030450766,
      0.317986010574363,
      0.20119975956567296,
      0.15929036563845678,
      0.625002771458979,
      0.760814040532273,
      0.6845595132921607,
      0.34069643456330373
    ],
    "transition_similarity_mean": 0.42896945007799425,
    "temporal_density": 1.955056179775281
  },
  "metadata": {
    "video_path": "/vol/videos/core/produced_digital/commercials/5yLXrWLvwAo.mp4",
    "dataset": "produced_digital/commercials",
    "tier": "produced_digital",
    "study_type": "core",
    "source_fps": 25.0,
    "experiment_version": "3.2"
  }
}