{
  "video_id": "5yLXrWLvwAo",
  "fps": 1.0,
  "duration": 29.0,
  "frame_count": 30,
  "scene_signals": {
    "transition_count": 10,
    "transition_timestamps": [
      2.0,
      5.0,
      10.0,
      12.0,
      13.0,
      14.0,
      16.0,
      23.0,
      25.0,
      27.0
    ],
    "transition_types": [
      "soft_cut",
      "hard_cut",
      "hard_cut",
      "soft_cut",
      "hard_cut",
      "hard_cut",
      "hard_cut",
      "hard_cut",
      "hard_cut",
      "hard_cut"
    ],
    "transition_magnitudes": [
      31.54230941139246,
      514.2011227697301,
      1803.1146559416095,
      44.715211160822804,
      18356.83398052006,
      124.53904561057246,
      373.34779205507044,
      291.3723775552511,
      199.94323491453582,
      870.8029925312613
    ],
    "scene_count": 11,
    "scene_durations": [
      2.0,
      3.0,
      5.0,
      2.0,
      1.0,
      1.0,
      2.0,
      7.0,
      2.0,
      2.0,
      2.0
    ],
    "scene_duration_mean": 2.6363636363636362,
    "scene_duration_std": 1.7200807207658635,
    "scene_duration_min": 1.0,
    "scene_duration_max": 7.0,
    "scene_types": [
      "unknown",
      "unknown",
      "unknown",
      "unknown",
      "unknown",
      "unknown",
      "unknown",
      "unknown",
      "unknown",
      "unknown",
      "unknown"
    ],
    "transitions": [
      {
        "timestamp": 2.0,
        "frame_index": 2,
        "transition_type": "soft_cut",
        "magnitude": 31.54230941139246
      },
      {
        "timestamp": 5.0,
        "frame_index": 5,
        "transition_type": "hard_cut",
        "magnitude": 514.2011227697301
      },
      {
        "timestamp": 10.0,
        "frame_index": 10,
        "transition_type": "hard_cut",
        "magnitude": 1803.1146559416095
      },
      {
        "timestamp": 12.0,
        "frame_index": 12,
        "transition_type": "soft_cut",
        "magnitude": 44.715211160822804
      },
      {
        "timestamp": 13.0,
        "frame_index": 13,
        "transition_type": "hard_cut",
        "magnitude": 18356.83398052006
      },
      {
        "timestamp": 14.0,
        "frame_index": 14,
        "transition_type": "hard_cut",
        "magnitude": 124.53904561057246
      },
      {
        "timestamp": 16.0,
        "frame_index": 16,
        "transition_type": "hard_cut",
        "magnitude": 373.34779205507044
      },
      {
        "timestamp": 23.0,
        "frame_index": 23,
        "transition_type": "hard_cut",
        "magnitude": 291.3723775552511
      },
      {
        "timestamp": 25.0,
        "frame_index": 25,
        "transition_type": "hard_cut",
        "magnitude": 199.94323491453582
      },
      {
        "timestamp": 27.0,
        "frame_index": 27,
        "transition_type": "hard_cut",
        "magnitude": 870.8029925312613
      }
    ],
    "scenes": [
      {
        "start_time": 0.0,
        "end_time": 2.0,
        "duration": 2.0,
        "scene_type": "unknown",
        "start_frame": 0,
        "end_frame": 1
      },
      {
        "start_time": 2.0,
        "end_time": 5.0,
        "duration": 3.0,
        "scene_type": "unknown",
        "start_frame": 2,
        "end_frame": 4
      },
      {
        "start_time": 5.0,
        "end_time": 10.0,
        "duration": 5.0,
        "scene_type": "unknown",
        "start_frame": 5,
        "end_frame": 9
      },
      {
        "start_time": 10.0,
        "end_time": 12.0,
        "duration": 2.0,
        "scene_type": "unknown",
        "start_frame": 10,
        "end_frame": 11
      },
      {
        "start_time": 12.0,
        "end_time": 13.0,
        "duration": 1.0,
        "scene_type": "unknown",
        "start_frame": 12,
        "end_frame": 12
      },
      {
        "start_time": 13.0,
        "end_time": 14.0,
        "duration": 1.0,
        "scene_type": "unknown",
        "start_frame": 13,
        "end_frame": 13
      },
      {
        "start_time": 14.0,
        "end_time": 16.0,
        "duration": 2.0,
        "scene_type": "unknown",
        "start_frame": 14,
        "end_frame": 15
      },
      {
        "start_time": 16.0,
        "end_time": 23.0,
        "duration": 7.0,
        "scene_type": "unknown",
        "start_frame": 16,
        "end_frame": 22
      },
      {
        "start_time": 23.0,
        "end_time": 25.0,
        "duration": 2.0,
        "scene_type": "unknown",
        "start_frame": 23,
        "end_frame": 24
      },
      {
        "start_time": 25.0,
        "end_time": 27.0,
        "duration": 2.0,
        "scene_type": "unknown",
        "start_frame": 25,
        "end_frame": 26
      },
      {
        "start_time": 27.0,
        "end_time": 29.0,
        "duration": 2.0,
        "scene_type": "unknown",
        "start_frame": 27,
        "end_frame": 29
      }
    ]
  },
  "character_signals": {
    "person_counts_per_frame": [
      2,
      3,
      1,
      1,
      1,
      0,
      0,
      1,
      1,
      1,
      1,
      2,
      1,
      2,
      1,
      1,
      1,
      1,
      1,
      1,
      1,
      1,
      1,
      1,
      1,
      1,
      1,
      2,
      1,
      1
    ],
    "person_count_mode": 1,
    "person_count_mean": 1.1333333333333333,
    "person_count_std": 0.5617433182117572,
    "person_count_min": 0,
    "person_count_max": 3,
    "person_count_distribution": {
      "2": 4,
      "3": 1,
      "1": 23,
      "0": 2
    },
    "character_consistency": 0.7666666666666667,
    "entry_events": [
      {
        "timestamp": 1.0,
        "frame_index": 1,
        "event_type": "entry",
        "count_before": 2,
        "count_after": 3
      },
      {
        "timestamp": 7.0,
        "frame_index": 7,
        "event_type": "entry",
        "count_before": 0,
        "count_after": 1
      },
      {
        "timestamp": 11.0,
        "frame_index": 11,
        "event_type": "entry",
        "count_before": 1,
        "count_after": 2
      },
      {
        "timestamp": 13.0,
        "frame_index": 13,
        "event_type": "entry",
        "count_before": 1,
        "count_after": 2
      },
      {
        "timestamp": 27.0,
        "frame_index": 27,
        "event_type": "entry",
        "count_before": 1,
        "count_after": 2
      }
    ],
    "exit_events": [
      {
        "timestamp": 2.0,
        "frame_index": 2,
        "event_type": "exit",
        "count_before": 3,
        "count_after": 1
      },
      {
        "timestamp": 5.0,
        "frame_index": 5,
        "event_type": "exit",
        "count_before": 1,
        "count_after": 0
      },
      {
        "timestamp": 12.0,
        "frame_index": 12,
        "event_type": "exit",
        "count_before": 2,
        "count_after": 1
      },
      {
        "timestamp": 14.0,
        "frame_index": 14,
        "event_type": "exit",
        "count_before": 2,
        "count_after": 1
      },
      {
        "timestamp": 28.0,
        "frame_index": 28,
        "event_type": "exit",
        "count_before": 2,
        "count_after": 1
      }
    ],
    "entry_count": 5,
    "exit_count": 5,
    "entry_exit_total": 10,
    "entry_timestamps": [
      1.0,
      7.0,
      11.0,
      13.0,
      27.0
    ],
    "exit_timestamps": [
      2.0,
      5.0,
      12.0,
      14.0,
      28.0
    ]
  },
  "visual_signals": {
    "unique_objects": [
      "person",
      "cup"
    ],
    "unique_object_count": 2,
    "persistent_objects": [
      "person"
    ],
    "persistent_object_count": 1,
    "transient_objects": [
      "cup"
    ],
    "transient_object_count": 1,
    "object_frequency": {
      "person": 0.9333333333333333,
      "cup": 0.03333333333333333
    },
    "object_frame_counts": {
      "person": 28,
      "cup": 1
    },
    "object_first_appearance": {
      "person": 0.0,
      "cup": 13.0
    },
    "object_last_appearance": {
      "person": 29.0,
      "cup": 13.0
    },
    "objects_per_frame": [
      [
        "person"
      ],
      [
        "person"
      ],
      [
        "person"
      ],
      [
        "person"
      ],
      [
        "person"
      ],
      [],
      [],
      [
        "person"
      ],
      [
        "person"
      ],
      [
        "person"
      ],
      [
        "person"
      ],
      [
        "person"
      ],
      [
        "person"
      ],
      [
        "cup",
        "person"
      ],
      [
        "person"
      ],
      [
        "person"
      ],
      [
        "person"
      ],
      [
        "person"
      ],
      [
        "person"
      ],
      [
        "person"
      ],
      [
        "person"
      ],
      [
        "person"
      ],
      [
        "person"
      ],
      [
        "person"
      ],
      [
        "person"
      ],
      [
        "person"
      ],
      [
        "person"
      ],
      [
        "person"
      ],
      [
        "person"
      ],
      [
        "person"
      ]
    ],
    "appearances": [
      {
        "object_class": "person",
        "first_appearance": 0.0,
        "last_appearance": 29.0,
        "frame_count": 28,
        "frequency": 0.9333333333333333
      },
      {
        "object_class": "cup",
        "first_appearance": 13.0,
        "last_appearance": 13.0,
        "frame_count": 1,
        "frequency": 0.03333333333333333
      }
    ]
  },
  "atmosphere_signals": {
    "brightness_values": [
      89.9079216131285,
      99.76116445530727,
      76.88167772346368,
      71.05965869413407,
      73.74224860335195,
      42.0479530377095,
      41.90004800977653,
      45.293976955307265,
      45.30349162011173,
      44.78944221368715,
      31.450192039106145,
      28.635256634078214,
      44.71633205307263,
      21.792017283519552,
      68.8833624301676,
      71.34992580307262,
      45.010784741620114,
      44.90844972067039,
      45.34311277932961,
      44.52857018156425,
      43.707245111731844,
      52.18041201117318,
      52.514935405027934,
      52.68083100558659,
      66.71425453910615,
      43.46054469273743,
      40.80921351256983,
      68.40053683659218,
      57.845997730446925,
      58.37177461592179
    ],
    "brightness_mean": 53.79971106843575,
    "brightness_std": 17.358374504088093,
    "brightness_min": 21.792017283519552,
    "brightness_max": 99.76116445530727,
    "brightness_range": 77.96914717178771,
    "lighting_changes": [
      {
        "timestamp": 2.0,
        "frame_index": 2,
        "brightness_before": 99.76116445530727,
        "brightness_after": 76.88167772346368,
        "magnitude": 22.879486731843585
      },
      {
        "timestamp": 5.0,
        "frame_index": 5,
        "brightness_before": 73.74224860335195,
        "brightness_after": 42.0479530377095,
        "magnitude": 31.694295565642456
      },
      {
        "timestamp": 13.0,
        "frame_index": 13,
        "brightness_before": 44.71633205307263,
        "brightness_after": 21.792017283519552,
        "magnitude": 22.924314769553074
      },
      {
        "timestamp": 14.0,
        "frame_index": 14,
        "brightness_before": 21.792017283519552,
        "brightness_after": 68.8833624301676,
        "magnitude": 47.09134514664804
      },
      {
        "timestamp": 16.0,
        "frame_index": 16,
        "brightness_before": 71.34992580307262,
        "brightness_after": 45.010784741620114,
        "magnitude": 26.33914106145251
      },
      {
        "timestamp": 25.0,
        "frame_index": 25,
        "brightness_before": 66.71425453910615,
        "brightness_after": 43.46054469273743,
        "magnitude": 23.25370984636872
      },
      {
        "timestamp": 27.0,
        "frame_index": 27,
        "brightness_before": 40.80921351256983,
        "brightness_after": 68.40053683659218,
        "magnitude": 27.591323324022348
      }
    ],
    "lighting_change_count": 7,
    "setting_type": "indoor",
    "dominant_colors_rgb": [
      [
        "190",
        "155",
        "146"
      ],
      [
        "114",
        "96",
        "81"
      ],
      [
        "32",
        "53",
        "64"
      ]
    ],
    "dominant_colors": [
      "brown",
      "brown",
      "blue"
    ]
  },
  "action_signals": {
    "intensity_timeline": [
      0.0,
      0.21601558685302735,
      0.26905675888061525,
      0.12637314796447754,
      0.1148429012298584,
      0.1313110637664795,
      0.001619119644165039,
      0.08053239822387695,
      0.005636677742004394,
      0.014620112180709839,
      0.15770657539367675,
      0.2172824478149414,
      0.17953535079956054,
      0.14194663047790526,
      0.22221576690673828,
      0.12147382736206054,
      0.1583916187286377,
      0.02610851764678955,
      0.021780104637145997,
      0.14452423095703126,
      0.02922138214111328,
      0.03886035919189453,
      0.05379616737365723,
      0.054391641616821286,
      0.08362966537475586,
      0.06090792655944824,
      0.04403373718261719,
      0.1905763053894043,
      0.26791669845581056,
      0.08567498207092285
    ],
    "intensity_mean": 0.1086660567522049,
    "intensity_std": 0.07957595372633834,
    "intensity_min": 0.0,
    "intensity_max": 0.26905675888061525,
    "intensity_trend": "stable",
    "peak_moments": [
      {
        "timestamp": 2.0,
        "frame_index": 2,
        "intensity": 0.26905675888061525,
        "moment_type": "peak"
      },
      {
        "timestamp": 14.0,
        "frame_index": 14,
        "intensity": 0.22221576690673828,
        "moment_type": "peak"
      },
      {
        "timestamp": 19.0,
        "frame_index": 19,
        "intensity": 0.14452423095703126,
        "moment_type": "peak"
      },
      {
        "timestamp": 28.0,
        "frame_index": 28,
        "intensity": 0.26791669845581056,
        "moment_type": "peak"
      }
    ],
    "valley_moments": [
      {
        "timestamp": 6.0,
        "frame_index": 6,
        "intensity": 0.001619119644165039,
        "moment_type": "valley"
      },
      {
        "timestamp": 18.0,
        "frame_index": 18,
        "intensity": 0.021780104637145997,
        "moment_type": "valley"
      },
      {
        "timestamp": 20.0,
        "frame_index": 20,
        "intensity": 0.02922138214111328,
        "moment_type": "valley"
      }
    ],
    "peak_timestamps": [
      2.0,
      14.0,
      19.0,
      28.0
    ],
    "valley_timestamps": [
      6.0,
      18.0,
      20.0
    ],
    "peak_count": 4,
    "valley_count": 3,
    "action_variance": 0.006332332411456342
  },
  "temporal_signals": {
    "frame_change_scores": [
      0.0,
      0.5536661086094056,
      0.7219837612227988,
      0.417769050185536,
      0.4514770981042959,
      0.3724188442771742,
      0.013074768470064058,
      0.14810693481375037,
      0.03635963816226839,
      0.11462542291873223,
      0.7228842562720847,
      0.6565458133524156,
      0.6809209785788387,
      0.7825716593976672,
      0.8600436453215773,
      0.3904835955248682,
      0.37665683703660235,
      0.09525006229631572,
      0.07672432457419254,
      0.1325667875976344,
      0.1035060108477337,
      0.22590626493902188,
      0.2162355560010566,
      0.2466328972640126,
      0.28212322771339393,
      0.3065073903345088,
      0.1311482627321079,
      0.6641288718917184,
      0.6640585273860434,
      0.21337810414815706
    ],
    "change_score_mean": 0.35525848999913257,
    "change_score_std": 0.25684370779599186,
    "change_score_max": 0.8600436453215773,
    "temporal_gaps": [],
    "temporal_gap_count": 0,
    "temporal_gap_total_duration": 0.0,
    "transition_similarity_scores": [
      0.27801623877720116,
      0.6275811557228258,
      0.27711574372791525,
      0.3190790214211613,
      0.21742834060233285,
      0.1399563546784227,
      0.6233431629633976,
      0.7533671027359874,
      0.6934926096654912,
      0.3358711281082815
    ],
    "transition_similarity_mean": 0.4265250858403017,
    "temporal_density": 0.8620689655172413
  },
  "metadata": {
    "video_path": "/vol/videos/core/produced_digital/commercials/5yLXrWLvwAo.mp4",
    "dataset": "produced_digital/commercials",
    "tier": "produced_digital",
    "study_type": "core",
    "source_fps": 25.0,
    "experiment_version": "3.2"
  }
}