{
  "video_id": "6ovRszf3z10",
  "fps": 10.0,
  "duration": 29.900000000000002,
  "frame_count": 300,
  "scene_signals": {
    "transition_count": 1,
    "transition_timestamps": [
      9.600000000000001
    ],
    "transition_types": [
      "hard_cut"
    ],
    "transition_magnitudes": [
      315.4830792633846
    ],
    "scene_count": 2,
    "scene_durations": [
      9.600000000000001,
      20.3
    ],
    "scene_duration_mean": 14.950000000000001,
    "scene_duration_std": 5.35,
    "scene_duration_min": 9.600000000000001,
    "scene_duration_max": 20.3,
    "scene_types": [
      "unknown",
      "unknown"
    ],
    "transitions": [
      {
        "timestamp": 9.600000000000001,
        "frame_index": 96,
        "transition_type": "hard_cut",
        "magnitude": 315.4830792633846
      }
    ],
    "scenes": [
      {
        "start_time": 0.0,
        "end_time": 9.600000000000001,
        "duration": 9.600000000000001,
        "scene_type": "unknown",
        "start_frame": 0,
        "end_frame": 95
      },
      {
        "start_time": 9.600000000000001,
        "end_time": 29.900000000000002,
        "duration": 20.3,
        "scene_type": "unknown",
        "start_frame": 96,
        "end_frame": 299
      }
    ]
  },
  "character_signals": {
    "person_counts_per_frame": [
      1,
      1,
      1,
      1,
      1,
      1,
      1,
      1,
      1,
      1,
      1,
      1,
      2,
      2,
      0,
      1,
      1,
      1,
      0,
      1,
      0,
      1,
      1,
      1,
      1,
      1,
      1,
      1,
      1,
      1,
      1,
      1,
      1,
      1,
      1,
      1,
      1,
      1,
      1,
      1,
      1,
      1,
      1,
      1,
      1,
      1,
      1,
      1,
      2,
      2,
      2,
      2,
      2,
      2,
      2,
      2,
      2,
      2,
      2,
      2,
      2,
      2,
      2,
      2,
      2,
      2,
      2,
      2,
      2,
      1,
      2,
      2,
      2,
      2,
      2,
      2,
      3,
      3,
      2,
      2,
      1,
      2,
      2,
      3,
      3,
      3,
      3,
      3,
      4,
      3,
      3,
      3,
      4,
      4,
      4,
      4,
      2,
      2,
      2,
      2,
      2,
      2,
      2,
      2,
      2,
      2,
      2,
      2,
      2,
      2,
      2,
      2,
      2,
      2,
      2,
      2,
      2,
      2,
      3,
      3,
      2,
      2,
      3,
      3,
      3,
      0,
      0,
      0,
      0,
      0,
      0,
      0,
      0,
      0,
      0,
      0,
      1,
      0,
      0,
      0,
      0,
      1,
      1,
      1,
      1,
      1,
      1,
      1,
      1,
      1,
      0,
      0,
      0,
      0,
      0,
      0,
      0,
      0,
      0,
      0,
      0,
      3,
      2,
      2,
      3,
      3,
      2,
      3,
      2,
      3,
      3,
      3,
      3,
      3,
      3,
      3,
      3,
      3,
      3,
      3,
      3,
      3,
      3,
      3,
      3,
      3,
      3,
      3,
      3,
      2,
      2,
      2,
      2,
      2,
      2,
      2,
      2,
      2,
      2,
      2,
      2,
      2,
      2,
      2,
      2,
      2,
      2,
      2,
      2,
      2,
      3,
      2,
      3,
      3,
      3,
      3,
      3,
      3,
      3,
      0,
      0,
      0,
      0,
      0,
      0,
      0,
      0,
      0,
      0,
      0,
      0,
      0,
      0,
      0,
      0,
      0,
      0,
      0,
      0,
      0,
      0,
      0,
      0,
      0,
      0,
      0,
      0,
      0,
      0,
      0,
      0,
      0,
      0,
      0,
      0,
      1,
      2,
      2,
      2,
      2,
      2,
      2,
      2,
      2,
      2,
      2,
      2,
      2,
      2,
      2,
      2,
      2,
      2,
      2,
      2,
      2,
      2,
      2,
      2,
      2,
      2,
      2,
      2,
      2,
      3,
      3,
      3,
      3,
      3,
      3,
      2,
      2,
      3,
      3,
      3,
      2,
      2,
      2,
      2,
      2
    ],
    "person_count_mode": 2,
    "person_count_mean": 1.6,
    "person_count_std": 1.0708252269472673,
    "person_count_min": 0,
    "person_count_max": 4,
    "person_count_distribution": {
      "1": 56,
      "2": 118,
      "0": 65,
      "3": 56,
      "4": 5
    },
    "character_consistency": 0.3933333333333333,
    "entry_events": [
      {
        "timestamp": 1.2000000000000002,
        "frame_index": 12,
        "event_type": "entry",
        "count_before": 1,
        "count_after": 2
      },
      {
        "timestamp": 1.5,
        "frame_index": 15,
        "event_type": "entry",
        "count_before": 0,
        "count_after": 1
      },
      {
        "timestamp": 1.9000000000000001,
        "frame_index": 19,
        "event_type": "entry",
        "count_before": 0,
        "count_after": 1
      },
      {
        "timestamp": 2.1,
        "frame_index": 21,
        "event_type": "entry",
        "count_before": 0,
        "count_after": 1
      },
      {
        "timestamp": 4.800000000000001,
        "frame_index": 48,
        "event_type": "entry",
        "count_before": 1,
        "count_after": 2
      },
      {
        "timestamp": 7.0,
        "frame_index": 70,
        "event_type": "entry",
        "count_before": 1,
        "count_after": 2
      },
      {
        "timestamp": 7.6000000000000005,
        "frame_index": 76,
        "event_type": "entry",
        "count_before": 2,
        "count_after": 3
      },
      {
        "timestamp": 8.1,
        "frame_index": 81,
        "event_type": "entry",
        "count_before": 1,
        "count_after": 2
      },
      {
        "timestamp": 8.3,
        "frame_index": 83,
        "event_type": "entry",
        "count_before": 2,
        "count_after": 3
      },
      {
        "timestamp": 8.8,
        "frame_index": 88,
        "event_type": "entry",
        "count_before": 3,
        "count_after": 4
      },
      {
        "timestamp": 9.200000000000001,
        "frame_index": 92,
        "event_type": "entry",
        "count_before": 3,
        "count_after": 4
      },
      {
        "timestamp": 11.8,
        "frame_index": 118,
        "event_type": "entry",
        "count_before": 2,
        "count_after": 3
      },
      {
        "timestamp": 12.200000000000001,
        "frame_index": 122,
        "event_type": "entry",
        "count_before": 2,
        "count_after": 3
      },
      {
        "timestamp": 13.600000000000001,
        "frame_index": 136,
        "event_type": "entry",
        "count_before": 0,
        "count_after": 1
      },
      {
        "timestamp": 14.100000000000001,
        "frame_index": 141,
        "event_type": "entry",
        "count_before": 0,
        "count_after": 1
      },
      {
        "timestamp": 16.1,
        "frame_index": 161,
        "event_type": "entry",
        "count_before": 0,
        "count_after": 3
      },
      {
        "timestamp": 16.400000000000002,
        "frame_index": 164,
        "event_type": "entry",
        "count_before": 2,
        "count_after": 3
      },
      {
        "timestamp": 16.7,
        "frame_index": 167,
        "event_type": "entry",
        "count_before": 2,
        "count_after": 3
      },
      {
        "timestamp": 16.900000000000002,
        "frame_index": 169,
        "event_type": "entry",
        "count_before": 2,
        "count_after": 3
      },
      {
        "timestamp": 21.0,
        "frame_index": 210,
        "event_type": "entry",
        "count_before": 2,
        "count_after": 3
      },
      {
        "timestamp": 21.200000000000003,
        "frame_index": 212,
        "event_type": "entry",
        "count_before": 2,
        "count_after": 3
      },
      {
        "timestamp": 25.5,
        "frame_index": 255,
        "event_type": "entry",
        "count_before": 0,
        "count_after": 1
      },
      {
        "timestamp": 25.6,
        "frame_index": 256,
        "event_type": "entry",
        "count_before": 1,
        "count_after": 2
      },
      {
        "timestamp": 28.400000000000002,
        "frame_index": 284,
        "event_type": "entry",
        "count_before": 2,
        "count_after": 3
      },
      {
        "timestamp": 29.200000000000003,
        "frame_index": 292,
        "event_type": "entry",
        "count_before": 2,
        "count_after": 3
      }
    ],
    "exit_events": [
      {
        "timestamp": 1.4000000000000001,
        "frame_index": 14,
        "event_type": "exit",
        "count_before": 2,
        "count_after": 0
      },
      {
        "timestamp": 1.8,
        "frame_index": 18,
        "event_type": "exit",
        "count_before": 1,
        "count_after": 0
      },
      {
        "timestamp": 2.0,
        "frame_index": 20,
        "event_type": "exit",
        "count_before": 1,
        "count_after": 0
      },
      {
        "timestamp": 6.9,
        "frame_index": 69,
        "event_type": "exit",
        "count_before": 2,
        "count_after": 1
      },
      {
        "timestamp": 7.800000000000001,
        "frame_index": 78,
        "event_type": "exit",
        "count_before": 3,
        "count_after": 2
      },
      {
        "timestamp": 8.0,
        "frame_index": 80,
        "event_type": "exit",
        "count_before": 2,
        "count_after": 1
      },
      {
        "timestamp": 8.9,
        "frame_index": 89,
        "event_type": "exit",
        "count_before": 4,
        "count_after": 3
      },
      {
        "timestamp": 9.600000000000001,
        "frame_index": 96,
        "event_type": "exit",
        "count_before": 4,
        "count_after": 2
      },
      {
        "timestamp": 12.0,
        "frame_index": 120,
        "event_type": "exit",
        "count_before": 3,
        "count_after": 2
      },
      {
        "timestamp": 12.5,
        "frame_index": 125,
        "event_type": "exit",
        "count_before": 3,
        "count_after": 0
      },
      {
        "timestamp": 13.700000000000001,
        "frame_index": 137,
        "event_type": "exit",
        "count_before": 1,
        "count_after": 0
      },
      {
        "timestamp": 15.0,
        "frame_index": 150,
        "event_type": "exit",
        "count_before": 1,
        "count_after": 0
      },
      {
        "timestamp": 16.2,
        "frame_index": 162,
        "event_type": "exit",
        "count_before": 3,
        "count_after": 2
      },
      {
        "timestamp": 16.6,
        "frame_index": 166,
        "event_type": "exit",
        "count_before": 3,
        "count_after": 2
      },
      {
        "timestamp": 16.8,
        "frame_index": 168,
        "event_type": "exit",
        "count_before": 3,
        "count_after": 2
      },
      {
        "timestamp": 18.900000000000002,
        "frame_index": 189,
        "event_type": "exit",
        "count_before": 3,
        "count_after": 2
      },
      {
        "timestamp": 21.1,
        "frame_index": 211,
        "event_type": "exit",
        "count_before": 3,
        "count_after": 2
      },
      {
        "timestamp": 21.900000000000002,
        "frame_index": 219,
        "event_type": "exit",
        "count_before": 3,
        "count_after": 0
      },
      {
        "timestamp": 29.0,
        "frame_index": 290,
        "event_type": "exit",
        "count_before": 3,
        "count_after": 2
      },
      {
        "timestamp": 29.5,
        "frame_index": 295,
        "event_type": "exit",
        "count_before": 3,
        "count_after": 2
      }
    ],
    "entry_count": 25,
    "exit_count": 20,
    "entry_exit_total": 45,
    "entry_timestamps": [
      1.2000000000000002,
      1.5,
      1.9000000000000001,
      2.1,
      4.800000000000001,
      7.0,
      7.6000000000000005,
      8.1,
      8.3,
      8.8,
      9.200000000000001,
      11.8,
      12.200000000000001,
      13.600000000000001,
      14.100000000000001,
      16.1,
      16.400000000000002,
      16.7,
      16.900000000000002,
      21.0,
      21.200000000000003,
      25.5,
      25.6,
      28.400000000000002,
      29.200000000000003
    ],
    "exit_timestamps": [
      1.4000000000000001,
      1.8,
      2.0,
      6.9,
      7.800000000000001,
      8.0,
      8.9,
      9.600000000000001,
      12.0,
      12.5,
      13.700000000000001,
      15.0,
      16.2,
      16.6,
      16.8,
      18.900000000000002,
      21.1,
      21.900000000000002,
      29.0,
      29.5
    ]
  },
  "visual_signals": {
    "unique_objects": [
      "person",
      "cake",
      "bird"
    ],
    "unique_object_count": 3,
    "persistent_objects": [],
    "persistent_object_count": 0,
    "transient_objects": [
      "cake",
      "bird"
    ],
    "transient_object_count": 2,
    "object_frequency": {
      "person": 0.7833333333333333,
      "cake": 0.016666666666666666,
      "bird": 0.023333333333333334
    },
    "object_frame_counts": {
      "person": 235,
      "cake": 5,
      "bird": 7
    },
    "object_first_appearance": {
      "person": 0.0,
      "cake": 13.700000000000001,
      "bird": 22.400000000000002
    },
    "object_last_appearance": {
      "person": 29.900000000000002,
      "cake": 15.700000000000001,
      "bird": 25.200000000000003
    },
    "objects_per_frame": [
      [
        "person"
      ],
      [
        "person"
      ],
      [
        "person"
      ],
      [
        "person"
      ],
      [
        "person"
      ],
      [
        "person"
      ],
      [
        "person"
      ],
      [
        "person"
      ],
      [
        "person"
      ],
      [
        "person"
      ],
      [
        "person"
      ],
      [
        "person"
      ],
      [
        "person"
      ],
      [
        "person"
      ],
      [],
      [
        "person"
      ],
      [
        "person"
      ],
      [
        "person"
      ],
      [],
      [
        "person"
      ],
      [],
      [
        "person"
      ],
      [
        "person"
      ],
      [
        "person"
      ],
      [
        "person"
      ],
      [
        "person"
      ],
      [
        "person"
      ],
      [
        "person"
      ],
      [
        "person"
      ],
      [
        "person"
      ],
      [
        "person"
      ],
      [
        "person"
      ],
      [
        "person"
      ],
      [
        "person"
      ],
      [
        "person"
      ],
      [
        "person"
      ],
      [
        "person"
      ],
      [
        "person"
      ],
      [
        "person"
      ],
      [
        "person"
      ],
      [
        "person"
      ],
      [
        "person"
      ],
      [
        "person"
      ],
      [
        "person"
      ],
      [
        "person"
      ],
      [
        "person"
      ],
      [
        "person"
      ],
      [
        "person"
      ],
      [
        "person"
      ],
      [
        "person"
      ],
      [
        "person"
      ],
      [
        "person"
      ],
      [
        "person"
      ],
      [
        "person"
      ],
      [
        "person"
      ],
      [
        "person"
      ],
      [
        "person"
      ],
      [
        "person"
      ],
      [
        "person"
      ],
      [
        "person"
      ],
      [
        "person"
      ],
      [
        "person"
      ],
      [
        "person"
      ],
      [
        "person"
      ],
      [
        "person"
      ],
      [
        "person"
      ],
      [
        "person"
      ],
      [
        "person"
      ],
      [
        "person"
      ],
      [
        "person"
      ],
      [
        "person"
      ],
      [
        "person"
      ],
      [
        "person"
      ],
      [
        "person"
      ],
      [
        "person"
      ],
      [
        "person"
      ],
      [
        "person"
      ],
      [
        "person"
      ],
      [
        "person"
      ],
      [
        "person"
      ],
      [
        "person"
      ],
      [
        "person"
      ],
      [
        "person"
      ],
      [
        "person"
      ],
      [
        "person"
      ],
      [
        "person"
      ],
      [
        "person"
      ],
      [
        "person"
      ],
      [
        "person"
      ],
      [
        "person"
      ],
      [
        "person"
      ],
      [
        "person"
      ],
      [
        "person"
      ],
      [
        "person"
      ],
      [
        "person"
      ],
      [
        "person"
      ],
      [
        "person"
      ],
      [
        "person"
      ],
      [
        "person"
      ],
      [
        "person"
      ],
      [
        "person"
      ],
      [
        "person"
      ],
      [
        "person"
      ],
      [
        "person"
      ],
      [
        "person"
      ],
      [
        "person"
      ],
      [
        "person"
      ],
      [
        "person"
      ],
      [
        "person"
      ],
      [
        "person"
      ],
      [
        "person"
      ],
      [
        "person"
      ],
      [
        "person"
      ],
      [
        "person"
      ],
      [
        "person"
      ],
      [
        "person"
      ],
      [
        "person"
      ],
      [
        "person"
      ],
      [
        "person"
      ],
      [
        "person"
      ],
      [
        "person"
      ],
      [
        "person"
      ],
      [
        "person"
      ],
      [
        "person"
      ],
      [
        "person"
      ],
      [],
      [],
      [],
      [],
      [],
      [],
      [],
      [],
      [],
      [],
      [],
      [
        "person"
      ],
      [
        "cake"
      ],
      [
        "cake"
      ],
      [
        "cake"
      ],
      [],
      [
        "person"
      ],
      [
        "person"
      ],
      [
        "person"
      ],
      [
        "person"
      ],
      [
        "person"
      ],
      [
        "person"
      ],
      [
        "person"
      ],
      [
        "person"
      ],
      [
        "person"
      ],
      [
        "cake"
      ],
      [],
      [],
      [],
      [],
      [],
      [],
      [
        "cake"
      ],
      [],
      [],
      [],
      [
        "person"
      ],
      [
        "person"
      ],
      [
        "person"
      ],
      [
        "person"
      ],
      [
        "person"
      ],
      [
        "person"
      ],
      [
        "person"
      ],
      [
        "person"
      ],
      [
        "person"
      ],
      [
        "person"
      ],
      [
        "person"
      ],
      [
        "person"
      ],
      [
        "person"
      ],
      [
        "person"
      ],
      [
        "person"
      ],
      [
        "person"
      ],
      [
        "person"
      ],
      [
        "person"
      ],
      [
        "person"
      ],
      [
        "person"
      ],
      [
        "person"
      ],
      [
        "person"
      ],
      [
        "person"
      ],
      [
        "person"
      ],
      [
        "person"
      ],
      [
        "person"
      ],
      [
        "person"
      ],
      [
        "person"
      ],
      [
        "person"
      ],
      [
        "person"
      ],
      [
        "person"
      ],
      [
        "person"
      ],
      [
        "person"
      ],
      [
        "person"
      ],
      [
        "person"
      ],
      [
        "person"
      ],
      [
        "person"
      ],
      [
        "person"
      ],
      [
        "person"
      ],
      [
        "person"
      ],
      [
        "person"
      ],
      [
        "person"
      ],
      [
        "person"
      ],
      [
        "person"
      ],
      [
        "person"
      ],
      [
        "person"
      ],
      [
        "person"
      ],
      [
        "person"
      ],
      [
        "person"
      ],
      [
        "person"
      ],
      [
        "person"
      ],
      [
        "person"
      ],
      [
        "person"
      ],
      [
        "person"
      ],
      [
        "person"
      ],
      [
        "person"
      ],
      [
        "person"
      ],
      [
        "person"
      ],
      [],
      [],
      [],
      [],
      [],
      [
        "bird"
      ],
      [
        "bird"
      ],
      [],
      [
        "bird"
      ],
      [],
      [],
      [],
      [
        "bird"
      ],
      [
        "bird"
      ],
      [
        "bird"
      ],
      [],
      [],
      [],
      [],
      [],
      [],
      [],
      [],
      [],
      [],
      [],
      [],
      [],
      [],
      [],
      [],
      [],
      [],
      [
        "bird"
      ],
      [],
      [],
      [
        "person"
      ],
      [
        "person"
      ],
      [
        "person"
      ],
      [
        "person"
      ],
      [
        "person"
      ],
      [
        "person"
      ],
      [
        "person"
      ],
      [
        "person"
      ],
      [
        "person"
      ],
      [
        "person"
      ],
      [
        "person"
      ],
      [
        "person"
      ],
      [
        "person"
      ],
      [
        "person"
      ],
      [
        "person"
      ],
      [
        "person"
      ],
      [
        "person"
      ],
      [
        "person"
      ],
      [
        "person"
      ],
      [
        "person"
      ],
      [
        "person"
      ],
      [
        "person"
      ],
      [
        "person"
      ],
      [
        "person"
      ],
      [
        "person"
      ],
      [
        "person"
      ],
      [
        "person"
      ],
      [
        "person"
      ],
      [
        "person"
      ],
      [
        "person"
      ],
      [
        "person"
      ],
      [
        "person"
      ],
      [
        "person"
      ],
      [
        "person"
      ],
      [
        "person"
      ],
      [
        "person"
      ],
      [
        "person"
      ],
      [
        "person"
      ],
      [
        "person"
      ],
      [
        "person"
      ],
      [
        "person"
      ],
      [
        "person"
      ],
      [
        "person"
      ],
      [
        "person"
      ],
      [
        "person"
      ]
    ],
    "appearances": [
      {
        "object_class": "person",
        "first_appearance": 0.0,
        "last_appearance": 29.900000000000002,
        "frame_count": 235,
        "frequency": 0.7833333333333333
      },
      {
        "object_class": "cake",
        "first_appearance": 13.700000000000001,
        "last_appearance": 15.700000000000001,
        "frame_count": 5,
        "frequency": 0.016666666666666666
      },
      {
        "object_class": "bird",
        "first_appearance": 22.400000000000002,
        "last_appearance": 25.200000000000003,
        "frame_count": 7,
        "frequency": 0.023333333333333334
      }
    ]
  },
  "atmosphere_signals": {
    "brightness_values": [
      34.89580295138889,
      34.98344618055555,
      35.07571180555556,
      35.08443684895833,
      35.15708875868056,
      35.272013888888885,
      35.299350043402775,
      35.38767144097222,
      35.481806640625,
      35.50216145833333,
      35.577694227430555,
      35.64166015625,
      35.705364583333335,
      35.65237955729167,
      35.77388237847222,
      35.861643880208334,
      36.12270182291667,
      36.198480902777774,
      36.341626519097225,
      36.40535915798611,
      36.54485568576389,
      36.70200303819445,
      36.793911675347225,
      36.94549262152778,
      37.148708767361114,
      37.24637044270833,
      37.56395616319445,
      37.7673828125,
      37.923326822916664,
      37.96243923611111,
      37.97343967013889,
      37.95448025173611,
      38.025736762152775,
      38.03212131076389,
      38.01976128472222,
      38.06798068576389,
      38.093319227430555,
      38.063030598958335,
      38.10839626736111,
      38.15133680555556,
      38.086331380208335,
      38.06642252604167,
      38.08595269097222,
      38.073321397569444,
      38.162490234375,
      38.170322265625,
      38.153293185763886,
      38.137944878472226,
      38.19773654513889,
      38.233448350694445,
      38.25441623263889,
      38.1869921875,
      38.190784505208335,
      38.255001085069445,
      38.207897135416665,
      38.272495659722225,
      38.16970811631944,
      38.10030924479167,
      27.17654839409722,
      27.35657443576389,
      27.567759331597223,
      27.75551215277778,
      27.949769965277778,
      28.13132595486111,
      28.44013671875,
      28.659444444444443,
      28.942666015625,
      29.157464192708332,
      29.443322482638887,
      29.6407421875,
      30.035443793402777,
      30.272843967013888,
      30.52677517361111,
      30.658220486111112,
      30.903817274305556,
      30.995348307291668,
      31.236298828125,
      31.306761067708333,
      31.458079427083334,
      31.60763997395833,
      31.77118706597222,
      31.91134548611111,
      32.108958333333334,
      32.288096788194444,
      32.47917100694445,
      32.53586046006944,
      32.69764105902778,
      32.79353190104167,
      32.866998697916664,
      32.93193793402778,
      32.98511393229167,
      32.98559461805556,
      33.112323133680555,
      33.18177625868056,
      33.25360785590278,
      33.36725802951389,
      65.92995225694445,
      66.15670030381945,
      66.17042643229166,
      66.24568033854166,
      66.06721462673612,
      65.83755967881945,
      66.02396592881945,
      65.9171875,
      65.90106770833333,
      65.61199327256945,
      65.65684461805556,
      65.73309244791666,
      65.37061197916667,
      65.00000434027778,
      65.32438368055556,
      65.69523980034722,
      65.85701171875,
      66.10291232638889,
      65.91008355034722,
      65.38115342881945,
      64.16302300347222,
      63.633306206597226,
      63.68570855034722,
      63.580660807291665,
      63.31259982638889,
      63.068868272569446,
      63.74001519097222,
      63.967235243055555,
      64.38366861979166,
      39.00528754340278,
      39.18366427951389,
      39.30118706597222,
      38.80269856770833,
      38.82194444444445,
      38.83232638888889,
      38.703907335069445,
      38.1643359375,
      37.151462673611114,
      36.14761935763889,
      35.681004774305556,
      35.75218858506945,
      35.16801215277778,
      35.14393663194444,
      35.189658203125,
      35.03425672743055,
      34.28546440972222,
      33.93348415798611,
      33.665110677083334,
      33.035481770833336,
      33.527293836805555,
      34.37944661458334,
      34.89318250868055,
      35.55439019097222,
      35.80927734375,
      36.33153645833333,
      36.49030056423611,
      36.94125,
      36.894390190972224,
      37.439274088541666,
      37.78337890625,
      38.53664388020833,
      38.905084635416664,
      39.32855251736111,
      39.56185221354167,
      39.64905381944445,
      57.27727973090278,
      57.22809353298611,
      57.21802625868055,
      57.271234809027774,
      57.34448025173611,
      57.48756293402778,
      57.63307834201389,
      57.533121744791664,
      57.41353841145833,
      57.18052408854167,
      57.192286241319444,
      57.28643337673611,
      57.211078559027776,
      57.046427951388885,
      57.20861979166666,
      57.40631184895833,
      57.3552734375,
      57.273098958333335,
      56.981334635416665,
      56.54143771701389,
      56.38912326388889,
      56.12689344618055,
      56.084156901041666,
      56.09686089409722,
      56.15252387152778,
      56.49721571180555,
      56.370660807291664,
      56.25620985243056,
      56.045330946180556,
      56.129627821180556,
      55.93499565972222,
      55.523891059027775,
      55.23821072048611,
      55.424977213541666,
      55.471950954861114,
      55.727763671875,
      55.88004231770833,
      56.072849392361114,
      56.14894748263889,
      56.21100802951389,
      55.97653211805556,
      55.74201171875,
      55.62402235243056,
      55.39736870659722,
      55.09071614583333,
      55.39775173611111,
      55.555935329861114,
      55.81188368055555,
      55.90929361979167,
      55.846708984375,
      55.80945421006945,
      55.91944010416667,
      56.036463758680554,
      56.53413411458333,
      56.844691840277775,
      57.31677191840278,
      57.582265625,
      57.59886067708333,
      42.582138671875,
      42.847813585069446,
      43.04541883680555,
      43.220479600694446,
      43.37236762152778,
      43.56279188368055,
      43.70627604166667,
      43.83242947048611,
      43.885361328125,
      44.008633897569446,
      44.153934461805555,
      44.45531467013889,
      44.59625108506945,
      44.74181315104167,
      44.80751085069444,
      45.07325086805555,
      45.20547309027778,
      45.41635850694445,
      45.36359266493056,
      45.58427191840278,
      45.7665625,
      45.95310763888889,
      46.10247829861111,
      46.192478298611114,
      46.28745876736111,
      46.43158637152778,
      46.472484809027776,
      46.67038736979167,
      46.79510416666667,
      46.888677300347226,
      46.88134874131944,
      46.988857421875,
      47.03660590277778,
      47.17502712673611,
      46.92531575520833,
      47.04911566840278,
      58.085521918402776,
      58.103794487847225,
      58.00990234375,
      57.723292100694444,
      57.45888020833333,
      57.01111870659722,
      56.93676106770833,
      56.75498155381945,
      56.98694118923611,
      56.749256727430556,
      56.69728298611111,
      56.852276475694445,
      56.73977105034722,
      56.957317708333335,
      56.73498046875,
      56.99108181423611,
      56.94393988715278,
      57.02940212673611,
      56.868427734375,
      56.49214735243056,
      56.54447808159722,
      56.68540690104167,
      56.71220594618055,
      56.898646918402775,
      57.23042100694445,
      57.89054144965278,
      58.064935980902774,
      58.50882703993056,
      58.99749240451389,
      42.607001953125,
      42.62976671006945,
      42.86234157986111,
      43.11219509548611,
      43.202901475694446,
      43.216748046875,
      43.70768663194445,
      43.968311631944445,
      44.42466688368056,
      44.75897677951389,
      45.393696831597225,
      45.961328125,
      46.56993272569444,
      46.85716254340278,
      47.454661458333334,
      47.781504991319444
    ],
    "brightness_mean": 46.04858664641204,
    "brightness_std": 11.202409325824554,
    "brightness_min": 27.17654839409722,
    "brightness_max": 66.24568033854166,
    "brightness_range": 39.069131944444436,
    "lighting_changes": [
      {
        "timestamp": 9.600000000000001,
        "frame_index": 96,
        "brightness_before": 33.36725802951389,
        "brightness_after": 65.92995225694445,
        "magnitude": 32.562694227430555
      },
      {
        "timestamp": 12.5,
        "frame_index": 125,
        "brightness_before": 64.38366861979166,
        "brightness_after": 39.00528754340278,
        "magnitude": 25.378381076388884
      }
    ],
    "lighting_change_count": 2,
    "setting_type": "indoor",
    "dominant_colors_rgb": [
      [
        "116",
        "84",
        "51"
      ],
      [
        "33",
        "18",
        "7"
      ],
      [
        "205",
        "174",
        "137"
      ]
    ],
    "dominant_colors": [
      "brown",
      "black",
      "red"
    ]
  },
  "action_signals": {
    "intensity_timeline": [
      0.0,
      0.002624143958091736,
      0.0034949639439582824,
      0.002583337128162384,
      0.0033863922953605652,
      0.0035712915658950807,
      0.003642502725124359,
      0.002757464051246643,
      0.003528717756271362,
      0.0027784404158592226,
      0.004125227928161621,
      0.0028623375296592713,
      0.004274353682994843,
      0.0024624487757682802,
      0.004803735911846161,
      0.003261488378047943,
      0.006762681603431702,
      0.003568686842918396,
      0.004893761277198792,
      0.0036312374472618103,
      0.004630035161972046,
      0.004450541138648987,
      0.005380832552909851,
      0.003966991901397705,
      0.005398004651069641,
      0.005020517706871033,
      0.007154279351234436,
      0.004228805005550384,
      0.006023508906364441,
      0.0036532697081565857,
      0.005629552006721497,
      0.0030927786231040953,
      0.007066425085067749,
      0.003637852072715759,
      0.00485843688249588,
      0.0033529278635978698,
      0.003973625004291535,
      0.00352389395236969,
      0.0048325321078300475,
      0.0032845181226730347,
      0.0037832033634185793,
      0.002833101749420166,
      0.0046231868863105775,
      0.0031826195120811464,
      0.00437962293624878,
      0.0027687695622444154,
      0.004519233405590057,
      0.0025530999898910525,
      0.00734673798084259,
      0.003638775050640106,
      0.004222747087478638,
      0.003565332591533661,
      0.004004762172698974,
      0.003860756754875183,
      0.004838924705982208,
      0.003914598226547241,
      0.0046544337272644044,
      0.0022706028819084166,
      0.13619004249572753,
      0.0047278466820716855,
      0.0077500826120376586,
      0.004507724046707153,
      0.006564794778823852,
      0.004683014154434204,
      0.007930812835693359,
      0.004672659635543823,
      0.006815564036369324,
      0.004613119959831238,
      0.006293968558311463,
      0.004986605942249298,
      0.006984849572181702,
      0.004539622962474823,
      0.006466351747512818,
      0.0045612847805023195,
      0.0069035768508911135,
      0.004954364597797394,
      0.006920576095581055,
      0.0042465895414352415,
      0.007629538178443909,
      0.004862959682941437,
      0.008818783164024353,
      0.005074141025543213,
      0.007739850282669067,
      0.0053970831632614135,
      0.007166672348976135,
      0.00526278555393219,
      0.007896109819412231,
      0.00504393458366394,
      0.007711693048477173,
      0.005287071466445923,
      0.008295857906341552,
      0.00513877272605896,
      0.0073339945077896115,
      0.00483531266450882,
      0.00817218840122223,
      0.005156043767929077,
      0.17774442672729493,
      0.022332293987274168,
      0.03526342391967773,
      0.025162374973297118,
      0.032557826042175296,
      0.020909249782562256,
      0.03365776538848877,
      0.021849241256713867,
      0.030824170112609864,
      0.017374112606048583,
      0.03413973331451416,
      0.022657909393310548,
      0.03381582260131836,
      0.020687763690948487,
      0.0325124979019165,
      0.024229762554168702,
      0.03241771459579468,
      0.024656314849853516,
      0.03743378639221191,
      0.020866782665252687,
      0.03473177671432495,
      0.024131782054901123,
      0.033755431175231936,
      0.02272716283798218,
      0.0277901554107666,
      0.020459580421447753,
      0.036504206657409666,
      0.020225520133972167,
      0.03220952033996582,
      0.20735929489135743,
      0.018085182905197145,
      0.013133913278579712,
      0.021451890468597412,
      0.014786885976791382,
      0.025996849536895753,
      0.016069663763046263,
      0.024266631603240968,
      0.018334499597549438,
      0.026445858478546143,
      0.022501320838928224,
      0.027787356376647948,
      0.017057968378067015,
      0.026735718250274657,
      0.01968479633331299,
      0.028929958343505858,
      0.01882240653038025,
      0.02723095417022705,
      0.019953631162643433,
      0.03066321611404419,
      0.024217681884765627,
      0.03886329412460327,
      0.02308424711227417,
      0.034633901119232174,
      0.030021631717681886,
      0.04368098258972168,
      0.025993943214416504,
      0.04085432052612305,
      0.029984428882598876,
      0.052157201766967774,
      0.031049859523773194,
      0.05633608818054199,
      0.04112135887145996,
      0.05478050708770752,
      0.03551101922988892,
      0.05267842292785645,
      0.15027622222900391,
      0.006076556444168091,
      0.005650904774665832,
      0.0049261674284935,
      0.002399856746196747,
      0.004846127033233643,
      0.004248276054859161,
      0.005175808668136597,
      0.004184427857398987,
      0.005602614879608154,
      0.005975745320320129,
      0.00863883137702942,
      0.006918752193450927,
      0.010566771030426025,
      0.008732879757881165,
      0.012766627073287963,
      0.008616658449172974,
      0.01108052372932434,
      0.00912799596786499,
      0.011667927503585815,
      0.007941859364509583,
      0.012235527038574218,
      0.007389705181121826,
      0.012482510805130005,
      0.013629056215286255,
      0.01536713719367981,
      0.009940341114997864,
      0.01352088212966919,
      0.009199293851852417,
      0.015230718851089477,
      0.011167788505554199,
      0.014873398542404175,
      0.012364145517349243,
      0.013873469829559327,
      0.009121698141098023,
      0.016519715785980226,
      0.00921358823776245,
      0.014139643907546996,
      0.011243376731872558,
      0.018395217657089232,
      0.010490556955337524,
      0.020250110626220702,
      0.011618447303771973,
      0.01697123169898987,
      0.011112135648727418,
      0.01901965856552124,
      0.01074428915977478,
      0.020190796852111816,
      0.01686626434326172,
      0.023166110515594484,
      0.018382723331451415,
      0.03230703353881836,
      0.01966992497444153,
      0.031408455371856686,
      0.027818546295166016,
      0.032000291347503665,
      0.020300135612487794,
      0.03146370887756347,
      0.18141386032104492,
      0.020522332191467284,
      0.014826148748397827,
      0.018924539089202882,
      0.012918834686279296,
      0.019820839166641235,
      0.013147773742675782,
      0.020263123512268066,
      0.012300050258636475,
      0.01891923904418945,
      0.013689305782318115,
      0.019909734725952147,
      0.013173773288726806,
      0.02002103328704834,
      0.013242712020874023,
      0.020152173042297362,
      0.013802955150604248,
      0.019272444248199464,
      0.013674008846282958,
      0.021214241981506347,
      0.014121085405349731,
      0.02098517656326294,
      0.01413768768310547,
      0.022420947551727296,
      0.015284892320632935,
      0.021606855392456055,
      0.013909783363342285,
      0.02160257339477539,
      0.014411755800247193,
      0.02130484104156494,
      0.012870111465454102,
      0.02292555809020996,
      0.015369361639022827,
      0.021354818344116212,
      0.016001814603805543,
      0.019848874807357787,
      0.14114298820495605,
      0.04209052085876465,
      0.03219949722290039,
      0.04360795497894287,
      0.031040606498718263,
      0.04970751762390137,
      0.0313044810295105,
      0.047369952201843264,
      0.03020024299621582,
      0.042644801139831545,
      0.03188342809677124,
      0.05117491245269776,
      0.03055269718170166,
      0.04631675720214844,
      0.028166091442108153,
      0.04767876625061035,
      0.03389679431915283,
      0.044293599128723146,
      0.032851779460906984,
      0.05160172462463379,
      0.035193371772766116,
      0.04624717235565186,
      0.03242506265640259,
      0.05274954795837403,
      0.035891273021698,
      0.05379151821136475,
      0.03778746366500854,
      0.051528396606445315,
      0.03548428058624267,
      0.16058439254760742,
      0.012983413934707642,
      0.01736150503158569,
      0.012358171939849854,
      0.018588474988937377,
      0.01387628674507141,
      0.020495483875274657,
      0.014383490085601807,
      0.02066920518875122,
      0.014934853315353394,
      0.024263710975646974,
      0.0174217164516449,
      0.022863924503326416,
      0.01627651333808899,
      0.028160347938537597,
      0.020703792572021484
    ],
    "intensity_mean": 0.020647957339882853,
    "intensity_std": 0.026045766964411816,
    "intensity_min": 0.0,
    "intensity_max": 0.20735929489135743,
    "intensity_trend": "stable",
    "peak_moments": [
      {
        "timestamp": 5.800000000000001,
        "frame_index": 58,
        "intensity": 0.13619004249572753,
        "moment_type": "peak"
      },
      {
        "timestamp": 9.600000000000001,
        "frame_index": 96,
        "intensity": 0.17774442672729493,
        "moment_type": "peak"
      },
      {
        "timestamp": 12.5,
        "frame_index": 125,
        "intensity": 0.20735929489135743,
        "moment_type": "peak"
      },
      {
        "timestamp": 16.1,
        "frame_index": 161,
        "intensity": 0.15027622222900391,
        "moment_type": "peak"
      },
      {
        "timestamp": 21.900000000000002,
        "frame_index": 219,
        "intensity": 0.18141386032104492,
        "moment_type": "peak"
      },
      {
        "timestamp": 25.5,
        "frame_index": 255,
        "intensity": 0.14114298820495605,
        "moment_type": "peak"
      },
      {
        "timestamp": 28.400000000000002,
        "frame_index": 284,
        "intensity": 0.16058439254760742,
        "moment_type": "peak"
      }
    ],
    "valley_moments": [
      {
        "timestamp": 7.7,
        "frame_index": 77,
        "intensity": 0.0042465895414352415,
        "moment_type": "valley"
      },
      {
        "timestamp": 10.5,
        "frame_index": 105,
        "intensity": 0.017374112606048583,
        "moment_type": "valley"
      },
      {
        "timestamp": 12.700000000000001,
        "frame_index": 127,
        "intensity": 0.013133913278579712,
        "moment_type": "valley"
      },
      {
        "timestamp": 16.5,
        "frame_index": 165,
        "intensity": 0.002399856746196747,
        "moment_type": "valley"
      },
      {
        "timestamp": 22.700000000000003,
        "frame_index": 227,
        "intensity": 0.012300050258636475,
        "moment_type": "valley"
      },
      {
        "timestamp": 26.900000000000002,
        "frame_index": 269,
        "intensity": 0.028166091442108153,
        "moment_type": "valley"
      }
    ],
    "peak_timestamps": [
      5.800000000000001,
      9.600000000000001,
      12.5,
      16.1,
      21.900000000000002,
      25.5,
      28.400000000000002
    ],
    "valley_timestamps": [
      7.7,
      10.5,
      12.700000000000001,
      16.5,
      22.700000000000003,
      26.900000000000002
    ],
    "peak_count": 7,
    "valley_count": 6,
    "action_variance": 0.000678381976764446
  },
  "temporal_signals": {
    "frame_change_scores": [
      0.0,
      0.017450361836179873,
      0.03126354586317792,
      0.018399107904670475,
      0.029756387494122127,
      0.020664471843870436,
      0.03481471686783266,
      0.020803631286250623,
      0.032893203938444304,
      0.02002214694019766,
      0.03673899181766682,
      0.019430064119362767,
      0.037202725367034506,
      0.019520511774723914,
      0.04364962890994284,
      0.02247080209766328,
      0.05398751043373795,
      0.02423304794823633,
      0.04023266704421724,
      0.025511318344195844,
      0.04249241284919225,
      0.026411294780490535,
      0.046276336667107176,
      0.02969033834939494,
      0.0457298320378029,
      0.026005115600244322,
      0.04231104884967496,
      0.027524128363393907,
      0.03452090615303782,
      0.017409566992853787,
      0.031094436591382113,
      0.015705384704524206,
      0.037316985498121125,
      0.017587728348415044,
      0.024877361014640442,
      0.014656207366754659,
      0.019052381379874195,
      0.015971426399893573,
      0.024808272956269417,
      0.016473019172074777,
      0.020098347547123918,
      0.012216477947093352,
      0.025460475500531876,
      0.016313129534332282,
      0.023713005365213147,
      0.013526529308076296,
      0.026529563276033175,
      0.010596293807253132,
      0.04483224823186871,
      0.01959042070849104,
      0.026007353291259805,
      0.015296594959714693,
      0.024306936818090263,
      0.01567237501451524,
      0.026525367888788898,
      0.01814740544477833,
      0.02597163264322755,
      0.01160254130548366,
      0.7795030563149505,
      0.012681173933740908,
      0.028106500862834283,
      0.013826041869624661,
      0.02171026217421801,
      0.012617464731744965,
      0.028211460386764586,
      0.013497523354288665,
      0.024519683072341092,
      0.01381288128437419,
      0.01981292671513335,
      0.013951988749258737,
      0.028481111518865676,
      0.013909554898824061,
      0.023047581220642654,
      0.010858416797628778,
      0.026060914852336636,
      0.012374793255116368,
      0.027923470839192444,
      0.010463363168791151,
      0.026892440364495007,
      0.013010753435081623,
      0.03174226113525058,
      0.014078394979666342,
      0.023513988487393278,
      0.014933324895959998,
      0.020605143408042315,
      0.013140271193548325,
      0.025867224259537136,
      0.011223482465760437,
      0.022112062935953025,
      0.010490478556639093,
      0.026467410621848653,
      0.011400962343083965,
      0.022053272034266658,
      0.00967983596867561,
      0.021695884155983114,
      0.011749559583857705,
      0.8586371176570807,
      0.10004162243549675,
      0.18176916862581483,
      0.1140882472886966,
      0.17041941879624656,
      0.09678153153264157,
      0.17464874305070266,
      0.10156715700812513,
      0.15427091544346538,
      0.08231624625417311,
      0.16938117669406472,
      0.10619658612084104,
      0.15658126951845575,
      0.10463069171693273,
      0.16940643150636692,
      0.12505025609453957,
      0.1582735979358607,
      0.11016027386639393,
      0.1867963817095244,
      0.1160407232438716,
      0.16413523101569472,
      0.1006259220382707,
      0.1580966502933977,
      0.11366772638760436,
      0.14077672063627722,
      0.09031770457274257,
      0.16615606600360155,
      0.09587109175287478,
      0.14441417163830295,
      0.6767330894510444,
      0.08034499580802468,
      0.05481174000655731,
      0.09981426361075385,
      0.06760040987255467,
      0.10677169981592916,
      0.07357172563384551,
      0.105111619689917,
      0.07658340900898886,
      0.11787648279337826,
      0.08690836070001129,
      0.1286197193420674,
      0.09276964243458308,
      0.14576267975811286,
      0.09959556723070828,
      0.15478609081503714,
      0.10407970638515507,
      0.1532217801923179,
      0.10478116837835993,
      0.16151434360351813,
      0.12047795389687477,
      0.1814556272481327,
      0.12645017190274033,
      0.19349358399197158,
      0.14237813890452355,
      0.21001080683578588,
      0.1473098574715258,
      0.21894727916432444,
      0.15415649363217643,
      0.22132317176896577,
      0.16548208088285532,
      0.25458057980072835,
      0.17752802658022004,
      0.29496710957232675,
      0.21716437802536737,
      0.3079491871770902,
      0.7752467196925066,
      0.0198352296400911,
      0.019115121331531815,
      0.02601625034817523,
      0.008947583593416741,
      0.019764551674582687,
      0.015463793525715697,
      0.02232710982878483,
      0.016775701143758925,
      0.022226461552000698,
      0.017559603556100534,
      0.0396058503083927,
      0.026031394303262734,
      0.04224590896273028,
      0.024768498673067296,
      0.051155478709090874,
      0.03019790545057388,
      0.04167250433905656,
      0.027288506214355968,
      0.0415587170394458,
      0.02823844829914468,
      0.052327346722301105,
      0.026886946970270276,
      0.04605303056755261,
      0.034977192785914824,
      0.06693640999391082,
      0.03905148460494656,
      0.05903193153529451,
      0.02970972252853088,
      0.0608944999657709,
      0.03820914296731959,
      0.0606059137605941,
      0.033839596835914865,
      0.05433845448105945,
      0.030868486394512562,
      0.06025955733934152,
      0.03015449047615304,
      0.06651463891415488,
      0.044448370983317,
      0.07515932648799528,
      0.04290817277979819,
      0.08198224852330183,
      0.048768611459204525,
      0.07767997056865272,
      0.05270027410348033,
      0.0834546592168266,
      0.048468857317182756,
      0.08940827384629568,
      0.06998834188239145,
      0.11377293286239065,
      0.08305787671338494,
      0.13726096464846538,
      0.08774866127043013,
      0.14375094432001745,
      0.09990518443542817,
      0.1382930797124955,
      0.09172563763424191,
      0.1404486079725853,
      0.7490389679700225,
      0.11390144497752208,
      0.07157068459328442,
      0.10599725709509833,
      0.06284082783402456,
      0.11980600137934161,
      0.06563120631765984,
      0.11171918453285157,
      0.06283967470212937,
      0.11169785754081352,
      0.06599849127483015,
      0.11087990503560596,
      0.06438985971723454,
      0.11481843821669158,
      0.06430512283039536,
      0.11463884122550094,
      0.06862123058507574,
      0.10709774279601081,
      0.0646455222860246,
      0.12062133101419525,
      0.07041707438874945,
      0.1243668907168628,
      0.07116550876969463,
      0.12958733181975957,
      0.0756981671045045,
      0.12102014026445174,
      0.06814942040850425,
      0.11907717914727667,
      0.06983982248233456,
      0.11975582667523277,
      0.056841832406679726,
      0.11697696860342865,
      0.07059102256117944,
      0.11817446671485088,
      0.06833236454112013,
      0.10690398847954008,
      0.7585965004135008,
      0.1717575094767677,
      0.12095442423635605,
      0.17128035060034486,
      0.11559164569319014,
      0.18386304051335212,
      0.11894338947918492,
      0.1851806102216471,
      0.1277212828836426,
      0.1849516824019647,
      0.12911569576356519,
      0.2047559822875008,
      0.12186070397223703,
      0.202037411779727,
      0.11943777958241153,
      0.19442459130797118,
      0.1302881890061982,
      0.1977959997564469,
      0.1303226013901655,
      0.20866172821920315,
      0.14564249864120837,
      0.19723681219054212,
      0.1332514637258464,
      0.22731140115752113,
      0.15135807142649416,
      0.2265956353560179,
      0.13948658433304195,
      0.22329830181728816,
      0.1336344486415585,
      0.7178317763827419,
      0.07168730642283683,
      0.10943619891001999,
      0.0677470240736362,
      0.10345427664897511,
      0.0768677565068242,
      0.11736725384833446,
      0.07748633983982489,
      0.1260934355918314,
      0.08369155980452592,
      0.14249894243870975,
      0.10516535581155129,
      0.13436754364492054,
      0.09571979226966487,
      0.15888480061944732,
      0.12622180418683493
    ],
    "change_score_mean": 0.09629636903200023,
    "change_score_std": 0.11944619226726731,
    "change_score_max": 0.8586371176570807,
    "temporal_gaps": [],
    "temporal_gap_count": 0,
    "temporal_gap_total_duration": 0.0,
    "transition_similarity_scores": [
      0.14136288234291927
    ],
    "transition_similarity_mean": 0.14136288234291927,
    "temporal_density": 3.913043478260869
  },
  "metadata": {
    "video_path": "/vol/videos/core/produced_digital/commercials/6ovRszf3z10.mp4",
    "dataset": "produced_digital/commercials",
    "tier": "produced_digital",
    "study_type": "core",
    "source_fps": 25.0,
    "source_width": 1280,
    "source_height": 720,
    "experiment_version": "3.3",
    "batch": "1-retry",
    "retry_id": "20251226_182920"
  }
}