{
  "video_id": "7LtjzQaFZ3k",
  "fps": 5.0,
  "duration": 29.8,
  "frame_count": 150,
  "scene_signals": {
    "transition_count": 2,
    "transition_timestamps": [
      13.200000000000001,
      14.200000000000001
    ],
    "transition_types": [
      "soft_cut",
      "soft_cut"
    ],
    "transition_magnitudes": [
      69.84808832256749,
      36.46660466010023
    ],
    "scene_count": 3,
    "scene_durations": [
      13.200000000000001,
      1.0,
      15.6
    ],
    "scene_duration_mean": 9.933333333333334,
    "scene_duration_std": 6.392356546862997,
    "scene_duration_min": 1.0,
    "scene_duration_max": 15.6,
    "scene_types": [
      "unknown",
      "unknown",
      "unknown"
    ],
    "transitions": [
      {
        "timestamp": 13.200000000000001,
        "frame_index": 66,
        "transition_type": "soft_cut",
        "magnitude": 69.84808832256749
      },
      {
        "timestamp": 14.200000000000001,
        "frame_index": 71,
        "transition_type": "soft_cut",
        "magnitude": 36.46660466010023
      }
    ],
    "scenes": [
      {
        "start_time": 0.0,
        "end_time": 13.200000000000001,
        "duration": 13.200000000000001,
        "scene_type": "unknown",
        "start_frame": 0,
        "end_frame": 65
      },
      {
        "start_time": 13.200000000000001,
        "end_time": 14.200000000000001,
        "duration": 1.0,
        "scene_type": "unknown",
        "start_frame": 66,
        "end_frame": 70
      },
      {
        "start_time": 14.200000000000001,
        "end_time": 29.8,
        "duration": 15.6,
        "scene_type": "unknown",
        "start_frame": 71,
        "end_frame": 149
      }
    ]
  },
  "character_signals": {
    "person_counts_per_frame": [
      2,
      2,
      2,
      2,
      1,
      3,
      3,
      3,
      3,
      3,
      3,
      3,
      3,
      2,
      3,
      4,
      4,
      4,
      4,
      4,
      4,
      4,
      4,
      4,
      4,
      4,
      4,
      4,
      4,
      2,
      2,
      2,
      2,
      3,
      3,
      4,
      4,
      3,
      4,
      4,
      5,
      5,
      4,
      5,
      4,
      3,
      1,
      1,
      1,
      1,
      1,
      1,
      1,
      1,
      1,
      1,
      1,
      1,
      1,
      1,
      1,
      1,
      1,
      1,
      1,
      1,
      4,
      4,
      4,
      4,
      3,
      4,
      4,
      3,
      4,
      5,
      5,
      5,
      5,
      5,
      4,
      4,
      4,
      4,
      4,
      4,
      5,
      4,
      4,
      4,
      5,
      5,
      5,
      5,
      5,
      5,
      4,
      4,
      3,
      3,
      3,
      3,
      3,
      4,
      4,
      4,
      4,
      3,
      3,
      3,
      3,
      4,
      4,
      2,
      2,
      2,
      2,
      2,
      2,
      2,
      2,
      2,
      2,
      2,
      2,
      3,
      3,
      3,
      3,
      3,
      4,
      3,
      3,
      3,
      3,
      3,
      3,
      3,
      3,
      3,
      3,
      3,
      3,
      3,
      3,
      3,
      3,
      3,
      3,
      3
    ],
    "person_count_mode": 3,
    "person_count_mean": 3.08,
    "person_count_std": 1.1805083650698964,
    "person_count_min": 1,
    "person_count_max": 5,
    "person_count_distribution": {
      "2": 21,
      "1": 21,
      "3": 48,
      "4": 45,
      "5": 15
    },
    "character_consistency": 0.32,
    "entry_events": [
      {
        "timestamp": 1.0,
        "frame_index": 5,
        "event_type": "entry",
        "count_before": 1,
        "count_after": 3
      },
      {
        "timestamp": 2.8000000000000003,
        "frame_index": 14,
        "event_type": "entry",
        "count_before": 2,
        "count_after": 3
      },
      {
        "timestamp": 3.0,
        "frame_index": 15,
        "event_type": "entry",
        "count_before": 3,
        "count_after": 4
      },
      {
        "timestamp": 6.6000000000000005,
        "frame_index": 33,
        "event_type": "entry",
        "count_before": 2,
        "count_after": 3
      },
      {
        "timestamp": 7.0,
        "frame_index": 35,
        "event_type": "entry",
        "count_before": 3,
        "count_after": 4
      },
      {
        "timestamp": 7.6000000000000005,
        "frame_index": 38,
        "event_type": "entry",
        "count_before": 3,
        "count_after": 4
      },
      {
        "timestamp": 8.0,
        "frame_index": 40,
        "event_type": "entry",
        "count_before": 4,
        "count_after": 5
      },
      {
        "timestamp": 8.6,
        "frame_index": 43,
        "event_type": "entry",
        "count_before": 4,
        "count_after": 5
      },
      {
        "timestamp": 13.200000000000001,
        "frame_index": 66,
        "event_type": "entry",
        "count_before": 1,
        "count_after": 4
      },
      {
        "timestamp": 14.200000000000001,
        "frame_index": 71,
        "event_type": "entry",
        "count_before": 3,
        "count_after": 4
      },
      {
        "timestamp": 14.8,
        "frame_index": 74,
        "event_type": "entry",
        "count_before": 3,
        "count_after": 4
      },
      {
        "timestamp": 15.0,
        "frame_index": 75,
        "event_type": "entry",
        "count_before": 4,
        "count_after": 5
      },
      {
        "timestamp": 17.2,
        "frame_index": 86,
        "event_type": "entry",
        "count_before": 4,
        "count_after": 5
      },
      {
        "timestamp": 18.0,
        "frame_index": 90,
        "event_type": "entry",
        "count_before": 4,
        "count_after": 5
      },
      {
        "timestamp": 20.6,
        "frame_index": 103,
        "event_type": "entry",
        "count_before": 3,
        "count_after": 4
      },
      {
        "timestamp": 22.200000000000003,
        "frame_index": 111,
        "event_type": "entry",
        "count_before": 3,
        "count_after": 4
      },
      {
        "timestamp": 25.0,
        "frame_index": 125,
        "event_type": "entry",
        "count_before": 2,
        "count_after": 3
      },
      {
        "timestamp": 26.0,
        "frame_index": 130,
        "event_type": "entry",
        "count_before": 3,
        "count_after": 4
      }
    ],
    "exit_events": [
      {
        "timestamp": 0.8,
        "frame_index": 4,
        "event_type": "exit",
        "count_before": 2,
        "count_after": 1
      },
      {
        "timestamp": 2.6,
        "frame_index": 13,
        "event_type": "exit",
        "count_before": 3,
        "count_after": 2
      },
      {
        "timestamp": 5.800000000000001,
        "frame_index": 29,
        "event_type": "exit",
        "count_before": 4,
        "count_after": 2
      },
      {
        "timestamp": 7.4,
        "frame_index": 37,
        "event_type": "exit",
        "count_before": 4,
        "count_after": 3
      },
      {
        "timestamp": 8.4,
        "frame_index": 42,
        "event_type": "exit",
        "count_before": 5,
        "count_after": 4
      },
      {
        "timestamp": 8.8,
        "frame_index": 44,
        "event_type": "exit",
        "count_before": 5,
        "count_after": 4
      },
      {
        "timestamp": 9.0,
        "frame_index": 45,
        "event_type": "exit",
        "count_before": 4,
        "count_after": 3
      },
      {
        "timestamp": 9.200000000000001,
        "frame_index": 46,
        "event_type": "exit",
        "count_before": 3,
        "count_after": 1
      },
      {
        "timestamp": 14.0,
        "frame_index": 70,
        "event_type": "exit",
        "count_before": 4,
        "count_after": 3
      },
      {
        "timestamp": 14.600000000000001,
        "frame_index": 73,
        "event_type": "exit",
        "count_before": 4,
        "count_after": 3
      },
      {
        "timestamp": 16.0,
        "frame_index": 80,
        "event_type": "exit",
        "count_before": 5,
        "count_after": 4
      },
      {
        "timestamp": 17.400000000000002,
        "frame_index": 87,
        "event_type": "exit",
        "count_before": 5,
        "count_after": 4
      },
      {
        "timestamp": 19.200000000000003,
        "frame_index": 96,
        "event_type": "exit",
        "count_before": 5,
        "count_after": 4
      },
      {
        "timestamp": 19.6,
        "frame_index": 98,
        "event_type": "exit",
        "count_before": 4,
        "count_after": 3
      },
      {
        "timestamp": 21.400000000000002,
        "frame_index": 107,
        "event_type": "exit",
        "count_before": 4,
        "count_after": 3
      },
      {
        "timestamp": 22.6,
        "frame_index": 113,
        "event_type": "exit",
        "count_before": 4,
        "count_after": 2
      },
      {
        "timestamp": 26.200000000000003,
        "frame_index": 131,
        "event_type": "exit",
        "count_before": 4,
        "count_after": 3
      }
    ],
    "entry_count": 18,
    "exit_count": 17,
    "entry_exit_total": 35,
    "entry_timestamps": [
      1.0,
      2.8000000000000003,
      3.0,
      6.6000000000000005,
      7.0,
      7.6000000000000005,
      8.0,
      8.6,
      13.200000000000001,
      14.200000000000001,
      14.8,
      15.0,
      17.2,
      18.0,
      20.6,
      22.200000000000003,
      25.0,
      26.0
    ],
    "exit_timestamps": [
      0.8,
      2.6,
      5.800000000000001,
      7.4,
      8.4,
      8.8,
      9.0,
      9.200000000000001,
      14.0,
      14.600000000000001,
      16.0,
      17.400000000000002,
      19.200000000000003,
      19.6,
      21.400000000000002,
      22.6,
      26.200000000000003
    ]
  },
  "visual_signals": {
    "unique_objects": [
      "tie",
      "person",
      "potted plant",
      "cup",
      "dog",
      "elephant",
      "cow",
      "horse",
      "chair",
      "laptop",
      "teddy bear",
      "bear",
      "sports ball"
    ],
    "unique_object_count": 13,
    "persistent_objects": [
      "person"
    ],
    "persistent_object_count": 1,
    "transient_objects": [
      "cup",
      "dog",
      "elephant",
      "cow",
      "teddy bear",
      "bear",
      "sports ball"
    ],
    "transient_object_count": 7,
    "object_frequency": {
      "tie": 0.22,
      "person": 1.0,
      "potted plant": 0.47333333333333333,
      "cup": 0.04666666666666667,
      "dog": 0.06,
      "elephant": 0.013333333333333334,
      "cow": 0.09333333333333334,
      "horse": 0.25333333333333335,
      "chair": 0.29333333333333333,
      "laptop": 0.23333333333333334,
      "teddy bear": 0.013333333333333334,
      "bear": 0.006666666666666667,
      "sports ball": 0.02
    },
    "object_frame_counts": {
      "tie": 33,
      "person": 150,
      "potted plant": 71,
      "cup": 7,
      "dog": 9,
      "elephant": 2,
      "cow": 14,
      "horse": 38,
      "chair": 44,
      "laptop": 35,
      "teddy bear": 2,
      "bear": 1,
      "sports ball": 3
    },
    "object_first_appearance": {
      "tie": 0.0,
      "person": 0.0,
      "potted plant": 0.0,
      "cup": 1.4000000000000001,
      "dog": 3.2,
      "elephant": 3.4000000000000004,
      "cow": 4.0,
      "horse": 4.6000000000000005,
      "chair": 6.0,
      "laptop": 7.0,
      "teddy bear": 11.0,
      "bear": 13.200000000000001,
      "sports ball": 22.6
    },
    "object_last_appearance": {
      "tie": 24.200000000000003,
      "person": 29.8,
      "potted plant": 29.8,
      "cup": 2.6,
      "dog": 29.0,
      "elephant": 14.200000000000001,
      "cow": 26.200000000000003,
      "horse": 29.8,
      "chair": 19.0,
      "laptop": 19.0,
      "teddy bear": 11.200000000000001,
      "bear": 13.200000000000001,
      "sports ball": 23.400000000000002
    },
    "objects_per_frame": [
      [
        "tie",
        "person",
        "potted plant"
      ],
      [
        "tie",
        "person",
        "potted plant"
      ],
      [
        "tie",
        "person",
        "potted plant"
      ],
      [
        "tie",
        "person",
        "potted plant"
      ],
      [
        "tie",
        "person",
        "potted plant"
      ],
      [
        "tie",
        "person",
        "potted plant"
      ],
      [
        "tie",
        "person",
        "potted plant"
      ],
      [
        "tie",
        "person",
        "potted plant",
        "cup"
      ],
      [
        "tie",
        "person",
        "potted plant",
        "cup"
      ],
      [
        "tie",
        "person",
        "potted plant",
        "cup"
      ],
      [
        "tie",
        "person",
        "potted plant",
        "cup"
      ],
      [
        "tie",
        "person",
        "potted plant",
        "cup"
      ],
      [
        "tie",
        "person",
        "potted plant",
        "cup"
      ],
      [
        "tie",
        "person",
        "potted plant",
        "cup"
      ],
      [
        "tie",
        "person",
        "potted plant"
      ],
      [
        "person",
        "potted plant"
      ],
      [
        "person",
        "dog",
        "potted plant"
      ],
      [
        "person",
        "potted plant",
        "elephant"
      ],
      [
        "person",
        "potted plant"
      ],
      [
        "person",
        "potted plant"
      ],
      [
        "person",
        "potted plant",
        "cow"
      ],
      [
        "person",
        "potted plant"
      ],
      [
        "person",
        "potted plant"
      ],
      [
        "person",
        "potted plant",
        "cow",
        "horse"
      ],
      [
        "person",
        "potted plant",
        "horse"
      ],
      [
        "person",
        "potted plant",
        "horse"
      ],
      [
        "person",
        "potted plant",
        "horse"
      ],
      [
        "person",
        "potted plant",
        "horse"
      ],
      [
        "person",
        "potted plant"
      ],
      [
        "person"
      ],
      [
        "person",
        "chair"
      ],
      [
        "person"
      ],
      [
        "person"
      ],
      [
        "person",
        "chair"
      ],
      [
        "cow",
        "person",
        "chair"
      ],
      [
        "person",
        "laptop",
        "chair",
        "horse"
      ],
      [
        "person",
        "laptop",
        "chair"
      ],
      [
        "person",
        "chair"
      ],
      [
        "cow",
        "person",
        "laptop",
        "chair"
      ],
      [
        "person",
        "laptop",
        "chair",
        "horse"
      ],
      [
        "person",
        "laptop",
        "chair"
      ],
      [
        "person",
        "laptop",
        "chair",
        "horse"
      ],
      [
        "person",
        "laptop",
        "chair",
        "horse"
      ],
      [
        "person",
        "laptop",
        "chair",
        "horse"
      ],
      [
        "person",
        "laptop",
        "chair",
        "horse"
      ],
      [
        "person",
        "laptop",
        "chair"
      ],
      [
        "person"
      ],
      [
        "person",
        "cow"
      ],
      [
        "person",
        "cow"
      ],
      [
        "person",
        "cow"
      ],
      [
        "person",
        "cow"
      ],
      [
        "person",
        "cow"
      ],
      [
        "person"
      ],
      [
        "tie",
        "person"
      ],
      [
        "tie",
        "person"
      ],
      [
        "tie",
        "person",
        "teddy bear"
      ],
      [
        "tie",
        "person",
        "teddy bear"
      ],
      [
        "tie",
        "person"
      ],
      [
        "tie",
        "person"
      ],
      [
        "tie",
        "person",
        "dog"
      ],
      [
        "tie",
        "person",
        "dog"
      ],
      [
        "tie",
        "person",
        "dog"
      ],
      [
        "tie",
        "person",
        "dog"
      ],
      [
        "tie",
        "person",
        "cow"
      ],
      [
        "tie",
        "person",
        "horse"
      ],
      [
        "tie",
        "person",
        "cow"
      ],
      [
        "bear",
        "person",
        "chair"
      ],
      [
        "person",
        "chair"
      ],
      [
        "cow",
        "person",
        "chair",
        "horse"
      ],
      [
        "person",
        "chair"
      ],
      [
        "person",
        "chair",
        "horse"
      ],
      [
        "person",
        "laptop",
        "chair",
        "elephant"
      ],
      [
        "cow",
        "person",
        "laptop",
        "chair"
      ],
      [
        "person",
        "laptop",
        "chair"
      ],
      [
        "person",
        "laptop",
        "chair"
      ],
      [
        "person",
        "laptop",
        "chair"
      ],
      [
        "person",
        "laptop",
        "chair"
      ],
      [
        "person",
        "laptop",
        "chair"
      ],
      [
        "person",
        "laptop",
        "chair"
      ],
      [
        "person",
        "laptop",
        "chair"
      ],
      [
        "person",
        "laptop",
        "chair"
      ],
      [
        "person",
        "laptop",
        "chair"
      ],
      [
        "person",
        "laptop",
        "chair"
      ],
      [
        "person",
        "laptop",
        "chair"
      ],
      [
        "person",
        "laptop",
        "chair"
      ],
      [
        "person",
        "laptop",
        "chair"
      ],
      [
        "person",
        "laptop",
        "chair"
      ],
      [
        "person",
        "laptop",
        "chair"
      ],
      [
        "person",
        "laptop",
        "chair"
      ],
      [
        "person",
        "laptop",
        "chair"
      ],
      [
        "person",
        "laptop",
        "chair"
      ],
      [
        "person",
        "laptop",
        "chair"
      ],
      [
        "person",
        "laptop",
        "chair"
      ],
      [
        "person",
        "laptop",
        "chair"
      ],
      [
        "person",
        "laptop",
        "chair"
      ],
      [
        "person",
        "laptop",
        "chair"
      ],
      [
        "person",
        "potted plant"
      ],
      [
        "person",
        "potted plant"
      ],
      [
        "person",
        "potted plant"
      ],
      [
        "person",
        "potted plant",
        "horse"
      ],
      [
        "person",
        "potted plant",
        "horse"
      ],
      [
        "person",
        "potted plant"
      ],
      [
        "person",
        "potted plant",
        "horse"
      ],
      [
        "person",
        "potted plant"
      ],
      [
        "person",
        "potted plant"
      ],
      [
        "person",
        "potted plant"
      ],
      [
        "person",
        "potted plant"
      ],
      [
        "person",
        "potted plant"
      ],
      [
        "person",
        "potted plant"
      ],
      [
        "person",
        "potted plant"
      ],
      [
        "person",
        "potted plant"
      ],
      [
        "person",
        "potted plant"
      ],
      [
        "person",
        "potted plant"
      ],
      [
        "tie",
        "person",
        "sports ball"
      ],
      [
        "tie",
        "person"
      ],
      [
        "person",
        "sports ball"
      ],
      [
        "person"
      ],
      [
        "tie",
        "person",
        "sports ball"
      ],
      [
        "tie",
        "person"
      ],
      [
        "person"
      ],
      [
        "person"
      ],
      [
        "tie",
        "person"
      ],
      [
        "person"
      ],
      [
        "person"
      ],
      [
        "person"
      ],
      [
        "person",
        "potted plant",
        "horse"
      ],
      [
        "person",
        "potted plant",
        "horse"
      ],
      [
        "person",
        "potted plant",
        "horse"
      ],
      [
        "person",
        "potted plant",
        "horse"
      ],
      [
        "person",
        "dog",
        "potted plant"
      ],
      [
        "person",
        "potted plant"
      ],
      [
        "person",
        "potted plant",
        "cow"
      ],
      [
        "person",
        "potted plant",
        "horse"
      ],
      [
        "person",
        "potted plant",
        "horse"
      ],
      [
        "person",
        "potted plant",
        "horse"
      ],
      [
        "person",
        "potted plant",
        "horse"
      ],
      [
        "person",
        "potted plant",
        "horse"
      ],
      [
        "person",
        "potted plant",
        "horse"
      ],
      [
        "person",
        "potted plant"
      ],
      [
        "person",
        "potted plant",
        "horse"
      ],
      [
        "person",
        "potted plant",
        "horse"
      ],
      [
        "person",
        "dog",
        "potted plant",
        "horse"
      ],
      [
        "person",
        "potted plant",
        "horse"
      ],
      [
        "person",
        "potted plant",
        "horse"
      ],
      [
        "person",
        "dog",
        "potted plant",
        "horse"
      ],
      [
        "person",
        "dog",
        "potted plant",
        "horse"
      ],
      [
        "person",
        "potted plant",
        "horse"
      ],
      [
        "person",
        "potted plant",
        "horse"
      ],
      [
        "person",
        "potted plant",
        "horse"
      ],
      [
        "person",
        "potted plant",
        "horse"
      ]
    ],
    "appearances": [
      {
        "object_class": "tie",
        "first_appearance": 0.0,
        "last_appearance": 24.200000000000003,
        "frame_count": 33,
        "frequency": 0.22
      },
      {
        "object_class": "person",
        "first_appearance": 0.0,
        "last_appearance": 29.8,
        "frame_count": 150,
        "frequency": 1.0
      },
      {
        "object_class": "potted plant",
        "first_appearance": 0.0,
        "last_appearance": 29.8,
        "frame_count": 71,
        "frequency": 0.47333333333333333
      },
      {
        "object_class": "cup",
        "first_appearance": 1.4000000000000001,
        "last_appearance": 2.6,
        "frame_count": 7,
        "frequency": 0.04666666666666667
      },
      {
        "object_class": "dog",
        "first_appearance": 3.2,
        "last_appearance": 29.0,
        "frame_count": 9,
        "frequency": 0.06
      },
      {
        "object_class": "elephant",
        "first_appearance": 3.4000000000000004,
        "last_appearance": 14.200000000000001,
        "frame_count": 2,
        "frequency": 0.013333333333333334
      },
      {
        "object_class": "cow",
        "first_appearance": 4.0,
        "last_appearance": 26.200000000000003,
        "frame_count": 14,
        "frequency": 0.09333333333333334
      },
      {
        "object_class": "horse",
        "first_appearance": 4.6000000000000005,
        "last_appearance": 29.8,
        "frame_count": 38,
        "frequency": 0.25333333333333335
      },
      {
        "object_class": "chair",
        "first_appearance": 6.0,
        "last_appearance": 19.0,
        "frame_count": 44,
        "frequency": 0.29333333333333333
      },
      {
        "object_class": "laptop",
        "first_appearance": 7.0,
        "last_appearance": 19.0,
        "frame_count": 35,
        "frequency": 0.23333333333333334
      },
      {
        "object_class": "teddy bear",
        "first_appearance": 11.0,
        "last_appearance": 11.200000000000001,
        "frame_count": 2,
        "frequency": 0.013333333333333334
      },
      {
        "object_class": "bear",
        "first_appearance": 13.200000000000001,
        "last_appearance": 13.200000000000001,
        "frame_count": 1,
        "frequency": 0.006666666666666667
      },
      {
        "object_class": "sports ball",
        "first_appearance": 22.6,
        "last_appearance": 23.400000000000002,
        "frame_count": 3,
        "frequency": 0.02
      }
    ]
  },
  "atmosphere_signals": {
    "brightness_values": [
      128.31720377604168,
      128.43452256944445,
      128.50020724826388,
      128.5909201388889,
      128.68798719618056,
      128.64171332465278,
      128.59466362847223,
      128.52256184895833,
      128.44191731770835,
      128.47148003472222,
      128.3093500434028,
      128.08378797743055,
      127.9212326388889,
      127.44392578125,
      127.09061740451389,
      124.79160264756945,
      125.02186197916667,
      125.63040473090278,
      126.11058051215278,
      127.25460069444445,
      127.17568033854167,
      126.24911458333334,
      125.85136827256945,
      125.19257052951389,
      125.33655815972222,
      126.54331922743056,
      127.34959852430555,
      127.18421766493056,
      127.440927734375,
      117.8867654079861,
      118.69723307291666,
      117.84744574652778,
      117.16248372395833,
      115.72326171875,
      115.41493923611111,
      128.59937825520834,
      127.99620551215278,
      127.72887803819444,
      128.0213259548611,
      128.548447265625,
      129.11863606770834,
      129.488779296875,
      129.67896809895834,
      129.97434895833334,
      130.11111328125,
      130.1076898871528,
      115.592392578125,
      116.86939344618055,
      116.89673719618055,
      117.24831814236111,
      117.11398546006944,
      116.13373372395833,
      114.96051106770834,
      131.92286675347222,
      131.63317708333332,
      131.26299696180556,
      130.70288845486112,
      129.90619574652777,
      128.19674587673612,
      124.75386284722222,
      123.31038736979167,
      121.56678276909722,
      119.37781901041667,
      117.81489800347222,
      117.97757595486111,
      117.685576171875,
      119.42813368055556,
      120.47627061631944,
      120.96441514756944,
      120.56842556423611,
      118.79576063368056,
      132.14416341145832,
      132.14090603298612,
      133.3770703125,
      134.71777777777777,
      135.31196831597222,
      135.04455620659724,
      134.69817599826388,
      134.1160763888889,
      133.83211588541667,
      133.41421549479168,
      133.19577039930556,
      133.0987890625,
      133.01818793402776,
      133.00745551215277,
      133.06976888020833,
      133.04055989583333,
      133.05950520833332,
      132.98033311631946,
      132.88351453993056,
      132.89576822916666,
      132.7222536892361,
      132.77169813368056,
      132.75697699652778,
      132.79193793402777,
      132.71046332465278,
      140.06404730902779,
      140.05564453125,
      140.08998155381946,
      140.07861328125,
      139.92483615451388,
      139.86185221354165,
      139.91097005208334,
      139.91125,
      139.7847677951389,
      139.62430338541665,
      139.70129665798612,
      139.688974609375,
      139.70158094618054,
      139.5028125,
      139.28676106770834,
      139.25603081597222,
      139.32595269097223,
      108.633623046875,
      109.78580946180556,
      109.3789529079861,
      109.95942816840278,
      111.46227105034723,
      109.51474066840278,
      107.93179253472222,
      107.84757269965277,
      107.75885525173611,
      107.62674696180555,
      109.06423936631944,
      109.27060438368055,
      135.73122395833335,
      135.6465700954861,
      135.7409136284722,
      135.68948025173611,
      135.61951714409722,
      138.179306640625,
      138.05314019097221,
      137.76798936631945,
      137.56488172743056,
      137.10443033854168,
      136.72923936631943,
      136.87918185763888,
      136.7226974826389,
      136.5824782986111,
      136.73801215277777,
      136.74974717881943,
      136.6380859375,
      136.36669921875,
      135.6891156684028,
      134.51754123263888,
      133.56361870659723,
      132.91348958333333,
      132.69486979166666,
      132.75407769097222,
      132.5383355034722
    ],
    "brightness_mean": 128.44286140046296,
    "brightness_std": 8.77337817858414,
    "brightness_min": 107.62674696180555,
    "brightness_max": 140.08998155381946,
    "brightness_range": 32.463234592013904,
    "lighting_changes": [
      {
        "timestamp": 22.6,
        "frame_index": 113,
        "brightness_before": 139.32595269097223,
        "brightness_after": 108.633623046875,
        "magnitude": 30.692329644097228
      },
      {
        "timestamp": 25.0,
        "frame_index": 125,
        "brightness_before": 109.27060438368055,
        "brightness_after": 135.73122395833335,
        "magnitude": 26.460619574652796
      }
    ],
    "lighting_change_count": 2,
    "setting_type": "technical",
    "dominant_colors_rgb": [
      [
        "132",
        "115",
        "107"
      ],
      [
        "202",
        "197",
        "197"
      ],
      [
        "48",
        "39",
        "40"
      ]
    ],
    "dominant_colors": [
      "brown",
      "red",
      "black"
    ]
  },
  "action_signals": {
    "intensity_timeline": [
      0.0,
      0.004026318788528442,
      0.001851118803024292,
      0.007813000082969666,
      0.004584585428237915,
      0.005682940483093262,
      0.00485223650932312,
      0.0040882092714309695,
      0.004596439301967621,
      0.004170893132686615,
      0.003957860767841339,
      0.007737041115760803,
      0.007871590852737427,
      0.008861138224601746,
      0.0064019328355789185,
      0.22594032287597657,
      0.04722663402557373,
      0.04420344352722168,
      0.04587019443511963,
      0.03597764253616333,
      0.034458918571472166,
      0.035930123329162594,
      0.0501182746887207,
      0.07613351821899414,
      0.07642982006072999,
      0.04404728889465332,
      0.03431746482849121,
      0.02258380651473999,
      0.020690076351165772,
      0.23605115890502928,
      0.24835956573486329,
      0.2370450782775879,
      0.1991374397277832,
      0.2325945472717285,
      0.22888540267944335,
      0.2450950813293457,
      0.012610698938369752,
      0.010216006040573121,
      0.017012916803359986,
      0.018851722478866576,
      0.012607235908508301,
      0.013702852725982666,
      0.012625728845596313,
      0.019173651933670044,
      0.021559596061706543,
      0.0207495641708374,
      0.18667930603027344,
      0.02262136459350586,
      0.029381091594696044,
      0.030430910587310792,
      0.03185679912567139,
      0.02956228733062744,
      0.03301851987838745,
      0.12658126831054686,
      0.03258637666702271,
      0.02342277526855469,
      0.020729525089263914,
      0.02420922040939331,
      0.025101006031036377,
      0.04040100574493408,
      0.04240512371063233,
      0.03856313705444336,
      0.03661423921585083,
      0.06935050964355469,
      0.05490611553192139,
      0.04151877880096436,
      0.1291810131072998,
      0.04163624286651611,
      0.026979591846466065,
      0.05056519985198975,
      0.045005812644958496,
      0.1678521728515625,
      0.021087522506713866,
      0.016573696136474608,
      0.021968240737915038,
      0.033553922176361085,
      0.045845680236816407,
      0.04807351112365723,
      0.03416264533996582,
      0.027599923610687256,
      0.017190669775009156,
      0.00820265531539917,
      0.006131641864776612,
      0.00662828803062439,
      0.01073858380317688,
      0.009394679665565491,
      0.01139026165008545,
      0.010246171951293945,
      0.012840752601623534,
      0.013517826795578003,
      0.008244126439094543,
      0.00921418607234955,
      0.009883605241775513,
      0.00780295729637146,
      0.007938242554664611,
      0.005846439003944397,
      0.21714305877685547,
      0.0034774678945541384,
      0.0031269323825836182,
      0.003241681158542633,
      0.0031675204634666445,
      0.003530021905899048,
      0.003411286175251007,
      0.003273414373397827,
      0.00354448139667511,
      0.002862934172153473,
      0.0026464644074440003,
      0.0023666341602802277,
      0.002063773274421692,
      0.0022890043258666994,
      0.0028821906447410585,
      0.0023609545826911928,
      0.0030510810017585752,
      0.19504159927368164,
      0.044468231201171875,
      0.018971189260482788,
      0.01754948616027832,
      0.023082058429718017,
      0.028414833545684814,
      0.01894416093826294,
      0.015614690780639649,
      0.01722156286239624,
      0.019518903493881225,
      0.02805130958557129,
      0.025397214889526367,
      0.20441091537475586,
      0.006911482810974121,
      0.006861411929130554,
      0.006225369572639465,
      0.005898880362510681,
      0.01971063494682312,
      0.008785220384597779,
      0.01292220950126648,
      0.012090140581130981,
      0.012488412857055663,
      0.012511330842971801,
      0.013239203691482545,
      0.012419755458831788,
      0.013301444053649903,
      0.010647814273834228,
      0.014786953926086427,
      0.016803388595581056,
      0.017909075021743773,
      0.017527201175689698,
      0.014662247896194459,
      0.012793769836425781,
      0.013003005981445312,
      0.013176889419555663,
      0.015288558006286621,
      0.015978736877441405
    ],
    "intensity_mean": 0.03792669933935006,
    "intensity_std": 0.058989926988231384,
    "intensity_min": 0.0,
    "intensity_max": 0.24835956573486329,
    "intensity_trend": "stable",
    "peak_moments": [
      {
        "timestamp": 3.0,
        "frame_index": 15,
        "intensity": 0.22594032287597657,
        "moment_type": "peak"
      },
      {
        "timestamp": 6.0,
        "frame_index": 30,
        "intensity": 0.24835956573486329,
        "moment_type": "peak"
      },
      {
        "timestamp": 9.200000000000001,
        "frame_index": 46,
        "intensity": 0.18667930603027344,
        "moment_type": "peak"
      },
      {
        "timestamp": 10.600000000000001,
        "frame_index": 53,
        "intensity": 0.12658126831054686,
        "moment_type": "peak"
      },
      {
        "timestamp": 13.200000000000001,
        "frame_index": 66,
        "intensity": 0.1291810131072998,
        "moment_type": "peak"
      },
      {
        "timestamp": 14.200000000000001,
        "frame_index": 71,
        "intensity": 0.1678521728515625,
        "moment_type": "peak"
      },
      {
        "timestamp": 19.200000000000003,
        "frame_index": 96,
        "intensity": 0.21714305877685547,
        "moment_type": "peak"
      },
      {
        "timestamp": 22.6,
        "frame_index": 113,
        "intensity": 0.19504159927368164,
        "moment_type": "peak"
      },
      {
        "timestamp": 25.0,
        "frame_index": 125,
        "intensity": 0.20441091537475586,
        "moment_type": "peak"
      }
    ],
    "valley_moments": [
      {
        "timestamp": 5.6000000000000005,
        "frame_index": 28,
        "intensity": 0.020690076351165772,
        "moment_type": "valley"
      },
      {
        "timestamp": 7.4,
        "frame_index": 37,
        "intensity": 0.010216006040573121,
        "moment_type": "valley"
      },
      {
        "timestamp": 9.4,
        "frame_index": 47,
        "intensity": 0.02262136459350586,
        "moment_type": "valley"
      },
      {
        "timestamp": 11.200000000000001,
        "frame_index": 56,
        "intensity": 0.020729525089263914,
        "moment_type": "valley"
      },
      {
        "timestamp": 13.600000000000001,
        "frame_index": 68,
        "intensity": 0.026979591846466065,
        "moment_type": "valley"
      },
      {
        "timestamp": 19.0,
        "frame_index": 95,
        "intensity": 0.005846439003944397,
        "moment_type": "valley"
      },
      {
        "timestamp": 21.6,
        "frame_index": 108,
        "intensity": 0.002063773274421692,
        "moment_type": "valley"
      },
      {
        "timestamp": 24.0,
        "frame_index": 120,
        "intensity": 0.015614690780639649,
        "moment_type": "valley"
      }
    ],
    "peak_timestamps": [
      3.0,
      6.0,
      9.200000000000001,
      10.600000000000001,
      13.200000000000001,
      14.200000000000001,
      19.200000000000003,
      22.6,
      25.0
    ],
    "valley_timestamps": [
      5.6000000000000005,
      7.4,
      9.4,
      11.200000000000001,
      13.600000000000001,
      19.0,
      21.6,
      24.0
    ],
    "peak_count": 9,
    "valley_count": 8,
    "action_variance": 0.003479811486076869
  },
  "temporal_signals": {
    "frame_change_scores": [
      0.0,
      0.011713682368336698,
      0.0066792662484956855,
      0.030548731188868916,
      0.01295990703162686,
      0.01869526920050668,
      0.015431399872347429,
      0.012962963146358919,
      0.016278102658962346,
      0.012371015233810012,
      0.009244327072417291,
      0.017927890750500053,
      0.016734028246927157,
      0.019900799256253987,
      0.01441912559993841,
      0.8665794339142534,
      0.1785328129614968,
      0.11892287559777481,
      0.13367829494676997,
      0.12362594324151344,
      0.125232404683707,
      0.12401048210039312,
      0.20809118434444973,
      0.33196400306557017,
      0.3117300968365945,
      0.14751616816295698,
      0.11740910216955003,
      0.08109449871069097,
      0.07035604912669935,
      0.8371672882835998,
      0.5153298238307029,
      0.4989816070023896,
      0.4731705040123618,
      0.5085774273377337,
      0.4944399716317649,
      0.7801094366401751,
      0.03309309627489532,
      0.025858852979878,
      0.04903005576656705,
      0.0505564378593405,
      0.039926620881568065,
      0.03985262042739979,
      0.04275310788875031,
      0.0623922603998498,
      0.0702456148829198,
      0.06910565363138765,
      0.7993258689579699,
      0.2925700178060502,
      0.3003961646846245,
      0.2905409313461954,
      0.2675173844242531,
      0.25717019749077075,
      0.2684654004780571,
      0.7564786275842151,
      0.136538585986694,
      0.11826921081924235,
      0.09530063640366326,
      0.11639011912140385,
      0.1238589871804553,
      0.19966651641472177,
      0.21686189637004827,
      0.20804967407648778,
      0.2563736714500858,
      0.262149932372977,
      0.26973645007351854,
      0.2285640358244989,
      0.7917408188240272,
      0.2120158863634135,
      0.21262201615152632,
      0.27736096671052257,
      0.26925100869311,
      0.7851615881988009,
      0.0859772828424119,
      0.09121608272682269,
      0.10013047495016558,
      0.11621042125608583,
      0.10518517398713167,
      0.11936074501969451,
      0.09932015053245635,
      0.07117954470881005,
      0.049383380902223384,
      0.01933074144891389,
      0.009713346592273187,
      0.009605487757391229,
      0.022133748724125435,
      0.01662921364137515,
      0.023505686787397395,
      0.02067135636974704,
      0.030911270843448024,
      0.03239184444220289,
      0.01572099184905884,
      0.02016226747141936,
      0.01919476392737851,
      0.016179169185512654,
      0.019257193738792755,
      0.011059528605521729,
      0.7848330490151189,
      0.017104851802358767,
      0.0149906190289808,
      0.014946112698438041,
      0.015457102002649825,
      0.016778967975158876,
      0.015558467909337792,
      0.013631100615035696,
      0.01537166518457267,
      0.00873123078102056,
      0.012030073351111503,
      0.008907783318486628,
      0.008436115529152688,
      0.009691717608251715,
      0.013937832664771999,
      0.009110517511823013,
      0.013125691650748172,
      0.7479970896907757,
      0.1689830150249586,
      0.09676427634671625,
      0.10926924292167473,
      0.11581432711608064,
      0.14364890072527847,
      0.0965614993384617,
      0.0924449638861704,
      0.10570790996718638,
      0.1239155122079163,
      0.1643130071594313,
      0.13954469638100986,
      0.7489078505865068,
      0.02944204807138906,
      0.031568860756105654,
      0.028532372982489784,
      0.027815860661918324,
      0.0874415407189697,
      0.036790214993112635,
      0.048382004884560126,
      0.047086513529274066,
      0.047452447092182215,
      0.05162601245663667,
      0.059879292591877964,
      0.047947808862744634,
      0.049143082811596406,
      0.04228889404080183,
      0.05435158645628413,
      0.05996169036253163,
      0.06015166649672843,
      0.06071174699061754,
      0.05955133280403824,
      0.04764156743053327,
      0.04610761198032598,
      0.05508407554758177,
      0.053699837413300866,
      0.057565744549017084
    ],
    "change_score_mean": 0.14612497136047034,
    "change_score_std": 0.20372331836580126,
    "change_score_max": 0.8665794339142534,
    "temporal_gaps": [
      {
        "start_time": 0.8,
        "end_time": 2.8000000000000003,
        "duration": 2.0,
        "start_frame": 4,
        "end_frame": 14,
        "avg_change": 0.015174984369968104
      },
      {
        "start_time": 18.400000000000002,
        "end_time": 19.0,
        "duration": 0.5999999999999979,
        "start_frame": 92,
        "end_frame": 95,
        "avg_change": 0.016422663864301412
      },
      {
        "start_time": 19.400000000000002,
        "end_time": 22.400000000000002,
        "duration": 3.0,
        "start_frame": 97,
        "end_frame": 112,
        "avg_change": 0.012988115601993672
      }
    ],
    "temporal_gap_count": 3,
    "temporal_gap_total_duration": 5.599999999999998,
    "transition_similarity_scores": [
      0.20825918117597272,
      0.21483841180119914
    ],
    "transition_similarity_mean": 0.21154879648858593,
    "temporal_density": 1.9798657718120805
  },
  "metadata": {
    "video_path": "/vol/videos/core/produced_digital/commercials/7LtjzQaFZ3k.mp4",
    "dataset": "produced_digital/commercials",
    "tier": "produced_digital",
    "study_type": "core",
    "source_fps": 23.976023976023978,
    "source_width": 1280,
    "source_height": 720,
    "experiment_version": "3.3",
    "batch": "1-retry",
    "retry_id": "20251226_182920"
  }
}