{
  "video_id": "7LtjzQaFZ3k",
  "fps": 0.5,
  "duration": 28.0,
  "frame_count": 15,
  "scene_signals": {
    "transition_count": 1,
    "transition_timestamps": [
      14.0
    ],
    "transition_types": [
      "soft_cut"
    ],
    "transition_magnitudes": [
      33.24193884316456
    ],
    "scene_count": 2,
    "scene_durations": [
      14.0,
      14.0
    ],
    "scene_duration_mean": 14.0,
    "scene_duration_std": 0.0,
    "scene_duration_min": 14.0,
    "scene_duration_max": 14.0,
    "scene_types": [
      "unknown",
      "unknown"
    ],
    "transitions": [
      {
        "timestamp": 14.0,
        "frame_index": 7,
        "transition_type": "soft_cut",
        "magnitude": 33.24193884316456
      }
    ],
    "scenes": [
      {
        "start_time": 0.0,
        "end_time": 14.0,
        "duration": 14.0,
        "scene_type": "unknown",
        "start_frame": 0,
        "end_frame": 6
      },
      {
        "start_time": 14.0,
        "end_time": 28.0,
        "duration": 14.0,
        "scene_type": "unknown",
        "start_frame": 7,
        "end_frame": 14
      }
    ]
  },
  "character_signals": {
    "person_counts_per_frame": [
      3,
      3,
      4,
      4,
      4,
      1,
      1,
      4,
      4,
      5,
      4,
      2,
      3,
      3,
      3
    ],
    "person_count_mode": 4,
    "person_count_mean": 3.2,
    "person_count_std": 1.1075498483890767,
    "person_count_min": 1,
    "person_count_max": 5,
    "person_count_distribution": {
      "3": 5,
      "4": 6,
      "1": 2,
      "5": 1,
      "2": 1
    },
    "character_consistency": 0.4,
    "entry_events": [
      {
        "timestamp": 4.0,
        "frame_index": 2,
        "event_type": "entry",
        "count_before": 3,
        "count_after": 4
      },
      {
        "timestamp": 14.0,
        "frame_index": 7,
        "event_type": "entry",
        "count_before": 1,
        "count_after": 4
      },
      {
        "timestamp": 18.0,
        "frame_index": 9,
        "event_type": "entry",
        "count_before": 4,
        "count_after": 5
      },
      {
        "timestamp": 24.0,
        "frame_index": 12,
        "event_type": "entry",
        "count_before": 2,
        "count_after": 3
      }
    ],
    "exit_events": [
      {
        "timestamp": 10.0,
        "frame_index": 5,
        "event_type": "exit",
        "count_before": 4,
        "count_after": 1
      },
      {
        "timestamp": 20.0,
        "frame_index": 10,
        "event_type": "exit",
        "count_before": 5,
        "count_after": 4
      },
      {
        "timestamp": 22.0,
        "frame_index": 11,
        "event_type": "exit",
        "count_before": 4,
        "count_after": 2
      }
    ],
    "entry_count": 4,
    "exit_count": 3,
    "entry_exit_total": 7,
    "entry_timestamps": [
      4.0,
      14.0,
      18.0,
      24.0
    ],
    "exit_timestamps": [
      10.0,
      20.0,
      22.0
    ]
  },
  "visual_signals": {
    "unique_objects": [
      "tie",
      "person",
      "potted plant",
      "horse",
      "chair",
      "laptop",
      "teddy bear",
      "sports ball"
    ],
    "unique_object_count": 8,
    "persistent_objects": [
      "person"
    ],
    "persistent_object_count": 1,
    "transient_objects": [
      "teddy bear",
      "sports ball"
    ],
    "transient_object_count": 2,
    "object_frequency": {
      "tie": 0.26666666666666666,
      "person": 1.0,
      "potted plant": 0.4666666666666667,
      "horse": 0.4,
      "chair": 0.3333333333333333,
      "laptop": 0.3333333333333333,
      "teddy bear": 0.06666666666666667,
      "sports ball": 0.06666666666666667
    },
    "object_frame_counts": {
      "tie": 4,
      "person": 15,
      "potted plant": 7,
      "horse": 6,
      "chair": 5,
      "laptop": 5,
      "teddy bear": 1,
      "sports ball": 1
    },
    "object_first_appearance": {
      "tie": 0.0,
      "person": 0.0,
      "potted plant": 0.0,
      "horse": 4.0,
      "chair": 6.0,
      "laptop": 6.0,
      "teddy bear": 10.0,
      "sports ball": 22.0
    },
    "object_last_appearance": {
      "tie": 12.0,
      "person": 28.0,
      "potted plant": 28.0,
      "horse": 28.0,
      "chair": 18.0,
      "laptop": 18.0,
      "teddy bear": 10.0,
      "sports ball": 22.0
    },
    "objects_per_frame": [
      [
        "tie",
        "person",
        "potted plant"
      ],
      [
        "tie",
        "person",
        "potted plant"
      ],
      [
        "person",
        "horse",
        "potted plant"
      ],
      [
        "chair",
        "person",
        "laptop"
      ],
      [
        "chair",
        "person",
        "horse",
        "laptop"
      ],
      [
        "tie",
        "teddy bear",
        "person"
      ],
      [
        "tie",
        "person",
        "horse"
      ],
      [
        "chair",
        "person",
        "laptop"
      ],
      [
        "chair",
        "person",
        "laptop"
      ],
      [
        "chair",
        "person",
        "laptop"
      ],
      [
        "person",
        "potted plant"
      ],
      [
        "person",
        "sports ball"
      ],
      [
        "person",
        "horse",
        "potted plant"
      ],
      [
        "person",
        "horse",
        "potted plant"
      ],
      [
        "person",
        "horse",
        "potted plant"
      ]
    ],
    "appearances": [
      {
        "object_class": "tie",
        "first_appearance": 0.0,
        "last_appearance": 12.0,
        "frame_count": 4,
        "frequency": 0.26666666666666666
      },
      {
        "object_class": "person",
        "first_appearance": 0.0,
        "last_appearance": 28.0,
        "frame_count": 15,
        "frequency": 1.0
      },
      {
        "object_class": "potted plant",
        "first_appearance": 0.0,
        "last_appearance": 28.0,
        "frame_count": 7,
        "frequency": 0.4666666666666667
      },
      {
        "object_class": "horse",
        "first_appearance": 4.0,
        "last_appearance": 28.0,
        "frame_count": 6,
        "frequency": 0.4
      },
      {
        "object_class": "chair",
        "first_appearance": 6.0,
        "last_appearance": 18.0,
        "frame_count": 5,
        "frequency": 0.3333333333333333
      },
      {
        "object_class": "laptop",
        "first_appearance": 6.0,
        "last_appearance": 18.0,
        "frame_count": 5,
        "frequency": 0.3333333333333333
      },
      {
        "object_class": "teddy bear",
        "first_appearance": 10.0,
        "last_appearance": 10.0,
        "frame_count": 1,
        "frequency": 0.06666666666666667
      },
      {
        "object_class": "sports ball",
        "first_appearance": 22.0,
        "last_appearance": 22.0,
        "frame_count": 1,
        "frequency": 0.06666666666666667
      }
    ]
  },
  "atmosphere_signals": {
    "brightness_values": [
      128.6977593315972,
      127.0497265625,
      125.79891167534723,
      129.03250217013888,
      130.03348741319445,
      131.53685004340278,
      118.18054796006945,
      135.0541015625,
      133.0538791232639,
      132.73788411458332,
      139.68709635416667,
      109.75941189236111,
      135.82881944444443,
      136.90364149305555,
      133.86179036458333
    ],
    "brightness_mean": 129.81442730034723,
    "brightness_std": 7.361916671211484,
    "brightness_min": 109.75941189236111,
    "brightness_max": 139.68709635416667,
    "brightness_range": 29.927684461805555,
    "lighting_changes": [
      {
        "timestamp": 22.0,
        "frame_index": 11,
        "brightness_before": 139.68709635416667,
        "brightness_after": 109.75941189236111,
        "magnitude": 29.927684461805555
      },
      {
        "timestamp": 24.0,
        "frame_index": 12,
        "brightness_before": 109.75941189236111,
        "brightness_after": 135.82881944444443,
        "magnitude": 26.06940755208332
      }
    ],
    "lighting_change_count": 2,
    "setting_type": "technical",
    "dominant_colors_rgb": [
      [
        "131",
        "115",
        "106"
      ],
      [
        "203",
        "197",
        "197"
      ],
      [
        "48",
        "39",
        "39"
      ]
    ],
    "dominant_colors": [
      "brown",
      "red",
      "black"
    ]
  },
  "action_signals": {
    "intensity_timeline": [
      0.0,
      0.03746847867965698,
      0.258365478515625,
      0.23918914794921875,
      0.029146926403045656,
      0.19018220901489258,
      0.07223328113555909,
      0.14571491241455078,
      0.07852518558502197,
      0.05984804630279541,
      0.21833646774291993,
      0.19255327224731444,
      0.2036399459838867,
      0.037342925071716306,
      0.03405799627304077
    ],
    "intensity_mean": 0.11977361822128298,
    "intensity_std": 0.08647573766905024,
    "intensity_min": 0.0,
    "intensity_max": 0.258365478515625,
    "intensity_trend": "stable",
    "peak_moments": [
      {
        "timestamp": 4.0,
        "frame_index": 2,
        "intensity": 0.258365478515625,
        "moment_type": "peak"
      },
      {
        "timestamp": 10.0,
        "frame_index": 5,
        "intensity": 0.19018220901489258,
        "moment_type": "peak"
      },
      {
        "timestamp": 20.0,
        "frame_index": 10,
        "intensity": 0.21833646774291993,
        "moment_type": "peak"
      }
    ],
    "valley_moments": [
      {
        "timestamp": 8.0,
        "frame_index": 4,
        "intensity": 0.029146926403045656,
        "moment_type": "valley"
      },
      {
        "timestamp": 18.0,
        "frame_index": 9,
        "intensity": 0.05984804630279541,
        "moment_type": "valley"
      }
    ],
    "peak_timestamps": [
      4.0,
      10.0,
      20.0
    ],
    "valley_timestamps": [
      8.0,
      18.0
    ],
    "peak_count": 3,
    "valley_count": 2,
    "action_variance": 0.007478053205406395
  },
  "temporal_signals": {
    "frame_change_scores": [
      0.0,
      0.1264338880716236,
      0.8870777299272214,
      0.8892989874365369,
      0.10922133501982234,
      0.7163093386445363,
      0.5076260054366317,
      0.7749172990338555,
      0.3131481614402982,
      0.19558089100819664,
      0.7852510533595902,
      0.7506851036846529,
      0.7465665686626735,
      0.16504969428032767,
      0.1404737293095758
    ],
    "change_score_mean": 0.47384265235436945,
    "change_score_std": 0.3193585746324138,
    "change_score_max": 0.8892989874365369,
    "temporal_gaps": [],
    "temporal_gap_count": 0,
    "temporal_gap_total_duration": 0.0,
    "transition_similarity_scores": [
      0.2250827009661445
    ],
    "transition_similarity_mean": 0.2250827009661445,
    "temporal_density": 0.5
  },
  "metadata": {
    "video_path": "/vol/videos/core/produced_digital/commercials/7LtjzQaFZ3k.mp4",
    "dataset": "produced_digital/commercials",
    "tier": "produced_digital",
    "study_type": "core",
    "source_fps": 23.976023976023978,
    "source_width": 1280,
    "source_height": 720,
    "experiment_version": "3.3",
    "batch": "1-retry",
    "retry_id": "20251226_182920"
  }
}