{
  "video_id": "7LtjzQaFZ3k",
  "fps": 1.0,
  "duration": 29.0,
  "frame_count": 30,
  "scene_signals": {
    "transition_count": 2,
    "transition_timestamps": [
      13.0,
      14.0
    ],
    "transition_types": [
      "soft_cut",
      "soft_cut"
    ],
    "transition_magnitudes": [
      38.24663582197984,
      37.20289762182985
    ],
    "scene_count": 3,
    "scene_durations": [
      13.0,
      1.0,
      15.0
    ],
    "scene_duration_mean": 9.666666666666666,
    "scene_duration_std": 6.182412330330469,
    "scene_duration_min": 1.0,
    "scene_duration_max": 15.0,
    "scene_types": [
      "unknown",
      "unknown",
      "unknown"
    ],
    "transitions": [
      {
        "timestamp": 13.0,
        "frame_index": 13,
        "transition_type": "soft_cut",
        "magnitude": 38.24663582197984
      },
      {
        "timestamp": 14.0,
        "frame_index": 14,
        "transition_type": "soft_cut",
        "magnitude": 37.20289762182985
      }
    ],
    "scenes": [
      {
        "start_time": 0.0,
        "end_time": 13.0,
        "duration": 13.0,
        "scene_type": "unknown",
        "start_frame": 0,
        "end_frame": 12
      },
      {
        "start_time": 13.0,
        "end_time": 14.0,
        "duration": 1.0,
        "scene_type": "unknown",
        "start_frame": 13,
        "end_frame": 13
      },
      {
        "start_time": 14.0,
        "end_time": 29.0,
        "duration": 15.0,
        "scene_type": "unknown",
        "start_frame": 14,
        "end_frame": 29
      }
    ]
  },
  "character_signals": {
    "person_counts_per_frame": [
      2,
      3,
      3,
      4,
      4,
      4,
      2,
      3,
      4,
      1,
      1,
      1,
      1,
      4,
      4,
      5,
      4,
      4,
      5,
      4,
      3,
      3,
      4,
      2,
      2,
      3,
      3,
      3,
      3,
      3
    ],
    "person_count_mode": 3,
    "person_count_mean": 3.066666666666667,
    "person_count_std": 1.1234866364235145,
    "person_count_min": 1,
    "person_count_max": 5,
    "person_count_distribution": {
      "2": 4,
      "3": 10,
      "4": 10,
      "1": 4,
      "5": 2
    },
    "character_consistency": 0.3333333333333333,
    "entry_events": [
      {
        "timestamp": 1.0,
        "frame_index": 1,
        "event_type": "entry",
        "count_before": 2,
        "count_after": 3
      },
      {
        "timestamp": 3.0,
        "frame_index": 3,
        "event_type": "entry",
        "count_before": 3,
        "count_after": 4
      },
      {
        "timestamp": 7.0,
        "frame_index": 7,
        "event_type": "entry",
        "count_before": 2,
        "count_after": 3
      },
      {
        "timestamp": 8.0,
        "frame_index": 8,
        "event_type": "entry",
        "count_before": 3,
        "count_after": 4
      },
      {
        "timestamp": 13.0,
        "frame_index": 13,
        "event_type": "entry",
        "count_before": 1,
        "count_after": 4
      },
      {
        "timestamp": 15.0,
        "frame_index": 15,
        "event_type": "entry",
        "count_before": 4,
        "count_after": 5
      },
      {
        "timestamp": 18.0,
        "frame_index": 18,
        "event_type": "entry",
        "count_before": 4,
        "count_after": 5
      },
      {
        "timestamp": 22.0,
        "frame_index": 22,
        "event_type": "entry",
        "count_before": 3,
        "count_after": 4
      },
      {
        "timestamp": 25.0,
        "frame_index": 25,
        "event_type": "entry",
        "count_before": 2,
        "count_after": 3
      }
    ],
    "exit_events": [
      {
        "timestamp": 6.0,
        "frame_index": 6,
        "event_type": "exit",
        "count_before": 4,
        "count_after": 2
      },
      {
        "timestamp": 9.0,
        "frame_index": 9,
        "event_type": "exit",
        "count_before": 4,
        "count_after": 1
      },
      {
        "timestamp": 16.0,
        "frame_index": 16,
        "event_type": "exit",
        "count_before": 5,
        "count_after": 4
      },
      {
        "timestamp": 19.0,
        "frame_index": 19,
        "event_type": "exit",
        "count_before": 5,
        "count_after": 4
      },
      {
        "timestamp": 20.0,
        "frame_index": 20,
        "event_type": "exit",
        "count_before": 4,
        "count_after": 3
      },
      {
        "timestamp": 23.0,
        "frame_index": 23,
        "event_type": "exit",
        "count_before": 4,
        "count_after": 2
      }
    ],
    "entry_count": 9,
    "exit_count": 6,
    "entry_exit_total": 15,
    "entry_timestamps": [
      1.0,
      3.0,
      7.0,
      8.0,
      13.0,
      15.0,
      18.0,
      22.0,
      25.0
    ],
    "exit_timestamps": [
      6.0,
      9.0,
      16.0,
      19.0,
      20.0,
      23.0
    ]
  },
  "visual_signals": {
    "unique_objects": [
      "person",
      "potted plant",
      "tie",
      "cup",
      "elephant",
      "horse",
      "chair",
      "laptop",
      "cow",
      "dog",
      "sports ball"
    ],
    "unique_object_count": 11,
    "persistent_objects": [
      "person"
    ],
    "persistent_object_count": 1,
    "transient_objects": [
      "tie",
      "cup",
      "elephant",
      "laptop",
      "cow",
      "dog",
      "sports ball"
    ],
    "transient_object_count": 7,
    "object_frequency": {
      "person": 1.0,
      "potted plant": 0.5,
      "tie": 0.2,
      "cup": 0.06666666666666667,
      "elephant": 0.03333333333333333,
      "horse": 0.26666666666666666,
      "chair": 0.26666666666666666,
      "laptop": 0.2,
      "cow": 0.06666666666666667,
      "dog": 0.03333333333333333,
      "sports ball": 0.03333333333333333
    },
    "object_frame_counts": {
      "person": 30,
      "potted plant": 15,
      "tie": 6,
      "cup": 2,
      "elephant": 1,
      "horse": 8,
      "chair": 8,
      "laptop": 6,
      "cow": 2,
      "dog": 1,
      "sports ball": 1
    },
    "object_first_appearance": {
      "person": 0.0,
      "potted plant": 0.0,
      "tie": 0.0,
      "cup": 1.0,
      "elephant": 3.0,
      "horse": 5.0,
      "chair": 7.0,
      "laptop": 8.0,
      "cow": 9.0,
      "dog": 12.0,
      "sports ball": 23.0
    },
    "object_last_appearance": {
      "person": 29.0,
      "potted plant": 29.0,
      "tie": 23.0,
      "cup": 2.0,
      "elephant": 3.0,
      "horse": 29.0,
      "chair": 18.0,
      "laptop": 18.0,
      "cow": 14.0,
      "dog": 12.0,
      "sports ball": 23.0
    },
    "objects_per_frame": [
      [
        "person",
        "potted plant",
        "tie"
      ],
      [
        "person",
        "potted plant",
        "tie",
        "cup"
      ],
      [
        "person",
        "potted plant",
        "tie",
        "cup"
      ],
      [
        "person",
        "potted plant",
        "elephant"
      ],
      [
        "person",
        "potted plant"
      ],
      [
        "person",
        "potted plant",
        "horse"
      ],
      [
        "person"
      ],
      [
        "person",
        "chair"
      ],
      [
        "person",
        "laptop",
        "chair",
        "horse"
      ],
      [
        "person",
        "cow"
      ],
      [
        "person"
      ],
      [
        "person",
        "tie"
      ],
      [
        "person",
        "dog",
        "tie"
      ],
      [
        "person",
        "chair"
      ],
      [
        "person",
        "laptop",
        "chair",
        "cow"
      ],
      [
        "person",
        "laptop",
        "chair"
      ],
      [
        "person",
        "laptop",
        "chair"
      ],
      [
        "person",
        "laptop",
        "chair"
      ],
      [
        "person",
        "laptop",
        "chair"
      ],
      [
        "person",
        "potted plant"
      ],
      [
        "person",
        "potted plant",
        "horse"
      ],
      [
        "person",
        "potted plant"
      ],
      [
        "person",
        "potted plant"
      ],
      [
        "person",
        "tie",
        "sports ball"
      ],
      [
        "person"
      ],
      [
        "person",
        "potted plant",
        "horse"
      ],
      [
        "person",
        "potted plant",
        "horse"
      ],
      [
        "person",
        "potted plant",
        "horse"
      ],
      [
        "person",
        "potted plant",
        "horse"
      ],
      [
        "person",
        "potted plant",
        "horse"
      ]
    ],
    "appearances": [
      {
        "object_class": "person",
        "first_appearance": 0.0,
        "last_appearance": 29.0,
        "frame_count": 30,
        "frequency": 1.0
      },
      {
        "object_class": "potted plant",
        "first_appearance": 0.0,
        "last_appearance": 29.0,
        "frame_count": 15,
        "frequency": 0.5
      },
      {
        "object_class": "tie",
        "first_appearance": 0.0,
        "last_appearance": 23.0,
        "frame_count": 6,
        "frequency": 0.2
      },
      {
        "object_class": "cup",
        "first_appearance": 1.0,
        "last_appearance": 2.0,
        "frame_count": 2,
        "frequency": 0.06666666666666667
      },
      {
        "object_class": "elephant",
        "first_appearance": 3.0,
        "last_appearance": 3.0,
        "frame_count": 1,
        "frequency": 0.03333333333333333
      },
      {
        "object_class": "horse",
        "first_appearance": 5.0,
        "last_appearance": 29.0,
        "frame_count": 8,
        "frequency": 0.26666666666666666
      },
      {
        "object_class": "chair",
        "first_appearance": 7.0,
        "last_appearance": 18.0,
        "frame_count": 8,
        "frequency": 0.26666666666666666
      },
      {
        "object_class": "laptop",
        "first_appearance": 8.0,
        "last_appearance": 18.0,
        "frame_count": 6,
        "frequency": 0.2
      },
      {
        "object_class": "cow",
        "first_appearance": 9.0,
        "last_appearance": 14.0,
        "frame_count": 2,
        "frequency": 0.06666666666666667
      },
      {
        "object_class": "dog",
        "first_appearance": 12.0,
        "last_appearance": 12.0,
        "frame_count": 1,
        "frequency": 0.03333333333333333
      },
      {
        "object_class": "sports ball",
        "first_appearance": 23.0,
        "last_appearance": 23.0,
        "frame_count": 1,
        "frequency": 0.03333333333333333
      }
    ]
  },
  "atmosphere_signals": {
    "brightness_values": [
      128.50020724826388,
      128.52256184895833,
      127.9212326388889,
      125.63040473090278,
      125.85136827256945,
      127.18421766493056,
      117.16248372395833,
      127.72887803819444,
      129.67896809895834,
      116.86939344618055,
      114.96051106770834,
      129.90619574652777,
      119.37781901041667,
      120.47627061631944,
      132.14090603298612,
      134.69817599826388,
      133.0987890625,
      133.05950520833332,
      132.77169813368056,
      140.05564453125,
      139.91097005208334,
      139.688974609375,
      139.32595269097223,
      111.46227105034723,
      107.62674696180555,
      135.7409136284722,
      137.76798936631945,
      136.7226974826389,
      136.36669921875,
      132.69486979166666
    ],
    "brightness_mean": 128.76344386574075,
    "brightness_std": 8.64737620100275,
    "brightness_min": 107.62674696180555,
    "brightness_max": 140.05564453125,
    "brightness_range": 32.42889756944446,
    "lighting_changes": [
      {
        "timestamp": 23.0,
        "frame_index": 23,
        "brightness_before": 139.32595269097223,
        "brightness_after": 111.46227105034723,
        "magnitude": 27.863681640625003
      },
      {
        "timestamp": 25.0,
        "frame_index": 25,
        "brightness_before": 107.62674696180555,
        "brightness_after": 135.7409136284722,
        "magnitude": 28.114166666666662
      }
    ],
    "lighting_change_count": 2,
    "setting_type": "technical",
    "dominant_colors_rgb": [
      [
        "133",
        "116",
        "107"
      ],
      [
        "202",
        "197",
        "196"
      ],
      [
        "48",
        "39",
        "40"
      ]
    ],
    "dominant_colors": [
      "brown",
      "red",
      "black"
    ]
  },
  "action_signals": {
    "intensity_timeline": [
      0.0,
      0.01774906039237976,
      0.01802785873413086,
      0.23217283248901366,
      0.07757925987243652,
      0.17242469787597656,
      0.2491716194152832,
      0.2662807464599609,
      0.025448949337005616,
      0.18289997100830077,
      0.04588910102844238,
      0.13000249862670898,
      0.0470689582824707,
      0.12437214851379394,
      0.17572099685668946,
      0.06088836669921875,
      0.07558890342712403,
      0.038748955726623534,
      0.03658862352371216,
      0.21898252487182618,
      0.006053856611251831,
      0.006891889572143555,
      0.004733479022979737,
      0.17627622604370116,
      0.05228353500366211,
      0.19717506408691407,
      0.03208781957626343,
      0.02493593215942383,
      0.021019363403320314,
      0.033356478214263914
    ],
    "intensity_mean": 0.09168065722783408,
    "intensity_std": 0.08346755394799646,
    "intensity_min": 0.0,
    "intensity_max": 0.2662807464599609,
    "intensity_trend": "stable",
    "peak_moments": [
      {
        "timestamp": 3.0,
        "frame_index": 3,
        "intensity": 0.23217283248901366,
        "moment_type": "peak"
      },
      {
        "timestamp": 7.0,
        "frame_index": 7,
        "intensity": 0.2662807464599609,
        "moment_type": "peak"
      },
      {
        "timestamp": 9.0,
        "frame_index": 9,
        "intensity": 0.18289997100830077,
        "moment_type": "peak"
      },
      {
        "timestamp": 14.0,
        "frame_index": 14,
        "intensity": 0.17572099685668946,
        "moment_type": "peak"
      },
      {
        "timestamp": 19.0,
        "frame_index": 19,
        "intensity": 0.21898252487182618,
        "moment_type": "peak"
      },
      {
        "timestamp": 23.0,
        "frame_index": 23,
        "intensity": 0.17627622604370116,
        "moment_type": "peak"
      },
      {
        "timestamp": 25.0,
        "frame_index": 25,
        "intensity": 0.19717506408691407,
        "moment_type": "peak"
      }
    ],
    "valley_moments": [
      {
        "timestamp": 4.0,
        "frame_index": 4,
        "intensity": 0.07757925987243652,
        "moment_type": "valley"
      },
      {
        "timestamp": 8.0,
        "frame_index": 8,
        "intensity": 0.025448949337005616,
        "moment_type": "valley"
      },
      {
        "timestamp": 10.0,
        "frame_index": 10,
        "intensity": 0.04588910102844238,
        "moment_type": "valley"
      },
      {
        "timestamp": 18.0,
        "frame_index": 18,
        "intensity": 0.03658862352371216,
        "moment_type": "valley"
      },
      {
        "timestamp": 22.0,
        "frame_index": 22,
        "intensity": 0.004733479022979737,
        "moment_type": "valley"
      },
      {
        "timestamp": 24.0,
        "frame_index": 24,
        "intensity": 0.05228353500366211,
        "moment_type": "valley"
      }
    ],
    "peak_timestamps": [
      3.0,
      7.0,
      9.0,
      14.0,
      19.0,
      23.0,
      25.0
    ],
    "valley_timestamps": [
      4.0,
      8.0,
      10.0,
      18.0,
      22.0,
      24.0
    ],
    "peak_count": 7,
    "valley_count": 6,
    "action_variance": 0.006966832562061699
  },
  "temporal_signals": {
    "frame_change_scores": [
      0.0,
      0.08234526976219503,
      0.058719565072830604,
      0.8777277152446752,
      0.37258201535462143,
      0.5690836965145631,
      0.8397138279254946,
      0.7822144178722182,
      0.09348001882825574,
      0.8054493439760025,
      0.40491328226770174,
      0.7593493476780875,
      0.39367083594761043,
      0.8087194945676706,
      0.7919461650434354,
      0.2570738022368264,
      0.1981804466407746,
      0.1273545142761141,
      0.12853385218970215,
      0.7868056911592518,
      0.03147112493324877,
      0.029432851947444716,
      0.022839524865276406,
      0.7490047094405874,
      0.20420271422219172,
      0.7461408777231823,
      0.14873835621489673,
      0.11133259650807814,
      0.10806426912339384,
      0.12373056840745567
    ],
    "change_score_mean": 0.3804273631981262,
    "change_score_std": 0.31797567945168387,
    "change_score_max": 0.8777277152446752,
    "temporal_gaps": [],
    "temporal_gap_count": 0,
    "temporal_gap_total_duration": 0.0,
    "transition_similarity_scores": [
      0.19128050543232947,
      0.2080538349565646
    ],
    "transition_similarity_mean": 0.19966717019444702,
    "temporal_density": 0.7931034482758621
  },
  "metadata": {
    "video_path": "/vol/videos/core/produced_digital/commercials/7LtjzQaFZ3k.mp4",
    "dataset": "produced_digital/commercials",
    "tier": "produced_digital",
    "study_type": "core",
    "source_fps": 23.976023976023978,
    "source_width": 1280,
    "source_height": 720,
    "experiment_version": "3.3",
    "batch": "1-retry",
    "retry_id": "20251226_182920"
  }
}