{
  "video_id": "7p_3lITiK_Q",
  "fps": 3.0,
  "duration": 29.666666666666664,
  "frame_count": 90,
  "scene_signals": {
    "transition_count": 10,
    "transition_timestamps": [
      8.0,
      8.333333333333332,
      8.666666666666666,
      10.0,
      11.666666666666666,
      16.666666666666664,
      18.333333333333332,
      20.333333333333332,
      21.333333333333332,
      26.0
    ],
    "transition_types": [
      "hard_cut",
      "hard_cut",
      "hard_cut",
      "soft_cut",
      "soft_cut",
      "soft_cut",
      "soft_cut",
      "soft_cut",
      "soft_cut",
      "hard_cut"
    ],
    "transition_magnitudes": [
      322.3506773350363,
      180.1277874049893,
      3814.2602098386265,
      48.011157133004865,
      50.509785225869045,
      77.38373459351764,
      33.09789736334653,
      80.13243289042893,
      48.711901880819404,
      102.51530708856637
    ],
    "scene_count": 11,
    "scene_durations": [
      8.0,
      0.33333333333333215,
      0.3333333333333339,
      1.333333333333334,
      1.666666666666666,
      4.999999999999998,
      1.6666666666666679,
      2.0,
      1.0,
      4.666666666666668,
      3.6666666666666643
    ],
    "scene_duration_mean": 2.696969696969697,
    "scene_duration_std": 2.2717169471504617,
    "scene_duration_min": 0.33333333333333215,
    "scene_duration_max": 8.0,
    "scene_types": [
      "unknown",
      "unknown",
      "unknown",
      "unknown",
      "unknown",
      "unknown",
      "unknown",
      "unknown",
      "unknown",
      "unknown",
      "unknown"
    ],
    "transitions": [
      {
        "timestamp": 8.0,
        "frame_index": 24,
        "transition_type": "hard_cut",
        "magnitude": 322.3506773350363
      },
      {
        "timestamp": 8.333333333333332,
        "frame_index": 25,
        "transition_type": "hard_cut",
        "magnitude": 180.1277874049893
      },
      {
        "timestamp": 8.666666666666666,
        "frame_index": 26,
        "transition_type": "hard_cut",
        "magnitude": 3814.2602098386265
      },
      {
        "timestamp": 10.0,
        "frame_index": 30,
        "transition_type": "soft_cut",
        "magnitude": 48.011157133004865
      },
      {
        "timestamp": 11.666666666666666,
        "frame_index": 35,
        "transition_type": "soft_cut",
        "magnitude": 50.509785225869045
      },
      {
        "timestamp": 16.666666666666664,
        "frame_index": 50,
        "transition_type": "soft_cut",
        "magnitude": 77.38373459351764
      },
      {
        "timestamp": 18.333333333333332,
        "frame_index": 55,
        "transition_type": "soft_cut",
        "magnitude": 33.09789736334653
      },
      {
        "timestamp": 20.333333333333332,
        "frame_index": 61,
        "transition_type": "soft_cut",
        "magnitude": 80.13243289042893
      },
      {
        "timestamp": 21.333333333333332,
        "frame_index": 64,
        "transition_type": "soft_cut",
        "magnitude": 48.711901880819404
      },
      {
        "timestamp": 26.0,
        "frame_index": 78,
        "transition_type": "hard_cut",
        "magnitude": 102.51530708856637
      }
    ],
    "scenes": [
      {
        "start_time": 0.0,
        "end_time": 8.0,
        "duration": 8.0,
        "scene_type": "unknown",
        "start_frame": 0,
        "end_frame": 23
      },
      {
        "start_time": 8.0,
        "end_time": 8.333333333333332,
        "duration": 0.33333333333333215,
        "scene_type": "unknown",
        "start_frame": 24,
        "end_frame": 24
      },
      {
        "start_time": 8.333333333333332,
        "end_time": 8.666666666666666,
        "duration": 0.3333333333333339,
        "scene_type": "unknown",
        "start_frame": 25,
        "end_frame": 25
      },
      {
        "start_time": 8.666666666666666,
        "end_time": 10.0,
        "duration": 1.333333333333334,
        "scene_type": "unknown",
        "start_frame": 26,
        "end_frame": 29
      },
      {
        "start_time": 10.0,
        "end_time": 11.666666666666666,
        "duration": 1.666666666666666,
        "scene_type": "unknown",
        "start_frame": 30,
        "end_frame": 34
      },
      {
        "start_time": 11.666666666666666,
        "end_time": 16.666666666666664,
        "duration": 4.999999999999998,
        "scene_type": "unknown",
        "start_frame": 35,
        "end_frame": 49
      },
      {
        "start_time": 16.666666666666664,
        "end_time": 18.333333333333332,
        "duration": 1.6666666666666679,
        "scene_type": "unknown",
        "start_frame": 50,
        "end_frame": 54
      },
      {
        "start_time": 18.333333333333332,
        "end_time": 20.333333333333332,
        "duration": 2.0,
        "scene_type": "unknown",
        "start_frame": 55,
        "end_frame": 60
      },
      {
        "start_time": 20.333333333333332,
        "end_time": 21.333333333333332,
        "duration": 1.0,
        "scene_type": "unknown",
        "start_frame": 61,
        "end_frame": 63
      },
      {
        "start_time": 21.333333333333332,
        "end_time": 26.0,
        "duration": 4.666666666666668,
        "scene_type": "unknown",
        "start_frame": 64,
        "end_frame": 77
      },
      {
        "start_time": 26.0,
        "end_time": 29.666666666666664,
        "duration": 3.6666666666666643,
        "scene_type": "unknown",
        "start_frame": 78,
        "end_frame": 89
      }
    ]
  },
  "character_signals": {
    "person_counts_per_frame": [
      1,
      1,
      1,
      1,
      1,
      1,
      1,
      1,
      1,
      1,
      1,
      1,
      1,
      1,
      1,
      1,
      1,
      1,
      2,
      1,
      1,
      1,
      1,
      1,
      1,
      0,
      0,
      0,
      0,
      0,
      2,
      2,
      0,
      0,
      0,
      3,
      3,
      2,
      0,
      0,
      0,
      0,
      0,
      0,
      0,
      0,
      0,
      0,
      0,
      0,
      0,
      0,
      0,
      0,
      0,
      0,
      0,
      0,
      0,
      0,
      0,
      0,
      0,
      0,
      0,
      1,
      1,
      0,
      0,
      1,
      0,
      0,
      0,
      0,
      0,
      0,
      1,
      1,
      1,
      1,
      2,
      1,
      0,
      0,
      0,
      0,
      1,
      1,
      1,
      1
    ],
    "person_count_mode": 0,
    "person_count_mean": 0.5777777777777777,
    "person_count_std": 0.698852675267395,
    "person_count_min": 0,
    "person_count_max": 3,
    "person_count_distribution": {
      "1": 36,
      "2": 5,
      "0": 47,
      "3": 2
    },
    "character_consistency": 0.5222222222222223,
    "entry_events": [
      {
        "timestamp": 6.0,
        "frame_index": 18,
        "event_type": "entry",
        "count_before": 1,
        "count_after": 2
      },
      {
        "timestamp": 10.0,
        "frame_index": 30,
        "event_type": "entry",
        "count_before": 0,
        "count_after": 2
      },
      {
        "timestamp": 11.666666666666666,
        "frame_index": 35,
        "event_type": "entry",
        "count_before": 0,
        "count_after": 3
      },
      {
        "timestamp": 21.666666666666664,
        "frame_index": 65,
        "event_type": "entry",
        "count_before": 0,
        "count_after": 1
      },
      {
        "timestamp": 23.0,
        "frame_index": 69,
        "event_type": "entry",
        "count_before": 0,
        "count_after": 1
      },
      {
        "timestamp": 25.333333333333332,
        "frame_index": 76,
        "event_type": "entry",
        "count_before": 0,
        "count_after": 1
      },
      {
        "timestamp": 26.666666666666664,
        "frame_index": 80,
        "event_type": "entry",
        "count_before": 1,
        "count_after": 2
      },
      {
        "timestamp": 28.666666666666664,
        "frame_index": 86,
        "event_type": "entry",
        "count_before": 0,
        "count_after": 1
      }
    ],
    "exit_events": [
      {
        "timestamp": 6.333333333333333,
        "frame_index": 19,
        "event_type": "exit",
        "count_before": 2,
        "count_after": 1
      },
      {
        "timestamp": 8.333333333333332,
        "frame_index": 25,
        "event_type": "exit",
        "count_before": 1,
        "count_after": 0
      },
      {
        "timestamp": 10.666666666666666,
        "frame_index": 32,
        "event_type": "exit",
        "count_before": 2,
        "count_after": 0
      },
      {
        "timestamp": 12.333333333333332,
        "frame_index": 37,
        "event_type": "exit",
        "count_before": 3,
        "count_after": 2
      },
      {
        "timestamp": 12.666666666666666,
        "frame_index": 38,
        "event_type": "exit",
        "count_before": 2,
        "count_after": 0
      },
      {
        "timestamp": 22.333333333333332,
        "frame_index": 67,
        "event_type": "exit",
        "count_before": 1,
        "count_after": 0
      },
      {
        "timestamp": 23.333333333333332,
        "frame_index": 70,
        "event_type": "exit",
        "count_before": 1,
        "count_after": 0
      },
      {
        "timestamp": 27.0,
        "frame_index": 81,
        "event_type": "exit",
        "count_before": 2,
        "count_after": 1
      },
      {
        "timestamp": 27.333333333333332,
        "frame_index": 82,
        "event_type": "exit",
        "count_before": 1,
        "count_after": 0
      }
    ],
    "entry_count": 8,
    "exit_count": 9,
    "entry_exit_total": 17,
    "entry_timestamps": [
      6.0,
      10.0,
      11.666666666666666,
      21.666666666666664,
      23.0,
      25.333333333333332,
      26.666666666666664,
      28.666666666666664
    ],
    "exit_timestamps": [
      6.333333333333333,
      8.333333333333332,
      10.666666666666666,
      12.333333333333332,
      12.666666666666666,
      22.333333333333332,
      23.333333333333332,
      27.0,
      27.333333333333332
    ]
  },
  "visual_signals": {
    "unique_objects": [
      "dog",
      "person",
      "cat",
      "car",
      "bird",
      "cow",
      "tv",
      "horse"
    ],
    "unique_object_count": 8,
    "persistent_objects": [],
    "persistent_object_count": 0,
    "transient_objects": [
      "cat",
      "car",
      "bird",
      "cow",
      "tv",
      "horse"
    ],
    "transient_object_count": 6,
    "object_frequency": {
      "dog": 0.3111111111111111,
      "person": 0.4777777777777778,
      "cat": 0.011111111111111112,
      "car": 0.044444444444444446,
      "bird": 0.011111111111111112,
      "cow": 0.044444444444444446,
      "tv": 0.011111111111111112,
      "horse": 0.03333333333333333
    },
    "object_frame_counts": {
      "dog": 28,
      "person": 43,
      "cat": 1,
      "car": 4,
      "bird": 1,
      "cow": 4,
      "tv": 1,
      "horse": 3
    },
    "object_first_appearance": {
      "dog": 0.0,
      "person": 0.0,
      "cat": 4.0,
      "car": 8.333333333333332,
      "bird": 14.333333333333332,
      "cow": 15.333333333333332,
      "tv": 17.666666666666664,
      "horse": 20.333333333333332
    },
    "object_last_appearance": {
      "dog": 29.666666666666664,
      "person": 29.666666666666664,
      "cat": 4.0,
      "car": 9.666666666666666,
      "bird": 14.333333333333332,
      "cow": 22.0,
      "tv": 17.666666666666664,
      "horse": 21.0
    },
    "objects_per_frame": [
      [
        "dog",
        "person"
      ],
      [
        "person"
      ],
      [
        "dog",
        "person"
      ],
      [
        "person"
      ],
      [
        "person"
      ],
      [
        "person"
      ],
      [
        "person"
      ],
      [
        "dog",
        "person"
      ],
      [
        "dog",
        "person"
      ],
      [
        "dog",
        "person"
      ],
      [
        "person"
      ],
      [
        "person"
      ],
      [
        "cat",
        "person"
      ],
      [
        "person"
      ],
      [
        "person"
      ],
      [
        "person"
      ],
      [
        "person"
      ],
      [
        "person"
      ],
      [
        "person"
      ],
      [
        "person"
      ],
      [
        "person"
      ],
      [
        "person"
      ],
      [
        "person"
      ],
      [
        "person"
      ],
      [
        "person"
      ],
      [
        "car"
      ],
      [
        "car"
      ],
      [
        "car"
      ],
      [],
      [
        "car"
      ],
      [
        "person"
      ],
      [
        "dog",
        "person"
      ],
      [],
      [],
      [
        "dog"
      ],
      [
        "person"
      ],
      [
        "dog",
        "person"
      ],
      [
        "dog",
        "person"
      ],
      [],
      [],
      [],
      [],
      [],
      [
        "bird"
      ],
      [
        "dog"
      ],
      [
        "dog"
      ],
      [
        "cow"
      ],
      [],
      [
        "dog"
      ],
      [],
      [
        "dog"
      ],
      [
        "dog"
      ],
      [
        "dog"
      ],
      [
        "tv",
        "dog"
      ],
      [
        "dog"
      ],
      [
        "dog"
      ],
      [
        "dog"
      ],
      [],
      [
        "dog"
      ],
      [
        "dog"
      ],
      [
        "dog"
      ],
      [
        "horse"
      ],
      [
        "horse"
      ],
      [
        "horse"
      ],
      [
        "cow"
      ],
      [
        "person",
        "cow"
      ],
      [
        "person",
        "cow"
      ],
      [],
      [],
      [
        "person"
      ],
      [
        "dog"
      ],
      [
        "dog"
      ],
      [],
      [],
      [
        "dog"
      ],
      [],
      [
        "person"
      ],
      [
        "person"
      ],
      [
        "dog",
        "person"
      ],
      [
        "person"
      ],
      [
        "person"
      ],
      [
        "person"
      ],
      [],
      [],
      [],
      [],
      [
        "dog",
        "person"
      ],
      [
        "person"
      ],
      [
        "person"
      ],
      [
        "dog",
        "person"
      ]
    ],
    "appearances": [
      {
        "object_class": "dog",
        "first_appearance": 0.0,
        "last_appearance": 29.666666666666664,
        "frame_count": 28,
        "frequency": 0.3111111111111111
      },
      {
        "object_class": "person",
        "first_appearance": 0.0,
        "last_appearance": 29.666666666666664,
        "frame_count": 43,
        "frequency": 0.4777777777777778
      },
      {
        "object_class": "cat",
        "first_appearance": 4.0,
        "last_appearance": 4.0,
        "frame_count": 1,
        "frequency": 0.011111111111111112
      },
      {
        "object_class": "car",
        "first_appearance": 8.333333333333332,
        "last_appearance": 9.666666666666666,
        "frame_count": 4,
        "frequency": 0.044444444444444446
      },
      {
        "object_class": "bird",
        "first_appearance": 14.333333333333332,
        "last_appearance": 14.333333333333332,
        "frame_count": 1,
        "frequency": 0.011111111111111112
      },
      {
        "object_class": "cow",
        "first_appearance": 15.333333333333332,
        "last_appearance": 22.0,
        "frame_count": 4,
        "frequency": 0.044444444444444446
      },
      {
        "object_class": "tv",
        "first_appearance": 17.666666666666664,
        "last_appearance": 17.666666666666664,
        "frame_count": 1,
        "frequency": 0.011111111111111112
      },
      {
        "object_class": "horse",
        "first_appearance": 20.333333333333332,
        "last_appearance": 21.0,
        "frame_count": 3,
        "frequency": 0.03333333333333333
      }
    ]
  },
  "atmosphere_signals": {
    "brightness_values": [
      86.45006184895833,
      87.11791883680556,
      85.58989366319445,
      79.88733072916666,
      80.08015516493056,
      80.14681749131944,
      80.14383355034722,
      84.42074652777778,
      84.47459526909722,
      84.45612738715278,
      86.071669921875,
      86.51201605902777,
      97.52693901909723,
      95.95740885416667,
      94.31398871527777,
      92.71554036458333,
      91.76546657986111,
      91.88117947048612,
      87.0465060763889,
      87.19344835069444,
      87.23222981770833,
      84.61663194444445,
      84.537060546875,
      84.7364529079861,
      217.00161458333332,
      131.63684461805556,
      93.33934244791666,
      93.56217447916667,
      93.67777560763889,
      94.01145073784723,
      89.00988606770834,
      89.92878797743056,
      81.43474609375,
      80.3414279513889,
      81.18037109375,
      85.24004340277777,
      85.21680772569445,
      86.7899197048611,
      89.10151041666667,
      93.93695421006944,
      81.90402018229166,
      83.14863932291667,
      82.34776475694444,
      82.98453125,
      82.78232638888889,
      82.107451171875,
      102.316728515625,
      102.54921006944444,
      102.69707790798611,
      102.89471354166666,
      57.750902777777775,
      61.785846354166665,
      64.49372938368056,
      66.86595052083334,
      68.90768337673612,
      45.738580729166664,
      45.5569921875,
      45.518427734375,
      62.97864366319445,
      62.17100260416667,
      62.15731770833333,
      69.56752278645833,
      70.20833550347223,
      72.45183810763889,
      95.00239040798611,
      89.80716145833334,
      81.63695855034722,
      76.86426866319445,
      76.59786566840278,
      77.01164605034722,
      55.87139756944445,
      55.938289930555555,
      47.98029296875,
      48.14411892361111,
      48.330516493055555,
      48.55690972222222,
      31.32841579861111,
      39.09159939236111,
      51.70965711805555,
      44.53045464409722,
      51.339765625,
      63.81632161458333,
      46.586414930555556,
      46.614150390625,
      46.808186848958336,
      48.11231336805555,
      44.70085720486111,
      42.216022135416665,
      47.11933702256945,
      44.883128255208334
    ],
    "brightness_mean": 76.47519281684028,
    "brightness_std": 24.39644348142154,
    "brightness_min": 31.32841579861111,
    "brightness_max": 217.00161458333332,
    "brightness_range": 185.67319878472222,
    "lighting_changes": [
      {
        "timestamp": 8.0,
        "frame_index": 24,
        "brightness_before": 84.7364529079861,
        "brightness_after": 217.00161458333332,
        "magnitude": 132.2651616753472
      },
      {
        "timestamp": 8.333333333333332,
        "frame_index": 25,
        "brightness_before": 217.00161458333332,
        "brightness_after": 131.63684461805556,
        "magnitude": 85.36476996527776
      },
      {
        "timestamp": 8.666666666666666,
        "frame_index": 26,
        "brightness_before": 131.63684461805556,
        "brightness_after": 93.33934244791666,
        "magnitude": 38.2975021701389
      },
      {
        "timestamp": 15.333333333333332,
        "frame_index": 46,
        "brightness_before": 82.107451171875,
        "brightness_after": 102.316728515625,
        "magnitude": 20.209277343750003
      },
      {
        "timestamp": 16.666666666666664,
        "frame_index": 50,
        "brightness_before": 102.89471354166666,
        "brightness_after": 57.750902777777775,
        "magnitude": 45.14381076388889
      },
      {
        "timestamp": 18.333333333333332,
        "frame_index": 55,
        "brightness_before": 68.90768337673612,
        "brightness_after": 45.738580729166664,
        "magnitude": 23.169102647569453
      },
      {
        "timestamp": 21.333333333333332,
        "frame_index": 64,
        "brightness_before": 72.45183810763889,
        "brightness_after": 95.00239040798611,
        "magnitude": 22.55055230034722
      },
      {
        "timestamp": 23.333333333333332,
        "frame_index": 70,
        "brightness_before": 77.01164605034722,
        "brightness_after": 55.87139756944445,
        "magnitude": 21.140248480902777
      }
    ],
    "lighting_change_count": 8,
    "setting_type": "indoor",
    "dominant_colors_rgb": [
      [
        "94",
        "87",
        "86"
      ],
      [
        "54",
        "46",
        "43"
      ],
      [
        "172",
        "163",
        "155"
      ]
    ],
    "dominant_colors": [
      "brown",
      "brown",
      "brown"
    ]
  },
  "action_signals": {
    "intensity_timeline": [
      0.0,
      0.016396559476852417,
      0.03641443967819214,
      0.07803764343261718,
      0.011054742336273193,
      0.004961656332015991,
      0.0029163578152656554,
      0.04168663501739502,
      0.022400190830230714,
      0.02607975959777832,
      0.06670923233032226,
      0.058946266174316406,
      0.11070562362670898,
      0.06475337982177734,
      0.05145111083984375,
      0.057910308837890626,
      0.05773355007171631,
      0.02683461904525757,
      0.06506970405578613,
      0.009252996444702148,
      0.010656929016113282,
      0.04136800765991211,
      0.006914145946502685,
      0.016998345851898192,
      0.12914575576782228,
      0.08522247314453125,
      0.06428924083709717,
      0.06739789485931397,
      0.05105608940124512,
      0.06668849468231201,
      0.15695886611938475,
      0.24645570755004884,
      0.17203845977783203,
      0.09021146774291992,
      0.1510698127746582,
      0.16500415802001953,
      0.029494190216064455,
      0.17674665451049804,
      0.10586029052734375,
      0.05583722114562988,
      0.08673460960388184,
      0.037231521606445314,
      0.07144083023071289,
      0.15670182228088378,
      0.1040884017944336,
      0.2757998275756836,
      0.17995105743408202,
      0.023957011699676515,
      0.024503188133239748,
      0.038148462772369385,
      0.16033584594726563,
      0.020166711807250978,
      0.019082765579223632,
      0.0168693470954895,
      0.022909939289093018,
      0.17964618682861327,
      0.004293817579746246,
      0.003538179099559784,
      0.09670009613037109,
      0.12596851348876953,
      0.12432138442993164,
      0.07359961032867432,
      0.06506067276000976,
      0.060631537437438966,
      0.047063779830932614,
      0.04352420806884766,
      0.04187155246734619,
      0.06947456359863281,
      0.05143148422241211,
      0.03267672538757324,
      0.09143831253051758,
      0.009356690049171447,
      0.11511106491088867,
      0.011366753578186036,
      0.006465957164764404,
      0.004679914712905884,
      0.08382370948791504,
      0.020134010314941407,
      0.056094150543212894,
      0.06398430824279785,
      0.045282626152038576,
      0.04461742401123047,
      0.1517854881286621,
      0.05762490272521972,
      0.10460274696350097,
      0.12619471549987793,
      0.09804585456848144,
      0.008680442571640015,
      0.010771492719650269,
      0.016029571294784547
    ],
    "intensity_mean": 0.06758380857772298,
    "intensity_std": 0.056981506802349466,
    "intensity_min": 0.0,
    "intensity_max": 0.2757998275756836,
    "intensity_trend": "stable",
    "peak_moments": [
      {
        "timestamp": 4.0,
        "frame_index": 12,
        "intensity": 0.11070562362670898,
        "moment_type": "peak"
      },
      {
        "timestamp": 10.333333333333332,
        "frame_index": 31,
        "intensity": 0.24645570755004884,
        "moment_type": "peak"
      },
      {
        "timestamp": 12.333333333333332,
        "frame_index": 37,
        "intensity": 0.17674665451049804,
        "moment_type": "peak"
      },
      {
        "timestamp": 15.0,
        "frame_index": 45,
        "intensity": 0.2757998275756836,
        "moment_type": "peak"
      },
      {
        "timestamp": 16.666666666666664,
        "frame_index": 50,
        "intensity": 0.16033584594726563,
        "moment_type": "peak"
      },
      {
        "timestamp": 18.333333333333332,
        "frame_index": 55,
        "intensity": 0.17964618682861327,
        "moment_type": "peak"
      },
      {
        "timestamp": 19.666666666666664,
        "frame_index": 59,
        "intensity": 0.12596851348876953,
        "moment_type": "peak"
      },
      {
        "timestamp": 24.0,
        "frame_index": 72,
        "intensity": 0.11511106491088867,
        "moment_type": "peak"
      },
      {
        "timestamp": 27.333333333333332,
        "frame_index": 82,
        "intensity": 0.1517854881286621,
        "moment_type": "peak"
      }
    ],
    "valley_moments": [
      {
        "timestamp": 7.333333333333333,
        "frame_index": 22,
        "intensity": 0.006914145946502685,
        "moment_type": "valley"
      },
      {
        "timestamp": 12.0,
        "frame_index": 36,
        "intensity": 0.029494190216064455,
        "moment_type": "valley"
      },
      {
        "timestamp": 13.666666666666666,
        "frame_index": 41,
        "intensity": 0.037231521606445314,
        "moment_type": "valley"
      },
      {
        "timestamp": 15.666666666666666,
        "frame_index": 47,
        "intensity": 0.023957011699676515,
        "moment_type": "valley"
      },
      {
        "timestamp": 17.666666666666664,
        "frame_index": 53,
        "intensity": 0.0168693470954895,
        "moment_type": "valley"
      },
      {
        "timestamp": 19.0,
        "frame_index": 57,
        "intensity": 0.003538179099559784,
        "moment_type": "valley"
      },
      {
        "timestamp": 23.666666666666664,
        "frame_index": 71,
        "intensity": 0.009356690049171447,
        "moment_type": "valley"
      },
      {
        "timestamp": 25.0,
        "frame_index": 75,
        "intensity": 0.004679914712905884,
        "moment_type": "valley"
      }
    ],
    "peak_timestamps": [
      4.0,
      10.333333333333332,
      12.333333333333332,
      15.0,
      16.666666666666664,
      18.333333333333332,
      19.666666666666664,
      24.0,
      27.333333333333332
    ],
    "valley_timestamps": [
      7.333333333333333,
      12.0,
      13.666666666666666,
      15.666666666666666,
      17.666666666666664,
      19.0,
      23.666666666666664,
      25.0
    ],
    "peak_count": 9,
    "valley_count": 8,
    "action_variance": 0.0032468921174661986
  },
  "temporal_signals": {
    "frame_change_scores": [
      0.0,
      0.06657266817329033,
      0.1167014080670098,
      0.2328123453108092,
      0.041456864532009585,
      0.022603926203855762,
      0.007978155786448338,
      0.211566356056495,
      0.08798586756849658,
      0.10295676784139296,
      0.19079851813405635,
      0.19618588914294188,
      0.38250541155360984,
      0.1597215048908992,
      0.1639154424343493,
      0.17209806520336046,
      0.22762792193471482,
      0.07750198781055129,
      0.27293878739568533,
      0.03741868147650795,
      0.041238215187972105,
      0.21837948472010937,
      0.02977220416359705,
      0.08291435899231159,
      0.6632393912574164,
      0.6735711037329832,
      0.361152923906065,
      0.2577576928298976,
      0.19234468905251967,
      0.29728252000861544,
      0.860177284850573,
      0.760051053472526,
      0.8293027450303363,
      0.6108761289449129,
      0.7013851612812703,
      0.8337810945075492,
      0.142232856070995,
      0.7843171117559232,
      0.7366972303283594,
      0.6777159410025467,
      0.7285033162285648,
      0.2084955223319308,
      0.4223297582405985,
      0.7791795846791915,
      0.4499114832751716,
      0.6433994848276721,
      0.8113778314840169,
      0.09348586368895506,
      0.09038925333974801,
      0.12231865786826279,
      0.738276003614699,
      0.09826747546155112,
      0.09808158150501323,
      0.10305080331184369,
      0.10280179284854163,
      0.6510254492508494,
      0.018976895391379034,
      0.01600425724994392,
      0.6981157644948885,
      0.46281950695363616,
      0.40655330299467574,
      0.6165357414411978,
      0.43305002995033215,
      0.4298815758445945,
      0.7194201136872157,
      0.3668397894489831,
      0.3755758442995515,
      0.6551780318535971,
      0.1850013294618117,
      0.1809538587051286,
      0.7221309130499061,
      0.039933143447301034,
      0.6036781463790344,
      0.03639953920927619,
      0.028387620755467524,
      0.0228100820002074,
      0.5817143935994502,
      0.41658044115844794,
      0.698290463372429,
      0.44299595448915097,
      0.40595345862231147,
      0.4457112642267027,
      0.7434678552266658,
      0.3715624743666516,
      0.4132267187313058,
      0.4760966687190211,
      0.7374612929875813,
      0.34098254315252097,
      0.3472030797513843,
      0.3691837237605726
    ],
    "change_score_mean": 0.36083450490390995,
    "change_score_std": 0.2660820114482341,
    "change_score_max": 0.860177284850573,
    "temporal_gaps": [],
    "temporal_gap_count": 0,
    "temporal_gap_total_duration": 0.0,
    "transition_similarity_scores": [
      0.33676060874258357,
      0.3264288962670168,
      0.638847076093935,
      0.13982271514942704,
      0.16621890549245072,
      0.26172399638530097,
      0.34897455074915057,
      0.3834642585588022,
      0.2805798863127843,
      0.3017095366275711
    ],
    "transition_similarity_mean": 0.31845304303790223,
    "temporal_density": 2.3258426966292136
  },
  "metadata": {
    "video_path": "/vol/videos/core/produced_digital/commercials/7p_3lITiK_Q.mp4",
    "dataset": "produced_digital/commercials",
    "tier": "produced_digital",
    "study_type": "core",
    "source_fps": 29.97002997002997,
    "source_width": 1280,
    "source_height": 720,
    "experiment_version": "3.3",
    "batch": "1-retry",
    "retry_id": "20251226_182920"
  }
}