{
  "video_id": "7p_3lITiK_Q",
  "fps": 5.0,
  "duration": 29.8,
  "frame_count": 150,
  "scene_signals": {
    "transition_count": 10,
    "transition_timestamps": [
      8.0,
      8.200000000000001,
      8.6,
      10.0,
      11.8,
      16.6,
      18.2,
      20.400000000000002,
      21.200000000000003,
      26.0
    ],
    "transition_types": [
      "dissolve",
      "hard_cut",
      "hard_cut",
      "soft_cut",
      "soft_cut",
      "soft_cut",
      "soft_cut",
      "hard_cut",
      "soft_cut",
      "hard_cut"
    ],
    "transition_magnitudes": [
      71.79168580724287,
      48960.355623037925,
      3790.2547151930144,
      48.18372690360226,
      40.64695183984921,
      80.11331912935195,
      33.121617398299975,
      85.89378765601907,
      62.299190234635674,
      87.87904718261092
    ],
    "scene_count": 11,
    "scene_durations": [
      8.0,
      0.20000000000000107,
      0.3999999999999986,
      1.4000000000000004,
      1.8000000000000007,
      4.800000000000001,
      1.5999999999999979,
      2.200000000000003,
      0.8000000000000007,
      4.799999999999997,
      3.8000000000000007
    ],
    "scene_duration_mean": 2.709090909090909,
    "scene_duration_std": 2.2809306495593358,
    "scene_duration_min": 0.20000000000000107,
    "scene_duration_max": 8.0,
    "scene_types": [
      "unknown",
      "unknown",
      "unknown",
      "unknown",
      "unknown",
      "unknown",
      "unknown",
      "unknown",
      "unknown",
      "unknown",
      "unknown"
    ],
    "transitions": [
      {
        "timestamp": 8.0,
        "frame_index": 40,
        "transition_type": "dissolve",
        "magnitude": 71.79168580724287
      },
      {
        "timestamp": 8.200000000000001,
        "frame_index": 41,
        "transition_type": "hard_cut",
        "magnitude": 48960.355623037925
      },
      {
        "timestamp": 8.6,
        "frame_index": 43,
        "transition_type": "hard_cut",
        "magnitude": 3790.2547151930144
      },
      {
        "timestamp": 10.0,
        "frame_index": 50,
        "transition_type": "soft_cut",
        "magnitude": 48.18372690360226
      },
      {
        "timestamp": 11.8,
        "frame_index": 59,
        "transition_type": "soft_cut",
        "magnitude": 40.64695183984921
      },
      {
        "timestamp": 16.6,
        "frame_index": 83,
        "transition_type": "soft_cut",
        "magnitude": 80.11331912935195
      },
      {
        "timestamp": 18.2,
        "frame_index": 91,
        "transition_type": "soft_cut",
        "magnitude": 33.121617398299975
      },
      {
        "timestamp": 20.400000000000002,
        "frame_index": 102,
        "transition_type": "hard_cut",
        "magnitude": 85.89378765601907
      },
      {
        "timestamp": 21.200000000000003,
        "frame_index": 106,
        "transition_type": "soft_cut",
        "magnitude": 62.299190234635674
      },
      {
        "timestamp": 26.0,
        "frame_index": 130,
        "transition_type": "hard_cut",
        "magnitude": 87.87904718261092
      }
    ],
    "scenes": [
      {
        "start_time": 0.0,
        "end_time": 8.0,
        "duration": 8.0,
        "scene_type": "unknown",
        "start_frame": 0,
        "end_frame": 39
      },
      {
        "start_time": 8.0,
        "end_time": 8.200000000000001,
        "duration": 0.20000000000000107,
        "scene_type": "unknown",
        "start_frame": 40,
        "end_frame": 40
      },
      {
        "start_time": 8.200000000000001,
        "end_time": 8.6,
        "duration": 0.3999999999999986,
        "scene_type": "unknown",
        "start_frame": 41,
        "end_frame": 42
      },
      {
        "start_time": 8.6,
        "end_time": 10.0,
        "duration": 1.4000000000000004,
        "scene_type": "unknown",
        "start_frame": 43,
        "end_frame": 49
      },
      {
        "start_time": 10.0,
        "end_time": 11.8,
        "duration": 1.8000000000000007,
        "scene_type": "unknown",
        "start_frame": 50,
        "end_frame": 58
      },
      {
        "start_time": 11.8,
        "end_time": 16.6,
        "duration": 4.800000000000001,
        "scene_type": "unknown",
        "start_frame": 59,
        "end_frame": 82
      },
      {
        "start_time": 16.6,
        "end_time": 18.2,
        "duration": 1.5999999999999979,
        "scene_type": "unknown",
        "start_frame": 83,
        "end_frame": 90
      },
      {
        "start_time": 18.2,
        "end_time": 20.400000000000002,
        "duration": 2.200000000000003,
        "scene_type": "unknown",
        "start_frame": 91,
        "end_frame": 101
      },
      {
        "start_time": 20.400000000000002,
        "end_time": 21.200000000000003,
        "duration": 0.8000000000000007,
        "scene_type": "unknown",
        "start_frame": 102,
        "end_frame": 105
      },
      {
        "start_time": 21.200000000000003,
        "end_time": 26.0,
        "duration": 4.799999999999997,
        "scene_type": "unknown",
        "start_frame": 106,
        "end_frame": 129
      },
      {
        "start_time": 26.0,
        "end_time": 29.8,
        "duration": 3.8000000000000007,
        "scene_type": "unknown",
        "start_frame": 130,
        "end_frame": 149
      }
    ]
  },
  "character_signals": {
    "person_counts_per_frame": [
      1,
      1,
      1,
      1,
      1,
      1,
      1,
      1,
      1,
      1,
      1,
      1,
      1,
      1,
      1,
      1,
      1,
      1,
      1,
      1,
      1,
      1,
      1,
      1,
      1,
      1,
      1,
      1,
      1,
      1,
      1,
      1,
      1,
      1,
      1,
      1,
      1,
      1,
      1,
      1,
      1,
      0,
      0,
      0,
      0,
      0,
      0,
      0,
      0,
      0,
      2,
      2,
      2,
      2,
      0,
      0,
      0,
      0,
      0,
      3,
      3,
      3,
      2,
      1,
      0,
      0,
      0,
      0,
      0,
      0,
      0,
      0,
      0,
      0,
      0,
      0,
      0,
      0,
      0,
      0,
      0,
      0,
      0,
      0,
      0,
      0,
      0,
      0,
      0,
      0,
      0,
      0,
      0,
      0,
      0,
      0,
      0,
      0,
      0,
      0,
      0,
      0,
      0,
      0,
      0,
      0,
      0,
      0,
      0,
      1,
      1,
      0,
      0,
      0,
      0,
      0,
      0,
      0,
      0,
      0,
      0,
      0,
      0,
      0,
      0,
      1,
      0,
      1,
      1,
      1,
      1,
      1,
      1,
      2,
      2,
      1,
      1,
      0,
      0,
      0,
      0,
      0,
      0,
      1,
      1,
      1,
      1,
      1,
      1,
      1
    ],
    "person_count_mode": 0,
    "person_count_mean": 0.5533333333333333,
    "person_count_std": 0.6785933162718956,
    "person_count_min": 0,
    "person_count_max": 3,
    "person_count_distribution": {
      "1": 60,
      "0": 80,
      "2": 7,
      "3": 3
    },
    "character_consistency": 0.5333333333333333,
    "entry_events": [
      {
        "timestamp": 10.0,
        "frame_index": 50,
        "event_type": "entry",
        "count_before": 0,
        "count_after": 2
      },
      {
        "timestamp": 11.8,
        "frame_index": 59,
        "event_type": "entry",
        "count_before": 0,
        "count_after": 3
      },
      {
        "timestamp": 21.8,
        "frame_index": 109,
        "event_type": "entry",
        "count_before": 0,
        "count_after": 1
      },
      {
        "timestamp": 25.0,
        "frame_index": 125,
        "event_type": "entry",
        "count_before": 0,
        "count_after": 1
      },
      {
        "timestamp": 25.400000000000002,
        "frame_index": 127,
        "event_type": "entry",
        "count_before": 0,
        "count_after": 1
      },
      {
        "timestamp": 26.6,
        "frame_index": 133,
        "event_type": "entry",
        "count_before": 1,
        "count_after": 2
      },
      {
        "timestamp": 28.6,
        "frame_index": 143,
        "event_type": "entry",
        "count_before": 0,
        "count_after": 1
      }
    ],
    "exit_events": [
      {
        "timestamp": 8.200000000000001,
        "frame_index": 41,
        "event_type": "exit",
        "count_before": 1,
        "count_after": 0
      },
      {
        "timestamp": 10.8,
        "frame_index": 54,
        "event_type": "exit",
        "count_before": 2,
        "count_after": 0
      },
      {
        "timestamp": 12.4,
        "frame_index": 62,
        "event_type": "exit",
        "count_before": 3,
        "count_after": 2
      },
      {
        "timestamp": 12.600000000000001,
        "frame_index": 63,
        "event_type": "exit",
        "count_before": 2,
        "count_after": 1
      },
      {
        "timestamp": 12.8,
        "frame_index": 64,
        "event_type": "exit",
        "count_before": 1,
        "count_after": 0
      },
      {
        "timestamp": 22.200000000000003,
        "frame_index": 111,
        "event_type": "exit",
        "count_before": 1,
        "count_after": 0
      },
      {
        "timestamp": 25.200000000000003,
        "frame_index": 126,
        "event_type": "exit",
        "count_before": 1,
        "count_after": 0
      },
      {
        "timestamp": 27.0,
        "frame_index": 135,
        "event_type": "exit",
        "count_before": 2,
        "count_after": 1
      },
      {
        "timestamp": 27.400000000000002,
        "frame_index": 137,
        "event_type": "exit",
        "count_before": 1,
        "count_after": 0
      }
    ],
    "entry_count": 7,
    "exit_count": 9,
    "entry_exit_total": 16,
    "entry_timestamps": [
      10.0,
      11.8,
      21.8,
      25.0,
      25.400000000000002,
      26.6,
      28.6
    ],
    "exit_timestamps": [
      8.200000000000001,
      10.8,
      12.4,
      12.600000000000001,
      12.8,
      22.200000000000003,
      25.200000000000003,
      27.0,
      27.400000000000002
    ]
  },
  "visual_signals": {
    "unique_objects": [
      "dog",
      "person",
      "cat",
      "car",
      "horse",
      "bird",
      "cow",
      "cup"
    ],
    "unique_object_count": 8,
    "persistent_objects": [],
    "persistent_object_count": 0,
    "transient_objects": [
      "cat",
      "car",
      "horse",
      "bird",
      "cow",
      "cup"
    ],
    "transient_object_count": 6,
    "object_frequency": {
      "dog": 0.35333333333333333,
      "person": 0.4666666666666667,
      "cat": 0.006666666666666667,
      "car": 0.04666666666666667,
      "horse": 0.02666666666666667,
      "bird": 0.013333333333333334,
      "cow": 0.05333333333333334,
      "cup": 0.006666666666666667
    },
    "object_frame_counts": {
      "dog": 53,
      "person": 70,
      "cat": 1,
      "car": 7,
      "horse": 4,
      "bird": 2,
      "cow": 8,
      "cup": 1
    },
    "object_first_appearance": {
      "dog": 0.0,
      "person": 0.0,
      "cat": 4.2,
      "car": 8.4,
      "horse": 14.0,
      "bird": 14.4,
      "cow": 15.4,
      "cup": 22.0
    },
    "object_last_appearance": {
      "dog": 29.8,
      "person": 29.8,
      "cat": 4.2,
      "car": 9.8,
      "horse": 20.8,
      "bird": 22.8,
      "cow": 22.200000000000003,
      "cup": 22.0
    },
    "objects_per_frame": [
      [
        "dog",
        "person"
      ],
      [
        "dog",
        "person"
      ],
      [
        "person"
      ],
      [
        "dog",
        "person"
      ],
      [
        "dog",
        "person"
      ],
      [
        "person"
      ],
      [
        "person"
      ],
      [
        "person"
      ],
      [
        "person"
      ],
      [
        "person"
      ],
      [
        "person"
      ],
      [
        "dog",
        "person"
      ],
      [
        "dog",
        "person"
      ],
      [
        "dog",
        "person"
      ],
      [
        "dog",
        "person"
      ],
      [
        "dog",
        "person"
      ],
      [
        "person"
      ],
      [
        "person"
      ],
      [
        "person"
      ],
      [
        "person"
      ],
      [
        "person"
      ],
      [
        "person",
        "cat"
      ],
      [
        "person"
      ],
      [
        "person"
      ],
      [
        "person"
      ],
      [
        "person"
      ],
      [
        "person"
      ],
      [
        "person"
      ],
      [
        "person"
      ],
      [
        "person"
      ],
      [
        "person"
      ],
      [
        "person"
      ],
      [
        "person"
      ],
      [
        "person"
      ],
      [
        "person"
      ],
      [
        "person"
      ],
      [
        "person"
      ],
      [
        "person"
      ],
      [
        "person"
      ],
      [
        "person"
      ],
      [
        "person"
      ],
      [],
      [
        "car"
      ],
      [
        "car"
      ],
      [
        "car"
      ],
      [
        "car"
      ],
      [
        "car"
      ],
      [],
      [
        "car"
      ],
      [
        "car"
      ],
      [
        "person"
      ],
      [
        "dog",
        "person"
      ],
      [
        "dog",
        "person"
      ],
      [
        "person"
      ],
      [],
      [],
      [],
      [
        "dog"
      ],
      [
        "dog"
      ],
      [
        "person"
      ],
      [
        "dog",
        "person"
      ],
      [
        "dog",
        "person"
      ],
      [
        "dog",
        "person"
      ],
      [
        "person"
      ],
      [],
      [],
      [],
      [],
      [],
      [],
      [
        "horse"
      ],
      [],
      [
        "bird"
      ],
      [
        "dog"
      ],
      [
        "dog"
      ],
      [
        "dog"
      ],
      [
        "dog"
      ],
      [
        "cow"
      ],
      [
        "cow"
      ],
      [],
      [],
      [
        "dog"
      ],
      [],
      [],
      [
        "dog"
      ],
      [
        "dog"
      ],
      [
        "dog"
      ],
      [
        "dog"
      ],
      [
        "dog"
      ],
      [
        "dog"
      ],
      [
        "dog"
      ],
      [
        "dog"
      ],
      [
        "dog"
      ],
      [
        "dog"
      ],
      [
        "dog"
      ],
      [],
      [],
      [
        "dog"
      ],
      [
        "dog"
      ],
      [
        "dog"
      ],
      [
        "dog"
      ],
      [
        "dog"
      ],
      [
        "horse"
      ],
      [
        "horse"
      ],
      [
        "horse"
      ],
      [],
      [
        "cow"
      ],
      [
        "cow"
      ],
      [
        "cow"
      ],
      [
        "cow",
        "person"
      ],
      [
        "cow",
        "person",
        "cup"
      ],
      [
        "cow"
      ],
      [],
      [],
      [
        "bird"
      ],
      [],
      [
        "dog"
      ],
      [
        "dog"
      ],
      [
        "dog"
      ],
      [
        "dog"
      ],
      [
        "dog"
      ],
      [],
      [],
      [
        "dog"
      ],
      [
        "dog"
      ],
      [
        "person"
      ],
      [
        "dog"
      ],
      [
        "person"
      ],
      [
        "person"
      ],
      [
        "person"
      ],
      [
        "dog",
        "person"
      ],
      [
        "person"
      ],
      [
        "person"
      ],
      [
        "person"
      ],
      [
        "person"
      ],
      [
        "dog",
        "person"
      ],
      [
        "dog",
        "person"
      ],
      [],
      [],
      [],
      [],
      [],
      [],
      [
        "dog",
        "person"
      ],
      [
        "dog",
        "person"
      ],
      [
        "dog",
        "person"
      ],
      [
        "person"
      ],
      [
        "person"
      ],
      [
        "dog",
        "person"
      ],
      [
        "dog",
        "person"
      ]
    ],
    "appearances": [
      {
        "object_class": "dog",
        "first_appearance": 0.0,
        "last_appearance": 29.8,
        "frame_count": 53,
        "frequency": 0.35333333333333333
      },
      {
        "object_class": "person",
        "first_appearance": 0.0,
        "last_appearance": 29.8,
        "frame_count": 70,
        "frequency": 0.4666666666666667
      },
      {
        "object_class": "cat",
        "first_appearance": 4.2,
        "last_appearance": 4.2,
        "frame_count": 1,
        "frequency": 0.006666666666666667
      },
      {
        "object_class": "car",
        "first_appearance": 8.4,
        "last_appearance": 9.8,
        "frame_count": 7,
        "frequency": 0.04666666666666667
      },
      {
        "object_class": "horse",
        "first_appearance": 14.0,
        "last_appearance": 20.8,
        "frame_count": 4,
        "frequency": 0.02666666666666667
      },
      {
        "object_class": "bird",
        "first_appearance": 14.4,
        "last_appearance": 22.8,
        "frame_count": 2,
        "frequency": 0.013333333333333334
      },
      {
        "object_class": "cow",
        "first_appearance": 15.4,
        "last_appearance": 22.200000000000003,
        "frame_count": 8,
        "frequency": 0.05333333333333334
      },
      {
        "object_class": "cup",
        "first_appearance": 22.0,
        "last_appearance": 22.0,
        "frame_count": 1,
        "frequency": 0.006666666666666667
      }
    ]
  },
  "atmosphere_signals": {
    "brightness_values": [
      86.26664279513889,
      86.74341688368055,
      87.11791883680556,
      85.3685546875,
      85.6999338107639,
      79.95577799479166,
      79.97111219618056,
      80.08015516493056,
      80.16542209201388,
      80.13915364583333,
      80.16968098958333,
      84.86767686631944,
      84.42074652777778,
      84.41861979166667,
      84.490751953125,
      84.46592556423612,
      86.32589735243056,
      86.071669921875,
      86.16268229166667,
      87.1508615451389,
      89.49526909722222,
      96.95002278645833,
      95.95740885416667,
      95.28828559027778,
      94.11787760416667,
      92.96089192708334,
      91.64657660590278,
      91.76546657986111,
      91.80120334201389,
      91.88519965277777,
      92.25686089409722,
      87.1031521267361,
      87.19344835069444,
      87.21201388888889,
      87.23706488715278,
      84.62657660590278,
      84.47569118923612,
      84.537060546875,
      84.55883897569444,
      84.84808051215278,
      162.82638563368056,
      252.765810546875,
      131.63684461805556,
      93.30057400173611,
      93.46707790798611,
      93.50824544270833,
      93.57668511284722,
      93.67777560763889,
      93.90241319444445,
      94.02674262152777,
      89.37803493923612,
      88.99319118923611,
      89.92878797743056,
      91.108056640625,
      81.16595811631944,
      80.24738932291666,
      80.76755750868055,
      81.18037109375,
      80.12079535590277,
      85.2075368923611,
      85.93421115451389,
      84.53207682291666,
      86.7899197048611,
      88.37055555555555,
      90.12415581597222,
      94.1471701388889,
      93.542333984375,
      81.90402018229166,
      82.30759765625,
      83.19961588541666,
      82.91210286458333,
      82.97429253472222,
      82.98453125,
      82.72646484375,
      82.15858940972223,
      81.83706922743056,
      84.95629448784722,
      102.316728515625,
      102.47847981770833,
      102.41555338541667,
      102.63839301215278,
      102.80962890625,
      102.89471354166666,
      56.275729166666665,
      58.86601453993055,
      60.79953559027778,
      63.315487196180555,
      64.49372938368056,
      65.548798828125,
      67.61451280381945,
      68.83739691840277,
      45.838785807291664,
      45.738580729166664,
      45.630546875,
      45.527811414930554,
      45.511865234375,
      45.481337890625,
      62.97864366319445,
      62.131558159722225,
      62.17916883680556,
      62.174227430555554,
      62.067293836805554,
      69.56752278645833,
      69.62280381944444,
      70.50348741319445,
      71.81993381076389,
      100.58804578993056,
      95.00239040798611,
      91.58926649305556,
      88.1873828125,
      82.65873697916666,
      79.83810438368056,
      76.86426866319445,
      76.98298719618056,
      76.89767252604166,
      76.86323676215278,
      55.56969509548611,
      55.87139756944445,
      55.88189670138889,
      55.96832356770833,
      47.902269965277775,
      48.01788519965278,
      48.14411892361111,
      48.286327039930555,
      48.39434353298611,
      48.55731228298611,
      48.515346137152775,
      31.32841579861111,
      34.69754231770833,
      42.607333984375,
      52.21275933159722,
      48.952090928819445,
      44.53045464409722,
      47.38042317708334,
      53.83709201388889,
      63.11476779513889,
      62.59124240451389,
      46.586414930555556,
      46.623095703125,
      46.74069986979167,
      46.75838541666667,
      47.32183376736111,
      48.11231336805555,
      41.66526692708333,
      46.06849066840278,
      43.03513671875,
      42.51046983506944,
      47.11933702256945,
      45.76010959201389,
      45.624193793402775
    ],
    "brightness_mean": 76.31995982349537,
    "brightness_std": 25.00604155225275,
    "brightness_min": 31.32841579861111,
    "brightness_max": 252.765810546875,
    "brightness_range": 221.4373947482639,
    "lighting_changes": [
      {
        "timestamp": 8.0,
        "frame_index": 40,
        "brightness_before": 84.84808051215278,
        "brightness_after": 162.82638563368056,
        "magnitude": 77.97830512152778
      },
      {
        "timestamp": 8.200000000000001,
        "frame_index": 41,
        "brightness_before": 162.82638563368056,
        "brightness_after": 252.765810546875,
        "magnitude": 89.93942491319444
      },
      {
        "timestamp": 8.4,
        "frame_index": 42,
        "brightness_before": 252.765810546875,
        "brightness_after": 131.63684461805556,
        "magnitude": 121.12896592881944
      },
      {
        "timestamp": 8.6,
        "frame_index": 43,
        "brightness_before": 131.63684461805556,
        "brightness_after": 93.30057400173611,
        "magnitude": 38.33627061631945
      },
      {
        "timestamp": 16.6,
        "frame_index": 83,
        "brightness_before": 102.89471354166666,
        "brightness_after": 56.275729166666665,
        "magnitude": 46.618984375
      },
      {
        "timestamp": 18.2,
        "frame_index": 91,
        "brightness_before": 68.83739691840277,
        "brightness_after": 45.838785807291664,
        "magnitude": 22.99861111111111
      },
      {
        "timestamp": 21.200000000000003,
        "frame_index": 106,
        "brightness_before": 71.81993381076389,
        "brightness_after": 100.58804578993056,
        "magnitude": 28.768111979166676
      },
      {
        "timestamp": 23.200000000000003,
        "frame_index": 116,
        "brightness_before": 76.86323676215278,
        "brightness_after": 55.56969509548611,
        "magnitude": 21.29354166666667
      }
    ],
    "lighting_change_count": 8,
    "setting_type": "indoor",
    "dominant_colors_rgb": [
      [
        "93",
        "88",
        "86"
      ],
      [
        "53",
        "46",
        "44"
      ],
      [
        "173",
        "164",
        "155"
      ]
    ],
    "dominant_colors": [
      "brown",
      "brown",
      "brown"
    ]
  },
  "action_signals": {
    "intensity_timeline": [
      0.0,
      0.012269551753997803,
      0.01083617091178894,
      0.025695183277130128,
      0.022930500507354738,
      0.07774309158325195,
      0.010572322607040406,
      0.0062041783332824705,
      0.0038155663013458253,
      0.0029948490858078005,
      0.0021426142752170563,
      0.04400403499603271,
      0.07227338790893555,
      0.01168365478515625,
      0.019990094900131226,
      0.020407369136810304,
      0.11504536628723144,
      0.019667822122573852,
      0.02041412830352783,
      0.060855045318603515,
      0.087196683883667,
      0.0856360912322998,
      0.021022937297821044,
      0.03160717725753784,
      0.05240109443664551,
      0.04967735767364502,
      0.06165675640106201,
      0.01810811996459961,
      0.015686832666397095,
      0.017725162506103516,
      0.022072303295135497,
      0.053413925170898435,
      0.008053185939788819,
      0.006767987608909607,
      0.0068884754180908205,
      0.04126424789428711,
      0.008152394890785217,
      0.009165071845054627,
      0.009751694202423096,
      0.012827274799346923,
      0.08829898834228515,
      0.06405206680297852,
      0.059079737663269044,
      0.04545857906341553,
      0.046392388343811035,
      0.04017338752746582,
      0.03255312442779541,
      0.03023134469985962,
      0.0441707181930542,
      0.038061518669128415,
      0.15732351303100586,
      0.1459796619415283,
      0.16191688537597657,
      0.15957595825195312,
      0.15395946502685548,
      0.08327722549438477,
      0.04506148338317871,
      0.13694266319274903,
      0.18399297714233398,
      0.1771049118041992,
      0.019576421976089477,
      0.21889738082885743,
      0.18566762924194335,
      0.15361927032470704,
      0.09741780281066895,
      0.0571956205368042,
      0.06370647430419922,
      0.10426337242126466,
      0.03693694114685059,
      0.04377849578857422,
      0.05794610023498535,
      0.054493227005004884,
      0.1528841209411621,
      0.07787586212158203,
      0.08269084930419922,
      0.275778694152832,
      0.10599061012268067,
      0.21203561782836913,
      0.017805956602096558,
      0.016769245862960816,
      0.015956777334213256,
      0.014648672342300415,
      0.030867037773132325,
      0.15565467834472657,
      0.013451260328292847,
      0.013610841035842895,
      0.012127279043197632,
      0.01777616739273071,
      0.019122523069381715,
      0.015215253829956055,
      0.018802974224090576,
      0.17495189666748046,
      0.0026765024662017823,
      0.0033765286207199097,
      0.003909230530261994,
      0.002415115535259247,
      0.0016433577239513397,
      0.0965342140197754,
      0.12437879562377929,
      0.06248006343841553,
      0.098779935836792,
      0.027416558265686036,
      0.07820301055908203,
      0.035632336139678956,
      0.06514735698699951,
      0.06454568862915039,
      0.05201159477233887,
      0.04504155158996582,
      0.05161874771118164,
      0.04315138816833496,
      0.051253552436828616,
      0.052866768836975095,
      0.06864153861999511,
      0.03748952627182007,
      0.029519000053405763,
      0.025889623165130615,
      0.09291615486145019,
      0.010382825136184692,
      0.008794970512390136,
      0.0035346391797065734,
      0.12713512420654297,
      0.007451713681221008,
      0.010068631172180176,
      0.006963216662406921,
      0.0029836153984069825,
      0.0035099202394485475,
      0.0037668406963348388,
      0.08370835304260255,
      0.019297816753387452,
      0.024612479209899903,
      0.07393786430358887,
      0.06697983741760254,
      0.057781548500061036,
      0.03900362968444824,
      0.04591731071472168,
      0.035248715877532956,
      0.03410634040832519,
      0.1394457721710205,
      0.04022980213165283,
      0.041568264961242676,
      0.07358014106750488,
      0.0848628044128418,
      0.07268896579742432,
      0.10349592208862304,
      0.009857192635536194,
      0.0064816313982009885,
      0.011971298456192016,
      0.010886462926864625,
      0.01382110357284546,
      0.010824109315872193
    ],
    "intensity_mean": 0.05408118909796078,
    "intensity_std": 0.052950102509010555,
    "intensity_min": 0.0,
    "intensity_max": 0.275778694152832,
    "intensity_trend": "stable",
    "peak_moments": [
      {
        "timestamp": 3.2,
        "frame_index": 16,
        "intensity": 0.11504536628723144,
        "moment_type": "peak"
      },
      {
        "timestamp": 10.4,
        "frame_index": 52,
        "intensity": 0.16191688537597657,
        "moment_type": "peak"
      },
      {
        "timestamp": 11.600000000000001,
        "frame_index": 58,
        "intensity": 0.18399297714233398,
        "moment_type": "peak"
      },
      {
        "timestamp": 12.200000000000001,
        "frame_index": 61,
        "intensity": 0.21889738082885743,
        "moment_type": "peak"
      },
      {
        "timestamp": 15.0,
        "frame_index": 75,
        "intensity": 0.275778694152832,
        "moment_type": "peak"
      },
      {
        "timestamp": 15.4,
        "frame_index": 77,
        "intensity": 0.21203561782836913,
        "moment_type": "peak"
      },
      {
        "timestamp": 16.6,
        "frame_index": 83,
        "intensity": 0.15565467834472657,
        "moment_type": "peak"
      },
      {
        "timestamp": 18.2,
        "frame_index": 91,
        "intensity": 0.17495189666748046,
        "moment_type": "peak"
      },
      {
        "timestamp": 19.6,
        "frame_index": 98,
        "intensity": 0.12437879562377929,
        "moment_type": "peak"
      },
      {
        "timestamp": 24.0,
        "frame_index": 120,
        "intensity": 0.12713512420654297,
        "moment_type": "peak"
      },
      {
        "timestamp": 27.400000000000002,
        "frame_index": 137,
        "intensity": 0.1394457721710205,
        "moment_type": "peak"
      }
    ],
    "valley_moments": [
      {
        "timestamp": 6.6000000000000005,
        "frame_index": 33,
        "intensity": 0.006767987608909607,
        "moment_type": "valley"
      },
      {
        "timestamp": 11.200000000000001,
        "frame_index": 56,
        "intensity": 0.04506148338317871,
        "moment_type": "valley"
      },
      {
        "timestamp": 12.0,
        "frame_index": 60,
        "intensity": 0.019576421976089477,
        "moment_type": "valley"
      },
      {
        "timestamp": 13.600000000000001,
        "frame_index": 68,
        "intensity": 0.03693694114685059,
        "moment_type": "valley"
      },
      {
        "timestamp": 15.200000000000001,
        "frame_index": 76,
        "intensity": 0.10599061012268067,
        "moment_type": "valley"
      },
      {
        "timestamp": 16.2,
        "frame_index": 81,
        "intensity": 0.014648672342300415,
        "moment_type": "valley"
      },
      {
        "timestamp": 17.2,
        "frame_index": 86,
        "intensity": 0.012127279043197632,
        "moment_type": "valley"
      },
      {
        "timestamp": 19.200000000000003,
        "frame_index": 96,
        "intensity": 0.0016433577239513397,
        "moment_type": "valley"
      },
      {
        "timestamp": 23.8,
        "frame_index": 119,
        "intensity": 0.0035346391797065734,
        "moment_type": "valley"
      },
      {
        "timestamp": 24.8,
        "frame_index": 124,
        "intensity": 0.0029836153984069825,
        "moment_type": "valley"
      }
    ],
    "peak_timestamps": [
      3.2,
      10.4,
      11.600000000000001,
      12.200000000000001,
      15.0,
      15.4,
      16.6,
      18.2,
      19.6,
      24.0,
      27.400000000000002
    ],
    "valley_timestamps": [
      6.6000000000000005,
      11.200000000000001,
      12.0,
      13.600000000000001,
      15.200000000000001,
      16.2,
      17.2,
      19.200000000000003,
      23.8,
      24.8
    ],
    "peak_count": 11,
    "valley_count": 10,
    "action_variance": 0.002803713355714726
  },
  "temporal_signals": {
    "frame_change_scores": [
      0.0,
      0.05230109070866573,
      0.043991667998633965,
      0.08701195277508122,
      0.07443926815622481,
      0.22395961583181967,
      0.034849381094160026,
      0.021340354012852614,
      0.01699584482787342,
      0.007321741300380102,
      0.004946725513135353,
      0.2021002959210093,
      0.1483137015530156,
      0.04769440473363917,
      0.0880734747358266,
      0.08540848596172268,
      0.18421745447507232,
      0.06851730479099649,
      0.09382037975989332,
      0.2002290810726446,
      0.24139273084345048,
      0.2788313757347055,
      0.083968466857259,
      0.09586697779997877,
      0.1421788619789639,
      0.14236426741894892,
      0.23998947083897504,
      0.04696336338743912,
      0.03825737015382369,
      0.06107560924405553,
      0.0843804207510015,
      0.23137994913227022,
      0.025682686719613823,
      0.020208493847764242,
      0.021977453596462415,
      0.20587848162936584,
      0.0252178860857436,
      0.03739433571085615,
      0.045510296976462805,
      0.06213153359740309,
      0.426645242621961,
      0.4932917120205973,
      0.6317993554101043,
      0.2955139539229895,
      0.17621493758857798,
      0.14559062939141743,
      0.10681162722642079,
      0.10069202677213562,
      0.184219749435924,
      0.13811577026296562,
      0.8610624471292407,
      0.6957608957058277,
      0.7374617939483472,
      0.7708228402216518,
      0.8277630079703481,
      0.4078474391169643,
      0.15476386044917778,
      0.6927223398280162,
      0.7839457772921172,
      0.8333772191219289,
      0.10689871264025352,
      0.6915968302007593,
      0.7455777915341166,
      0.765446458796414,
      0.7033331499413717,
      0.6361649737108711,
      0.6189211952232668,
      0.7396511634340321,
      0.19384114335977298,
      0.2478623926575606,
      0.3425066690154789,
      0.3117743718766186,
      0.7799207144760412,
      0.35407226359686006,
      0.3991957545705971,
      0.6211257377461461,
      0.4510604167753053,
      0.8095730346234975,
      0.06984881520623754,
      0.058579766020435686,
      0.05855489361569233,
      0.04673506025142371,
      0.09057424282732485,
      0.7391743655959528,
      0.06058938348253018,
      0.07242701140395125,
      0.06077603118505959,
      0.07665298930983111,
      0.07596269367735642,
      0.06837655033289536,
      0.07580834787517055,
      0.64946746751288,
      0.01200134922309537,
      0.013652311924325367,
      0.015892342271506155,
      0.00976561483656413,
      0.005396613714600429,
      0.6981790133467918,
      0.4384083867736531,
      0.3542494887735015,
      0.38331344177410354,
      0.16880742486720202,
      0.6163821373258025,
      0.306029816187671,
      0.38172698198515553,
      0.3707420407244242,
      0.723188058239044,
      0.2795780681168001,
      0.286755040163147,
      0.3337348646319266,
      0.3173639050101654,
      0.31427858560341937,
      0.6541412375016453,
      0.1561017474526174,
      0.11656218957825304,
      0.13424280687722467,
      0.724501043639212,
      0.05197568442721723,
      0.038597251590711035,
      0.018962641496054533,
      0.6046223426359786,
      0.021835452622743223,
      0.02913755540883789,
      0.027097748356884943,
      0.01682587426592863,
      0.01688315786610739,
      0.020226887889443046,
      0.5824469279077225,
      0.35308589668776247,
      0.4336062442008043,
      0.7041714796227946,
      0.37877453976133346,
      0.3735848258792098,
      0.31708559278754,
      0.3805931065329431,
      0.3770816496722287,
      0.39362136060147734,
      0.722269926778739,
      0.3126880451132309,
      0.24738162454423507,
      0.4098958284481238,
      0.338388501486252,
      0.38958648814307095,
      0.7560271160833327,
      0.3654853796209484,
      0.29285735364217214,
      0.1843431628661455,
      0.3257947092509724,
      0.33680448736331603,
      0.21523617027664654
    ],
    "change_score_mean": 0.2856974986654158,
    "change_score_std": 0.2537939245998339,
    "change_score_max": 0.8610624471292407,
    "temporal_gaps": [
      {
        "start_time": 18.400000000000002,
        "end_time": 19.200000000000003,
        "duration": 0.8000000000000007,
        "start_frame": 92,
        "end_frame": 96,
        "avg_change": 0.01134164639401829
      }
    ],
    "temporal_gap_count": 1,
    "temporal_gap_total_duration": 0.8000000000000007,
    "transition_similarity_scores": [
      0.573354757378039,
      0.5067082879794027,
      0.7044860460770105,
      0.13893755287075926,
      0.16662278087807111,
      0.2608256344040471,
      0.35053253248712,
      0.38361786267419745,
      0.2768119417609561,
      0.2958285203772054
    ],
    "transition_similarity_mean": 0.36577259168868087,
    "temporal_density": 3.221476510067114
  },
  "metadata": {
    "video_path": "/vol/videos/core/produced_digital/commercials/7p_3lITiK_Q.mp4",
    "dataset": "produced_digital/commercials",
    "tier": "produced_digital",
    "study_type": "core",
    "source_fps": 29.97002997002997,
    "source_width": 1280,
    "source_height": 720,
    "experiment_version": "3.3",
    "batch": "1-retry",
    "retry_id": "20251226_182920"
  }
}