{
  "video_id": "A8syQeFtBKc",
  "fps": 3.0,
  "duration": 29.666666666666664,
  "frame_count": 90,
  "scene_signals": {
    "transition_count": 12,
    "transition_timestamps": [
      1.0,
      1.3333333333333333,
      1.6666666666666665,
      2.0,
      2.333333333333333,
      2.6666666666666665,
      5.0,
      11.0,
      20.0,
      22.0,
      23.666666666666664,
      27.666666666666664
    ],
    "transition_types": [
      "hard_cut",
      "hard_cut",
      "soft_cut",
      "soft_cut",
      "soft_cut",
      "hard_cut",
      "hard_cut",
      "hard_cut",
      "hard_cut",
      "soft_cut",
      "soft_cut",
      "hard_cut"
    ],
    "transition_magnitudes": [
      2047.2859765624873,
      282.4832014680228,
      73.8197520483182,
      48.55871784336129,
      58.13011965188738,
      274.4806760846991,
      812.9850505794923,
      3828.415126580233,
      855.5138243169407,
      41.624894706956326,
      31.619258659460172,
      1138.8580329498836
    ],
    "scene_count": 13,
    "scene_durations": [
      1.0,
      0.33333333333333326,
      0.33333333333333326,
      0.3333333333333335,
      0.33333333333333304,
      0.3333333333333335,
      2.3333333333333335,
      6.0,
      9.0,
      2.0,
      1.6666666666666643,
      4.0,
      2.0
    ],
    "scene_duration_mean": 2.282051282051282,
    "scene_duration_std": 2.5279502654084594,
    "scene_duration_min": 0.33333333333333304,
    "scene_duration_max": 9.0,
    "scene_types": [
      "unknown",
      "unknown",
      "unknown",
      "unknown",
      "unknown",
      "unknown",
      "unknown",
      "unknown",
      "unknown",
      "unknown",
      "unknown",
      "unknown",
      "unknown"
    ],
    "transitions": [
      {
        "timestamp": 1.0,
        "frame_index": 3,
        "transition_type": "hard_cut",
        "magnitude": 2047.2859765624873
      },
      {
        "timestamp": 1.3333333333333333,
        "frame_index": 4,
        "transition_type": "hard_cut",
        "magnitude": 282.4832014680228
      },
      {
        "timestamp": 1.6666666666666665,
        "frame_index": 5,
        "transition_type": "soft_cut",
        "magnitude": 73.8197520483182
      },
      {
        "timestamp": 2.0,
        "frame_index": 6,
        "transition_type": "soft_cut",
        "magnitude": 48.55871784336129
      },
      {
        "timestamp": 2.333333333333333,
        "frame_index": 7,
        "transition_type": "soft_cut",
        "magnitude": 58.13011965188738
      },
      {
        "timestamp": 2.6666666666666665,
        "frame_index": 8,
        "transition_type": "hard_cut",
        "magnitude": 274.4806760846991
      },
      {
        "timestamp": 5.0,
        "frame_index": 15,
        "transition_type": "hard_cut",
        "magnitude": 812.9850505794923
      },
      {
        "timestamp": 11.0,
        "frame_index": 33,
        "transition_type": "hard_cut",
        "magnitude": 3828.415126580233
      },
      {
        "timestamp": 20.0,
        "frame_index": 60,
        "transition_type": "hard_cut",
        "magnitude": 855.5138243169407
      },
      {
        "timestamp": 22.0,
        "frame_index": 66,
        "transition_type": "soft_cut",
        "magnitude": 41.624894706956326
      },
      {
        "timestamp": 23.666666666666664,
        "frame_index": 71,
        "transition_type": "soft_cut",
        "magnitude": 31.619258659460172
      },
      {
        "timestamp": 27.666666666666664,
        "frame_index": 83,
        "transition_type": "hard_cut",
        "magnitude": 1138.8580329498836
      }
    ],
    "scenes": [
      {
        "start_time": 0.0,
        "end_time": 1.0,
        "duration": 1.0,
        "scene_type": "unknown",
        "start_frame": 0,
        "end_frame": 2
      },
      {
        "start_time": 1.0,
        "end_time": 1.3333333333333333,
        "duration": 0.33333333333333326,
        "scene_type": "unknown",
        "start_frame": 3,
        "end_frame": 3
      },
      {
        "start_time": 1.3333333333333333,
        "end_time": 1.6666666666666665,
        "duration": 0.33333333333333326,
        "scene_type": "unknown",
        "start_frame": 4,
        "end_frame": 4
      },
      {
        "start_time": 1.6666666666666665,
        "end_time": 2.0,
        "duration": 0.3333333333333335,
        "scene_type": "unknown",
        "start_frame": 5,
        "end_frame": 5
      },
      {
        "start_time": 2.0,
        "end_time": 2.333333333333333,
        "duration": 0.33333333333333304,
        "scene_type": "unknown",
        "start_frame": 6,
        "end_frame": 6
      },
      {
        "start_time": 2.333333333333333,
        "end_time": 2.6666666666666665,
        "duration": 0.3333333333333335,
        "scene_type": "unknown",
        "start_frame": 7,
        "end_frame": 7
      },
      {
        "start_time": 2.6666666666666665,
        "end_time": 5.0,
        "duration": 2.3333333333333335,
        "scene_type": "unknown",
        "start_frame": 8,
        "end_frame": 14
      },
      {
        "start_time": 5.0,
        "end_time": 11.0,
        "duration": 6.0,
        "scene_type": "unknown",
        "start_frame": 15,
        "end_frame": 32
      },
      {
        "start_time": 11.0,
        "end_time": 20.0,
        "duration": 9.0,
        "scene_type": "unknown",
        "start_frame": 33,
        "end_frame": 59
      },
      {
        "start_time": 20.0,
        "end_time": 22.0,
        "duration": 2.0,
        "scene_type": "unknown",
        "start_frame": 60,
        "end_frame": 65
      },
      {
        "start_time": 22.0,
        "end_time": 23.666666666666664,
        "duration": 1.6666666666666643,
        "scene_type": "unknown",
        "start_frame": 66,
        "end_frame": 70
      },
      {
        "start_time": 23.666666666666664,
        "end_time": 27.666666666666664,
        "duration": 4.0,
        "scene_type": "unknown",
        "start_frame": 71,
        "end_frame": 82
      },
      {
        "start_time": 27.666666666666664,
        "end_time": 29.666666666666664,
        "duration": 2.0,
        "scene_type": "unknown",
        "start_frame": 83,
        "end_frame": 89
      }
    ]
  },
  "character_signals": {
    "person_counts_per_frame": [
      0,
      0,
      1,
      1,
      2,
      2,
      3,
      4,
      4,
      4,
      7,
      6,
      6,
      4,
      4,
      4,
      4,
      5,
      5,
      5,
      5,
      5,
      0,
      0,
      1,
      1,
      1,
      1,
      1,
      1,
      1,
      1,
      0,
      4,
      3,
      4,
      5,
      4,
      4,
      3,
      2,
      6,
      5,
      5,
      4,
      3,
      4,
      1,
      1,
      1,
      1,
      1,
      0,
      0,
      0,
      0,
      0,
      0,
      0,
      0,
      4,
      4,
      5,
      4,
      3,
      3,
      3,
      3,
      2,
      3,
      3,
      1,
      1,
      1,
      1,
      1,
      1,
      0,
      1,
      1,
      1,
      0,
      1,
      4,
      4,
      3,
      5,
      3,
      4,
      3
    ],
    "person_count_mode": 1,
    "person_count_mean": 2.477777777777778,
    "person_count_std": 1.8751460848441042,
    "person_count_min": 0,
    "person_count_max": 7,
    "person_count_distribution": {
      "0": 15,
      "1": 25,
      "2": 4,
      "3": 13,
      "4": 19,
      "7": 1,
      "6": 3,
      "5": 10
    },
    "character_consistency": 0.2777777777777778,
    "entry_events": [
      {
        "timestamp": 0.6666666666666666,
        "frame_index": 2,
        "event_type": "entry",
        "count_before": 0,
        "count_after": 1
      },
      {
        "timestamp": 1.3333333333333333,
        "frame_index": 4,
        "event_type": "entry",
        "count_before": 1,
        "count_after": 2
      },
      {
        "timestamp": 2.0,
        "frame_index": 6,
        "event_type": "entry",
        "count_before": 2,
        "count_after": 3
      },
      {
        "timestamp": 2.333333333333333,
        "frame_index": 7,
        "event_type": "entry",
        "count_before": 3,
        "count_after": 4
      },
      {
        "timestamp": 3.333333333333333,
        "frame_index": 10,
        "event_type": "entry",
        "count_before": 4,
        "count_after": 7
      },
      {
        "timestamp": 5.666666666666666,
        "frame_index": 17,
        "event_type": "entry",
        "count_before": 4,
        "count_after": 5
      },
      {
        "timestamp": 8.0,
        "frame_index": 24,
        "event_type": "entry",
        "count_before": 0,
        "count_after": 1
      },
      {
        "timestamp": 11.0,
        "frame_index": 33,
        "event_type": "entry",
        "count_before": 0,
        "count_after": 4
      },
      {
        "timestamp": 11.666666666666666,
        "frame_index": 35,
        "event_type": "entry",
        "count_before": 3,
        "count_after": 4
      },
      {
        "timestamp": 12.0,
        "frame_index": 36,
        "event_type": "entry",
        "count_before": 4,
        "count_after": 5
      },
      {
        "timestamp": 13.666666666666666,
        "frame_index": 41,
        "event_type": "entry",
        "count_before": 2,
        "count_after": 6
      },
      {
        "timestamp": 15.333333333333332,
        "frame_index": 46,
        "event_type": "entry",
        "count_before": 3,
        "count_after": 4
      },
      {
        "timestamp": 20.0,
        "frame_index": 60,
        "event_type": "entry",
        "count_before": 0,
        "count_after": 4
      },
      {
        "timestamp": 20.666666666666664,
        "frame_index": 62,
        "event_type": "entry",
        "count_before": 4,
        "count_after": 5
      },
      {
        "timestamp": 23.0,
        "frame_index": 69,
        "event_type": "entry",
        "count_before": 2,
        "count_after": 3
      },
      {
        "timestamp": 26.0,
        "frame_index": 78,
        "event_type": "entry",
        "count_before": 0,
        "count_after": 1
      },
      {
        "timestamp": 27.333333333333332,
        "frame_index": 82,
        "event_type": "entry",
        "count_before": 0,
        "count_after": 1
      },
      {
        "timestamp": 27.666666666666664,
        "frame_index": 83,
        "event_type": "entry",
        "count_before": 1,
        "count_after": 4
      },
      {
        "timestamp": 28.666666666666664,
        "frame_index": 86,
        "event_type": "entry",
        "count_before": 3,
        "count_after": 5
      },
      {
        "timestamp": 29.333333333333332,
        "frame_index": 88,
        "event_type": "entry",
        "count_before": 3,
        "count_after": 4
      }
    ],
    "exit_events": [
      {
        "timestamp": 3.6666666666666665,
        "frame_index": 11,
        "event_type": "exit",
        "count_before": 7,
        "count_after": 6
      },
      {
        "timestamp": 4.333333333333333,
        "frame_index": 13,
        "event_type": "exit",
        "count_before": 6,
        "count_after": 4
      },
      {
        "timestamp": 7.333333333333333,
        "frame_index": 22,
        "event_type": "exit",
        "count_before": 5,
        "count_after": 0
      },
      {
        "timestamp": 10.666666666666666,
        "frame_index": 32,
        "event_type": "exit",
        "count_before": 1,
        "count_after": 0
      },
      {
        "timestamp": 11.333333333333332,
        "frame_index": 34,
        "event_type": "exit",
        "count_before": 4,
        "count_after": 3
      },
      {
        "timestamp": 12.333333333333332,
        "frame_index": 37,
        "event_type": "exit",
        "count_before": 5,
        "count_after": 4
      },
      {
        "timestamp": 13.0,
        "frame_index": 39,
        "event_type": "exit",
        "count_before": 4,
        "count_after": 3
      },
      {
        "timestamp": 13.333333333333332,
        "frame_index": 40,
        "event_type": "exit",
        "count_before": 3,
        "count_after": 2
      },
      {
        "timestamp": 14.0,
        "frame_index": 42,
        "event_type": "exit",
        "count_before": 6,
        "count_after": 5
      },
      {
        "timestamp": 14.666666666666666,
        "frame_index": 44,
        "event_type": "exit",
        "count_before": 5,
        "count_after": 4
      },
      {
        "timestamp": 15.0,
        "frame_index": 45,
        "event_type": "exit",
        "count_before": 4,
        "count_after": 3
      },
      {
        "timestamp": 15.666666666666666,
        "frame_index": 47,
        "event_type": "exit",
        "count_before": 4,
        "count_after": 1
      },
      {
        "timestamp": 17.333333333333332,
        "frame_index": 52,
        "event_type": "exit",
        "count_before": 1,
        "count_after": 0
      },
      {
        "timestamp": 21.0,
        "frame_index": 63,
        "event_type": "exit",
        "count_before": 5,
        "count_after": 4
      },
      {
        "timestamp": 21.333333333333332,
        "frame_index": 64,
        "event_type": "exit",
        "count_before": 4,
        "count_after": 3
      },
      {
        "timestamp": 22.666666666666664,
        "frame_index": 68,
        "event_type": "exit",
        "count_before": 3,
        "count_after": 2
      },
      {
        "timestamp": 23.666666666666664,
        "frame_index": 71,
        "event_type": "exit",
        "count_before": 3,
        "count_after": 1
      },
      {
        "timestamp": 25.666666666666664,
        "frame_index": 77,
        "event_type": "exit",
        "count_before": 1,
        "count_after": 0
      },
      {
        "timestamp": 27.0,
        "frame_index": 81,
        "event_type": "exit",
        "count_before": 1,
        "count_after": 0
      },
      {
        "timestamp": 28.333333333333332,
        "frame_index": 85,
        "event_type": "exit",
        "count_before": 4,
        "count_after": 3
      },
      {
        "timestamp": 29.0,
        "frame_index": 87,
        "event_type": "exit",
        "count_before": 5,
        "count_after": 3
      },
      {
        "timestamp": 29.666666666666664,
        "frame_index": 89,
        "event_type": "exit",
        "count_before": 4,
        "count_after": 3
      }
    ],
    "entry_count": 20,
    "exit_count": 22,
    "entry_exit_total": 42,
    "entry_timestamps": [
      0.6666666666666666,
      1.3333333333333333,
      2.0,
      2.333333333333333,
      3.333333333333333,
      5.666666666666666,
      8.0,
      11.0,
      11.666666666666666,
      12.0,
      13.666666666666666,
      15.333333333333332,
      20.0,
      20.666666666666664,
      23.0,
      26.0,
      27.333333333333332,
      27.666666666666664,
      28.666666666666664,
      29.333333333333332
    ],
    "exit_timestamps": [
      3.6666666666666665,
      4.333333333333333,
      7.333333333333333,
      10.666666666666666,
      11.333333333333332,
      12.333333333333332,
      13.0,
      13.333333333333332,
      14.0,
      14.666666666666666,
      15.0,
      15.666666666666666,
      17.333333333333332,
      21.0,
      21.333333333333332,
      22.666666666666664,
      23.666666666666664,
      25.666666666666664,
      27.0,
      28.333333333333332,
      29.0,
      29.666666666666664
    ]
  },
  "visual_signals": {
    "unique_objects": [
      "person",
      "backpack",
      "chair",
      "dining table",
      "cup"
    ],
    "unique_object_count": 5,
    "persistent_objects": [
      "person"
    ],
    "persistent_object_count": 1,
    "transient_objects": [
      "backpack",
      "chair",
      "dining table",
      "cup"
    ],
    "transient_object_count": 4,
    "object_frequency": {
      "person": 0.8333333333333334,
      "backpack": 0.07777777777777778,
      "chair": 0.14444444444444443,
      "dining table": 0.011111111111111112,
      "cup": 0.06666666666666667
    },
    "object_frame_counts": {
      "person": 75,
      "backpack": 7,
      "chair": 13,
      "dining table": 1,
      "cup": 6
    },
    "object_first_appearance": {
      "person": 0.6666666666666666,
      "backpack": 2.0,
      "chair": 5.0,
      "dining table": 15.0,
      "cup": 27.666666666666664
    },
    "object_last_appearance": {
      "person": 29.666666666666664,
      "backpack": 4.333333333333333,
      "chair": 15.333333333333332,
      "dining table": 15.0,
      "cup": 29.666666666666664
    },
    "objects_per_frame": [
      [],
      [],
      [
        "person"
      ],
      [
        "person"
      ],
      [
        "person"
      ],
      [
        "person"
      ],
      [
        "person",
        "backpack"
      ],
      [
        "person",
        "backpack"
      ],
      [
        "person",
        "backpack"
      ],
      [
        "person",
        "backpack"
      ],
      [
        "person",
        "backpack"
      ],
      [
        "person",
        "backpack"
      ],
      [
        "person"
      ],
      [
        "person",
        "backpack"
      ],
      [
        "person"
      ],
      [
        "person",
        "chair"
      ],
      [
        "person",
        "chair"
      ],
      [
        "person",
        "chair"
      ],
      [
        "person",
        "chair"
      ],
      [
        "person",
        "chair"
      ],
      [
        "person",
        "chair"
      ],
      [
        "person",
        "chair"
      ],
      [],
      [],
      [
        "person"
      ],
      [
        "person"
      ],
      [
        "person"
      ],
      [
        "person"
      ],
      [
        "person"
      ],
      [
        "person"
      ],
      [
        "person"
      ],
      [
        "person"
      ],
      [],
      [
        "person"
      ],
      [
        "person"
      ],
      [
        "person"
      ],
      [
        "person"
      ],
      [
        "person"
      ],
      [
        "person"
      ],
      [
        "person"
      ],
      [
        "person"
      ],
      [
        "person",
        "chair"
      ],
      [
        "person",
        "chair"
      ],
      [
        "person",
        "chair"
      ],
      [
        "person",
        "chair"
      ],
      [
        "person",
        "dining table",
        "chair"
      ],
      [
        "person",
        "chair"
      ],
      [
        "person"
      ],
      [
        "person"
      ],
      [
        "person"
      ],
      [
        "person"
      ],
      [
        "person"
      ],
      [],
      [],
      [],
      [],
      [],
      [],
      [],
      [],
      [
        "person"
      ],
      [
        "person"
      ],
      [
        "person"
      ],
      [
        "person"
      ],
      [
        "person"
      ],
      [
        "person"
      ],
      [
        "person"
      ],
      [
        "person"
      ],
      [
        "person"
      ],
      [
        "person"
      ],
      [
        "person"
      ],
      [
        "person"
      ],
      [
        "person"
      ],
      [
        "person"
      ],
      [
        "person"
      ],
      [
        "person"
      ],
      [
        "person"
      ],
      [],
      [
        "person"
      ],
      [
        "person"
      ],
      [
        "person"
      ],
      [],
      [
        "person"
      ],
      [
        "cup",
        "person"
      ],
      [
        "cup",
        "person"
      ],
      [
        "person"
      ],
      [
        "cup",
        "person"
      ],
      [
        "cup",
        "person"
      ],
      [
        "cup",
        "person"
      ],
      [
        "cup",
        "person"
      ]
    ],
    "appearances": [
      {
        "object_class": "person",
        "first_appearance": 0.6666666666666666,
        "last_appearance": 29.666666666666664,
        "frame_count": 75,
        "frequency": 0.8333333333333334
      },
      {
        "object_class": "backpack",
        "first_appearance": 2.0,
        "last_appearance": 4.333333333333333,
        "frame_count": 7,
        "frequency": 0.07777777777777778
      },
      {
        "object_class": "chair",
        "first_appearance": 5.0,
        "last_appearance": 15.333333333333332,
        "frame_count": 13,
        "frequency": 0.14444444444444443
      },
      {
        "object_class": "dining table",
        "first_appearance": 15.0,
        "last_appearance": 15.0,
        "frame_count": 1,
        "frequency": 0.011111111111111112
      },
      {
        "object_class": "cup",
        "first_appearance": 27.666666666666664,
        "last_appearance": 29.666666666666664,
        "frame_count": 6,
        "frequency": 0.06666666666666667
      }
    ]
  },
  "atmosphere_signals": {
    "brightness_values": [
      0.82474609375,
      8.231253255208333,
      21.799766710069445,
      39.25175347222222,
      58.54181423611111,
      77.47714735243055,
      92.21091254340278,
      103.68686414930555,
      108.14722981770834,
      108.253955078125,
      103.754365234375,
      102.38921549479167,
      103.09652669270834,
      105.5140115017361,
      104.84688910590278,
      79.38335611979167,
      81.78631293402778,
      82.00933051215277,
      82.08390407986111,
      81.62484157986111,
      82.66092664930555,
      83.012138671875,
      58.18413411458334,
      58.31153103298611,
      54.69233832465278,
      54.69086154513889,
      54.55241319444445,
      54.48077582465278,
      54.730321180555556,
      54.963588324652775,
      55.18042209201389,
      55.38608615451389,
      55.30458875868055,
      93.09733832465278,
      101.39705186631944,
      96.47616319444444,
      94.07581271701389,
      86.67871636284723,
      91.94812825520833,
      91.90037760416666,
      91.91664496527778,
      83.72636935763889,
      84.73410047743056,
      84.51903537326389,
      85.218193359375,
      84.09798285590277,
      75.44647352430556,
      102.016904296875,
      108.24725911458333,
      113.41644314236112,
      116.59193467881944,
      117.59916883680556,
      79.83477430555556,
      79.66708333333334,
      80.13002170138888,
      80.53564236111112,
      81.40616319444445,
      82.34611111111111,
      81.73417643229166,
      81.01838433159722,
      77.6614963107639,
      77.99888454861112,
      78.88643771701389,
      78.53064127604166,
      78.96290473090278,
      78.86109375,
      79.08231987847222,
      78.91814887152778,
      77.776953125,
      77.539033203125,
      77.68600911458333,
      122.28345594618055,
      118.77435546875,
      114.10456488715278,
      111.30088324652777,
      59.150554470486114,
      59.019611545138886,
      59.036939019097225,
      59.51033745659722,
      59.33245334201389,
      59.46055338541667,
      59.746073133680554,
      59.47464952256944,
      83.102138671875,
      87.01738932291667,
      85.19998806423611,
      83.49726128472223,
      84.39124240451389,
      75.00627170138888,
      82.44074652777778
    ],
    "brightness_mean": 79.4954907648534,
    "brightness_std": 22.265899002767327,
    "brightness_min": 0.82474609375,
    "brightness_max": 122.28345594618055,
    "brightness_range": 121.45870985243056,
    "lighting_changes": [
      {
        "timestamp": 5.0,
        "frame_index": 15,
        "brightness_before": 104.84688910590278,
        "brightness_after": 79.38335611979167,
        "magnitude": 25.463532986111105
      },
      {
        "timestamp": 7.333333333333333,
        "frame_index": 22,
        "brightness_before": 83.012138671875,
        "brightness_after": 58.18413411458334,
        "magnitude": 24.828004557291656
      },
      {
        "timestamp": 11.0,
        "frame_index": 33,
        "brightness_before": 55.30458875868055,
        "brightness_after": 93.09733832465278,
        "magnitude": 37.79274956597223
      },
      {
        "timestamp": 15.666666666666666,
        "frame_index": 47,
        "brightness_before": 75.44647352430556,
        "brightness_after": 102.016904296875,
        "magnitude": 26.570430772569438
      },
      {
        "timestamp": 17.333333333333332,
        "frame_index": 52,
        "brightness_before": 117.59916883680556,
        "brightness_after": 79.83477430555556,
        "magnitude": 37.764394531250005
      },
      {
        "timestamp": 23.666666666666664,
        "frame_index": 71,
        "brightness_before": 77.68600911458333,
        "brightness_after": 122.28345594618055,
        "magnitude": 44.597446831597225
      },
      {
        "timestamp": 25.0,
        "frame_index": 75,
        "brightness_before": 111.30088324652777,
        "brightness_after": 59.150554470486114,
        "magnitude": 52.15032877604166
      },
      {
        "timestamp": 27.666666666666664,
        "frame_index": 83,
        "brightness_before": 59.47464952256944,
        "brightness_after": 83.102138671875,
        "magnitude": 23.627489149305553
      }
    ],
    "lighting_change_count": 8,
    "setting_type": "indoor",
    "dominant_colors_rgb": [
      [
        "208",
        "210",
        "214"
      ],
      [
        "108",
        "105",
        "99"
      ],
      [
        "46",
        "42",
        "28"
      ]
    ],
    "dominant_colors": [
      "white",
      "brown",
      "black"
    ]
  },
  "action_signals": {
    "intensity_timeline": [
      0.0,
      1.101011410355568e-05,
      0.000825592577457428,
      0.005528508424758911,
      0.023337697982788085,
      0.03614641427993774,
      0.05635036468505859,
      0.08517060279846192,
      0.1005895709991455,
      0.09483464241027832,
      0.10100990295410156,
      0.11250543594360352,
      0.11290060043334961,
      0.1043809986114502,
      0.08618621826171875,
      0.20030248641967774,
      0.03410215377807617,
      0.021011428833007814,
      0.01938324570655823,
      0.021027898788452147,
      0.02341590166091919,
      0.03204815864562988,
      0.14204471588134765,
      0.020211641788482667,
      0.028324780464172365,
      0.03135128498077393,
      0.023346219062805176,
      0.01488457441329956,
      0.03387821435928345,
      0.03326362371444702,
      0.024423272609710694,
      0.03417968273162842,
      0.027328977584838866,
      0.03986849308013916,
      0.018422715663909912,
      0.025283150672912598,
      0.01592035174369812,
      0.01375948429107666,
      0.014000951051712037,
      0.010286200046539306,
      0.010681523084640503,
      0.1117375659942627,
      0.042950592041015624,
      0.04385430812835693,
      0.03759327173233032,
      0.04777054786682129,
      0.05564353942871094,
      0.12599089622497558,
      0.08599922180175781,
      0.055211448669433595,
      0.09403762817382813,
      0.04336513519287109,
      0.06658863544464111,
      0.016245487928390503,
      0.01611252546310425,
      0.016028032302856446,
      0.016561347246170043,
      0.016666371822357178,
      0.016375643014907838,
      0.016905497312545776,
      0.07932461261749267,
      0.03671175956726074,
      0.039759860038757325,
      0.03411542892456055,
      0.04008156299591065,
      0.04276930809020996,
      0.029267792701721192,
      0.03149737119674682,
      0.027933926582336427,
      0.021424827575683595,
      0.01906202793121338,
      0.11836907386779785,
      0.07569981098175049,
      0.08754507064819336,
      0.07744748592376709,
      0.06184473514556885,
      0.006428682208061218,
      0.004214657247066498,
      0.012281864881515503,
      0.010877324342727661,
      0.006046695709228516,
      0.009009056687355042,
      0.010957329273223878,
      0.07091552257537842,
      0.045112829208374026,
      0.04786581039428711,
      0.054944329261779785,
      0.05651785373687744,
      0.04713573455810547,
      0.050111885070800784
    ],
    "intensity_mean": 0.04459378463630047,
    "intensity_std": 0.037058965020375166,
    "intensity_min": 0.0,
    "intensity_max": 0.20030248641967774,
    "intensity_trend": "stable",
    "peak_moments": [
      {
        "timestamp": 5.0,
        "frame_index": 15,
        "intensity": 0.20030248641967774,
        "moment_type": "peak"
      },
      {
        "timestamp": 7.333333333333333,
        "frame_index": 22,
        "intensity": 0.14204471588134765,
        "moment_type": "peak"
      },
      {
        "timestamp": 15.666666666666666,
        "frame_index": 47,
        "intensity": 0.12599089622497558,
        "moment_type": "peak"
      },
      {
        "timestamp": 23.666666666666664,
        "frame_index": 71,
        "intensity": 0.11836907386779785,
        "moment_type": "peak"
      }
    ],
    "valley_moments": [
      {
        "timestamp": 6.0,
        "frame_index": 18,
        "intensity": 0.01938324570655823,
        "moment_type": "valley"
      },
      {
        "timestamp": 13.0,
        "frame_index": 39,
        "intensity": 0.010286200046539306,
        "moment_type": "valley"
      },
      {
        "timestamp": 18.333333333333332,
        "frame_index": 55,
        "intensity": 0.016028032302856446,
        "moment_type": "valley"
      }
    ],
    "peak_timestamps": [
      5.0,
      7.333333333333333,
      15.666666666666666,
      23.666666666666664
    ],
    "valley_timestamps": [
      6.0,
      13.0,
      18.333333333333332
    ],
    "peak_count": 4,
    "valley_count": 3,
    "action_variance": 0.00137336688838139
  },
  "temporal_signals": {
    "frame_change_scores": [
      0.0,
      0.722774300161932,
      0.4000685765675739,
      0.3048768139529733,
      0.2744442198048517,
      0.2851124934164214,
      0.341007323050769,
      0.4143791961004144,
      0.42771298110064004,
      0.42616551874712827,
      0.4511617440369533,
      0.48740945560490745,
      0.5261100758434096,
      0.4519241413344034,
      0.4038873672140576,
      0.8835990011332553,
      0.14610167574390098,
      0.10958161168876035,
      0.084879307320475,
      0.10680024022357304,
      0.12192062085385202,
      0.1477589193961366,
      0.7282438499851651,
      0.12519409051865193,
      0.2153280245028858,
      0.16016666407895586,
      0.07543169931533944,
      0.06601244893830882,
      0.13606088160228724,
      0.11767763852694968,
      0.09580298806255694,
      0.11266034660315738,
      0.14846400394242842,
      0.5988301632465751,
      0.5604149072312543,
      0.5713699317491563,
      0.6240669353848095,
      0.4888485858694098,
      0.6187899913341863,
      0.5753232870846525,
      0.49365017112668863,
      0.7121591009944537,
      0.21698499759797107,
      0.21125897655623804,
      0.22610861522561165,
      0.2544581225087248,
      0.3035707126972673,
      0.7564101185976436,
      0.41994479537357055,
      0.46935148686119577,
      0.41392329907687286,
      0.21001904475777977,
      0.6250638245692641,
      0.09712541280526787,
      0.09092943346820925,
      0.10826812508587902,
      0.132562453302145,
      0.11010249598372368,
      0.1276293265260784,
      0.11216810938017374,
      0.6516721129461949,
      0.19245328111079973,
      0.21256355939286653,
      0.1956949763089174,
      0.21912139060672042,
      0.215109225378454,
      0.17017280573692362,
      0.1775360577539874,
      0.1631361027533913,
      0.11369679355451945,
      0.10053963488361928,
      0.7996836872698463,
      0.4189856989246691,
      0.35527458797574374,
      0.2858308851308011,
      0.6625741057508946,
      0.06422277109333574,
      0.03720914418531929,
      0.12056858849726015,
      0.09002220602143873,
      0.043119930388016425,
      0.09640789472452271,
      0.10055435263496215,
      0.6594189282022151,
      0.3045804534395836,
      0.262449895366615,
      0.300976746335491,
      0.29620979449115703,
      0.35224578257086303,
      0.38972874904818156
    ],
    "change_score_mean": 0.30755345318050203,
    "change_score_std": 0.21336808762936038,
    "change_score_max": 0.8835990011332553,
    "temporal_gaps": [],
    "temporal_gap_count": 0,
    "temporal_gap_total_duration": 0.0,
    "transition_similarity_scores": [
      0.6951231860470267,
      0.7255557801951483,
      0.7148875065835786,
      0.658992676949231,
      0.5856208038995856,
      0.57228701889936,
      0.11640099886674476,
      0.4011698367534249,
      0.3483278870538052,
      0.8298271942630764,
      0.2003163127301537,
      0.3405810717977849
    ],
    "transition_similarity_mean": 0.5157575228365766,
    "temporal_density": 2.6292134831460676
  },
  "metadata": {
    "video_path": "/vol/videos/core/produced_digital/commercials/A8syQeFtBKc.mp4",
    "dataset": "produced_digital/commercials",
    "tier": "produced_digital",
    "study_type": "core",
    "source_fps": 23.976023976023978,
    "source_width": 1280,
    "source_height": 720,
    "experiment_version": "3.3",
    "batch": "1-retry",
    "retry_id": "20251226_182920"
  }
}