{
  "video_id": "A8syQeFtBKc",
  "fps": 0.5,
  "duration": 28.0,
  "frame_count": 15,
  "scene_signals": {
    "transition_count": 7,
    "transition_timestamps": [
      2.0,
      4.0,
      12.0,
      16.0,
      20.0,
      22.0,
      28.0
    ],
    "transition_types": [
      "hard_cut",
      "hard_cut",
      "hard_cut",
      "soft_cut",
      "hard_cut",
      "hard_cut",
      "soft_cut"
    ],
    "transition_magnitudes": [
      218.40494864663032,
      82.260571250648,
      4703.521239662207,
      28.538281364740122,
      928.9072969223562,
      86.72647299923952,
      44.999256102372925
    ],
    "scene_count": 8,
    "scene_durations": [
      2.0,
      2.0,
      8.0,
      4.0,
      4.0,
      2.0,
      6.0,
      0.0
    ],
    "scene_duration_mean": 3.5,
    "scene_duration_std": 2.3979157616563596,
    "scene_duration_min": 0.0,
    "scene_duration_max": 8.0,
    "scene_types": [
      "unknown",
      "unknown",
      "unknown",
      "unknown",
      "unknown",
      "unknown",
      "unknown",
      "unknown"
    ],
    "transitions": [
      {
        "timestamp": 2.0,
        "frame_index": 1,
        "transition_type": "hard_cut",
        "magnitude": 218.40494864663032
      },
      {
        "timestamp": 4.0,
        "frame_index": 2,
        "transition_type": "hard_cut",
        "magnitude": 82.260571250648
      },
      {
        "timestamp": 12.0,
        "frame_index": 6,
        "transition_type": "hard_cut",
        "magnitude": 4703.521239662207
      },
      {
        "timestamp": 16.0,
        "frame_index": 8,
        "transition_type": "soft_cut",
        "magnitude": 28.538281364740122
      },
      {
        "timestamp": 20.0,
        "frame_index": 10,
        "transition_type": "hard_cut",
        "magnitude": 928.9072969223562
      },
      {
        "timestamp": 22.0,
        "frame_index": 11,
        "transition_type": "hard_cut",
        "magnitude": 86.72647299923952
      },
      {
        "timestamp": 28.0,
        "frame_index": 14,
        "transition_type": "soft_cut",
        "magnitude": 44.999256102372925
      }
    ],
    "scenes": [
      {
        "start_time": 0.0,
        "end_time": 2.0,
        "duration": 2.0,
        "scene_type": "unknown",
        "start_frame": 0,
        "end_frame": 0
      },
      {
        "start_time": 2.0,
        "end_time": 4.0,
        "duration": 2.0,
        "scene_type": "unknown",
        "start_frame": 1,
        "end_frame": 1
      },
      {
        "start_time": 4.0,
        "end_time": 12.0,
        "duration": 8.0,
        "scene_type": "unknown",
        "start_frame": 2,
        "end_frame": 5
      },
      {
        "start_time": 12.0,
        "end_time": 16.0,
        "duration": 4.0,
        "scene_type": "unknown",
        "start_frame": 6,
        "end_frame": 7
      },
      {
        "start_time": 16.0,
        "end_time": 20.0,
        "duration": 4.0,
        "scene_type": "unknown",
        "start_frame": 8,
        "end_frame": 9
      },
      {
        "start_time": 20.0,
        "end_time": 22.0,
        "duration": 2.0,
        "scene_type": "unknown",
        "start_frame": 10,
        "end_frame": 10
      },
      {
        "start_time": 22.0,
        "end_time": 28.0,
        "duration": 6.0,
        "scene_type": "unknown",
        "start_frame": 11,
        "end_frame": 13
      },
      {
        "start_time": 28.0,
        "end_time": 28.0,
        "duration": 0.0,
        "scene_type": "unknown",
        "start_frame": 14,
        "end_frame": 14
      }
    ]
  },
  "character_signals": {
    "person_counts_per_frame": [
      1,
      4,
      3,
      5,
      1,
      1,
      3,
      3,
      1,
      0,
      4,
      3,
      1,
      1,
      4
    ],
    "person_count_mode": 1,
    "person_count_mean": 2.3333333333333335,
    "person_count_std": 1.4907119849998598,
    "person_count_min": 0,
    "person_count_max": 5,
    "person_count_distribution": {
      "1": 6,
      "4": 3,
      "3": 4,
      "5": 1,
      "0": 1
    },
    "character_consistency": 0.4,
    "entry_events": [
      {
        "timestamp": 2.0,
        "frame_index": 1,
        "event_type": "entry",
        "count_before": 1,
        "count_after": 4
      },
      {
        "timestamp": 6.0,
        "frame_index": 3,
        "event_type": "entry",
        "count_before": 3,
        "count_after": 5
      },
      {
        "timestamp": 12.0,
        "frame_index": 6,
        "event_type": "entry",
        "count_before": 1,
        "count_after": 3
      },
      {
        "timestamp": 20.0,
        "frame_index": 10,
        "event_type": "entry",
        "count_before": 0,
        "count_after": 4
      },
      {
        "timestamp": 28.0,
        "frame_index": 14,
        "event_type": "entry",
        "count_before": 1,
        "count_after": 4
      }
    ],
    "exit_events": [
      {
        "timestamp": 4.0,
        "frame_index": 2,
        "event_type": "exit",
        "count_before": 4,
        "count_after": 3
      },
      {
        "timestamp": 8.0,
        "frame_index": 4,
        "event_type": "exit",
        "count_before": 5,
        "count_after": 1
      },
      {
        "timestamp": 16.0,
        "frame_index": 8,
        "event_type": "exit",
        "count_before": 3,
        "count_after": 1
      },
      {
        "timestamp": 18.0,
        "frame_index": 9,
        "event_type": "exit",
        "count_before": 1,
        "count_after": 0
      },
      {
        "timestamp": 22.0,
        "frame_index": 11,
        "event_type": "exit",
        "count_before": 4,
        "count_after": 3
      },
      {
        "timestamp": 24.0,
        "frame_index": 12,
        "event_type": "exit",
        "count_before": 3,
        "count_after": 1
      }
    ],
    "entry_count": 5,
    "exit_count": 6,
    "entry_exit_total": 11,
    "entry_timestamps": [
      2.0,
      6.0,
      12.0,
      20.0,
      28.0
    ],
    "exit_timestamps": [
      4.0,
      8.0,
      16.0,
      18.0,
      22.0,
      24.0
    ]
  },
  "visual_signals": {
    "unique_objects": [
      "person",
      "backpack",
      "chair",
      "cup"
    ],
    "unique_object_count": 4,
    "persistent_objects": [
      "person"
    ],
    "persistent_object_count": 1,
    "transient_objects": [
      "backpack",
      "chair",
      "cup"
    ],
    "transient_object_count": 3,
    "object_frequency": {
      "person": 0.9333333333333333,
      "backpack": 0.06666666666666667,
      "chair": 0.2,
      "cup": 0.06666666666666667
    },
    "object_frame_counts": {
      "person": 14,
      "backpack": 1,
      "chair": 3,
      "cup": 1
    },
    "object_first_appearance": {
      "person": 0.0,
      "backpack": 2.0,
      "chair": 4.0,
      "cup": 28.0
    },
    "object_last_appearance": {
      "person": 28.0,
      "backpack": 2.0,
      "chair": 14.0,
      "cup": 28.0
    },
    "objects_per_frame": [
      [
        "person"
      ],
      [
        "backpack",
        "person"
      ],
      [
        "chair",
        "person"
      ],
      [
        "chair",
        "person"
      ],
      [
        "person"
      ],
      [
        "person"
      ],
      [
        "person"
      ],
      [
        "chair",
        "person"
      ],
      [
        "person"
      ],
      [],
      [
        "person"
      ],
      [
        "person"
      ],
      [
        "person"
      ],
      [
        "person"
      ],
      [
        "cup",
        "person"
      ]
    ],
    "appearances": [
      {
        "object_class": "person",
        "first_appearance": 0.0,
        "last_appearance": 28.0,
        "frame_count": 14,
        "frequency": 0.9333333333333333
      },
      {
        "object_class": "backpack",
        "first_appearance": 2.0,
        "last_appearance": 2.0,
        "frame_count": 1,
        "frequency": 0.06666666666666667
      },
      {
        "object_class": "chair",
        "first_appearance": 4.0,
        "last_appearance": 14.0,
        "frame_count": 3,
        "frequency": 0.2
      },
      {
        "object_class": "cup",
        "first_appearance": 28.0,
        "last_appearance": 28.0,
        "frame_count": 1,
        "frequency": 0.06666666666666667
      }
    ]
  },
  "atmosphere_signals": {
    "brightness_values": [
      30.183211805555555,
      108.55192925347222,
      80.59672200520833,
      83.14055230034722,
      54.867511935763886,
      55.497138671875,
      93.4133181423611,
      85.98004557291667,
      117.27382921006945,
      82.10206163194445,
      79.0906228298611,
      77.55755750868056,
      59.10342447916667,
      59.691059027777776,
      85.839130859375
    ],
    "brightness_mean": 76.85920768229167,
    "brightness_std": 21.433075170276812,
    "brightness_min": 30.183211805555555,
    "brightness_max": 117.27382921006945,
    "brightness_range": 87.09061740451389,
    "lighting_changes": [
      {
        "timestamp": 2.0,
        "frame_index": 1,
        "brightness_before": 30.183211805555555,
        "brightness_after": 108.55192925347222,
        "magnitude": 78.36871744791667
      },
      {
        "timestamp": 4.0,
        "frame_index": 2,
        "brightness_before": 108.55192925347222,
        "brightness_after": 80.59672200520833,
        "magnitude": 27.95520724826389
      },
      {
        "timestamp": 8.0,
        "frame_index": 4,
        "brightness_before": 83.14055230034722,
        "brightness_after": 54.867511935763886,
        "magnitude": 28.273040364583338
      },
      {
        "timestamp": 12.0,
        "frame_index": 6,
        "brightness_before": 55.497138671875,
        "brightness_after": 93.4133181423611,
        "magnitude": 37.91617947048611
      },
      {
        "timestamp": 16.0,
        "frame_index": 8,
        "brightness_before": 85.98004557291667,
        "brightness_after": 117.27382921006945,
        "magnitude": 31.293783637152785
      },
      {
        "timestamp": 18.0,
        "frame_index": 9,
        "brightness_before": 117.27382921006945,
        "brightness_after": 82.10206163194445,
        "magnitude": 35.171767578125
      },
      {
        "timestamp": 28.0,
        "frame_index": 14,
        "brightness_before": 59.691059027777776,
        "brightness_after": 85.839130859375,
        "magnitude": 26.14807183159723
      }
    ],
    "lighting_change_count": 7,
    "setting_type": "indoor",
    "dominant_colors_rgb": [
      [
        "210",
        "211",
        "214"
      ],
      [
        "109",
        "106",
        "101"
      ],
      [
        "46",
        "43",
        "28"
      ]
    ],
    "dominant_colors": [
      "white",
      "brown",
      "black"
    ]
  },
  "action_signals": {
    "intensity_timeline": [
      0.0,
      0.17856605529785155,
      0.1930813217163086,
      0.08796877861022949,
      0.12866333961486817,
      0.05343902587890625,
      0.039744551181793215,
      0.0978182601928711,
      0.13107918739318847,
      0.06941853523254395,
      0.07894908428192139,
      0.0950032901763916,
      0.08939359664916992,
      0.01467379093170166,
      0.08340508460998536
    ],
    "intensity_mean": 0.08941359345118204,
    "intensity_std": 0.05161596470216885,
    "intensity_min": 0.0,
    "intensity_max": 0.1930813217163086,
    "intensity_trend": "stable",
    "peak_moments": [
      {
        "timestamp": 4.0,
        "frame_index": 2,
        "intensity": 0.1930813217163086,
        "moment_type": "peak"
      }
    ],
    "valley_moments": [],
    "peak_timestamps": [
      4.0
    ],
    "valley_timestamps": [],
    "peak_count": 1,
    "valley_count": 0,
    "action_variance": 0.0026642078121355407
  },
  "temporal_signals": {
    "frame_change_scores": [
      0.0,
      0.8218681514595396,
      0.8832528598310417,
      0.44820298826201566,
      0.7144553237173911,
      0.1729060230961984,
      0.5896255189115576,
      0.7266969913606642,
      0.7814881448106985,
      0.6088858391502476,
      0.6681642964846102,
      0.45680671262638495,
      0.663869293740875,
      0.15769057894220595,
      0.6712015427410323
    ],
    "change_score_mean": 0.5576742843422975,
    "change_score_std": 0.2530153100330762,
    "change_score_max": 0.8832528598310417,
    "temporal_gaps": [],
    "temporal_gap_count": 0,
    "temporal_gap_total_duration": 0.0,
    "transition_similarity_scores": [
      0.17813184854046044,
      0.11674714016895828,
      0.4103744810884424,
      0.21851185518930147,
      0.3318357035153899,
      0.543193287373615,
      0.3287984572589677
    ],
    "transition_similarity_mean": 0.30394182473359077,
    "temporal_density": 0.5
  },
  "metadata": {
    "video_path": "/vol/videos/core/produced_digital/commercials/A8syQeFtBKc.mp4",
    "dataset": "produced_digital/commercials",
    "tier": "produced_digital",
    "study_type": "core",
    "source_fps": 23.976023976023978,
    "source_width": 1280,
    "source_height": 720,
    "experiment_version": "3.3",
    "batch": "1-retry",
    "retry_id": "20251226_182920"
  }
}