{
  "video_id": "AWn65m-jfM4",
  "fps": 1.0,
  "duration": 29.0,
  "frame_count": 30,
  "scene_signals": {
    "transition_count": 0,
    "transition_timestamps": [],
    "transition_types": [],
    "transition_magnitudes": [],
    "scene_count": 1,
    "scene_durations": [
      29.0
    ],
    "scene_duration_mean": 29.0,
    "scene_duration_std": 0.0,
    "scene_duration_min": 29.0,
    "scene_duration_max": 29.0,
    "scene_types": [
      "unknown"
    ],
    "transitions": [],
    "scenes": [
      {
        "start_time": 0.0,
        "end_time": 29.0,
        "duration": 29.0,
        "scene_type": "unknown",
        "start_frame": 0,
        "end_frame": 29
      }
    ]
  },
  "character_signals": {
    "person_counts_per_frame": [
      2,
      2,
      2,
      2,
      2,
      2,
      2,
      2,
      2,
      2,
      2,
      2,
      2,
      2,
      2,
      2,
      2,
      2,
      2,
      2,
      2,
      2,
      2,
      2,
      2,
      2,
      2,
      2,
      2,
      2
    ],
    "person_count_mode": 2,
    "person_count_mean": 2.0,
    "person_count_std": 0.0,
    "person_count_min": 2,
    "person_count_max": 2,
    "person_count_distribution": {
      "2": 30
    },
    "character_consistency": 1.0,
    "entry_events": [],
    "exit_events": [],
    "entry_count": 0,
    "exit_count": 0,
    "entry_exit_total": 0,
    "entry_timestamps": [],
    "exit_timestamps": []
  },
  "visual_signals": {
    "unique_objects": [
      "person",
      "tv"
    ],
    "unique_object_count": 2,
    "persistent_objects": [
      "person"
    ],
    "persistent_object_count": 1,
    "transient_objects": [
      "tv"
    ],
    "transient_object_count": 1,
    "object_frequency": {
      "person": 1.0,
      "tv": 0.03333333333333333
    },
    "object_frame_counts": {
      "person": 30,
      "tv": 1
    },
    "object_first_appearance": {
      "person": 0.0,
      "tv": 21.0
    },
    "object_last_appearance": {
      "person": 29.0,
      "tv": 21.0
    },
    "objects_per_frame": [
      [
        "person"
      ],
      [
        "person"
      ],
      [
        "person"
      ],
      [
        "person"
      ],
      [
        "person"
      ],
      [
        "person"
      ],
      [
        "person"
      ],
      [
        "person"
      ],
      [
        "person"
      ],
      [
        "person"
      ],
      [
        "person"
      ],
      [
        "person"
      ],
      [
        "person"
      ],
      [
        "person"
      ],
      [
        "person"
      ],
      [
        "person"
      ],
      [
        "person"
      ],
      [
        "person"
      ],
      [
        "person"
      ],
      [
        "person"
      ],
      [
        "person"
      ],
      [
        "person",
        "tv"
      ],
      [
        "person"
      ],
      [
        "person"
      ],
      [
        "person"
      ],
      [
        "person"
      ],
      [
        "person"
      ],
      [
        "person"
      ],
      [
        "person"
      ],
      [
        "person"
      ]
    ],
    "appearances": [
      {
        "object_class": "person",
        "first_appearance": 0.0,
        "last_appearance": 29.0,
        "frame_count": 30,
        "frequency": 1.0
      },
      {
        "object_class": "tv",
        "first_appearance": 21.0,
        "last_appearance": 21.0,
        "frame_count": 1,
        "frequency": 0.03333333333333333
      }
    ]
  },
  "atmosphere_signals": {
    "brightness_values": [
      111.4578515625,
      110.98703125,
      111.09286024305555,
      111.03111111111112,
      111.3338888888889,
      111.86220052083333,
      110.1326953125,
      110.4021875,
      110.52131944444444,
      110.44557291666666,
      110.40088975694445,
      109.64769965277777,
      110.37454861111111,
      110.42408854166666,
      110.4367795138889,
      110.42600694444444,
      109.58845052083333,
      110.41473958333333,
      110.30476996527777,
      109.60334201388889,
      110.1168532986111,
      110.16919704861111,
      109.59175347222222,
      110.28012586805555,
      110.20062065972222,
      109.61951388888889,
      110.45596788194445,
      109.98453559027777,
      110.10506510416667,
      110.12786024305555
    ],
    "brightness_mean": 110.38465089699072,
    "brightness_std": 0.5505126698694505,
    "brightness_min": 109.58845052083333,
    "brightness_max": 111.86220052083333,
    "brightness_range": 2.2737499999999926,
    "lighting_changes": [],
    "lighting_change_count": 0,
    "setting_type": "indoor",
    "dominant_colors_rgb": [
      [
        "134",
        "112",
        "101"
      ],
      [
        "190",
        "175",
        "172"
      ],
      [
        "50",
        "36",
        "39"
      ]
    ],
    "dominant_colors": [
      "brown",
      "brown",
      "brown"
    ]
  },
  "action_signals": {
    "intensity_timeline": [
      0.0,
      0.0043575775623321536,
      0.0026338517665863035,
      0.005773138403892517,
      0.006868681907653809,
      0.004260940551757813,
      0.01567567467689514,
      0.009536954760551452,
      0.005665251612663269,
      0.003113113045692444,
      0.0016589848697185516,
      0.007947964072227478,
      0.007198879718780518,
      0.0024318835139274598,
      0.0032029485702514647,
      0.004320909380912781,
      0.005824998617172241,
      0.006675924062728882,
      0.003976211249828339,
      0.007592139840126038,
      0.012873619794845581,
      0.009196429848670959,
      0.007040838599205017,
      0.011496914625167847,
      0.007881197929382324,
      0.006777334213256836,
      0.008115651607513428,
      0.008609384298324585,
      0.002638104557991028,
      0.0038659727573394777
    ],
    "intensity_mean": 0.006240382547179857,
    "intensity_std": 0.003373013863565973,
    "intensity_min": 0.0,
    "intensity_max": 0.01567567467689514,
    "intensity_trend": "stable",
    "peak_moments": [],
    "valley_moments": [],
    "peak_timestamps": [],
    "valley_timestamps": [],
    "peak_count": 0,
    "valley_count": 0,
    "action_variance": 1.1377222523808251e-05
  },
  "temporal_signals": {
    "frame_change_scores": [
      0.0,
      0.03335480616945674,
      0.017661768358704477,
      0.05511391843177482,
      0.04818658801332676,
      0.037473741721455234,
      0.09445345777437308,
      0.049252023682023416,
      0.02891414022592398,
      0.017262876493641666,
      0.006042281125339222,
      0.06997672211649253,
      0.06429301682226096,
      0.013992408219706043,
      0.021783366809416282,
      0.02950032083845877,
      0.04563500521241726,
      0.04914208878946025,
      0.027730157257516264,
      0.05128889857534147,
      0.08317341738631834,
      0.06032895352385925,
      0.045412066395467576,
      0.08255615160734786,
      0.05348177107411878,
      0.04468784814464599,
      0.0581170904150905,
      0.062013832509161926,
      0.011428534760141273,
      0.0202491674291021
    ],
    "change_score_mean": 0.0427502139960781,
    "change_score_std": 0.02338299721083464,
    "change_score_max": 0.09445345777437308,
    "temporal_gaps": [
      {
        "start_time": 9.0,
        "end_time": 10.0,
        "duration": 1.0,
        "start_frame": 9,
        "end_frame": 10,
        "avg_change": 0.011652578809490444
      }
    ],
    "temporal_gap_count": 1,
    "temporal_gap_total_duration": 1.0,
    "transition_similarity_scores": [],
    "transition_similarity_mean": 0.0,
    "temporal_density": 0.0
  },
  "metadata": {
    "video_path": "/vol/videos/core/produced_digital/commercials/AWn65m-jfM4.mp4",
    "dataset": "produced_digital/commercials",
    "tier": "produced_digital",
    "study_type": "core",
    "source_fps": 24.0,
    "experiment_version": "3.2"
  }
}