{
  "video_id": "d5XOLSE_ujg",
  "fps": 2.0,
  "duration": 29.5,
  "frame_count": 60,
  "scene_signals": {
    "transition_count": 1,
    "transition_timestamps": [
      14.0
    ],
    "transition_types": [
      "hard_cut"
    ],
    "transition_magnitudes": [
      109.89457346022868
    ],
    "scene_count": 2,
    "scene_durations": [
      14.0,
      15.5
    ],
    "scene_duration_mean": 14.75,
    "scene_duration_std": 0.75,
    "scene_duration_min": 14.0,
    "scene_duration_max": 15.5,
    "scene_types": [
      "unknown",
      "unknown"
    ],
    "transitions": [
      {
        "timestamp": 14.0,
        "frame_index": 28,
        "transition_type": "hard_cut",
        "magnitude": 109.89457346022868
      }
    ],
    "scenes": [
      {
        "start_time": 0.0,
        "end_time": 14.0,
        "duration": 14.0,
        "scene_type": "unknown",
        "start_frame": 0,
        "end_frame": 27
      },
      {
        "start_time": 14.0,
        "end_time": 29.5,
        "duration": 15.5,
        "scene_type": "unknown",
        "start_frame": 28,
        "end_frame": 59
      }
    ]
  },
  "character_signals": {
    "person_counts_per_frame": [
      0,
      3,
      3,
      3,
      3,
      3,
      0,
      0,
      0,
      0,
      0,
      0,
      0,
      0,
      0,
      0,
      2,
      2,
      2,
      2,
      1,
      1,
      1,
      1,
      1,
      1,
      1,
      1,
      0,
      0,
      0,
      1,
      2,
      2,
      2,
      2,
      2,
      2,
      2,
      1,
      1,
      0,
      1,
      1,
      1,
      2,
      2,
      1,
      1,
      2,
      1,
      1,
      1,
      1,
      1,
      1,
      1,
      1,
      1,
      1
    ],
    "person_count_mode": 1,
    "person_count_mean": 1.15,
    "person_count_std": 0.8911602923529901,
    "person_count_min": 0,
    "person_count_max": 3,
    "person_count_distribution": {
      "0": 15,
      "3": 5,
      "2": 14,
      "1": 26
    },
    "character_consistency": 0.43333333333333335,
    "entry_events": [
      {
        "timestamp": 0.5,
        "frame_index": 1,
        "event_type": "entry",
        "count_before": 0,
        "count_after": 3
      },
      {
        "timestamp": 8.0,
        "frame_index": 16,
        "event_type": "entry",
        "count_before": 0,
        "count_after": 2
      },
      {
        "timestamp": 15.5,
        "frame_index": 31,
        "event_type": "entry",
        "count_before": 0,
        "count_after": 1
      },
      {
        "timestamp": 16.0,
        "frame_index": 32,
        "event_type": "entry",
        "count_before": 1,
        "count_after": 2
      },
      {
        "timestamp": 21.0,
        "frame_index": 42,
        "event_type": "entry",
        "count_before": 0,
        "count_after": 1
      },
      {
        "timestamp": 22.5,
        "frame_index": 45,
        "event_type": "entry",
        "count_before": 1,
        "count_after": 2
      },
      {
        "timestamp": 24.5,
        "frame_index": 49,
        "event_type": "entry",
        "count_before": 1,
        "count_after": 2
      }
    ],
    "exit_events": [
      {
        "timestamp": 3.0,
        "frame_index": 6,
        "event_type": "exit",
        "count_before": 3,
        "count_after": 0
      },
      {
        "timestamp": 10.0,
        "frame_index": 20,
        "event_type": "exit",
        "count_before": 2,
        "count_after": 1
      },
      {
        "timestamp": 14.0,
        "frame_index": 28,
        "event_type": "exit",
        "count_before": 1,
        "count_after": 0
      },
      {
        "timestamp": 19.5,
        "frame_index": 39,
        "event_type": "exit",
        "count_before": 2,
        "count_after": 1
      },
      {
        "timestamp": 20.5,
        "frame_index": 41,
        "event_type": "exit",
        "count_before": 1,
        "count_after": 0
      },
      {
        "timestamp": 23.5,
        "frame_index": 47,
        "event_type": "exit",
        "count_before": 2,
        "count_after": 1
      },
      {
        "timestamp": 25.0,
        "frame_index": 50,
        "event_type": "exit",
        "count_before": 2,
        "count_after": 1
      }
    ],
    "entry_count": 7,
    "exit_count": 7,
    "entry_exit_total": 14,
    "entry_timestamps": [
      0.5,
      8.0,
      15.5,
      16.0,
      21.0,
      22.5,
      24.5
    ],
    "exit_timestamps": [
      3.0,
      10.0,
      14.0,
      19.5,
      20.5,
      23.5,
      25.0
    ]
  },
  "visual_signals": {
    "unique_objects": [
      "person",
      "chair",
      "laptop",
      "cup",
      "couch",
      "tv"
    ],
    "unique_object_count": 6,
    "persistent_objects": [],
    "persistent_object_count": 0,
    "transient_objects": [
      "chair",
      "laptop",
      "cup",
      "couch",
      "tv"
    ],
    "transient_object_count": 5,
    "object_frequency": {
      "person": 0.75,
      "chair": 0.08333333333333333,
      "laptop": 0.05,
      "cup": 0.05,
      "couch": 0.06666666666666667,
      "tv": 0.06666666666666667
    },
    "object_frame_counts": {
      "person": 45,
      "chair": 5,
      "laptop": 3,
      "cup": 3,
      "couch": 4,
      "tv": 4
    },
    "object_first_appearance": {
      "person": 0.5,
      "chair": 6.5,
      "laptop": 6.5,
      "cup": 14.0,
      "couch": 17.5,
      "tv": 17.5
    },
    "object_last_appearance": {
      "person": 29.5,
      "chair": 26.5,
      "laptop": 7.5,
      "cup": 15.0,
      "couch": 19.0,
      "tv": 19.0
    },
    "objects_per_frame": [
      [],
      [
        "person"
      ],
      [
        "person"
      ],
      [
        "person"
      ],
      [
        "person"
      ],
      [
        "person"
      ],
      [],
      [],
      [],
      [],
      [],
      [],
      [],
      [
        "chair",
        "laptop"
      ],
      [
        "chair",
        "laptop"
      ],
      [
        "chair",
        "laptop"
      ],
      [
        "person"
      ],
      [
        "person"
      ],
      [
        "person"
      ],
      [
        "person"
      ],
      [
        "person"
      ],
      [
        "person"
      ],
      [
        "person"
      ],
      [
        "person"
      ],
      [
        "person"
      ],
      [
        "person"
      ],
      [
        "person"
      ],
      [
        "person"
      ],
      [
        "cup"
      ],
      [
        "cup"
      ],
      [
        "cup"
      ],
      [
        "person"
      ],
      [
        "chair",
        "person"
      ],
      [
        "person"
      ],
      [
        "person"
      ],
      [
        "couch",
        "person",
        "tv"
      ],
      [
        "couch",
        "person",
        "tv"
      ],
      [
        "tv",
        "couch",
        "person"
      ],
      [
        "tv",
        "couch",
        "person"
      ],
      [
        "person"
      ],
      [
        "person"
      ],
      [],
      [
        "person"
      ],
      [
        "person"
      ],
      [
        "person"
      ],
      [
        "person"
      ],
      [
        "person"
      ],
      [
        "person"
      ],
      [
        "person"
      ],
      [
        "person"
      ],
      [
        "person"
      ],
      [
        "person"
      ],
      [
        "person"
      ],
      [
        "chair",
        "person"
      ],
      [
        "person"
      ],
      [
        "person"
      ],
      [
        "person"
      ],
      [
        "person"
      ],
      [
        "person"
      ],
      [
        "person"
      ]
    ],
    "appearances": [
      {
        "object_class": "person",
        "first_appearance": 0.5,
        "last_appearance": 29.5,
        "frame_count": 45,
        "frequency": 0.75
      },
      {
        "object_class": "chair",
        "first_appearance": 6.5,
        "last_appearance": 26.5,
        "frame_count": 5,
        "frequency": 0.08333333333333333
      },
      {
        "object_class": "laptop",
        "first_appearance": 6.5,
        "last_appearance": 7.5,
        "frame_count": 3,
        "frequency": 0.05
      },
      {
        "object_class": "cup",
        "first_appearance": 14.0,
        "last_appearance": 15.0,
        "frame_count": 3,
        "frequency": 0.05
      },
      {
        "object_class": "couch",
        "first_appearance": 17.5,
        "last_appearance": 19.0,
        "frame_count": 4,
        "frequency": 0.06666666666666667
      },
      {
        "object_class": "tv",
        "first_appearance": 17.5,
        "last_appearance": 19.0,
        "frame_count": 4,
        "frequency": 0.06666666666666667
      }
    ]
  },
  "atmosphere_signals": {
    "brightness_values": [
      0.0,
      32.65797092013889,
      32.659877387152775,
      32.66044596354167,
      32.65966579861111,
      32.66056206597222,
      28.210763888888888,
      28.211110026041666,
      28.213854166666668,
      27.740819227430556,
      27.73254448784722,
      27.72948459201389,
      27.7284765625,
      25.238821614583333,
      25.237783203125,
      25.237622612847222,
      40.411295572916664,
      40.413081597222224,
      40.41256184895833,
      40.41284830729167,
      26.06180230034722,
      26.05887912326389,
      26.059111328125,
      26.059776475694445,
      15.691666666666666,
      15.662387152777777,
      15.619755859375,
      15.665965711805555,
      29.537769097222224,
      28.833681640625,
      26.148141276041667,
      13.864788411458333,
      14.484421657986111,
      13.609456380208334,
      13.120464409722222,
      21.527223307291667,
      21.96705512152778,
      21.93507378472222,
      22.105166015625,
      15.905463324652779,
      25.720068359375,
      25.912936197916668,
      21.748307291666666,
      15.656648220486112,
      19.413387586805555,
      19.59088650173611,
      21.262943793402776,
      22.824420572916665,
      23.86297526041667,
      24.23748046875,
      21.298848741319443,
      21.91187717013889,
      20.79131618923611,
      19.774208984375,
      20.403192274305557,
      26.56669162326389,
      26.561426866319444,
      26.561254340277777,
      25.54721896701389,
      25.08683810763889
    ],
    "brightness_mean": 24.348009440104168,
    "brightness_std": 7.301298616258648,
    "brightness_min": 0.0,
    "brightness_max": 40.413081597222224,
    "brightness_range": 40.413081597222224,
    "lighting_changes": [
      {
        "timestamp": 0.5,
        "frame_index": 1,
        "brightness_before": 0.0,
        "brightness_after": 32.65797092013889,
        "magnitude": 32.65797092013889
      }
    ],
    "lighting_change_count": 1,
    "setting_type": "indoor",
    "dominant_colors_rgb": [
      [
        "99",
        "76",
        "50"
      ],
      [
        "52",
        "30",
        "9"
      ],
      [
        "4",
        "1",
        "0"
      ]
    ],
    "dominant_colors": [
      "brown",
      "brown",
      "black"
    ]
  },
  "action_signals": {
    "intensity_timeline": [
      0.0,
      0.07953031539916992,
      5.8835232630372046e-05,
      6.031775847077369e-06,
      1.0935879545286298e-05,
      2.8737513348460196e-05,
      0.06849678039550781,
      4.680655896663666e-05,
      1.3452527346089483e-05,
      0.07318921566009522,
      0.00014092332683503627,
      0.00012196081690490245,
      1.3315024552866817e-05,
      0.07775063037872315,
      2.877039834856987e-05,
      2.610399154946208e-05,
      0.10839923858642578,
      3.6636998411267994e-05,
      3.3219584729522466e-05,
      5.076267290860414e-05,
      0.09059746742248535,
      4.899434745311737e-05,
      8.176987059414386e-05,
      1.6958407359197734e-05,
      0.025101802349090575,
      0.001954503208398819,
      0.0013441690802574158,
      0.001402639150619507,
      0.02168055534362793,
      0.001602386236190796,
      0.005637185573577881,
      0.03733515739440918,
      0.015726091861724852,
      0.009102945327758788,
      0.009305736422538758,
      0.04011538028717041,
      0.003525247871875763,
      0.004799978733062744,
      0.00387157142162323,
      0.030938313007354737,
      0.008118999600410461,
      0.003465639650821686,
      0.004607507884502411,
      0.014241060018539429,
      0.016873388290405272,
      0.016612902879714966,
      0.018806042671203612,
      0.010498547554016113,
      0.012744405269622804,
      0.010853971242904664,
      0.03581908464431763,
      0.011948298215866088,
      0.013703985214233399,
      0.011984102725982666,
      0.017705546617507936,
      0.03310741901397705,
      0.00010547367855906487,
      1.3669371837750077e-05,
      0.03121434211730957,
      0.003247150778770447
    ],
    "intensity_mean": 0.01646405105799204,
    "intensity_std": 0.024980409808682498,
    "intensity_min": 0.0,
    "intensity_max": 0.10839923858642578,
    "intensity_trend": "stable",
    "peak_moments": [
      {
        "timestamp": 8.0,
        "frame_index": 16,
        "intensity": 0.10839923858642578,
        "moment_type": "peak"
      }
    ],
    "valley_moments": [],
    "peak_timestamps": [
      8.0
    ],
    "valley_timestamps": [],
    "peak_count": 1,
    "valley_count": 0,
    "action_variance": 0.0006240208742097208
  },
  "temporal_signals": {
    "frame_change_scores": [
      0.0,
      0.756462818054531,
      0.00015904295579760586,
      6.951313395342495e-05,
      5.245402401055088e-05,
      4.600253034670043e-05,
      0.5648910459069878,
      0.0001328495450446665,
      8.570026622756188e-05,
      0.5689045441051754,
      0.0003237776122554381,
      0.00016499764632449399,
      3.922479561646597e-05,
      0.5729009237755895,
      7.237060745313162e-05,
      4.2141009036322785e-05,
      0.5779416804260786,
      0.00011388607811946283,
      6.711725295516224e-05,
      5.7315059047047257e-05,
      0.6316818868899985,
      0.00017436673450099693,
      0.00015215166658877344,
      0.00010784403721941782,
      0.4937768795024643,
      0.00789625547352868,
      0.004910938756695238,
      0.006638629584268085,
      0.624340300475714,
      0.016895158404178545,
      0.08646255275863957,
      0.6063156558271354,
      0.11991086607398393,
      0.06835507969859955,
      0.08943770655165795,
      0.5774959523353854,
      0.05598424423414061,
      0.06596552795001687,
      0.05358741715589144,
      0.49361465968828344,
      0.15476021465981282,
      0.17788297012180776,
      0.0563140295307798,
      0.16428305339669935,
      0.5384542610980235,
      0.16661986502057058,
      0.12894764436813722,
      0.08510816183240544,
      0.1047518674653195,
      0.08748765761970023,
      0.523063592367486,
      0.08590858082891584,
      0.17425938730356816,
      0.15342582436700336,
      0.1294048515365932,
      0.5332163198472122,
      0.00021759891562378453,
      2.8681368960725706e-05,
      0.5258357920430907,
      0.03153968950887942
    ],
    "change_score_mean": 0.1811290253630672,
    "change_score_std": 0.23419592287654595,
    "change_score_max": 0.756462818054531,
    "temporal_gaps": [
      {
        "start_time": 1.0,
        "end_time": 2.5,
        "duration": 1.5,
        "start_frame": 2,
        "end_frame": 5,
        "avg_change": 8.175316102707053e-05
      },
      {
        "start_time": 3.5,
        "end_time": 4.0,
        "duration": 0.5,
        "start_frame": 7,
        "end_frame": 8,
        "avg_change": 0.0001092749056361142
      },
      {
        "start_time": 5.0,
        "end_time": 6.0,
        "duration": 1.0,
        "start_frame": 10,
        "end_frame": 12,
        "avg_change": 0.00017600001806546603
      },
      {
        "start_time": 7.0,
        "end_time": 7.5,
        "duration": 0.5,
        "start_frame": 14,
        "end_frame": 15,
        "avg_change": 5.72558082447272e-05
      },
      {
        "start_time": 8.5,
        "end_time": 9.5,
        "duration": 1.0,
        "start_frame": 17,
        "end_frame": 19,
        "avg_change": 7.943946337389078e-05
      },
      {
        "start_time": 10.5,
        "end_time": 11.5,
        "duration": 1.0,
        "start_frame": 21,
        "end_frame": 23,
        "avg_change": 0.00014478747943639606
      },
      {
        "start_time": 12.5,
        "end_time": 13.5,
        "duration": 1.0,
        "start_frame": 25,
        "end_frame": 27,
        "avg_change": 0.006481941271497334
      },
      {
        "start_time": 28.0,
        "end_time": 28.5,
        "duration": 0.5,
        "start_frame": 56,
        "end_frame": 57,
        "avg_change": 0.00012314014229225512
      }
    ],
    "temporal_gap_count": 8,
    "temporal_gap_total_duration": 7.0,
    "transition_similarity_scores": [
      0.3756596995242861
    ],
    "transition_similarity_mean": 0.3756596995242861,
    "temporal_density": 0.847457627118644
  },
  "metadata": {
    "video_path": "/vol/videos/core/produced_digital/commercials/d5XOLSE_ujg.mp4",
    "dataset": "produced_digital/commercials",
    "tier": "produced_digital",
    "study_type": "core",
    "source_fps": 23.976023976023978,
    "experiment_version": "3.2"
  }
}