{
  "video_id": "Ex1UuIMhSnA",
  "fps": 10.0,
  "duration": 29.900000000000002,
  "frame_count": 300,
  "scene_signals": {
    "transition_count": 0,
    "transition_timestamps": [],
    "transition_types": [],
    "transition_magnitudes": [],
    "scene_count": 1,
    "scene_durations": [
      29.900000000000002
    ],
    "scene_duration_mean": 29.900000000000002,
    "scene_duration_std": 0.0,
    "scene_duration_min": 29.900000000000002,
    "scene_duration_max": 29.900000000000002,
    "scene_types": [
      "unknown"
    ],
    "transitions": [],
    "scenes": [
      {
        "start_time": 0.0,
        "end_time": 29.900000000000002,
        "duration": 29.900000000000002,
        "scene_type": "unknown",
        "start_frame": 0,
        "end_frame": 299
      }
    ]
  },
  "character_signals": {
    "person_counts_per_frame": [
      0,
      0,
      0,
      0,
      0,
      0,
      0,
      0,
      0,
      0,
      0,
      0,
      0,
      0,
      0,
      0,
      0,
      0,
      0,
      0,
      0,
      0,
      0,
      0,
      0,
      0,
      0,
      0,
      0,
      0,
      0,
      0,
      0,
      0,
      0,
      0,
      0,
      0,
      0,
      0,
      0,
      0,
      0,
      0,
      0,
      0,
      0,
      0,
      0,
      0,
      0,
      1,
      0,
      0,
      1,
      1,
      1,
      1,
      1,
      1,
      1,
      1,
      1,
      1,
      1,
      1,
      1,
      1,
      1,
      1,
      1,
      1,
      1,
      1,
      1,
      1,
      1,
      1,
      1,
      1,
      1,
      1,
      1,
      1,
      1,
      1,
      1,
      1,
      1,
      1,
      1,
      1,
      1,
      1,
      1,
      1,
      1,
      1,
      1,
      1,
      1,
      1,
      1,
      1,
      1,
      1,
      1,
      1,
      1,
      1,
      1,
      1,
      1,
      1,
      1,
      1,
      1,
      1,
      1,
      1,
      1,
      1,
      1,
      1,
      1,
      1,
      1,
      1,
      1,
      1,
      1,
      1,
      1,
      1,
      1,
      1,
      1,
      1,
      1,
      1,
      1,
      1,
      1,
      1,
      1,
      1,
      1,
      1,
      1,
      1,
      1,
      1,
      1,
      1,
      1,
      1,
      1,
      1,
      1,
      1,
      1,
      1,
      1,
      1,
      1,
      1,
      1,
      1,
      1,
      1,
      2,
      2,
      2,
      2,
      2,
      2,
      2,
      2,
      2,
      2,
      1,
      1,
      2,
      3,
      3,
      3,
      3,
      3,
      3,
      3,
      3,
      3,
      3,
      3,
      3,
      3,
      3,
      3,
      3,
      3,
      3,
      3,
      3,
      3,
      3,
      3,
      3,
      3,
      3,
      3,
      3,
      3,
      0,
      1,
      1,
      1,
      1,
      0,
      1,
      0,
      0,
      0,
      1,
      1,
      1,
      1,
      2,
      2,
      2,
      2,
      2,
      2,
      2,
      2,
      2,
      2,
      2,
      2,
      2,
      2,
      2,
      2,
      2,
      2,
      2,
      2,
      2,
      2,
      2,
      2,
      2,
      2,
      2,
      2,
      2,
      1,
      0,
      0,
      0,
      0,
      0,
      0,
      0,
      0,
      0,
      0,
      0,
      0,
      0,
      0,
      0,
      0,
      0,
      0,
      0,
      0,
      0,
      0,
      0,
      0,
      0,
      0,
      0,
      0,
      0,
      0,
      1,
      1,
      1,
      1,
      1,
      1,
      1,
      1,
      1,
      1,
      1,
      1,
      1,
      1
    ],
    "person_count_mode": 1,
    "person_count_mean": 1.0333333333333334,
    "person_count_std": 0.9012337223063849,
    "person_count_min": 0,
    "person_count_max": 3,
    "person_count_distribution": {
      "0": 88,
      "1": 143,
      "2": 40,
      "3": 29
    },
    "character_consistency": 0.4766666666666667,
    "entry_events": [
      {
        "timestamp": 5.1000000000000005,
        "frame_index": 51,
        "event_type": "entry",
        "count_before": 0,
        "count_after": 1
      },
      {
        "timestamp": 5.4,
        "frame_index": 54,
        "event_type": "entry",
        "count_before": 0,
        "count_after": 1
      },
      {
        "timestamp": 17.0,
        "frame_index": 170,
        "event_type": "entry",
        "count_before": 1,
        "count_after": 2
      },
      {
        "timestamp": 18.2,
        "frame_index": 182,
        "event_type": "entry",
        "count_before": 1,
        "count_after": 2
      },
      {
        "timestamp": 18.3,
        "frame_index": 183,
        "event_type": "entry",
        "count_before": 2,
        "count_after": 3
      },
      {
        "timestamp": 21.3,
        "frame_index": 213,
        "event_type": "entry",
        "count_before": 0,
        "count_after": 1
      },
      {
        "timestamp": 21.8,
        "frame_index": 218,
        "event_type": "entry",
        "count_before": 0,
        "count_after": 1
      },
      {
        "timestamp": 22.200000000000003,
        "frame_index": 222,
        "event_type": "entry",
        "count_before": 0,
        "count_after": 1
      },
      {
        "timestamp": 22.6,
        "frame_index": 226,
        "event_type": "entry",
        "count_before": 1,
        "count_after": 2
      },
      {
        "timestamp": 28.6,
        "frame_index": 286,
        "event_type": "entry",
        "count_before": 0,
        "count_after": 1
      }
    ],
    "exit_events": [
      {
        "timestamp": 5.2,
        "frame_index": 52,
        "event_type": "exit",
        "count_before": 1,
        "count_after": 0
      },
      {
        "timestamp": 18.0,
        "frame_index": 180,
        "event_type": "exit",
        "count_before": 2,
        "count_after": 1
      },
      {
        "timestamp": 21.200000000000003,
        "frame_index": 212,
        "event_type": "exit",
        "count_before": 3,
        "count_after": 0
      },
      {
        "timestamp": 21.700000000000003,
        "frame_index": 217,
        "event_type": "exit",
        "count_before": 1,
        "count_after": 0
      },
      {
        "timestamp": 21.900000000000002,
        "frame_index": 219,
        "event_type": "exit",
        "count_before": 1,
        "count_after": 0
      },
      {
        "timestamp": 25.5,
        "frame_index": 255,
        "event_type": "exit",
        "count_before": 2,
        "count_after": 1
      },
      {
        "timestamp": 25.6,
        "frame_index": 256,
        "event_type": "exit",
        "count_before": 1,
        "count_after": 0
      }
    ],
    "entry_count": 10,
    "exit_count": 7,
    "entry_exit_total": 17,
    "entry_timestamps": [
      5.1000000000000005,
      5.4,
      17.0,
      18.2,
      18.3,
      21.3,
      21.8,
      22.200000000000003,
      22.6,
      28.6
    ],
    "exit_timestamps": [
      5.2,
      18.0,
      21.200000000000003,
      21.700000000000003,
      21.900000000000002,
      25.5,
      25.6
    ]
  },
  "visual_signals": {
    "unique_objects": [
      "tv",
      "person",
      "cup",
      "tie",
      "wine glass"
    ],
    "unique_object_count": 5,
    "persistent_objects": [],
    "persistent_object_count": 0,
    "transient_objects": [
      "tv",
      "cup",
      "tie",
      "wine glass"
    ],
    "transient_object_count": 4,
    "object_frequency": {
      "tv": 0.0033333333333333335,
      "person": 0.7066666666666667,
      "cup": 0.04666666666666667,
      "tie": 0.06,
      "wine glass": 0.04666666666666667
    },
    "object_frame_counts": {
      "tv": 1,
      "person": 212,
      "cup": 14,
      "tie": 18,
      "wine glass": 14
    },
    "object_first_appearance": {
      "tv": 3.4000000000000004,
      "person": 5.1000000000000005,
      "cup": 18.3,
      "tie": 19.700000000000003,
      "wine glass": 20.700000000000003
    },
    "object_last_appearance": {
      "tv": 3.4000000000000004,
      "person": 29.900000000000002,
      "cup": 21.1,
      "tie": 25.3,
      "wine glass": 28.5
    },
    "objects_per_frame": [
      [],
      [],
      [],
      [],
      [],
      [],
      [],
      [],
      [],
      [],
      [],
      [],
      [],
      [],
      [],
      [],
      [],
      [],
      [],
      [],
      [],
      [],
      [],
      [],
      [],
      [],
      [],
      [],
      [],
      [],
      [],
      [],
      [],
      [],
      [
        "tv"
      ],
      [],
      [],
      [],
      [],
      [],
      [],
      [],
      [],
      [],
      [],
      [],
      [],
      [],
      [],
      [],
      [],
      [
        "person"
      ],
      [],
      [],
      [
        "person"
      ],
      [
        "person"
      ],
      [
        "person"
      ],
      [
        "person"
      ],
      [
        "person"
      ],
      [
        "person"
      ],
      [
        "person"
      ],
      [
        "person"
      ],
      [
        "person"
      ],
      [
        "person"
      ],
      [
        "person"
      ],
      [
        "person"
      ],
      [
        "person"
      ],
      [
        "person"
      ],
      [
        "person"
      ],
      [
        "person"
      ],
      [
        "person"
      ],
      [
        "person"
      ],
      [
        "person"
      ],
      [
        "person"
      ],
      [
        "person"
      ],
      [
        "person"
      ],
      [
        "person"
      ],
      [
        "person"
      ],
      [
        "person"
      ],
      [
        "person"
      ],
      [
        "person"
      ],
      [
        "person"
      ],
      [
        "person"
      ],
      [
        "person"
      ],
      [
        "person"
      ],
      [
        "person"
      ],
      [
        "person"
      ],
      [
        "person"
      ],
      [
        "person"
      ],
      [
        "person"
      ],
      [
        "person"
      ],
      [
        "person"
      ],
      [
        "person"
      ],
      [
        "person"
      ],
      [
        "person"
      ],
      [
        "person"
      ],
      [
        "person"
      ],
      [
        "person"
      ],
      [
        "person"
      ],
      [
        "person"
      ],
      [
        "person"
      ],
      [
        "person"
      ],
      [
        "person"
      ],
      [
        "person"
      ],
      [
        "person"
      ],
      [
        "person"
      ],
      [
        "person"
      ],
      [
        "person"
      ],
      [
        "person"
      ],
      [
        "person"
      ],
      [
        "person"
      ],
      [
        "person"
      ],
      [
        "person"
      ],
      [
        "person"
      ],
      [
        "person"
      ],
      [
        "person"
      ],
      [
        "person"
      ],
      [
        "person"
      ],
      [
        "person"
      ],
      [
        "person"
      ],
      [
        "person"
      ],
      [
        "person"
      ],
      [
        "person"
      ],
      [
        "person"
      ],
      [
        "person"
      ],
      [
        "person"
      ],
      [
        "person"
      ],
      [
        "person"
      ],
      [
        "person"
      ],
      [
        "person"
      ],
      [
        "person"
      ],
      [
        "person"
      ],
      [
        "person"
      ],
      [
        "person"
      ],
      [
        "person"
      ],
      [
        "person"
      ],
      [
        "person"
      ],
      [
        "person"
      ],
      [
        "person"
      ],
      [
        "person"
      ],
      [
        "person"
      ],
      [
        "person"
      ],
      [
        "person"
      ],
      [
        "person"
      ],
      [
        "person"
      ],
      [
        "person"
      ],
      [
        "person"
      ],
      [
        "person"
      ],
      [
        "person"
      ],
      [
        "person"
      ],
      [
        "person"
      ],
      [
        "person"
      ],
      [
        "person"
      ],
      [
        "person"
      ],
      [
        "person"
      ],
      [
        "person"
      ],
      [
        "person"
      ],
      [
        "person"
      ],
      [
        "person"
      ],
      [
        "person"
      ],
      [
        "person"
      ],
      [
        "person"
      ],
      [
        "person"
      ],
      [
        "person"
      ],
      [
        "person"
      ],
      [
        "person"
      ],
      [
        "person"
      ],
      [
        "person"
      ],
      [
        "person"
      ],
      [
        "person"
      ],
      [
        "person"
      ],
      [
        "person"
      ],
      [
        "person"
      ],
      [
        "person"
      ],
      [
        "person"
      ],
      [
        "person"
      ],
      [
        "person"
      ],
      [
        "person"
      ],
      [
        "person"
      ],
      [
        "person"
      ],
      [
        "person"
      ],
      [
        "person"
      ],
      [
        "person"
      ],
      [
        "cup",
        "person"
      ],
      [
        "person"
      ],
      [
        "person"
      ],
      [
        "person"
      ],
      [
        "person"
      ],
      [
        "person"
      ],
      [
        "person"
      ],
      [
        "person"
      ],
      [
        "person"
      ],
      [
        "person"
      ],
      [
        "cup",
        "person"
      ],
      [
        "cup",
        "person"
      ],
      [
        "person"
      ],
      [
        "cup",
        "person"
      ],
      [
        "cup",
        "person",
        "tie"
      ],
      [
        "cup",
        "person",
        "tie"
      ],
      [
        "person",
        "tie"
      ],
      [
        "person",
        "tie"
      ],
      [
        "person",
        "tie"
      ],
      [
        "person",
        "tie"
      ],
      [
        "cup",
        "person",
        "tie"
      ],
      [
        "cup",
        "person",
        "tie"
      ],
      [
        "person"
      ],
      [
        "cup",
        "person"
      ],
      [
        "cup",
        "person",
        "wine glass"
      ],
      [
        "cup",
        "person",
        "tie"
      ],
      [
        "cup",
        "person",
        "tie"
      ],
      [
        "cup",
        "person",
        "tie"
      ],
      [
        "cup",
        "person",
        "tie"
      ],
      [],
      [
        "person"
      ],
      [
        "person"
      ],
      [
        "person"
      ],
      [
        "person"
      ],
      [],
      [
        "person"
      ],
      [],
      [],
      [],
      [
        "person"
      ],
      [
        "person"
      ],
      [
        "person"
      ],
      [
        "person"
      ],
      [
        "person",
        "tie"
      ],
      [
        "person"
      ],
      [
        "person",
        "tie"
      ],
      [
        "person"
      ],
      [
        "person"
      ],
      [
        "person"
      ],
      [
        "person"
      ],
      [
        "person"
      ],
      [
        "person"
      ],
      [
        "person"
      ],
      [
        "person",
        "tie"
      ],
      [
        "person",
        "tie"
      ],
      [
        "person"
      ],
      [
        "person"
      ],
      [
        "person"
      ],
      [
        "person"
      ],
      [
        "person"
      ],
      [
        "person"
      ],
      [
        "person"
      ],
      [
        "person"
      ],
      [
        "person"
      ],
      [
        "person"
      ],
      [
        "person"
      ],
      [
        "person"
      ],
      [
        "person"
      ],
      [
        "person",
        "tie"
      ],
      [
        "person"
      ],
      [
        "person",
        "tie"
      ],
      [
        "person"
      ],
      [
        "person"
      ],
      [],
      [],
      [],
      [],
      [],
      [],
      [
        "wine glass"
      ],
      [],
      [],
      [
        "wine glass"
      ],
      [
        "wine glass"
      ],
      [],
      [],
      [],
      [
        "wine glass"
      ],
      [
        "wine glass"
      ],
      [],
      [],
      [],
      [
        "wine glass"
      ],
      [
        "wine glass"
      ],
      [
        "wine glass"
      ],
      [],
      [],
      [],
      [
        "wine glass"
      ],
      [
        "wine glass"
      ],
      [
        "wine glass"
      ],
      [
        "wine glass"
      ],
      [
        "wine glass"
      ],
      [
        "person"
      ],
      [
        "person"
      ],
      [
        "person"
      ],
      [
        "person"
      ],
      [
        "person"
      ],
      [
        "person"
      ],
      [
        "person"
      ],
      [
        "person"
      ],
      [
        "person"
      ],
      [
        "person"
      ],
      [
        "person"
      ],
      [
        "person"
      ],
      [
        "person"
      ],
      [
        "person"
      ]
    ],
    "appearances": [
      {
        "object_class": "tv",
        "first_appearance": 3.4000000000000004,
        "last_appearance": 3.4000000000000004,
        "frame_count": 1,
        "frequency": 0.0033333333333333335
      },
      {
        "object_class": "person",
        "first_appearance": 5.1000000000000005,
        "last_appearance": 29.900000000000002,
        "frame_count": 212,
        "frequency": 0.7066666666666667
      },
      {
        "object_class": "cup",
        "first_appearance": 18.3,
        "last_appearance": 21.1,
        "frame_count": 14,
        "frequency": 0.04666666666666667
      },
      {
        "object_class": "tie",
        "first_appearance": 19.700000000000003,
        "last_appearance": 25.3,
        "frame_count": 18,
        "frequency": 0.06
      },
      {
        "object_class": "wine glass",
        "first_appearance": 20.700000000000003,
        "last_appearance": 28.5,
        "frame_count": 14,
        "frequency": 0.04666666666666667
      }
    ]
  },
  "atmosphere_signals": {
    "brightness_values": [
      57.68140516493055,
      57.55249131944444,
      57.654078776041665,
      57.82987738715278,
      58.03160264756944,
      58.30967664930556,
      58.57434244791666,
      58.571474609375,
      58.65162651909722,
      58.83730360243055,
      58.979912109375,
      59.14662000868056,
      59.06942165798611,
      58.72599934895833,
      58.914306640625,
      59.25329644097222,
      59.16201931423611,
      58.87307942708333,
      58.424954427083335,
      58.313158637152775,
      58.126110026041665,
      57.66503689236111,
      57.27332465277778,
      56.97283962673611,
      56.90244249131945,
      56.11091796875,
      55.976612413194445,
      55.60768337673611,
      55.64480360243056,
      55.336680772569444,
      54.915524088541666,
      54.853038194444444,
      54.43597330729167,
      53.776265190972225,
      53.815678168402776,
      53.36975043402778,
      53.156215277777775,
      52.92044162326389,
      52.475654296875,
      52.23702907986111,
      51.911923828125,
      51.592922092013886,
      51.42878797743055,
      51.84590277777778,
      52.068616536458336,
      52.450215928819446,
      52.68717990451389,
      52.68082248263889,
      52.68219618055556,
      52.40873697916667,
      52.254580078125,
      52.16332790798611,
      51.970868055555556,
      51.68528645833333,
      52.030987413194445,
      52.04697916666667,
      52.062228732638886,
      51.732523871527775,
      51.52185763888889,
      51.49876302083333,
      51.00393771701389,
      50.855639105902775,
      50.569150390625,
      50.439153645833336,
      50.2287109375,
      49.96955946180555,
      49.90977973090278,
      50.06652018229167,
      50.11481336805556,
      50.231280381944444,
      50.04775824652778,
      50.02125542534722,
      49.84351779513889,
      49.63556206597222,
      49.32532009548611,
      48.55257595486111,
      48.289404296875,
      47.925662977430555,
      47.48558051215278,
      47.27727322048611,
      46.715067274305554,
      46.502781032986114,
      46.287158203125,
      46.16549153645833,
      45.90367730034722,
      45.67743706597222,
      45.535107421875,
      45.55660047743056,
      45.60192599826389,
      45.71123263888889,
      45.69902235243055,
      45.89224283854167,
      46.00094075520833,
      46.28255533854167,
      46.439915364583335,
      46.79643012152778,
      47.014302300347225,
      47.47523546006944,
      47.80925672743056,
      48.11318793402778,
      48.347575954861114,
      48.43470920138889,
      48.548664279513886,
      48.80155164930556,
      48.958033854166665,
      49.191065538194444,
      49.49083767361111,
      49.733115234375,
      49.93498155381945,
      49.94065104166667,
      49.987811414930555,
      49.996611328125,
      49.94151475694444,
      50.12105034722222,
      50.111247829861114,
      50.29596245659722,
      50.43707356770833,
      50.355929904513886,
      50.39202690972222,
      50.54527994791667,
      50.95294487847222,
      51.26916232638889,
      51.22152886284722,
      51.26671332465278,
      51.74511610243056,
      52.10639865451389,
      52.72455512152778,
      53.04529622395833,
      53.56816080729167,
      53.91234375,
      53.96913411458333,
      53.84061306423611,
      53.695645616319446,
      53.84273546006944,
      54.045341796875,
      54.313038194444445,
      54.853955078125,
      55.18509657118056,
      55.567553168402775,
      55.828548177083334,
      56.021953125,
      56.34149197048611,
      56.509104817708334,
      56.90778211805556,
      57.237719184027775,
      57.71065755208333,
      58.35453776041667,
      58.77558268229166,
      59.496172960069444,
      59.99247829861111,
      60.683427734375,
      61.34589084201389,
      61.82285264756945,
      62.61489040798611,
      63.11543511284722,
      63.874178602430554,
      64.62403862847222,
      65.24521592881945,
      66.47583441840278,
      67.4637890625,
      68.93195746527778,
      69.36786024305556,
      69.65428602430555,
      69.51104058159723,
      69.32328559027778,
      66.72026801215277,
      63.78729275173611,
      61.268063151041666,
      56.93333224826389,
      53.83237955729167,
      49.34436848958333,
      44.83013020833334,
      42.8297265625,
      44.78713216145833,
      46.70395833333333,
      48.07143229166667,
      47.28136176215278,
      45.355035807291664,
      40.49063802083333,
      38.78440104166667,
      43.156795789930555,
      48.58638780381944,
      53.989638671875,
      43.11482204861111,
      42.93958441840278,
      42.785564236111114,
      42.797552083333336,
      42.83717556423611,
      43.332652994791665,
      43.53072916666667,
      43.07779839409722,
      42.79194010416666,
      42.90232747395833,
      42.71214626736111,
      42.658460286458336,
      42.43723415798611,
      42.27776258680556,
      42.00583767361111,
      41.704012586805554,
      41.65537760416667,
      41.579366319444446,
      41.41164496527778,
      41.20529947916667,
      40.95636610243056,
      40.911815321180555,
      40.721361762152775,
      40.686496310763886,
      40.44766384548611,
      40.380830078125,
      40.40202365451389,
      40.39908420138889,
      40.41564995659722,
      35.3959765625,
      41.733393012152774,
      43.46218098958333,
      44.577884114583334,
      44.14657769097222,
      44.180743272569444,
      39.54975043402778,
      35.32322699652778,
      30.316646050347224,
      28.53901584201389,
      27.05084309895833,
      25.193140190972223,
      22.339813368055555,
      24.390631510416668,
      45.688495008680555,
      46.08686089409722,
      46.66750542534722,
      46.96203450520834,
      47.28875434027778,
      47.203994140625,
      47.078983289930555,
      46.880732421875,
      46.93745985243056,
      46.867694227430555,
      46.73102756076389,
      46.66914388020833,
      46.636638454861114,
      46.71452256944445,
      46.424930555555555,
      46.17357530381945,
      45.80246636284722,
      45.08860785590278,
      44.50449869791667,
      43.372265625,
      42.23473958333334,
      41.23319010416667,
      40.098115234375,
      39.90556315104167,
      39.80888346354167,
      39.93232964409722,
      40.022838541666665,
      40.33844835069444,
      40.790096571180555,
      41.27387803819445,
      47.38068359375,
      47.616552734375,
      47.437255859375,
      47.52770724826389,
      47.741121961805554,
      47.76474609375,
      47.76092556423611,
      47.71500542534722,
      47.697696397569445,
      47.486155598958334,
      47.34620008680555,
      47.06849717881944,
      46.84803819444444,
      46.658764105902776,
      46.326786024305555,
      46.039997829861115,
      45.778897569444446,
      45.310517578125,
      45.59501519097222,
      45.69058810763889,
      45.93714409722222,
      45.90093532986111,
      46.24071397569445,
      46.45686306423611,
      46.83393120659722,
      46.780659722222225,
      46.03663845486111,
      45.638271484375,
      46.45260091145833,
      46.642323133680556,
      37.32093641493056,
      37.38164496527778,
      37.15143771701389,
      37.02916232638889,
      36.60989366319444,
      36.378521050347224,
      36.22992838541666,
      36.03191840277778,
      36.01521267361111,
      35.98711697048611,
      35.99877821180556,
      36.0223828125,
      36.00666124131944,
      35.96681857638889
    ],
    "brightness_mean": 48.9834570167824,
    "brightness_std": 7.767806332804311,
    "brightness_min": 22.339813368055555,
    "brightness_max": 69.65428602430555,
    "brightness_range": 47.31447265624999,
    "lighting_changes": [
      {
        "timestamp": 22.6,
        "frame_index": 226,
        "brightness_before": 24.390631510416668,
        "brightness_after": 45.688495008680555,
        "magnitude": 21.297863498263887
      }
    ],
    "lighting_change_count": 1,
    "setting_type": "indoor",
    "dominant_colors_rgb": [
      [
        "86",
        "77",
        "66"
      ],
      [
        "210",
        "212",
        "187"
      ],
      [
        "18",
        "16",
        "14"
      ]
    ],
    "dominant_colors": [
      "brown",
      "green",
      "black"
    ]
  },
  "action_signals": {
    "intensity_timeline": [
      0.0,
      0.0017155073583126068,
      0.001638590395450592,
      0.002447779029607773,
      0.0015870055556297302,
      0.002543114125728607,
      0.0012490033358335496,
      0.001876356601715088,
      0.0031640508770942686,
      0.0021062071621418,
      0.0027145236730575562,
      0.002149902880191803,
      0.0029093074798583985,
      0.004484597742557526,
      0.004197623133659362,
      0.005885821580886841,
      0.004195623397827149,
      0.004781845808029175,
      0.008857781291007996,
      0.00783544659614563,
      0.011906732320785523,
      0.010269834995269775,
      0.010399787425994874,
      0.012505491971969604,
      0.008317599892616273,
      0.008820622563362121,
      0.005868785381317139,
      0.004937015771865845,
      0.006727390289306641,
      0.002842210531234741,
      0.004070878326892853,
      0.0033150351047515868,
      0.0032771676778793335,
      0.003981022834777832,
      0.003982003331184387,
      0.0060192131996154785,
      0.0024792033433914183,
      0.003015975058078766,
      0.006006143093109131,
      0.00818666696548462,
      0.012904024124145508,
      0.008180378079414368,
      0.004415725171566009,
      0.008208023309707642,
      0.005108361840248108,
      0.010467852354049683,
      0.006185869574546814,
      0.0071497315168380735,
      0.01380001187324524,
      0.009109329581260681,
      0.01964157462120056,
      0.008482147455215455,
      0.01269922375679016,
      0.017723907232284546,
      0.011870070695877075,
      0.017156106233596802,
      0.010566247701644898,
      0.010748904943466187,
      0.01511283278465271,
      0.009507989287376404,
      0.014926555156707764,
      0.01058235764503479,
      0.011394524574279785,
      0.01637421369552612,
      0.01117408275604248,
      0.016591501235961915,
      0.012564716339111328,
      0.012741963863372802,
      0.018394497632980348,
      0.013103785514831543,
      0.018962117433547972,
      0.013702297210693359,
      0.014438164234161378,
      0.02315998315811157,
      0.01671831727027893,
      0.023677542209625244,
      0.018439965248107912,
      0.016978729963302613,
      0.024479591846466066,
      0.01713652491569519,
      0.02520893096923828,
      0.018420900106430053,
      0.017053130865097046,
      0.02093296766281128,
      0.013674765825271606,
      0.018373913764953613,
      0.013610547780990601,
      0.013347324132919312,
      0.016590516567230224,
      0.011113392114639282,
      0.014488321542739869,
      0.010377933979034424,
      0.009702796936035157,
      0.012590427398681641,
      0.008462461829185485,
      0.008784927129745483,
      0.004823368787765503,
      0.0038181877136230467,
      0.003738797605037689,
      0.0019857726991176607,
      0.004791612327098846,
      0.003393886089324951,
      0.002925759851932526,
      0.005054935812950134,
      0.002199326455593109,
      0.0036212888360023497,
      0.0047002783417701725,
      0.005719580054283142,
      0.008310664892196656,
      0.0014534300565719604,
      0.0029379108548164366,
      0.0033946457505226136,
      0.001329437643289566,
      0.0038629376888275144,
      0.002228712439537048,
      0.0036933225393295287,
      0.0030772465467453,
      0.0026998433470726015,
      0.00340917706489563,
      0.0034791886806488036,
      0.005844313502311706,
      0.005866515636444092,
      0.005084233880043029,
      0.007670799493789673,
      0.0032236456871032717,
      0.0040600508451461795,
      0.003580390214920044,
      0.003809460699558258,
      0.008497470021247865,
      0.007207973003387451,
      0.010100487470626831,
      0.0038127288222312926,
      0.0017976438999176025,
      0.002743775248527527,
      0.0026154425740242005,
      0.0038341498374938965,
      0.0033557283878326415,
      0.003106115162372589,
      0.00652354896068573,
      0.0049419236183166505,
      0.0064971154928207394,
      0.0040287569165229796,
      0.0034631234407424927,
      0.007163508534431457,
      0.005864899754524231,
      0.007134400606155396,
      0.005844441056251526,
      0.005819341540336609,
      0.009581308364868164,
      0.006803008317947387,
      0.010140413045883178,
      0.006395493149757386,
      0.00489719033241272,
      0.00647724449634552,
      0.004783336818218231,
      0.008612714409828186,
      0.008727293014526367,
      0.00884983479976654,
      0.012012494802474976,
      0.008218698501586914,
      0.012771672010421753,
      0.012063477039337158,
      0.010767669677734374,
      0.02083118200302124,
      0.012674837112426758,
      0.021670894622802736,
      0.017350558042526245,
      0.02244844675064087,
      0.031043968200683593,
      0.026603329181671142,
      0.027270941734313964,
      0.028014745712280274,
      0.023301315307617188,
      0.021544685363769533,
      0.021312832832336426,
      0.025579090118408202,
      0.016608175039291382,
      0.026994712352752685,
      0.029677674770355225,
      0.02561288356781006,
      0.02752978801727295,
      0.03508889198303223,
      0.032320556640625,
      0.086924467086792,
      0.03187037706375122,
      0.026348834037780763,
      0.014224096536636352,
      0.012719626426696778,
      0.025493927001953125,
      0.019899511337280275,
      0.022523369789123535,
      0.018919025659561158,
      0.01721598744392395,
      0.02523449659347534,
      0.020714268684387208,
      0.027774012088775633,
      0.014629043340682983,
      0.013137807846069336,
      0.02196526765823364,
      0.012982237339019775,
      0.01864501118659973,
      0.01124700427055359,
      0.013003559112548828,
      0.016326292753219604,
      0.01008853793144226,
      0.015464144945144653,
      0.0060249710083007816,
      0.009924883842468262,
      0.011327235698699952,
      0.008229823112487792,
      0.0056757497787475585,
      0.004358759820461273,
      0.10445169448852538,
      0.03762084245681763,
      0.05518048286437988,
      0.06947237014770508,
      0.046790246963500974,
      0.04306802272796631,
      0.06488213539123536,
      0.052222156524658205,
      0.03652240514755249,
      0.02418231010437012,
      0.020510966777801513,
      0.02387059688568115,
      0.026022701263427733,
      0.02006269693374634,
      0.0397481369972229,
      0.015154772996902465,
      0.021621665954589843,
      0.015080345869064331,
      0.019719462394714355,
      0.013974322080612183,
      0.014596850872039794,
      0.019866504669189454,
      0.012825288772583009,
      0.017980756759643553,
      0.011546887159347534,
      0.01083310842514038,
      0.017881968021392823,
      0.012414722442626954,
      0.018416764736175536,
      0.013433083295822143,
      0.0141534686088562,
      0.02031543731689453,
      0.014927310943603516,
      0.022701687812805176,
      0.01537718653678894,
      0.013128427267074584,
      0.023074002265930177,
      0.015161972045898437,
      0.016760984659194945,
      0.011485972404479981,
      0.011535739898681641,
      0.015819995403289794,
      0.011425715684890748,
      0.016335140466690063,
      0.05981682300567627,
      0.00836850106716156,
      0.008924692869186401,
      0.00807531237602234,
      0.009978007674217224,
      0.007259237170219421,
      0.007173347473144531,
      0.0073486179113388065,
      0.00601318359375,
      0.010711761713027955,
      0.008554254174232483,
      0.010410484075546265,
      0.012213207483291626,
      0.006659080386161804,
      0.009992426037788391,
      0.004743954241275787,
      0.005278151631355286,
      0.006889331340789795,
      0.008110777735710143,
      0.01395035982131958,
      0.01046951413154602,
      0.009994030594825745,
      0.025958704948425292,
      0.020545814037322998,
      0.03425478458404541,
      0.024569106101989747,
      0.028925671577453613,
      0.042730464935302734,
      0.02916297912597656,
      0.04760219573974609,
      0.06944565296173096,
      0.009349722862243653,
      0.012728241682052612,
      0.009718742966651917,
      0.014751194715499879,
      0.008788396120071412,
      0.007240437865257263,
      0.006251468062400818,
      0.0029901206493377686,
      0.002023635357618332,
      0.0009882459789514542,
      0.0020445550978183745,
      0.003356233835220337,
      0.0025565358996391297
    ],
    "intensity_mean": 0.013790907092392446,
    "intensity_std": 0.013122000710184547,
    "intensity_min": 0.0,
    "intensity_max": 0.10445169448852538,
    "intensity_trend": "stable",
    "peak_moments": [
      {
        "timestamp": 21.200000000000003,
        "frame_index": 212,
        "intensity": 0.10445169448852538,
        "moment_type": "peak"
      }
    ],
    "valley_moments": [],
    "peak_timestamps": [
      21.200000000000003
    ],
    "valley_timestamps": [],
    "peak_count": 1,
    "valley_count": 0,
    "action_variance": 0.00017218690263808375
  },
  "temporal_signals": {
    "frame_change_scores": [
      0.0,
      0.011409693517346442,
      0.015362558841636398,
      0.024622456555563055,
      0.01442246707412742,
      0.024590157786633426,
      0.012366532380402195,
      0.017188197161345342,
      0.03205629131858101,
      0.018911011269046152,
      0.03540764936320062,
      0.02255738260091744,
      0.02499284231463017,
      0.04459737270071307,
      0.035849433448348456,
      0.0599046792500455,
      0.03990264166761992,
      0.045643962904404645,
      0.07909695143731399,
      0.06335099915429299,
      0.0941510261165589,
      0.07056479934191218,
      0.07690654572270672,
      0.10026114551252518,
      0.07856778981693446,
      0.09203214553808281,
      0.06328571666194693,
      0.06600028971212624,
      0.07828791816913627,
      0.03769266572159291,
      0.056603250841016695,
      0.03138500112593501,
      0.033855504771981404,
      0.0516248835636296,
      0.038081931619764475,
      0.06280552339206158,
      0.03672125534099924,
      0.03929347807704364,
      0.06566316492826785,
      0.04851604857373437,
      0.08063040009132305,
      0.051074378583784164,
      0.05615704586910997,
      0.09637967771839173,
      0.0664901912068262,
      0.11075727941627755,
      0.07453908074507898,
      0.08071902811193443,
      0.12818233532984813,
      0.09053651233699833,
      0.1365852590503156,
      0.09531103744314995,
      0.09852299154025412,
      0.151056510640028,
      0.11395550185990178,
      0.16414039527528979,
      0.11968547328352586,
      0.12365732031924326,
      0.17127723284476604,
      0.12037664040542506,
      0.17601319285351935,
      0.13385467457414524,
      0.1396323596648772,
      0.19027041279802626,
      0.13634271904947637,
      0.19469047912405668,
      0.1504987148425283,
      0.15373490516376487,
      0.20576548081243573,
      0.15562447605605279,
      0.21132163310832686,
      0.1582270119666901,
      0.16557110299079492,
      0.22784886855433628,
      0.17739744482705122,
      0.24510586716623317,
      0.1932980029121154,
      0.1772983788913367,
      0.2545591013566303,
      0.18703134691794177,
      0.24538263384988968,
      0.17838610597923377,
      0.1662825065787078,
      0.20423751662684653,
      0.1330242042274168,
      0.17599914374284542,
      0.11689165707376292,
      0.11532788587453247,
      0.1514433016291583,
      0.09004497213628415,
      0.1292447988116665,
      0.08059009359461444,
      0.07306804418650314,
      0.10974179605893819,
      0.06098282494031371,
      0.06211204460593456,
      0.02446565537899037,
      0.018681428509082942,
      0.0195334174039673,
      0.0078937928074172,
      0.02094368748419062,
      0.011189631709563108,
      0.009692378263686297,
      0.021940786856085248,
      0.006886900144198127,
      0.015288118058383815,
      0.02285200342713345,
      0.037324130104270714,
      0.03948526987850043,
      0.004417820662919847,
      0.011923581315588683,
      0.011601249983449247,
      0.0039487127601084415,
      0.014354845710137232,
      0.008202231788310588,
      0.009823596062632944,
      0.008521675353089564,
      0.008430712188089773,
      0.013214315869814586,
      0.014502351198588004,
      0.043078659425109245,
      0.04642439943340404,
      0.04651198752512631,
      0.07140015505812947,
      0.03767941703950051,
      0.05033411097240981,
      0.039430600905924984,
      0.03281519860881432,
      0.05839263228211844,
      0.0422033480165358,
      0.07376962096010975,
      0.01930875572536006,
      0.007121669780306372,
      0.01028828390689307,
      0.01003835540174458,
      0.017602498423635815,
      0.01535868375620053,
      0.01471913145790349,
      0.03840455453006675,
      0.027581415004851118,
      0.04261264068003112,
      0.018306143831248622,
      0.01356697554465558,
      0.03584170717021706,
      0.026947747432615743,
      0.04385607175023665,
      0.03438838720573678,
      0.03684879346856107,
      0.06583887275962674,
      0.03816529311852079,
      0.06955824835271707,
      0.03530837237044682,
      0.028262599273177313,
      0.04816181080263371,
      0.02856091532080418,
      0.05153362057296185,
      0.04960090319411181,
      0.049202791898670384,
      0.08272367372410439,
      0.04557986175680884,
      0.08760163191229264,
      0.06267313048395651,
      0.06159587561134794,
      0.11982738959082462,
      0.08761627933549931,
      0.1797638105988596,
      0.10613193010799427,
      0.14939104963034422,
      0.2644716957989658,
      0.2222620195647328,
      0.30299976878445134,
      0.2779812058369745,
      0.2652462304422293,
      0.3131543669438356,
      0.25470195773629334,
      0.26415901051704305,
      0.13307033010495362,
      0.21903145841434513,
      0.3671101818292172,
      0.3262281232095604,
      0.35939835166584644,
      0.2980228451952378,
      0.26101136458664853,
      0.6216762802646708,
      0.1102769425404807,
      0.11818631554392178,
      0.04845910697299183,
      0.04345870425609921,
      0.10269056969653767,
      0.07642318290831296,
      0.09088966765726081,
      0.07150181494124408,
      0.06117942745184379,
      0.09937775572201701,
      0.08026667477175042,
      0.1165615796414432,
      0.05206115415672652,
      0.04571596897091068,
      0.0832972320310229,
      0.04073134554352309,
      0.06797533986817739,
      0.035258780525333266,
      0.041458980382282795,
      0.05684823984530751,
      0.02814757638264298,
      0.051546116311611656,
      0.014512269753551355,
      0.02570815731948395,
      0.035652566170773836,
      0.020744267807778716,
      0.014920372913537094,
      0.009780343168662609,
      0.6407988311559167,
      0.2694562907151854,
      0.25163096616218994,
      0.31161173558099686,
      0.2513085955881189,
      0.2528063800821079,
      0.3286154321051965,
      0.26955684156076554,
      0.3110335035406575,
      0.24136542903948388,
      0.24247732519040066,
      0.26778899706938675,
      0.275073003287726,
      0.34002245994046987,
      0.5632947152092026,
      0.09288148024824405,
      0.14965334722925627,
      0.0959609962246809,
      0.139559146884223,
      0.08907022563839384,
      0.0930734004624525,
      0.13910469968992756,
      0.08320950575719666,
      0.11796785689326494,
      0.07676089361112026,
      0.06762914372290141,
      0.13645142883513417,
      0.09334503727140175,
      0.17721076195769592,
      0.11397818148566075,
      0.12035391672785134,
      0.18119559878086322,
      0.11757137035070309,
      0.19828462423369753,
      0.12713722936378935,
      0.11719530210647411,
      0.15586731030220247,
      0.10952279707114643,
      0.13561118592319366,
      0.0768714878097082,
      0.0695380392136461,
      0.09802303402978829,
      0.06511573565550088,
      0.10322536670563631,
      0.541470181038544,
      0.03472525185937292,
      0.03376838849911934,
      0.03254703050397534,
      0.05260966695339575,
      0.031319829782212816,
      0.0353638662134198,
      0.03463464428664942,
      0.020844761959094127,
      0.04668449043390088,
      0.03911977613960638,
      0.05770775052157906,
      0.04920296710231986,
      0.021852251411427215,
      0.039369311690782505,
      0.01905204073824207,
      0.02038179717465982,
      0.03150243037469802,
      0.03763703864505774,
      0.08657729142330517,
      0.06206226254237168,
      0.05448544405041644,
      0.16576767813950322,
      0.1352559961491161,
      0.22073548801167742,
      0.1650029723080727,
      0.1839375582938022,
      0.2549901482678123,
      0.19959494453274973,
      0.2623839568763743,
      0.4565671842153366,
      0.04996611071192214,
      0.08120573992692959,
      0.060546285771270525,
      0.09659900282375578,
      0.05049338029120076,
      0.03777298210364399,
      0.034757233913314645,
      0.010888750455088525,
      0.005314482243544805,
      0.0023605393920578255,
      0.0064549898488728275,
      0.013649370062836397,
      0.00827673070214019
    ],
    "change_score_mean": 0.10302088970830968,
    "change_score_std": 0.10190566972353521,
    "change_score_max": 0.6407988311559167,
    "temporal_gaps": [
      {
        "start_time": 10.9,
        "end_time": 11.9,
        "duration": 1.0,
        "start_frame": 109,
        "end_frame": 119,
        "avg_change": 0.00990373571752081
      },
      {
        "start_time": 13.100000000000001,
        "end_time": 13.700000000000001,
        "duration": 0.5999999999999996,
        "start_frame": 131,
        "end_frame": 137,
        "avg_change": 0.013491054064577703
      },
      {
        "start_time": 29.400000000000002,
        "end_time": 29.900000000000002,
        "duration": 0.5,
        "start_frame": 294,
        "end_frame": 299,
        "avg_change": 0.007824143784090095
      }
    ],
    "temporal_gap_count": 3,
    "temporal_gap_total_duration": 2.0999999999999996,
    "transition_similarity_scores": [],
    "transition_similarity_mean": 0.0,
    "temporal_density": 3.612040133779264
  },
  "metadata": {
    "video_path": "/vol/videos/core/produced_digital/commercials/Ex1UuIMhSnA.mp4",
    "dataset": "produced_digital/commercials",
    "tier": "produced_digital",
    "study_type": "core",
    "source_fps": 24.0,
    "experiment_version": "3.2"
  }
}