{
  "video_id": "Ex1UuIMhSnA",
  "fps": 2.0,
  "duration": 29.5,
  "frame_count": 60,
  "scene_signals": {
    "transition_count": 0,
    "transition_timestamps": [],
    "transition_types": [],
    "transition_magnitudes": [],
    "scene_count": 1,
    "scene_durations": [
      29.5
    ],
    "scene_duration_mean": 29.5,
    "scene_duration_std": 0.0,
    "scene_duration_min": 29.5,
    "scene_duration_max": 29.5,
    "scene_types": [
      "unknown"
    ],
    "transitions": [],
    "scenes": [
      {
        "start_time": 0.0,
        "end_time": 29.5,
        "duration": 29.5,
        "scene_type": "unknown",
        "start_frame": 0,
        "end_frame": 59
      }
    ]
  },
  "character_signals": {
    "person_counts_per_frame": [
      0,
      0,
      0,
      0,
      0,
      0,
      0,
      0,
      0,
      0,
      0,
      1,
      1,
      1,
      1,
      1,
      1,
      1,
      1,
      1,
      1,
      1,
      1,
      1,
      1,
      1,
      1,
      1,
      1,
      1,
      1,
      1,
      1,
      1,
      2,
      2,
      1,
      3,
      3,
      3,
      3,
      3,
      3,
      1,
      0,
      1,
      2,
      2,
      2,
      2,
      2,
      1,
      0,
      0,
      0,
      0,
      0,
      0,
      1,
      1
    ],
    "person_count_mode": 1,
    "person_count_mean": 1.0166666666666666,
    "person_count_std": 0.9035424112286533,
    "person_count_min": 0,
    "person_count_max": 3,
    "person_count_distribution": {
      "0": 18,
      "1": 29,
      "2": 7,
      "3": 6
    },
    "character_consistency": 0.48333333333333334,
    "entry_events": [
      {
        "timestamp": 5.5,
        "frame_index": 11,
        "event_type": "entry",
        "count_before": 0,
        "count_after": 1
      },
      {
        "timestamp": 17.0,
        "frame_index": 34,
        "event_type": "entry",
        "count_before": 1,
        "count_after": 2
      },
      {
        "timestamp": 18.5,
        "frame_index": 37,
        "event_type": "entry",
        "count_before": 1,
        "count_after": 3
      },
      {
        "timestamp": 22.5,
        "frame_index": 45,
        "event_type": "entry",
        "count_before": 0,
        "count_after": 1
      },
      {
        "timestamp": 23.0,
        "frame_index": 46,
        "event_type": "entry",
        "count_before": 1,
        "count_after": 2
      },
      {
        "timestamp": 29.0,
        "frame_index": 58,
        "event_type": "entry",
        "count_before": 0,
        "count_after": 1
      }
    ],
    "exit_events": [
      {
        "timestamp": 18.0,
        "frame_index": 36,
        "event_type": "exit",
        "count_before": 2,
        "count_after": 1
      },
      {
        "timestamp": 21.5,
        "frame_index": 43,
        "event_type": "exit",
        "count_before": 3,
        "count_after": 1
      },
      {
        "timestamp": 22.0,
        "frame_index": 44,
        "event_type": "exit",
        "count_before": 1,
        "count_after": 0
      },
      {
        "timestamp": 25.5,
        "frame_index": 51,
        "event_type": "exit",
        "count_before": 2,
        "count_after": 1
      },
      {
        "timestamp": 26.0,
        "frame_index": 52,
        "event_type": "exit",
        "count_before": 1,
        "count_after": 0
      }
    ],
    "entry_count": 6,
    "exit_count": 5,
    "entry_exit_total": 11,
    "entry_timestamps": [
      5.5,
      17.0,
      18.5,
      22.5,
      23.0,
      29.0
    ],
    "exit_timestamps": [
      18.0,
      21.5,
      22.0,
      25.5,
      26.0
    ]
  },
  "visual_signals": {
    "unique_objects": [
      "person",
      "tie",
      "cup",
      "wine glass"
    ],
    "unique_object_count": 4,
    "persistent_objects": [],
    "persistent_object_count": 0,
    "transient_objects": [
      "tie",
      "cup",
      "wine glass"
    ],
    "transient_object_count": 3,
    "object_frequency": {
      "person": 0.7,
      "tie": 0.03333333333333333,
      "cup": 0.016666666666666666,
      "wine glass": 0.06666666666666667
    },
    "object_frame_counts": {
      "person": 42,
      "tie": 2,
      "cup": 1,
      "wine glass": 4
    },
    "object_first_appearance": {
      "person": 5.5,
      "tie": 20.0,
      "cup": 21.0,
      "wine glass": 26.5
    },
    "object_last_appearance": {
      "person": 29.5,
      "tie": 21.0,
      "cup": 21.0,
      "wine glass": 28.5
    },
    "objects_per_frame": [
      [],
      [],
      [],
      [],
      [],
      [],
      [],
      [],
      [],
      [],
      [],
      [
        "person"
      ],
      [
        "person"
      ],
      [
        "person"
      ],
      [
        "person"
      ],
      [
        "person"
      ],
      [
        "person"
      ],
      [
        "person"
      ],
      [
        "person"
      ],
      [
        "person"
      ],
      [
        "person"
      ],
      [
        "person"
      ],
      [
        "person"
      ],
      [
        "person"
      ],
      [
        "person"
      ],
      [
        "person"
      ],
      [
        "person"
      ],
      [
        "person"
      ],
      [
        "person"
      ],
      [
        "person"
      ],
      [
        "person"
      ],
      [
        "person"
      ],
      [
        "person"
      ],
      [
        "person"
      ],
      [
        "person"
      ],
      [
        "person"
      ],
      [
        "person"
      ],
      [
        "person"
      ],
      [
        "person"
      ],
      [
        "person"
      ],
      [
        "person",
        "tie"
      ],
      [
        "person"
      ],
      [
        "person",
        "cup",
        "tie"
      ],
      [
        "person"
      ],
      [],
      [
        "person"
      ],
      [
        "person"
      ],
      [
        "person"
      ],
      [
        "person"
      ],
      [
        "person"
      ],
      [
        "person"
      ],
      [
        "person"
      ],
      [],
      [
        "wine glass"
      ],
      [
        "wine glass"
      ],
      [
        "wine glass"
      ],
      [],
      [
        "wine glass"
      ],
      [
        "person"
      ],
      [
        "person"
      ]
    ],
    "appearances": [
      {
        "object_class": "person",
        "first_appearance": 5.5,
        "last_appearance": 29.5,
        "frame_count": 42,
        "frequency": 0.7
      },
      {
        "object_class": "tie",
        "first_appearance": 20.0,
        "last_appearance": 21.0,
        "frame_count": 2,
        "frequency": 0.03333333333333333
      },
      {
        "object_class": "cup",
        "first_appearance": 21.0,
        "last_appearance": 21.0,
        "frame_count": 1,
        "frequency": 0.016666666666666666
      },
      {
        "object_class": "wine glass",
        "first_appearance": 26.5,
        "last_appearance": 28.5,
        "frame_count": 4,
        "frequency": 0.06666666666666667
      }
    ]
  },
  "atmosphere_signals": {
    "brightness_values": [
      57.68140516493055,
      58.30967664930556,
      58.979912109375,
      59.25329644097222,
      58.126110026041665,
      56.11091796875,
      54.915524088541666,
      53.36975043402778,
      51.911923828125,
      52.450215928819446,
      52.254580078125,
      52.04697916666667,
      51.00393771701389,
      49.96955946180555,
      50.04775824652778,
      48.55257595486111,
      46.715067274305554,
      45.67743706597222,
      45.69902235243055,
      46.79643012152778,
      48.347575954861114,
      49.191065538194444,
      49.987811414930555,
      50.29596245659722,
      50.95294487847222,
      52.10639865451389,
      53.96913411458333,
      54.313038194444445,
      56.021953125,
      57.71065755208333,
      60.683427734375,
      63.874178602430554,
      68.93195746527778,
      66.72026801215277,
      49.34436848958333,
      48.07143229166667,
      43.156795789930555,
      42.785564236111114,
      43.07779839409722,
      42.43723415798611,
      41.579366319444446,
      40.721361762152775,
      40.39908420138889,
      44.577884114583334,
      30.316646050347224,
      24.390631510416668,
      47.28875434027778,
      46.867694227430555,
      46.424930555555555,
      43.372265625,
      39.80888346354167,
      41.27387803819445,
      47.741121961805554,
      47.486155598958334,
      46.326786024305555,
      45.69058810763889,
      46.83393120659722,
      46.642323133680556,
      36.60989366319444,
      35.98711697048611
    ],
    "brightness_mean": 49.03651573350694,
    "brightness_std": 7.922120241467895,
    "brightness_min": 24.390631510416668,
    "brightness_max": 68.93195746527778,
    "brightness_range": 44.54132595486111,
    "lighting_changes": [
      {
        "timestamp": 23.0,
        "frame_index": 46,
        "brightness_before": 24.390631510416668,
        "brightness_after": 47.28875434027778,
        "magnitude": 22.89812282986111
      }
    ],
    "lighting_change_count": 1,
    "setting_type": "indoor",
    "dominant_colors_rgb": [
      [
        "86",
        "77",
        "66"
      ],
      [
        "210",
        "212",
        "187"
      ],
      [
        "18",
        "16",
        "14"
      ]
    ],
    "dominant_colors": [
      "brown",
      "green",
      "black"
    ]
  },
  "action_signals": {
    "intensity_timeline": [
      0.0,
      0.0104915189743042,
      0.011001198291778565,
      0.018458147048950196,
      0.02353492021560669,
      0.02921868324279785,
      0.033506624698638916,
      0.016487890481948854,
      0.03068960666656494,
      0.022331488132476807,
      0.03367544174194336,
      0.03579196691513062,
      0.02847780704498291,
      0.027869513034820558,
      0.027123467922210695,
      0.024631962776184083,
      0.024429726600646972,
      0.023801989555358886,
      0.02622403383255005,
      0.03195196151733398,
      0.014026610851287842,
      0.01398957371711731,
      0.013601903915405273,
      0.009305168390274048,
      0.013850736618041991,
      0.019166960716247558,
      0.024773256778717043,
      0.011520696878433228,
      0.02069556713104248,
      0.019654797315597536,
      0.03188551902770996,
      0.0243589186668396,
      0.04026581287384033,
      0.05779190540313721,
      0.04362534046173096,
      0.03126483917236328,
      0.035609605312347414,
      0.08586440086364747,
      0.05180899620056152,
      0.08887535095214844,
      0.07023657321929931,
      0.05934565544128418,
      0.035784995555877684,
      0.11143537521362305,
      0.055789427757263185,
      0.02585460424423218,
      0.04449015617370605,
      0.06424984931945801,
      0.05308960914611816,
      0.05234305381774902,
      0.05630687236785889,
      0.051521825790405276,
      0.0662009859085083,
      0.018042259216308594,
      0.035538945198059085,
      0.02910905122756958,
      0.09478161811828613,
      0.060126876831054686,
      0.07542690753936768,
      0.022292497158050536
    ],
    "intensity_mean": 0.03689335081974666,
    "intensity_std": 0.02304092839548839,
    "intensity_min": 0.0,
    "intensity_max": 0.11143537521362305,
    "intensity_trend": "stable",
    "peak_moments": [],
    "valley_moments": [],
    "peak_timestamps": [],
    "valley_timestamps": [],
    "peak_count": 0,
    "valley_count": 0,
    "action_variance": 0.0005308843813260232
  },
  "temporal_signals": {
    "frame_change_scores": [
      0.0,
      0.09852242411914958,
      0.11352168036239207,
      0.15910801068207958,
      0.21340117835078654,
      0.2307347271667286,
      0.2425268743930573,
      0.19455619868288732,
      0.2060564294649141,
      0.24856813374217002,
      0.2865031863392794,
      0.3033569045560919,
      0.3207743125433382,
      0.3349311975964202,
      0.35403160132207456,
      0.36847898181997774,
      0.38247457572316546,
      0.35801954722975726,
      0.29314533975634605,
      0.255823293433302,
      0.13320989168247344,
      0.10091754475147463,
      0.12294659920159134,
      0.04947318097099607,
      0.10633724736213945,
      0.17769379394624996,
      0.23036907455107036,
      0.08729431027149448,
      0.17057862301009075,
      0.1669789114706749,
      0.268997392610289,
      0.1996432005187606,
      0.3220109595701728,
      0.35185656440120916,
      0.46481047314282586,
      0.4509712245831411,
      0.45321398328951557,
      0.6063323881425831,
      0.20679803312067713,
      0.32321994683300603,
      0.2810723240976024,
      0.2449370397263314,
      0.1532368793129233,
      0.6842602524377159,
      0.49273960261222016,
      0.43519596012680994,
      0.5699836555075353,
      0.36844545393950257,
      0.3616692630598729,
      0.3900611506402256,
      0.3588273351427006,
      0.3257501586149991,
      0.538695180078847,
      0.10927078315075112,
      0.21087764756255534,
      0.17584926319763716,
      0.3786351048294514,
      0.3809409026923619,
      0.45337322963596993,
      0.13599596520701507
    ],
    "change_score_mean": 0.2834667515381231,
    "change_score_std": 0.14255897790995778,
    "change_score_max": 0.6842602524377159,
    "temporal_gaps": [],
    "temporal_gap_count": 0,
    "temporal_gap_total_duration": 0.0,
    "transition_similarity_scores": [],
    "transition_similarity_mean": 0.0,
    "temporal_density": 1.8983050847457628
  },
  "metadata": {
    "video_path": "/vol/videos/core/produced_digital/commercials/Ex1UuIMhSnA.mp4",
    "dataset": "produced_digital/commercials",
    "tier": "produced_digital",
    "study_type": "core",
    "source_fps": 24.0,
    "experiment_version": "3.2"
  }
}