{
  "video_id": "h-3iw1GoTZA",
  "fps": 2.0,
  "duration": 29.5,
  "frame_count": 60,
  "scene_signals": {
    "transition_count": 5,
    "transition_timestamps": [
      1.5,
      15.5,
      22.5,
      23.0,
      24.5
    ],
    "transition_types": [
      "fade",
      "hard_cut",
      "hard_cut",
      "hard_cut",
      "hard_cut"
    ],
    "transition_magnitudes": [
      77.96097566389884,
      1754.6757792445562,
      33611.72517291614,
      84.8693699284301,
      117.51949178380232
    ],
    "scene_count": 6,
    "scene_durations": [
      1.5,
      14.0,
      7.0,
      0.5,
      1.5,
      5.0
    ],
    "scene_duration_mean": 4.916666666666667,
    "scene_duration_std": 4.649522078187774,
    "scene_duration_min": 0.5,
    "scene_duration_max": 14.0,
    "scene_types": [
      "unknown",
      "unknown",
      "unknown",
      "unknown",
      "unknown",
      "unknown"
    ],
    "transitions": [
      {
        "timestamp": 1.5,
        "frame_index": 3,
        "transition_type": "fade",
        "magnitude": 77.96097566389884
      },
      {
        "timestamp": 15.5,
        "frame_index": 31,
        "transition_type": "hard_cut",
        "magnitude": 1754.6757792445562
      },
      {
        "timestamp": 22.5,
        "frame_index": 45,
        "transition_type": "hard_cut",
        "magnitude": 33611.72517291614
      },
      {
        "timestamp": 23.0,
        "frame_index": 46,
        "transition_type": "hard_cut",
        "magnitude": 84.8693699284301
      },
      {
        "timestamp": 24.5,
        "frame_index": 49,
        "transition_type": "hard_cut",
        "magnitude": 117.51949178380232
      }
    ],
    "scenes": [
      {
        "start_time": 0.0,
        "end_time": 1.5,
        "duration": 1.5,
        "scene_type": "unknown",
        "start_frame": 0,
        "end_frame": 2
      },
      {
        "start_time": 1.5,
        "end_time": 15.5,
        "duration": 14.0,
        "scene_type": "unknown",
        "start_frame": 3,
        "end_frame": 30
      },
      {
        "start_time": 15.5,
        "end_time": 22.5,
        "duration": 7.0,
        "scene_type": "unknown",
        "start_frame": 31,
        "end_frame": 44
      },
      {
        "start_time": 22.5,
        "end_time": 23.0,
        "duration": 0.5,
        "scene_type": "unknown",
        "start_frame": 45,
        "end_frame": 45
      },
      {
        "start_time": 23.0,
        "end_time": 24.5,
        "duration": 1.5,
        "scene_type": "unknown",
        "start_frame": 46,
        "end_frame": 48
      },
      {
        "start_time": 24.5,
        "end_time": 29.5,
        "duration": 5.0,
        "scene_type": "unknown",
        "start_frame": 49,
        "end_frame": 59
      }
    ]
  },
  "character_signals": {
    "person_counts_per_frame": [
      0,
      0,
      0,
      0,
      0,
      0,
      0,
      0,
      0,
      0,
      0,
      0,
      0,
      0,
      0,
      0,
      0,
      0,
      0,
      0,
      0,
      0,
      0,
      0,
      0,
      0,
      0,
      0,
      0,
      0,
      0,
      0,
      0,
      0,
      0,
      0,
      0,
      0,
      0,
      0,
      0,
      0,
      0,
      0,
      0,
      1,
      0,
      1,
      1,
      1,
      0,
      1,
      1,
      1,
      1,
      0,
      0,
      0,
      0,
      0
    ],
    "person_count_mode": 0,
    "person_count_mean": 0.13333333333333333,
    "person_count_std": 0.33993463423951903,
    "person_count_min": 0,
    "person_count_max": 1,
    "person_count_distribution": {
      "0": 52,
      "1": 8
    },
    "character_consistency": 0.8666666666666667,
    "entry_events": [
      {
        "timestamp": 22.5,
        "frame_index": 45,
        "event_type": "entry",
        "count_before": 0,
        "count_after": 1
      },
      {
        "timestamp": 23.5,
        "frame_index": 47,
        "event_type": "entry",
        "count_before": 0,
        "count_after": 1
      },
      {
        "timestamp": 25.5,
        "frame_index": 51,
        "event_type": "entry",
        "count_before": 0,
        "count_after": 1
      }
    ],
    "exit_events": [
      {
        "timestamp": 23.0,
        "frame_index": 46,
        "event_type": "exit",
        "count_before": 1,
        "count_after": 0
      },
      {
        "timestamp": 25.0,
        "frame_index": 50,
        "event_type": "exit",
        "count_before": 1,
        "count_after": 0
      },
      {
        "timestamp": 27.5,
        "frame_index": 55,
        "event_type": "exit",
        "count_before": 1,
        "count_after": 0
      }
    ],
    "entry_count": 3,
    "exit_count": 3,
    "entry_exit_total": 6,
    "entry_timestamps": [
      22.5,
      23.5,
      25.5
    ],
    "exit_timestamps": [
      23.0,
      25.0,
      27.5
    ]
  },
  "visual_signals": {
    "unique_objects": [
      "sports ball",
      "apple",
      "person",
      "car"
    ],
    "unique_object_count": 4,
    "persistent_objects": [],
    "persistent_object_count": 0,
    "transient_objects": [
      "sports ball",
      "apple",
      "person",
      "car"
    ],
    "transient_object_count": 4,
    "object_frequency": {
      "sports ball": 0.2,
      "apple": 0.15,
      "person": 0.13333333333333333,
      "car": 0.08333333333333333
    },
    "object_frame_counts": {
      "sports ball": 12,
      "apple": 9,
      "person": 8,
      "car": 5
    },
    "object_first_appearance": {
      "sports ball": 1.5,
      "apple": 11.0,
      "person": 22.5,
      "car": 27.5
    },
    "object_last_appearance": {
      "sports ball": 20.0,
      "apple": 19.5,
      "person": 27.0,
      "car": 29.5
    },
    "objects_per_frame": [
      [],
      [],
      [],
      [
        "sports ball"
      ],
      [],
      [],
      [],
      [
        "sports ball"
      ],
      [],
      [
        "sports ball"
      ],
      [
        "sports ball"
      ],
      [
        "sports ball"
      ],
      [
        "sports ball"
      ],
      [],
      [],
      [],
      [],
      [],
      [],
      [],
      [],
      [],
      [
        "apple"
      ],
      [
        "apple"
      ],
      [
        "apple"
      ],
      [],
      [
        "apple"
      ],
      [],
      [
        "sports ball"
      ],
      [],
      [],
      [],
      [],
      [],
      [],
      [
        "apple",
        "sports ball"
      ],
      [
        "apple",
        "sports ball"
      ],
      [
        "apple"
      ],
      [
        "apple",
        "sports ball"
      ],
      [
        "apple",
        "sports ball"
      ],
      [
        "sports ball"
      ],
      [],
      [],
      [],
      [],
      [
        "person"
      ],
      [],
      [
        "person"
      ],
      [
        "person"
      ],
      [
        "person"
      ],
      [],
      [
        "person"
      ],
      [
        "person"
      ],
      [
        "person"
      ],
      [
        "person"
      ],
      [
        "car"
      ],
      [
        "car"
      ],
      [
        "car"
      ],
      [
        "car"
      ],
      [
        "car"
      ]
    ],
    "appearances": [
      {
        "object_class": "sports ball",
        "first_appearance": 1.5,
        "last_appearance": 20.0,
        "frame_count": 12,
        "frequency": 0.2
      },
      {
        "object_class": "apple",
        "first_appearance": 11.0,
        "last_appearance": 19.5,
        "frame_count": 9,
        "frequency": 0.15
      },
      {
        "object_class": "person",
        "first_appearance": 22.5,
        "last_appearance": 27.0,
        "frame_count": 8,
        "frequency": 0.13333333333333333
      },
      {
        "object_class": "car",
        "first_appearance": 27.5,
        "last_appearance": 29.5,
        "frame_count": 5,
        "frequency": 0.08333333333333333
      }
    ]
  },
  "atmosphere_signals": {
    "brightness_values": [
      0.0,
      0.0,
      0.08712784090909091,
      2.6164176136363637,
      11.345086647727273,
      12.677085227272727,
      4.884955965909091,
      10.869375,
      15.768417613636364,
      18.25763352272727,
      18.915850852272726,
      21.619539772727272,
      17.72996875,
      12.366745738636364,
      8.244166193181819,
      16.396,
      15.972704545454546,
      10.594366477272727,
      17.083629261363637,
      15.526551136363636,
      24.880761363636363,
      14.71011221590909,
      14.026042613636363,
      14.07295028409091,
      18.286775568181817,
      18.78521875,
      21.152079545454544,
      11.106941761363636,
      8.400198863636364,
      3.1793295454545456,
      8.414126420454545,
      119.91526136363636,
      16.532920454545454,
      2.663071022727273,
      1.3460298295454545,
      8.66058096590909,
      13.211988636363637,
      12.763791193181818,
      11.145248579545454,
      7.226784090909091,
      2.156241477272727,
      0.06901704545454546,
      0.06651704545454545,
      0.06651704545454545,
      0.06651704545454545,
      6.5610625,
      16.595154829545454,
      18.278328125,
      21.272159090909092,
      72.61569602272728,
      95.38884943181819,
      96.21169602272727,
      98.13321732954546,
      109.41617755681818,
      87.63330965909091,
      15.199950284090908,
      17.635207386363636,
      20.22027556818182,
      21.98632244318182,
      15.163681818181818
    ],
    "brightness_mean": 21.602862215909095,
    "brightness_std": 28.61344477124183,
    "brightness_min": 0.0,
    "brightness_max": 119.91526136363636,
    "brightness_range": 119.91526136363636,
    "lighting_changes": [
      {
        "timestamp": 15.5,
        "frame_index": 31,
        "brightness_before": 8.414126420454545,
        "brightness_after": 119.91526136363636,
        "magnitude": 111.50113494318181
      },
      {
        "timestamp": 16.0,
        "frame_index": 32,
        "brightness_before": 119.91526136363636,
        "brightness_after": 16.532920454545454,
        "magnitude": 103.38234090909091
      },
      {
        "timestamp": 24.5,
        "frame_index": 49,
        "brightness_before": 21.272159090909092,
        "brightness_after": 72.61569602272728,
        "magnitude": 51.343536931818186
      },
      {
        "timestamp": 25.0,
        "frame_index": 50,
        "brightness_before": 72.61569602272728,
        "brightness_after": 95.38884943181819,
        "magnitude": 22.77315340909091
      },
      {
        "timestamp": 27.0,
        "frame_index": 54,
        "brightness_before": 109.41617755681818,
        "brightness_after": 87.63330965909091,
        "magnitude": 21.78286789772727
      },
      {
        "timestamp": 27.5,
        "frame_index": 55,
        "brightness_before": 87.63330965909091,
        "brightness_after": 15.199950284090908,
        "magnitude": 72.43335937500001
      }
    ],
    "lighting_change_count": 6,
    "setting_type": "indoor",
    "dominant_colors_rgb": [
      [
        "63",
        "70",
        "25"
      ],
      [
        "222",
        "222",
        "218"
      ],
      [
        "1",
        "1",
        "0"
      ]
    ],
    "dominant_colors": [
      "green",
      "white",
      "black"
    ]
  },
  "action_signals": {
    "intensity_timeline": [
      0.0,
      0.0,
      5.7546270545572046e-06,
      0.003244418799877167,
      0.03359811544418335,
      0.04804399013519287,
      0.10607637405395508,
      0.06945698261260987,
      0.05343145370483399,
      0.06049201488494873,
      0.08701042175292968,
      0.07777661800384522,
      0.044601964950561526,
      0.07464802742004395,
      0.08003746032714844,
      0.0950545597076416,
      0.10793474197387695,
      0.07693638324737549,
      0.0820340633392334,
      0.06025391101837158,
      0.09826460838317871,
      0.06360626220703125,
      0.045890274047851565,
      0.03343997955322266,
      0.05696833610534668,
      0.06248323917388916,
      0.06388104438781739,
      0.045081496238708496,
      0.05179844379425049,
      0.10008750915527344,
      0.07429866313934326,
      0.0498482084274292,
      0.05508410930633545,
      0.05681239128112793,
      0.04577183723449707,
      0.025753681659698487,
      0.026960537433624268,
      0.017696843147277833,
      0.006366756558418274,
      0.0014721539616584778,
      0.003553309440612793,
      0.005247353911399842,
      1.5540203790465058e-10,
      3.5436198420057965e-11,
      3.5436198420057965e-11,
      0.001068413332104683,
      0.011940292119979858,
      0.017800266742706298,
      0.033470513820648196,
      0.02939603805541992,
      0.01841942310333252,
      0.04885672569274902,
      0.027539675235748292,
      0.0385877799987793,
      0.029073426723480223,
      0.06476338863372803,
      0.042142839431762696,
      0.05139148712158203,
      0.04353073596954346,
      0.06993916034698486
    ],
    "intensity_mean": 0.044648741018441664,
    "intensity_std": 0.0304628325516369,
    "intensity_min": 0.0,
    "intensity_max": 0.10793474197387695,
    "intensity_trend": "stable",
    "peak_moments": [
      {
        "timestamp": 8.0,
        "frame_index": 16,
        "intensity": 0.10793474197387695,
        "moment_type": "peak"
      }
    ],
    "valley_moments": [],
    "peak_timestamps": [
      8.0
    ],
    "valley_timestamps": [],
    "peak_count": 1,
    "valley_count": 0,
    "action_variance": 0.0009279841670690687
  },
  "temporal_signals": {
    "frame_change_scores": [
      0.0,
      0.0,
      0.017698800007333926,
      0.19418000390598844,
      0.3455671159115693,
      0.23311263437606533,
      0.3723269550721653,
      0.24577835107711798,
      0.17416964154035752,
      0.14413611061436848,
      0.22706447965140142,
      0.22120947224153675,
      0.26196143598527766,
      0.33449489515642317,
      0.34861315590315456,
      0.31727561440047525,
      0.2700680048563553,
      0.282763975775677,
      0.3492692084214777,
      0.3009777108068946,
      0.5704981475377638,
      0.39773804227308784,
      0.2263838002024281,
      0.19365026737749302,
      0.34436692438771277,
      0.3604411222584595,
      0.4385753350254107,
      0.3543166111714712,
      0.32496776535716465,
      0.34310636077197965,
      0.3988841339618723,
      0.894460558856095,
      0.813670801932958,
      0.3893241338194131,
      0.22380393282318922,
      0.2583930349258875,
      0.23719337523143846,
      0.16165826051720322,
      0.14634516784305873,
      0.12044761390751169,
      0.1370798675099424,
      0.12988594282395072,
      5.5865574658420236e-05,
      0.0,
      0.0,
      0.5844502591756909,
      0.31146589452702234,
      0.11812237845290507,
      0.37901199653706497,
      0.6312411331128656,
      0.4473537425570482,
      0.5143650259582265,
      0.21204617819611793,
      0.2946784442552165,
      0.37959659989183836,
      0.8004961867147106,
      0.4359899336768367,
      0.3906876972876836,
      0.35316502133632977,
      0.5687244952736589
    ],
    "change_score_mean": 0.3087884936457835,
    "change_score_std": 0.19071277111068943,
    "change_score_max": 0.894460558856095,
    "temporal_gaps": [
      {
        "start_time": 0.0,
        "end_time": 1.0,
        "duration": 1.0,
        "start_frame": 0,
        "end_frame": 2,
        "avg_change": 0.005899600002444642
      },
      {
        "start_time": 21.0,
        "end_time": 22.0,
        "duration": 1.0,
        "start_frame": 42,
        "end_frame": 44,
        "avg_change": 1.8621858219473413e-05
      }
    ],
    "temporal_gap_count": 2,
    "temporal_gap_total_duration": 2.0,
    "transition_similarity_scores": [
      0.8058199960940116,
      0.10553944114390496,
      0.41554974082430907,
      0.6885341054729777,
      0.3687588668871344
    ],
    "transition_similarity_mean": 0.47684043008446747,
    "temporal_density": 1.8305084745762712
  },
  "metadata": {
    "video_path": "/vol/videos/core/produced_digital/commercials/h-3iw1GoTZA.mp4",
    "dataset": "produced_digital/commercials",
    "tier": "produced_digital",
    "study_type": "core",
    "source_fps": 30.0,
    "experiment_version": "3.2"
  }
}