{
  "video_id": "h-3iw1GoTZA",
  "fps": 15.0,
  "duration": 29.933333333333334,
  "frame_count": 450,
  "scene_signals": {
    "transition_count": 7,
    "transition_timestamps": [
      1.1333333333333333,
      7.533333333333333,
      15.466666666666667,
      22.266666666666666,
      22.333333333333332,
      22.4,
      22.466666666666665
    ],
    "transition_types": [
      "fade",
      "hard_cut",
      "hard_cut",
      "hard_cut",
      "fade",
      "hard_cut",
      "fade"
    ],
    "transition_magnitudes": [
      31.906164296099476,
      298.1875087021712,
      1341.9245603833451,
      315.4183462994862,
      79.31552962713913,
      166.85934697529282,
      30.168571298264602
    ],
    "scene_count": 8,
    "scene_durations": [
      1.1333333333333333,
      6.4,
      7.933333333333334,
      6.799999999999999,
      0.06666666666666643,
      0.06666666666666643,
      0.06666666666666643,
      7.466666666666669
    ],
    "scene_duration_mean": 3.7416666666666667,
    "scene_duration_std": 3.449386016219248,
    "scene_duration_min": 0.06666666666666643,
    "scene_duration_max": 7.933333333333334,
    "scene_types": [
      "unknown",
      "unknown",
      "unknown",
      "unknown",
      "unknown",
      "unknown",
      "unknown",
      "unknown"
    ],
    "transitions": [
      {
        "timestamp": 1.1333333333333333,
        "frame_index": 17,
        "transition_type": "fade",
        "magnitude": 31.906164296099476
      },
      {
        "timestamp": 7.533333333333333,
        "frame_index": 113,
        "transition_type": "hard_cut",
        "magnitude": 298.1875087021712
      },
      {
        "timestamp": 15.466666666666667,
        "frame_index": 232,
        "transition_type": "hard_cut",
        "magnitude": 1341.9245603833451
      },
      {
        "timestamp": 22.266666666666666,
        "frame_index": 334,
        "transition_type": "hard_cut",
        "magnitude": 315.4183462994862
      },
      {
        "timestamp": 22.333333333333332,
        "frame_index": 335,
        "transition_type": "fade",
        "magnitude": 79.31552962713913
      },
      {
        "timestamp": 22.4,
        "frame_index": 336,
        "transition_type": "hard_cut",
        "magnitude": 166.85934697529282
      },
      {
        "timestamp": 22.466666666666665,
        "frame_index": 337,
        "transition_type": "fade",
        "magnitude": 30.168571298264602
      }
    ],
    "scenes": [
      {
        "start_time": 0.0,
        "end_time": 1.1333333333333333,
        "duration": 1.1333333333333333,
        "scene_type": "unknown",
        "start_frame": 0,
        "end_frame": 16
      },
      {
        "start_time": 1.1333333333333333,
        "end_time": 7.533333333333333,
        "duration": 6.4,
        "scene_type": "unknown",
        "start_frame": 17,
        "end_frame": 112
      },
      {
        "start_time": 7.533333333333333,
        "end_time": 15.466666666666667,
        "duration": 7.933333333333334,
        "scene_type": "unknown",
        "start_frame": 113,
        "end_frame": 231
      },
      {
        "start_time": 15.466666666666667,
        "end_time": 22.266666666666666,
        "duration": 6.799999999999999,
        "scene_type": "unknown",
        "start_frame": 232,
        "end_frame": 333
      },
      {
        "start_time": 22.266666666666666,
        "end_time": 22.333333333333332,
        "duration": 0.06666666666666643,
        "scene_type": "unknown",
        "start_frame": 334,
        "end_frame": 334
      },
      {
        "start_time": 22.333333333333332,
        "end_time": 22.4,
        "duration": 0.06666666666666643,
        "scene_type": "unknown",
        "start_frame": 335,
        "end_frame": 335
      },
      {
        "start_time": 22.4,
        "end_time": 22.466666666666665,
        "duration": 0.06666666666666643,
        "scene_type": "unknown",
        "start_frame": 336,
        "end_frame": 336
      },
      {
        "start_time": 22.466666666666665,
        "end_time": 29.933333333333334,
        "duration": 7.466666666666669,
        "scene_type": "unknown",
        "start_frame": 337,
        "end_frame": 449
      }
    ]
  },
  "character_signals": {
    "person_counts_per_frame": [
      0,
      0,
      0,
      0,
      0,
      0,
      0,
      0,
      0,
      0,
      0,
      0,
      0,
      0,
      0,
      0,
      0,
      0,
      0,
      0,
      0,
      0,
      0,
      0,
      0,
      0,
      0,
      0,
      0,
      0,
      0,
      0,
      0,
      0,
      0,
      0,
      0,
      0,
      0,
      0,
      0,
      0,
      0,
      0,
      0,
      0,
      0,
      0,
      0,
      0,
      0,
      0,
      0,
      0,
      0,
      0,
      0,
      0,
      0,
      0,
      0,
      0,
      0,
      0,
      0,
      0,
      0,
      0,
      0,
      0,
      0,
      0,
      0,
      0,
      0,
      0,
      0,
      0,
      0,
      0,
      0,
      0,
      0,
      0,
      0,
      0,
      0,
      0,
      0,
      0,
      0,
      0,
      0,
      0,
      0,
      0,
      0,
      0,
      0,
      0,
      0,
      0,
      0,
      0,
      0,
      0,
      0,
      0,
      0,
      0,
      0,
      0,
      0,
      0,
      0,
      0,
      0,
      0,
      0,
      0,
      0,
      0,
      0,
      0,
      0,
      0,
      0,
      0,
      0,
      0,
      0,
      0,
      0,
      0,
      0,
      0,
      0,
      0,
      0,
      0,
      0,
      0,
      0,
      0,
      0,
      0,
      0,
      0,
      0,
      0,
      0,
      0,
      0,
      0,
      0,
      0,
      0,
      0,
      0,
      0,
      0,
      0,
      0,
      0,
      0,
      0,
      0,
      0,
      0,
      0,
      0,
      0,
      0,
      0,
      0,
      0,
      0,
      0,
      0,
      0,
      0,
      0,
      0,
      0,
      0,
      0,
      0,
      0,
      0,
      0,
      0,
      0,
      0,
      0,
      0,
      0,
      0,
      0,
      0,
      0,
      0,
      0,
      0,
      0,
      0,
      0,
      0,
      0,
      0,
      0,
      0,
      0,
      0,
      0,
      0,
      0,
      0,
      0,
      0,
      0,
      0,
      0,
      0,
      0,
      0,
      0,
      0,
      0,
      0,
      0,
      0,
      0,
      0,
      0,
      0,
      0,
      0,
      0,
      0,
      0,
      0,
      0,
      0,
      0,
      0,
      0,
      0,
      0,
      0,
      0,
      0,
      0,
      0,
      0,
      0,
      0,
      0,
      0,
      0,
      0,
      0,
      0,
      0,
      0,
      0,
      0,
      0,
      0,
      0,
      0,
      0,
      0,
      0,
      0,
      0,
      0,
      0,
      0,
      0,
      0,
      0,
      0,
      0,
      0,
      0,
      0,
      0,
      0,
      0,
      0,
      0,
      0,
      0,
      0,
      0,
      0,
      0,
      0,
      0,
      0,
      0,
      0,
      0,
      0,
      0,
      0,
      0,
      0,
      0,
      0,
      0,
      0,
      0,
      0,
      0,
      0,
      0,
      0,
      0,
      0,
      0,
      0,
      0,
      0,
      0,
      0,
      0,
      0,
      0,
      0,
      0,
      0,
      0,
      0,
      0,
      0,
      1,
      1,
      1,
      1,
      1,
      1,
      1,
      1,
      0,
      0,
      0,
      0,
      0,
      0,
      0,
      0,
      0,
      0,
      0,
      1,
      0,
      0,
      1,
      1,
      1,
      1,
      1,
      1,
      1,
      1,
      1,
      1,
      1,
      1,
      1,
      1,
      1,
      1,
      1,
      0,
      0,
      1,
      1,
      1,
      1,
      1,
      1,
      1,
      1,
      1,
      1,
      1,
      1,
      1,
      1,
      1,
      1,
      1,
      1,
      1,
      1,
      1,
      1,
      1,
      0,
      1,
      1,
      1,
      1,
      1,
      1,
      1,
      0,
      0,
      0,
      0,
      0,
      0,
      0,
      0,
      0,
      0,
      0,
      0,
      0,
      0,
      0,
      0,
      0,
      0,
      0,
      0,
      0,
      0,
      0,
      0,
      0,
      0,
      0,
      0,
      0,
      0,
      0,
      0,
      0,
      0,
      0,
      0,
      0,
      0,
      0,
      0,
      0,
      0
    ],
    "person_count_mode": 0,
    "person_count_mean": 0.12444444444444444,
    "person_count_std": 0.3300879044911492,
    "person_count_min": 0,
    "person_count_max": 1,
    "person_count_distribution": {
      "0": 394,
      "1": 56
    },
    "character_consistency": 0.8755555555555555,
    "entry_events": [
      {
        "timestamp": 22.4,
        "frame_index": 336,
        "event_type": "entry",
        "count_before": 0,
        "count_after": 1
      },
      {
        "timestamp": 23.666666666666668,
        "frame_index": 355,
        "event_type": "entry",
        "count_before": 0,
        "count_after": 1
      },
      {
        "timestamp": 23.866666666666667,
        "frame_index": 358,
        "event_type": "entry",
        "count_before": 0,
        "count_after": 1
      },
      {
        "timestamp": 25.133333333333333,
        "frame_index": 377,
        "event_type": "entry",
        "count_before": 0,
        "count_after": 1
      },
      {
        "timestamp": 26.733333333333334,
        "frame_index": 401,
        "event_type": "entry",
        "count_before": 0,
        "count_after": 1
      }
    ],
    "exit_events": [
      {
        "timestamp": 22.933333333333334,
        "frame_index": 344,
        "event_type": "exit",
        "count_before": 1,
        "count_after": 0
      },
      {
        "timestamp": 23.733333333333334,
        "frame_index": 356,
        "event_type": "exit",
        "count_before": 1,
        "count_after": 0
      },
      {
        "timestamp": 25.0,
        "frame_index": 375,
        "event_type": "exit",
        "count_before": 1,
        "count_after": 0
      },
      {
        "timestamp": 26.666666666666668,
        "frame_index": 400,
        "event_type": "exit",
        "count_before": 1,
        "count_after": 0
      },
      {
        "timestamp": 27.2,
        "frame_index": 408,
        "event_type": "exit",
        "count_before": 1,
        "count_after": 0
      }
    ],
    "entry_count": 5,
    "exit_count": 5,
    "entry_exit_total": 10,
    "entry_timestamps": [
      22.4,
      23.666666666666668,
      23.866666666666667,
      25.133333333333333,
      26.733333333333334
    ],
    "exit_timestamps": [
      22.933333333333334,
      23.733333333333334,
      25.0,
      26.666666666666668,
      27.2
    ]
  },
  "visual_signals": {
    "unique_objects": [
      "sports ball",
      "apple",
      "frisbee",
      "banana",
      "person",
      "car",
      "bus",
      "truck"
    ],
    "unique_object_count": 8,
    "persistent_objects": [],
    "persistent_object_count": 0,
    "transient_objects": [
      "apple",
      "frisbee",
      "banana",
      "person",
      "car",
      "bus",
      "truck"
    ],
    "transient_object_count": 7,
    "object_frequency": {
      "sports ball": 0.2088888888888889,
      "apple": 0.13333333333333333,
      "frisbee": 0.0044444444444444444,
      "banana": 0.0022222222222222222,
      "person": 0.12444444444444444,
      "car": 0.09333333333333334,
      "bus": 0.0022222222222222222,
      "truck": 0.008888888888888889
    },
    "object_frame_counts": {
      "sports ball": 94,
      "apple": 60,
      "frisbee": 2,
      "banana": 1,
      "person": 56,
      "car": 42,
      "bus": 1,
      "truck": 4
    },
    "object_first_appearance": {
      "sports ball": 1.1333333333333333,
      "apple": 1.6,
      "frisbee": 9.2,
      "banana": 15.266666666666666,
      "person": 22.4,
      "car": 27.2,
      "bus": 27.733333333333334,
      "truck": 28.333333333333332
    },
    "object_last_appearance": {
      "sports ball": 20.2,
      "apple": 19.666666666666668,
      "frisbee": 9.266666666666666,
      "banana": 15.266666666666666,
      "person": 27.133333333333333,
      "car": 29.933333333333334,
      "bus": 27.733333333333334,
      "truck": 28.599999999999998
    },
    "objects_per_frame": [
      [],
      [],
      [],
      [],
      [],
      [],
      [],
      [],
      [],
      [],
      [],
      [],
      [],
      [],
      [],
      [],
      [],
      [
        "sports ball"
      ],
      [
        "sports ball"
      ],
      [
        "sports ball"
      ],
      [
        "sports ball"
      ],
      [
        "sports ball"
      ],
      [
        "sports ball"
      ],
      [
        "sports ball"
      ],
      [
        "apple"
      ],
      [],
      [],
      [],
      [],
      [],
      [],
      [],
      [
        "apple"
      ],
      [
        "apple"
      ],
      [
        "apple"
      ],
      [
        "apple"
      ],
      [],
      [],
      [],
      [],
      [],
      [],
      [],
      [
        "sports ball"
      ],
      [],
      [],
      [],
      [],
      [],
      [
        "apple"
      ],
      [
        "sports ball"
      ],
      [
        "sports ball"
      ],
      [
        "sports ball"
      ],
      [
        "sports ball"
      ],
      [
        "sports ball"
      ],
      [
        "sports ball"
      ],
      [
        "sports ball"
      ],
      [
        "sports ball"
      ],
      [],
      [],
      [],
      [],
      [],
      [
        "sports ball"
      ],
      [
        "sports ball"
      ],
      [
        "sports ball"
      ],
      [
        "sports ball"
      ],
      [],
      [
        "sports ball"
      ],
      [],
      [],
      [
        "sports ball"
      ],
      [
        "sports ball"
      ],
      [
        "sports ball"
      ],
      [
        "sports ball"
      ],
      [
        "sports ball"
      ],
      [
        "sports ball"
      ],
      [
        "sports ball"
      ],
      [
        "sports ball"
      ],
      [
        "sports ball"
      ],
      [
        "sports ball"
      ],
      [
        "sports ball"
      ],
      [
        "sports ball"
      ],
      [
        "sports ball"
      ],
      [
        "sports ball"
      ],
      [
        "sports ball"
      ],
      [
        "sports ball"
      ],
      [
        "sports ball"
      ],
      [
        "sports ball"
      ],
      [
        "sports ball"
      ],
      [
        "sports ball"
      ],
      [],
      [],
      [],
      [],
      [],
      [],
      [],
      [],
      [],
      [],
      [],
      [],
      [],
      [],
      [],
      [],
      [],
      [],
      [],
      [],
      [],
      [],
      [],
      [],
      [],
      [],
      [],
      [],
      [],
      [],
      [],
      [],
      [],
      [],
      [],
      [],
      [],
      [],
      [],
      [],
      [],
      [],
      [],
      [],
      [],
      [],
      [],
      [
        "frisbee"
      ],
      [
        "frisbee"
      ],
      [],
      [],
      [],
      [],
      [],
      [],
      [],
      [],
      [],
      [],
      [],
      [],
      [],
      [],
      [
        "sports ball"
      ],
      [],
      [
        "sports ball"
      ],
      [
        "sports ball"
      ],
      [
        "sports ball"
      ],
      [],
      [],
      [
        "apple"
      ],
      [
        "apple"
      ],
      [
        "apple"
      ],
      [
        "apple"
      ],
      [
        "apple"
      ],
      [
        "apple",
        "sports ball"
      ],
      [
        "apple",
        "sports ball"
      ],
      [
        "apple",
        "sports ball"
      ],
      [
        "sports ball"
      ],
      [],
      [
        "apple"
      ],
      [
        "apple"
      ],
      [
        "apple"
      ],
      [
        "apple"
      ],
      [
        "apple"
      ],
      [
        "apple"
      ],
      [
        "apple"
      ],
      [
        "apple"
      ],
      [
        "apple"
      ],
      [
        "apple"
      ],
      [
        "apple"
      ],
      [
        "apple"
      ],
      [],
      [],
      [],
      [],
      [],
      [],
      [],
      [],
      [
        "apple"
      ],
      [
        "apple"
      ],
      [
        "apple"
      ],
      [
        "apple"
      ],
      [
        "apple"
      ],
      [],
      [
        "apple"
      ],
      [
        "apple"
      ],
      [],
      [],
      [],
      [],
      [],
      [
        "sports ball"
      ],
      [],
      [],
      [],
      [
        "sports ball"
      ],
      [
        "sports ball"
      ],
      [
        "sports ball"
      ],
      [
        "sports ball"
      ],
      [
        "sports ball"
      ],
      [],
      [
        "sports ball"
      ],
      [
        "sports ball"
      ],
      [],
      [],
      [],
      [],
      [],
      [],
      [],
      [],
      [],
      [],
      [],
      [],
      [],
      [
        "banana"
      ],
      [],
      [],
      [],
      [],
      [],
      [],
      [],
      [],
      [],
      [],
      [],
      [],
      [],
      [],
      [],
      [],
      [],
      [],
      [],
      [],
      [],
      [],
      [],
      [],
      [],
      [],
      [],
      [],
      [
        "sports ball"
      ],
      [
        "sports ball"
      ],
      [
        "sports ball"
      ],
      [
        "sports ball"
      ],
      [
        "apple",
        "sports ball"
      ],
      [
        "sports ball"
      ],
      [
        "apple",
        "sports ball"
      ],
      [
        "apple",
        "sports ball"
      ],
      [
        "sports ball"
      ],
      [
        "sports ball"
      ],
      [
        "apple",
        "sports ball"
      ],
      [
        "apple"
      ],
      [
        "apple",
        "sports ball"
      ],
      [
        "sports ball"
      ],
      [
        "sports ball"
      ],
      [],
      [],
      [
        "apple"
      ],
      [
        "apple"
      ],
      [
        "apple"
      ],
      [
        "apple"
      ],
      [
        "apple"
      ],
      [
        "apple",
        "sports ball"
      ],
      [
        "apple",
        "sports ball"
      ],
      [
        "apple",
        "sports ball"
      ],
      [
        "apple",
        "sports ball"
      ],
      [
        "apple"
      ],
      [
        "apple",
        "sports ball"
      ],
      [
        "apple",
        "sports ball"
      ],
      [
        "apple",
        "sports ball"
      ],
      [
        "apple",
        "sports ball"
      ],
      [
        "apple",
        "sports ball"
      ],
      [
        "apple",
        "sports ball"
      ],
      [
        "apple",
        "sports ball"
      ],
      [
        "apple",
        "sports ball"
      ],
      [
        "apple",
        "sports ball"
      ],
      [
        "apple",
        "sports ball"
      ],
      [
        "apple",
        "sports ball"
      ],
      [
        "sports ball"
      ],
      [
        "sports ball"
      ],
      [
        "sports ball"
      ],
      [
        "sports ball"
      ],
      [
        "sports ball"
      ],
      [
        "sports ball"
      ],
      [
        "sports ball"
      ],
      [
        "sports ball"
      ],
      [],
      [],
      [],
      [],
      [],
      [],
      [],
      [],
      [],
      [],
      [],
      [],
      [],
      [],
      [],
      [],
      [],
      [],
      [],
      [],
      [],
      [],
      [],
      [],
      [],
      [],
      [],
      [],
      [],
      [],
      [],
      [],
      [
        "person"
      ],
      [
        "person"
      ],
      [
        "person"
      ],
      [
        "person"
      ],
      [
        "person"
      ],
      [
        "person"
      ],
      [
        "person"
      ],
      [
        "person"
      ],
      [],
      [],
      [],
      [],
      [],
      [],
      [],
      [],
      [],
      [],
      [],
      [
        "person"
      ],
      [],
      [],
      [
        "person"
      ],
      [
        "person"
      ],
      [
        "person"
      ],
      [
        "person"
      ],
      [
        "person"
      ],
      [
        "person"
      ],
      [
        "person"
      ],
      [
        "person"
      ],
      [
        "person"
      ],
      [
        "person"
      ],
      [
        "person"
      ],
      [
        "person"
      ],
      [
        "person"
      ],
      [
        "person"
      ],
      [
        "person"
      ],
      [
        "person"
      ],
      [
        "person"
      ],
      [],
      [],
      [
        "person"
      ],
      [
        "person"
      ],
      [
        "person"
      ],
      [
        "person"
      ],
      [
        "person"
      ],
      [
        "person"
      ],
      [
        "person"
      ],
      [
        "person"
      ],
      [
        "person"
      ],
      [
        "person"
      ],
      [
        "person"
      ],
      [
        "person"
      ],
      [
        "person"
      ],
      [
        "person"
      ],
      [
        "person"
      ],
      [
        "person"
      ],
      [
        "person"
      ],
      [
        "person"
      ],
      [
        "person"
      ],
      [
        "person"
      ],
      [
        "person"
      ],
      [
        "person"
      ],
      [
        "person"
      ],
      [],
      [
        "person"
      ],
      [
        "person"
      ],
      [
        "person"
      ],
      [
        "person"
      ],
      [
        "person"
      ],
      [
        "person"
      ],
      [
        "person"
      ],
      [
        "car"
      ],
      [
        "car"
      ],
      [
        "car"
      ],
      [
        "car"
      ],
      [
        "car"
      ],
      [
        "car"
      ],
      [
        "car"
      ],
      [
        "car"
      ],
      [
        "car",
        "bus"
      ],
      [
        "car"
      ],
      [
        "car"
      ],
      [
        "car"
      ],
      [
        "car"
      ],
      [
        "car"
      ],
      [
        "car"
      ],
      [
        "car"
      ],
      [
        "car"
      ],
      [
        "car",
        "truck"
      ],
      [
        "car",
        "truck"
      ],
      [
        "car"
      ],
      [
        "car",
        "truck"
      ],
      [
        "car",
        "truck"
      ],
      [
        "car"
      ],
      [
        "car"
      ],
      [
        "car"
      ],
      [
        "car"
      ],
      [
        "car"
      ],
      [
        "car"
      ],
      [
        "car"
      ],
      [
        "car"
      ],
      [
        "car"
      ],
      [
        "car"
      ],
      [
        "car"
      ],
      [
        "car"
      ],
      [
        "car"
      ],
      [
        "car"
      ],
      [
        "car"
      ],
      [
        "car"
      ],
      [
        "car"
      ],
      [
        "car"
      ],
      [
        "car"
      ],
      [
        "car"
      ]
    ],
    "appearances": [
      {
        "object_class": "sports ball",
        "first_appearance": 1.1333333333333333,
        "last_appearance": 20.2,
        "frame_count": 94,
        "frequency": 0.2088888888888889
      },
      {
        "object_class": "apple",
        "first_appearance": 1.6,
        "last_appearance": 19.666666666666668,
        "frame_count": 60,
        "frequency": 0.13333333333333333
      },
      {
        "object_class": "frisbee",
        "first_appearance": 9.2,
        "last_appearance": 9.266666666666666,
        "frame_count": 2,
        "frequency": 0.0044444444444444444
      },
      {
        "object_class": "banana",
        "first_appearance": 15.266666666666666,
        "last_appearance": 15.266666666666666,
        "frame_count": 1,
        "frequency": 0.0022222222222222222
      },
      {
        "object_class": "person",
        "first_appearance": 22.4,
        "last_appearance": 27.133333333333333,
        "frame_count": 56,
        "frequency": 0.12444444444444444
      },
      {
        "object_class": "car",
        "first_appearance": 27.2,
        "last_appearance": 29.933333333333334,
        "frame_count": 42,
        "frequency": 0.09333333333333334
      },
      {
        "object_class": "bus",
        "first_appearance": 27.733333333333334,
        "last_appearance": 27.733333333333334,
        "frame_count": 1,
        "frequency": 0.0022222222222222222
      },
      {
        "object_class": "truck",
        "first_appearance": 28.333333333333332,
        "last_appearance": 28.599999999999998,
        "frame_count": 4,
        "frequency": 0.008888888888888889
      }
    ]
  },
  "atmosphere_signals": {
    "brightness_values": [
      0.0,
      0.0,
      0.0,
      0.0,
      0.0,
      0.0,
      0.0,
      0.0,
      0.0,
      0.0,
      0.0,
      0.0,
      0.0,
      0.0,
      0.0,
      0.08712784090909091,
      0.2913877840909091,
      3.317575284090909,
      3.2633551136363637,
      3.7501704545454544,
      2.829703125,
      2.9261264204545454,
      2.6136917613636363,
      2.720690340909091,
      3.839350852272727,
      6.678715909090909,
      6.763089488636363,
      6.812306818181818,
      8.96309659090909,
      9.074894886363637,
      11.345086647727273,
      11.326727272727272,
      12.094889204545455,
      11.968991477272727,
      11.908448863636364,
      11.925713068181818,
      12.600634943181818,
      12.647947443181819,
      13.74634375,
      12.207011363636363,
      10.779333806818181,
      8.877595170454546,
      7.7024446022727275,
      6.493622159090909,
      5.728083806818182,
      4.884955965909091,
      5.420504261363637,
      6.706784090909091,
      7.583501420454546,
      8.662224431818181,
      9.176517045454545,
      10.022586647727273,
      10.655048295454545,
      11.243482954545454,
      11.442769886363637,
      11.994421875,
      12.571954545454545,
      13.304303977272728,
      14.61967471590909,
      15.03246590909091,
      15.768417613636364,
      16.083904829545453,
      15.703612215909091,
      16.271632102272726,
      16.928833806818183,
      18.153723011363635,
      18.254440340909092,
      18.26771164772727,
      18.268849431818182,
      18.51911647727273,
      18.301808238636365,
      19.033389204545454,
      19.445232954545453,
      19.28271875,
      19.087958806818182,
      18.915850852272726,
      19.537467329545454,
      21.90088778409091,
      21.76132528409091,
      22.137683238636363,
      22.133633522727273,
      21.64321590909091,
      21.599860795454546,
      21.675723011363637,
      21.055630681818183,
      21.097461647727272,
      20.614798295454545,
      20.579519886363638,
      19.523505681818182,
      18.130625,
      17.72996875,
      18.982494318181818,
      18.827632102272727,
      17.819951704545456,
      17.908852272727273,
      17.399457386363636,
      15.515100852272727,
      14.045803977272728,
      11.66194034090909,
      9.78611221590909,
      9.024401988636363,
      8.512078125,
      8.442356534090909,
      8.219515625,
      7.934100852272727,
      8.244166193181819,
      8.361742897727273,
      8.961301136363636,
      9.643217329545454,
      9.54753125,
      9.666497159090909,
      10.069428977272727,
      14.206991477272727,
      18.82313068181818,
      18.63962215909091,
      17.611419034090908,
      17.372035511363638,
      16.82210653409091,
      16.06013210227273,
      16.465633522727273,
      15.972704545454546,
      11.919913352272728,
      12.164052556818183,
      12.346223011363636,
      12.88784659090909,
      13.28423721590909,
      13.822428977272727,
      13.979583806818182,
      10.99859375,
      12.459139204545455,
      13.873619318181818,
      15.943951704545455,
      15.96281534090909,
      16.108961647727273,
      16.193751420454547,
      17.083629261363637,
      17.62018465909091,
      18.587686079545456,
      19.130292613636364,
      19.373501420454545,
      19.15777272727273,
      18.70145880681818,
      15.473657670454546,
      14.105599431818181,
      12.171595170454545,
      14.68909375,
      17.105941761363635,
      20.078400568181817,
      23.463751420454546,
      24.980285511363636,
      24.880761363636363,
      24.527427556818182,
      24.508382102272726,
      22.165035511363637,
      20.53649289772727,
      18.41152130681818,
      16.867788352272726,
      15.315913352272727,
      14.183640625,
      13.72851846590909,
      13.762928977272727,
      14.142730113636363,
      14.117488636363637,
      14.10953409090909,
      14.08795596590909,
      14.026042613636363,
      14.051536931818182,
      14.02584659090909,
      14.673036931818181,
      14.61090625,
      14.933482954545454,
      14.982821022727272,
      14.055426136363636,
      14.005451704545454,
      13.405524147727272,
      13.457815340909091,
      13.468301136363637,
      13.430620738636364,
      13.08766903409091,
      16.171359375,
      18.286775568181817,
      20.452143465909092,
      21.59631818181818,
      21.013882102272728,
      20.919488636363635,
      20.78304403409091,
      19.49247727272727,
      18.612302556818182,
      18.924998579545456,
      18.612223011363636,
      18.06179403409091,
      18.08474715909091,
      19.727707386363637,
      21.085852272727273,
      21.136994318181817,
      21.152079545454544,
      21.745142045454546,
      21.684772727272726,
      20.92174431818182,
      20.799079545454546,
      17.226245738636365,
      14.549764204545454,
      12.061845170454545,
      10.090400568181819,
      8.506058238636363,
      8.157558238636364,
      8.145636363636363,
      8.500809659090908,
      8.544144886363636,
      8.363507102272727,
      8.400198863636364,
      8.891323863636364,
      11.994186079545454,
      15.072193181818182,
      13.778775568181818,
      11.509373579545455,
      8.029112215909091,
      4.703357954545455,
      2.4476107954545454,
      2.758049715909091,
      3.1153792613636364,
      3.8729829545454546,
      4.347438920454546,
      5.565984375,
      6.809458806818181,
      8.414126420454545,
      15.300767045454545,
      20.74410653409091,
      23.061582386363636,
      24.5973125,
      26.475443181818182,
      12.789866477272728,
      122.26231392045455,
      67.15248863636364,
      57.15696022727273,
      63.65098153409091,
      96.57680681818182,
      96.75999715909091,
      47.25716903409091,
      31.239534090909093,
      16.532920454545454,
      7.019375,
      4.029223011363636,
      3.950924715909091,
      3.6062798295454543,
      3.4879289772727273,
      3.1950326704545455,
      2.931882102272727,
      2.663071022727273,
      2.270958806818182,
      2.1785142045454546,
      1.9458991477272727,
      1.7981690340909091,
      1.6762301136363635,
      1.422853693181818,
      1.3460298295454545,
      1.4401960227272728,
      1.7140426136363636,
      2.956590909090909,
      4.315274147727273,
      5.73109375,
      6.948504261363636,
      8.135671875,
      9.360657670454545,
      10.405532670454546,
      11.178504261363637,
      11.539014204545454,
      12.014410511363636,
      12.558930397727273,
      12.525517045454546,
      13.211988636363637,
      13.71446875,
      13.387318181818182,
      13.520257102272728,
      13.47921875,
      13.639606534090909,
      13.705453125,
      13.676663352272728,
      12.771083806818181,
      12.111228693181818,
      12.103470170454546,
      12.196069602272727,
      11.13123721590909,
      10.356360795454545,
      9.87161221590909,
      11.145248579545454,
      11.091453125,
      10.665602272727273,
      10.560954545454546,
      9.67221875,
      8.823984375,
      8.200928977272728,
      7.468078125,
      7.004609375,
      6.246379261363637,
      5.645355113636364,
      4.6744829545454545,
      3.846522727272727,
      3.2703323863636364,
      2.842350852272727,
      2.156241477272727,
      1.7586150568181818,
      1.3293551136363637,
      1.0615525568181818,
      0.8305127840909091,
      0.5126193181818182,
      0.0839375,
      0.07195028409090909,
      0.06651704545454545,
      0.06651704545454545,
      0.06651704545454545,
      0.06651704545454545,
      0.06651704545454545,
      0.06651704545454545,
      0.06651704545454545,
      0.06651704545454545,
      0.06651704545454545,
      0.06651704545454545,
      0.06651704545454545,
      0.06651704545454545,
      0.06651704545454545,
      0.06651704545454545,
      0.06651704545454545,
      0.06651704545454545,
      0.06651704545454545,
      0.06651704545454545,
      0.06651704545454545,
      0.06651704545454545,
      0.06651704545454545,
      0.06651704545454545,
      0.06651704545454545,
      0.06651704545454545,
      0.06651704545454545,
      0.17658096590909092,
      1.1460582386363636,
      1.8658125,
      3.90303125,
      6.105014204545455,
      7.881528409090909,
      8.949916193181819,
      10.822816761363637,
      13.251944602272728,
      14.590117897727273,
      16.038904829545455,
      16.52505255681818,
      16.595154829545454,
      18.257144886363637,
      19.305813920454547,
      20.09721590909091,
      20.196670454545455,
      20.049899147727274,
      19.152849431818183,
      18.501788352272726,
      17.697042613636363,
      17.110024147727273,
      16.311738636363636,
      15.821240056818182,
      15.837159090909092,
      16.464410511363635,
      17.018227272727273,
      21.272159090909092,
      23.63112784090909,
      24.926443181818183,
      28.63953409090909,
      30.627880681818183,
      36.87553693181818,
      44.06751278409091,
      69.62555539772727,
      75.48384517045454,
      78.20237926136363,
      84.70188068181818,
      91.93475,
      92.36700710227272,
      93.55664488636364,
      94.36356107954545,
      95.38884943181819,
      96.454015625,
      96.91276704545454,
      97.85876420454545,
      98.11959801136364,
      97.4040625,
      95.93037357954546,
      96.06449289772728,
      96.3205752840909,
      96.35341051136363,
      96.75465198863637,
      97.13921732954546,
      97.29546875,
      97.53411931818182,
      97.55681107954545,
      98.13321732954546,
      99.46336079545455,
      99.91392613636364,
      102.19872301136364,
      102.97019034090908,
      106.18221448863636,
      107.9120625,
      108.53289630681819,
      110.24454261363637,
      110.85126136363637,
      111.27402272727272,
      111.21018323863636,
      111.16853125,
      110.56035795454545,
      109.67453551136363,
      87.63330965909091,
      83.69433664772727,
      82.73110653409091,
      14.195850852272727,
      14.17096875,
      14.33826846590909,
      14.537762784090908,
      14.946711647727273,
      15.498186079545455,
      15.534552556818182,
      16.44924147727273,
      16.797572443181817,
      17.51896022727273,
      17.788828125,
      17.790599431818183,
      17.635207386363636,
      17.73865625,
      18.006244318181817,
      18.263866477272728,
      18.62073721590909,
      19.34947869318182,
      19.83084659090909,
      20.22737215909091,
      20.177180397727273,
      20.105105113636363,
      20.653072443181816,
      21.039078125,
      21.540474431818183,
      21.951376420454544,
      21.968073863636363,
      21.98632244318182,
      21.92306818181818,
      15.674839488636364,
      15.667647727272728,
      15.59640625,
      15.492433238636364,
      15.459142045454545,
      15.289200284090908,
      15.175026988636363,
      14.93659375,
      14.31037784090909,
      13.928677556818181,
      13.448098011363637,
      13.199492897727273,
      13.03741903409091
    ],
    "brightness_mean": 20.932224662247474,
    "brightness_std": 26.83111377402737,
    "brightness_min": 0.0,
    "brightness_max": 122.26231392045455,
    "brightness_range": 122.26231392045455,
    "lighting_changes": [
      {
        "timestamp": 15.466666666666667,
        "frame_index": 232,
        "brightness_before": 12.789866477272728,
        "brightness_after": 122.26231392045455,
        "magnitude": 109.47244744318182
      },
      {
        "timestamp": 15.533333333333333,
        "frame_index": 233,
        "brightness_before": 122.26231392045455,
        "brightness_after": 67.15248863636364,
        "magnitude": 55.1098252840909
      },
      {
        "timestamp": 15.733333333333333,
        "frame_index": 236,
        "brightness_before": 63.65098153409091,
        "brightness_after": 96.57680681818182,
        "magnitude": 32.92582528409091
      },
      {
        "timestamp": 15.866666666666667,
        "frame_index": 238,
        "brightness_before": 96.75999715909091,
        "brightness_after": 47.25716903409091,
        "magnitude": 49.50282812500001
      },
      {
        "timestamp": 24.466666666666665,
        "frame_index": 367,
        "brightness_before": 44.06751278409091,
        "brightness_after": 69.62555539772727,
        "magnitude": 25.55804261363636
      },
      {
        "timestamp": 27.0,
        "frame_index": 405,
        "brightness_before": 109.67453551136363,
        "brightness_after": 87.63330965909091,
        "magnitude": 22.041225852272717
      },
      {
        "timestamp": 27.2,
        "frame_index": 408,
        "brightness_before": 82.73110653409091,
        "brightness_after": 14.195850852272727,
        "magnitude": 68.53525568181819
      }
    ],
    "lighting_change_count": 7,
    "setting_type": "indoor",
    "dominant_colors_rgb": [
      [
        "63",
        "70",
        "25"
      ],
      [
        "222",
        "222",
        "218"
      ],
      [
        "1",
        "1",
        "0"
      ]
    ],
    "dominant_colors": [
      "green",
      "white",
      "black"
    ]
  },
  "action_signals": {
    "intensity_timeline": [
      0.0,
      0.0,
      0.0,
      0.0,
      0.0,
      0.0,
      0.0,
      0.0,
      0.0,
      0.0,
      0.0,
      0.0,
      0.0,
      0.0,
      0.0,
      5.7546270545572046e-06,
      0.0009381115436553955,
      0.003638060092926025,
      0.0036124372482299804,
      0.0021815845370292664,
      0.0021332432329654693,
      0.0024063917994499207,
      0.0030985969305038453,
      0.0023728601634502413,
      0.005105949640274048,
      0.01054635524749756,
      0.01243366241455078,
      0.006909675598144531,
      0.010529829263687134,
      0.010657727718353271,
      0.017106404304504396,
      0.014702272415161134,
      0.03194521188735962,
      0.02508568048477173,
      0.027381765842437743,
      0.04607920646667481,
      0.03170391321182251,
      0.02860729694366455,
      0.04045624732971191,
      0.021911561489105225,
      0.01433170199394226,
      0.027855072021484375,
      0.041870527267456055,
      0.03150870800018311,
      0.033587663173675536,
      0.026042144298553466,
      0.03769912958145141,
      0.04762026309967041,
      0.03345299959182739,
      0.03102942943572998,
      0.02289424419403076,
      0.023973712921142577,
      0.027206287384033204,
      0.024054553508758545,
      0.03271723747253418,
      0.014127209186553955,
      0.012867658138275147,
      0.04252066135406494,
      0.03184118509292602,
      0.05204336166381836,
      0.04695400714874268,
      0.03086296796798706,
      0.02684173583984375,
      0.032001335620880124,
      0.024166300296783447,
      0.01811962366104126,
      0.01958950161933899,
      0.025784204006195067,
      0.00871791124343872,
      0.021027395725250243,
      0.02073373317718506,
      0.0492790412902832,
      0.05259681224822998,
      0.007354843616485596,
      0.025755910873413085,
      0.029391958713531494,
      0.03666358947753906,
      0.016581166982650757,
      0.010022685527801514,
      0.010576618909835815,
      0.025107669830322265,
      0.026193969249725342,
      0.02669201612472534,
      0.031133804321289062,
      0.026703972816467286,
      0.04291062831878662,
      0.04109226226806641,
      0.02883327007293701,
      0.026699862480163573,
      0.024431352615356446,
      0.013898745775222779,
      0.017667818069458007,
      0.029899659156799315,
      0.0357111930847168,
      0.03979214429855347,
      0.040686326026916506,
      0.03670265913009643,
      0.017577682733535768,
      0.022728898525238038,
      0.02838541030883789,
      0.020660204887390135,
      0.020692403316497802,
      0.01716560363769531,
      0.024374675750732423,
      0.02285526752471924,
      0.022330410480499267,
      0.020921294689178468,
      0.016453224420547485,
      0.022468600273132324,
      0.016903162002563477,
      0.03856428861618042,
      0.017310107946395873,
      0.06212630748748779,
      0.05683821201324463,
      0.05703429222106934,
      0.04941666126251221,
      0.027361295223236083,
      0.09063285827636719,
      0.04438510417938232,
      0.05284711837768555,
      0.04727847099304199,
      0.07072972774505615,
      0.052131361961364746,
      0.05532508850097656,
      0.07221786022186279,
      0.05626088142395019,
      0.045710210800170896,
      0.04229825019836426,
      0.03334365129470825,
      0.03734705209732056,
      0.039116661548614505,
      0.03576875686645508,
      0.03221604347229004,
      0.03322015523910522,
      0.04149889469146729,
      0.043084907531738284,
      0.046793212890625,
      0.04787326812744141,
      0.05111192226409912,
      0.02287945747375488,
      0.02191101312637329,
      0.016618350744247435,
      0.02941690444946289,
      0.029485487937927247,
      0.07671866416931153,
      0.05613576889038086,
      0.038117895126342775,
      0.03216685056686401,
      0.033534307479858395,
      0.03020521640777588,
      0.028564255237579345,
      0.02205012321472168,
      0.03381272792816162,
      0.027330338954925537,
      0.018827246427536012,
      0.024934804439544676,
      0.020130894184112548,
      0.012385262250900269,
      0.010937974452972413,
      0.013443059921264648,
      0.008363037109375,
      0.011672563552856445,
      0.024916057586669923,
      0.018370102643966674,
      0.023683838844299317,
      0.010826150178909302,
      0.015617176294326782,
      0.014293507337570191,
      0.021736316680908203,
      0.02754141092300415,
      0.029500656127929688,
      0.022859344482421873,
      0.030737805366516113,
      0.03839618682861328,
      0.0167724347114563,
      0.014895248413085937,
      0.012071064710617065,
      0.013720993995666503,
      0.013247380256652832,
      0.018784117698669434,
      0.009403720498085022,
      0.009766616821289063,
      0.03251922607421875,
      0.027074103355407716,
      0.02277164936065674,
      0.01954339623451233,
      0.03707618236541748,
      0.022412214279174805,
      0.02476504325866699,
      0.02458940029144287,
      0.017772977352142335,
      0.020289397239685057,
      0.016568688154220582,
      0.023220927715301515,
      0.013678102493286133,
      0.021914899349212646,
      0.036399922370910644,
      0.029812753200531006,
      0.04541296005249024,
      0.02937403440475464,
      0.03666646718978882,
      0.037325828075408934,
      0.04826409339904785,
      0.029941048622131348,
      0.02038890838623047,
      0.030122137069702147,
      0.01702177882194519,
      0.007783043384552002,
      0.031795027256011965,
      0.020363781452178955,
      0.02840238332748413,
      0.02603670597076416,
      0.027661774158477783,
      0.03344226598739624,
      0.05976970672607422,
      0.05592341423034668,
      0.04004092216491699,
      0.0370787787437439,
      0.04210158348083496,
      0.032772641181945804,
      0.01668052077293396,
      0.023417282104492187,
      0.012337839603424073,
      0.02462947368621826,
      0.017071444988250733,
      0.027699906826019288,
      0.03686431884765625,
      0.05403918266296387,
      0.038980977535247804,
      0.05938933372497559,
      0.07389225006103516,
      0.06160407543182373,
      0.04389817237854004,
      0.07016810417175293,
      0.04286447048187256,
      0.07185867309570312,
      0.040914297103881836,
      0.01184754490852356,
      0.0478462553024292,
      0.0518905258178711,
      0.02623685359954834,
      0.02397902250289917,
      0.01536265254020691,
      0.009129988551139832,
      0.007868397831916809,
      0.004252505004405976,
      0.016936289072036745,
      0.016898045539855956,
      0.01574371933937073,
      0.028612852096557617,
      0.015523927211761475,
      0.023062632083892823,
      0.012032825946807862,
      0.021351122856140138,
      0.045915346145629886,
      0.017962183952331543,
      0.018754019737243652,
      0.015536383390426636,
      0.00883838951587677,
      0.012222987413406373,
      0.01048936128616333,
      0.006706903576850891,
      0.011045666933059693,
      0.010957074165344239,
      0.009027521014213563,
      0.015069109201431275,
      0.011798166036605835,
      0.011669325828552245,
      0.00995671510696411,
      0.0059638553857803344,
      0.008815339803695678,
      0.013064193725585937,
      0.008095206618309021,
      0.007775385975837708,
      0.008354609608650207,
      0.006457631587982178,
      0.008445742130279542,
      0.0052834457159042355,
      0.004418892860412598,
      0.0039064791798591614,
      0.002623765170574188,
      0.0032123899459838867,
      0.00355891615152359,
      0.0027152878046035767,
      0.0028044119477272033,
      0.0016618920862674713,
      0.0007035686820745468,
      0.0010148591548204422,
      0.0014629682898521423,
      0.0011198708415031432,
      0.0006153801456093788,
      0.0004624004289507866,
      0.0004717230796813965,
      0.0003660590574145317,
      0.00041209876537323,
      0.00032740741968154905,
      0.0003318711742758751,
      0.000266393069177866,
      0.0004309380427002907,
      0.0002865124493837357,
      0.00037627320736646655,
      0.00045789189636707305,
      0.00062129195779562,
      0.0005246847867965698,
      6.227273843251169e-06,
      1.3973988825455309e-06,
      2.537838190619368e-07,
      1.1829872619273374e-08,
      1.455918095416564e-08,
      3.5436198420057965e-11,
      3.5436198420057965e-11,
      3.5436198420057965e-11,
      3.5436198420057965e-11,
      3.5436198420057965e-11,
      3.5436198420057965e-11,
      3.5436198420057965e-11,
      3.5436198420057965e-11,
      3.5436198420057965e-11,
      3.5436198420057965e-11,
      3.5436198420057965e-11,
      3.5436198420057965e-11,
      3.5436198420057965e-11,
      3.5436198420057965e-11,
      3.5436198420057965e-11,
      3.5436198420057965e-11,
      3.5436198420057965e-11,
      3.5436198420057965e-11,
      3.5436198420057965e-11,
      3.5436198420057965e-11,
      3.5436198420057965e-11,
      3.5436198420057965e-11,
      3.5436198420057965e-11,
      3.5436198420057965e-11,
      1.1697221680151416e-08,
      4.0316113881999625e-07,
      1.3991843443363905e-05,
      0.00026206720620393755,
      0.0006019822508096695,
      0.0008447227627038956,
      0.0006835346668958664,
      0.003480149507522583,
      0.004392302334308624,
      0.0026699230074882507,
      0.006468352675437927,
      0.004779737293720245,
      0.01608794927597046,
      0.010824867486953736,
      0.005576097965240478,
      0.016560465097427368,
      0.004144331514835358,
      0.014058784246444703,
      0.00558587908744812,
      0.0041441494226455685,
      0.006354824304580688,
      0.004211024940013885,
      0.006780378818511963,
      0.008370593190193176,
      0.004391037821769714,
      0.0057150936126708985,
      0.004168138206005097,
      0.01334617018699646,
      0.009420690536499023,
      0.003701810538768768,
      0.006542569398880005,
      0.004468385875225067,
      0.011306387186050416,
      0.0104430091381073,
      0.010279471874237061,
      0.00897736668586731,
      0.007600113749504089,
      0.010550882816314697,
      0.010401856899261475,
      0.007135055661201477,
      0.010937063694000245,
      0.011129525899887084,
      0.013009549379348754,
      0.015199252367019654,
      0.007880442142486573,
      0.017597651481628417,
      0.014356757402420045,
      0.026304333209991454,
      0.02693251132965088,
      0.009006877541542052,
      0.008224278092384338,
      0.0049909383058547975,
      0.009548067450523376,
      0.02970628023147583,
      0.0208640718460083,
      0.013113772869110108,
      0.016892157793045044,
      0.019801809787750244,
      0.01600642204284668,
      0.004003370106220245,
      0.014230760335922242,
      0.007650248408317566,
      0.024088189601898194,
      0.020761349201202393,
      0.009166237711906434,
      0.03266845226287842,
      0.021233484745025635,
      0.027507004737854005,
      0.0287615704536438,
      0.016476937532424928,
      0.026774957180023193,
      0.023054206371307374,
      0.03768845558166504,
      0.039746875762939456,
      0.021455864906311035,
      0.0702679681777954,
      0.03383569717407227,
      0.055595197677612306,
      0.029962284564971922,
      0.04884341716766358,
      0.05091112613677978,
      0.0007921522855758667,
      0.03790731430053711,
      0.034717333316802976,
      0.057369475364685056,
      0.056085548400878905,
      0.0339240837097168,
      0.05240307807922363,
      0.03115530252456665,
      0.04936370372772217,
      0.049508800506591795,
      0.03148425340652466,
      0.05334348201751709,
      0.03248509883880615,
      0.03464796781539917,
      0.04013829231262207,
      0.0006280742585659027,
      0.032815842628479,
      0.022527081966400145,
      0.02509936809539795,
      0.022350616455078125,
      0.015130399465560914,
      0.021818890571594238,
      0.013244115114212036,
      0.0606348705291748,
      0.02896879196166992,
      0.02332199811935425,
      0.03914219856262207,
      0.03346273183822632,
      0.0402300500869751,
      0.02859532117843628,
      0.02901843786239624,
      0.05739536285400391,
      0.03569233417510986,
      0.04415160655975342,
      0.025634715557098387,
      0.038925337791442874
    ],
    "intensity_mean": 0.021333574237174743,
    "intensity_std": 0.01753309411201933,
    "intensity_min": 0.0,
    "intensity_max": 0.09063285827636719,
    "intensity_trend": "stable",
    "peak_moments": [],
    "valley_moments": [],
    "peak_timestamps": [],
    "valley_timestamps": [],
    "peak_count": 0,
    "valley_count": 0,
    "action_variance": 0.00030740938914092697
  },
  "temporal_signals": {
    "frame_change_scores": [
      0.0,
      0.0,
      0.0,
      0.0,
      0.0,
      0.0,
      0.0,
      0.0,
      0.0,
      0.0,
      0.0,
      0.0,
      0.0,
      0.0,
      0.0,
      0.017698800007333926,
      0.04216183190238221,
      0.15154175555353422,
      0.05992120486038399,
      0.10674570115023785,
      0.1191886473744429,
      0.06958882106148945,
      0.12765489976652933,
      0.07725889454443369,
      0.2096952809394168,
      0.23052225290214767,
      0.15204342049859088,
      0.12483115058694383,
      0.19155596684039433,
      0.06964674083977418,
      0.18911134521169282,
      0.04295994384628887,
      0.21009163765599226,
      0.20128457463511684,
      0.09044170797450413,
      0.10298614960816366,
      0.1603425083735336,
      0.1150608546132349,
      0.197108582603147,
      0.15277747889904048,
      0.2118528466695373,
      0.2388224446744841,
      0.13721015267580283,
      0.1342942255814199,
      0.15227138284065012,
      0.20598933245171536,
      0.15232258442663715,
      0.11034526923421117,
      0.10845983469167442,
      0.10642169506566945,
      0.08817394708824489,
      0.09574324804035739,
      0.0979556768666584,
      0.0924852355358673,
      0.07438983404894484,
      0.055179218036805255,
      0.05385045464654148,
      0.04229009409292972,
      0.059304474068331725,
      0.04470859124451587,
      0.08861950212904746,
      0.05012189493325181,
      0.08378167620972699,
      0.06617245532686478,
      0.03495032559472333,
      0.05139348740804217,
      0.045910337258842415,
      0.06709471200833206,
      0.04366728938521003,
      0.05979819706420153,
      0.03515910697830282,
      0.08398779008488455,
      0.10182445757119485,
      0.026591932100594184,
      0.04329413688974282,
      0.03610819358584305,
      0.1274290498533629,
      0.10646007125665435,
      0.06480670382197651,
      0.06554464754267342,
      0.08409989572466903,
      0.12552130442320186,
      0.07888153184347768,
      0.07079222051096024,
      0.09004561548454859,
      0.08308973297881217,
      0.09394478037643061,
      0.08012454096288002,
      0.10045952419561688,
      0.1494493715310128,
      0.06934159160894637,
      0.1324404402171503,
      0.08847626200388115,
      0.18902692571147195,
      0.15861205477333418,
      0.1610117052739506,
      0.15252705271551115,
      0.08535882218277702,
      0.14797606186041212,
      0.19872749299887016,
      0.2121697851162999,
      0.1686185303839004,
      0.16144320324904937,
      0.1773202475016119,
      0.16509827001531263,
      0.16757066952742428,
      0.1837111188768783,
      0.13772372985689407,
      0.1289170580100858,
      0.12835747135330122,
      0.23639025486684595,
      0.11502067900392654,
      0.2637481593419976,
      0.17291311397170162,
      0.12903447784238364,
      0.17674441938299568,
      0.08392181926207454,
      0.11552467956080148,
      0.08774822333353349,
      0.09872656531214086,
      0.1290345044373793,
      0.13423275141756408,
      0.11297309305331926,
      0.09579970520788594,
      0.12271515144638401,
      0.15664303746997676,
      0.17680292486952198,
      0.17280762461791022,
      0.1273157900714572,
      0.17200714505699521,
      0.18558067619022645,
      0.13084907055142958,
      0.08825425681818444,
      0.11034695852283893,
      0.16256763878183678,
      0.17980234018276386,
      0.1482581758309982,
      0.18788455066761223,
      0.21788098670351475,
      0.1426789026104872,
      0.15167791821903054,
      0.051513320462490686,
      0.15595404881196684,
      0.12024003953792528,
      0.20325492702095216,
      0.37021531932943996,
      0.19480542444611648,
      0.18538802178909142,
      0.16756414708239376,
      0.1874682368543943,
      0.13554203911281149,
      0.14341864136379778,
      0.12179229288158278,
      0.1276609185736799,
      0.10636726007531361,
      0.12709917177814822,
      0.12268296203709217,
      0.12882968312566323,
      0.12416351818591753,
      0.10376553405139977,
      0.06577645457876824,
      0.08088993263523636,
      0.12468261301913464,
      0.10016495678336157,
      0.10761229591358867,
      0.07563080870935313,
      0.1062492654265389,
      0.10205875713328738,
      0.11560941368879418,
      0.104570113327759,
      0.10972752836369348,
      0.07202171854956085,
      0.11348465083579007,
      0.10479404879514809,
      0.08491567717139092,
      0.0981594297630487,
      0.07268647155153707,
      0.1029012758055936,
      0.13895287253730038,
      0.22846962690739292,
      0.1386610086225173,
      0.13712589636875583,
      0.0824965470367538,
      0.13767422358877568,
      0.10367056986684176,
      0.09792876116093341,
      0.09743962921764704,
      0.18805456678363164,
      0.17930148799129486,
      0.15202142058123602,
      0.15161216790162224,
      0.23519474657777506,
      0.18198544170031505,
      0.1644303320932271,
      0.1389808960205905,
      0.15123251381907132,
      0.19081770765762307,
      0.16774782055773596,
      0.17816713947054907,
      0.14361546371393397,
      0.16198642629958604,
      0.1799523434697351,
      0.19569782522341117,
      0.19681148146043903,
      0.20140220524397567,
      0.19016926128987865,
      0.1291192160004947,
      0.10538144713340514,
      0.163736723699345,
      0.1488867729099399,
      0.14567965246731684,
      0.13693761674570648,
      0.24625398441253032,
      0.1841072109226798,
      0.16212786495121145,
      0.14920967706165722,
      0.1641154901994133,
      0.2328876615859724,
      0.30930940718459177,
      0.19298710258120533,
      0.16921283592442293,
      0.16365639380821595,
      0.11310363251111333,
      0.19228448822037936,
      0.17494704416905493,
      0.17054763085794722,
      0.33694818103481505,
      0.40306658888896774,
      0.3032628912528881,
      0.465531227510081,
      0.5482760021755484,
      0.3974290785303357,
      0.8791681077150958,
      0.6539517677104372,
      0.30475675821471304,
      0.44694778994865036,
      0.49813402402865004,
      0.034962319990522905,
      0.5466511976076046,
      0.4131056036606098,
      0.2837192532476054,
      0.27452430882853673,
      0.2576394163771897,
      0.11352897942776896,
      0.11296626125753328,
      0.0711642288943426,
      0.10883915621088613,
      0.11075925601259207,
      0.10877966142941864,
      0.13206189176326666,
      0.0965891370898978,
      0.0875727252442392,
      0.08663777149915841,
      0.07915512100051891,
      0.10912500962920701,
      0.10766827445659588,
      0.10301614751549115,
      0.1338002460435639,
      0.17733955548923186,
      0.12467452595711914,
      0.11795790941000384,
      0.10859111142764566,
      0.11875395877870187,
      0.10355266940223051,
      0.10590263659435117,
      0.10772596660851796,
      0.08604351564916268,
      0.0763615926597423,
      0.09327857723186672,
      0.07728745850817309,
      0.12438458446802558,
      0.11225416650402775,
      0.08465582477671041,
      0.08107552627082137,
      0.08011881285041023,
      0.08550628552560291,
      0.10906680046453143,
      0.06861447562284573,
      0.11222532916053829,
      0.07795462684878862,
      0.055063667937838234,
      0.059364353667385794,
      0.07330728108918627,
      0.07853407398962364,
      0.07859110468305541,
      0.07173862255020202,
      0.037405090312765066,
      0.03667936743164446,
      0.060222915577950786,
      0.0585821686329423,
      0.05642564735193267,
      0.020787522627160215,
      0.03278290843395948,
      0.01596701641499254,
      0.024766277388932,
      0.0087242746330074,
      0.023241034203202338,
      0.01983117146627489,
      0.016273676836309425,
      0.011065728796631702,
      0.017092270346436456,
      0.010642872504303513,
      0.017864248354836354,
      0.024196265377374404,
      0.012601049811576392,
      0.02181499212804272,
      0.05112902382822837,
      0.0015927921155726166,
      0.0003891263463146055,
      0.0,
      0.0,
      0.0,
      0.0,
      0.0,
      0.0,
      0.0,
      0.0,
      0.0,
      0.0,
      0.0,
      0.0,
      0.0,
      0.0,
      0.0,
      0.0,
      0.0,
      0.0,
      0.0,
      0.0,
      0.0,
      0.0,
      0.0,
      0.0,
      0.011699934318397887,
      0.1527847165147056,
      0.06688471338199586,
      0.14004404941904547,
      0.07728832724642254,
      0.04212229346427465,
      0.01875757189208227,
      0.04988504397313531,
      0.0633607136142823,
      0.02672605408438411,
      0.057891300250112354,
      0.03368606020372,
      0.1478444993371799,
      0.06833082872544427,
      0.030059252216998456,
      0.08172383281752826,
      0.017262123712461608,
      0.06385009622569171,
      0.032898557796110395,
      0.022800599176971303,
      0.035156375803953144,
      0.022495292135641165,
      0.04523189726621957,
      0.06576069697313225,
      0.041278247672447255,
      0.060120463019739834,
      0.03844528701759187,
      0.15746612219090173,
      0.0933571978716996,
      0.021835918586509795,
      0.06414664110929569,
      0.028502224771392082,
      0.12224216728868909,
      0.11914557592453168,
      0.2662127601287463,
      0.11873405782320778,
      0.06038904513634347,
      0.12482381895821437,
      0.11757312576407875,
      0.04648157311024537,
      0.11705233811471427,
      0.08269527564656132,
      0.1361362722890348,
      0.11549108964089738,
      0.047564610370873894,
      0.17218330311843422,
      0.10938827199651058,
      0.2416968564961206,
      0.20605153378240526,
      0.04000053542690407,
      0.05181839611223571,
      0.016498540983435284,
      0.04561726208864081,
      0.15859746524506457,
      0.0981017087523477,
      0.056904507581484465,
      0.0734033051659464,
      0.09428775282913071,
      0.07556333729311793,
      0.017812597619166648,
      0.08667776127030047,
      0.02928721114315125,
      0.15496109847878492,
      0.1043581124893922,
      0.04105111551874885,
      0.16472602826629612,
      0.08633009369043498,
      0.14795284033047718,
      0.16119317612381423,
      0.09056412903776467,
      0.15247603187474978,
      0.10786973689902579,
      0.29887497431819643,
      0.19097338538364916,
      0.09076663941985963,
      0.8077592468235958,
      0.15446382321342333,
      0.22732904501821372,
      0.1608009811543687,
      0.24138492184291438,
      0.24874902195252835,
      0.0038224655448581,
      0.29850722360646353,
      0.18062921905400742,
      0.26283690091568535,
      0.2643617450323176,
      0.18329951047986237,
      0.24491795909300484,
      0.1676950944919544,
      0.23613158304947657,
      0.22440435430779693,
      0.16207104799121186,
      0.22832421761599364,
      0.16231997592130065,
      0.22144477957689312,
      0.23555599388881676,
      0.00350353953613991,
      0.2655611516171035,
      0.14543777808462566,
      0.19370765410010327,
      0.17984546680322588,
      0.11849092345161527,
      0.17972204193507924,
      0.11035969818118763,
      0.5666862703772676,
      0.07962823195903668,
      0.08815232061679523,
      0.13134957810178172,
      0.19824120168028192,
      0.2336441559545701,
      0.11511930026258677,
      0.12157667194712474,
      0.2528590053883202,
      0.20403854367833507,
      0.21416915386702606,
      0.1404495784002383,
      0.18369540103336712
    ],
    "change_score_mean": 0.12244999197934153,
    "change_score_std": 0.10383489505385692,
    "change_score_max": 0.8791681077150958,
    "temporal_gaps": [
      {
        "start_time": 0.0,
        "end_time": 1.0,
        "duration": 1.0,
        "start_frame": 0,
        "end_frame": 15,
        "avg_change": 0.0011061750004583704
      },
      {
        "start_time": 20.466666666666665,
        "end_time": 22.2,
        "duration": 1.7333333333333343,
        "start_frame": 307,
        "end_frame": 333,
        "avg_change": 0.0005067352881587077
      }
    ],
    "temporal_gap_count": 2,
    "temporal_gap_total_duration": 2.7333333333333343,
    "transition_similarity_scores": [
      0.8484582444464658,
      0.8270868860282984,
      0.1208318922849042,
      0.8472152834852944,
      0.9331152866180041,
      0.8599559505809545,
      0.9227116727535775
    ],
    "transition_similarity_mean": 0.765625030885357,
    "temporal_density": 8.452115812917594
  },
  "metadata": {
    "video_path": "/vol/videos/core/produced_digital/commercials/h-3iw1GoTZA.mp4",
    "dataset": "produced_digital/commercials",
    "tier": "produced_digital",
    "study_type": "core",
    "source_fps": 30.0,
    "experiment_version": "3.2"
  }
}