{
  "video_id": "h-3iw1GoTZA",
  "fps": 8.0,
  "duration": 29.875,
  "frame_count": 240,
  "scene_signals": {
    "transition_count": 6,
    "transition_timestamps": [
      1.25,
      7.5,
      7.625,
      15.5,
      22.375,
      22.5
    ],
    "transition_types": [
      "hard_cut",
      "hard_cut",
      "hard_cut",
      "hard_cut",
      "hard_cut",
      "hard_cut"
    ],
    "transition_magnitudes": [
      111.66065051762592,
      109.82413632940077,
      260.6781323113408,
      886.2315172883456,
      4107.4404092745735,
      124.55369120646584
    ],
    "scene_count": 7,
    "scene_durations": [
      1.25,
      6.25,
      0.125,
      7.875,
      6.875,
      0.125,
      7.375
    ],
    "scene_duration_mean": 4.267857142857143,
    "scene_duration_std": 3.312873005567887,
    "scene_duration_min": 0.125,
    "scene_duration_max": 7.875,
    "scene_types": [
      "unknown",
      "unknown",
      "unknown",
      "unknown",
      "unknown",
      "unknown",
      "unknown"
    ],
    "transitions": [
      {
        "timestamp": 1.25,
        "frame_index": 10,
        "transition_type": "hard_cut",
        "magnitude": 111.66065051762592
      },
      {
        "timestamp": 7.5,
        "frame_index": 60,
        "transition_type": "hard_cut",
        "magnitude": 109.82413632940077
      },
      {
        "timestamp": 7.625,
        "frame_index": 61,
        "transition_type": "hard_cut",
        "magnitude": 260.6781323113408
      },
      {
        "timestamp": 15.5,
        "frame_index": 124,
        "transition_type": "hard_cut",
        "magnitude": 886.2315172883456
      },
      {
        "timestamp": 22.375,
        "frame_index": 179,
        "transition_type": "hard_cut",
        "magnitude": 4107.4404092745735
      },
      {
        "timestamp": 22.5,
        "frame_index": 180,
        "transition_type": "hard_cut",
        "magnitude": 124.55369120646584
      }
    ],
    "scenes": [
      {
        "start_time": 0.0,
        "end_time": 1.25,
        "duration": 1.25,
        "scene_type": "unknown",
        "start_frame": 0,
        "end_frame": 9
      },
      {
        "start_time": 1.25,
        "end_time": 7.5,
        "duration": 6.25,
        "scene_type": "unknown",
        "start_frame": 10,
        "end_frame": 59
      },
      {
        "start_time": 7.5,
        "end_time": 7.625,
        "duration": 0.125,
        "scene_type": "unknown",
        "start_frame": 60,
        "end_frame": 60
      },
      {
        "start_time": 7.625,
        "end_time": 15.5,
        "duration": 7.875,
        "scene_type": "unknown",
        "start_frame": 61,
        "end_frame": 123
      },
      {
        "start_time": 15.5,
        "end_time": 22.375,
        "duration": 6.875,
        "scene_type": "unknown",
        "start_frame": 124,
        "end_frame": 178
      },
      {
        "start_time": 22.375,
        "end_time": 22.5,
        "duration": 0.125,
        "scene_type": "unknown",
        "start_frame": 179,
        "end_frame": 179
      },
      {
        "start_time": 22.5,
        "end_time": 29.875,
        "duration": 7.375,
        "scene_type": "unknown",
        "start_frame": 180,
        "end_frame": 239
      }
    ]
  },
  "character_signals": {
    "person_counts_per_frame": [
      0,
      0,
      0,
      0,
      0,
      0,
      0,
      0,
      0,
      0,
      0,
      0,
      0,
      0,
      0,
      0,
      0,
      0,
      0,
      0,
      0,
      0,
      0,
      0,
      0,
      0,
      0,
      0,
      0,
      0,
      0,
      0,
      0,
      0,
      0,
      0,
      0,
      0,
      0,
      0,
      0,
      0,
      0,
      0,
      0,
      0,
      0,
      0,
      0,
      0,
      0,
      0,
      0,
      0,
      0,
      0,
      0,
      0,
      0,
      0,
      0,
      0,
      0,
      0,
      0,
      0,
      0,
      0,
      0,
      0,
      0,
      0,
      0,
      0,
      0,
      0,
      0,
      0,
      0,
      0,
      0,
      0,
      0,
      0,
      0,
      0,
      0,
      0,
      0,
      0,
      0,
      0,
      0,
      0,
      0,
      0,
      0,
      0,
      0,
      0,
      0,
      0,
      0,
      0,
      0,
      0,
      0,
      0,
      0,
      0,
      0,
      0,
      0,
      0,
      0,
      0,
      0,
      0,
      0,
      0,
      0,
      0,
      0,
      0,
      0,
      0,
      0,
      0,
      0,
      0,
      0,
      0,
      0,
      0,
      0,
      0,
      0,
      0,
      0,
      0,
      0,
      0,
      0,
      0,
      0,
      0,
      0,
      0,
      0,
      0,
      0,
      0,
      0,
      0,
      0,
      0,
      0,
      0,
      0,
      0,
      0,
      0,
      0,
      0,
      0,
      0,
      0,
      0,
      0,
      0,
      0,
      0,
      0,
      0,
      0,
      0,
      0,
      0,
      0,
      0,
      1,
      1,
      1,
      1,
      0,
      0,
      0,
      0,
      1,
      0,
      0,
      1,
      1,
      1,
      1,
      1,
      1,
      1,
      1,
      1,
      0,
      0,
      1,
      1,
      1,
      1,
      1,
      1,
      1,
      1,
      1,
      1,
      1,
      1,
      1,
      1,
      1,
      1,
      0,
      0,
      0,
      0,
      0,
      0,
      0,
      0,
      0,
      0,
      0,
      0,
      0,
      0,
      0,
      0,
      0,
      0,
      0,
      0,
      0,
      0
    ],
    "person_count_mode": 0,
    "person_count_mean": 0.125,
    "person_count_std": 0.33071891388307384,
    "person_count_min": 0,
    "person_count_max": 1,
    "person_count_distribution": {
      "0": 210,
      "1": 30
    },
    "character_consistency": 0.875,
    "entry_events": [
      {
        "timestamp": 22.5,
        "frame_index": 180,
        "event_type": "entry",
        "count_before": 0,
        "count_after": 1
      },
      {
        "timestamp": 23.5,
        "frame_index": 188,
        "event_type": "entry",
        "count_before": 0,
        "count_after": 1
      },
      {
        "timestamp": 23.875,
        "frame_index": 191,
        "event_type": "entry",
        "count_before": 0,
        "count_after": 1
      },
      {
        "timestamp": 25.25,
        "frame_index": 202,
        "event_type": "entry",
        "count_before": 0,
        "count_after": 1
      }
    ],
    "exit_events": [
      {
        "timestamp": 23.0,
        "frame_index": 184,
        "event_type": "exit",
        "count_before": 1,
        "count_after": 0
      },
      {
        "timestamp": 23.625,
        "frame_index": 189,
        "event_type": "exit",
        "count_before": 1,
        "count_after": 0
      },
      {
        "timestamp": 25.0,
        "frame_index": 200,
        "event_type": "exit",
        "count_before": 1,
        "count_after": 0
      },
      {
        "timestamp": 27.25,
        "frame_index": 218,
        "event_type": "exit",
        "count_before": 1,
        "count_after": 0
      }
    ],
    "entry_count": 4,
    "exit_count": 4,
    "entry_exit_total": 8,
    "entry_timestamps": [
      22.5,
      23.5,
      23.875,
      25.25
    ],
    "exit_timestamps": [
      23.0,
      23.625,
      25.0,
      27.25
    ]
  },
  "visual_signals": {
    "unique_objects": [
      "sports ball",
      "apple",
      "frisbee",
      "person",
      "car",
      "bus",
      "truck"
    ],
    "unique_object_count": 7,
    "persistent_objects": [],
    "persistent_object_count": 0,
    "transient_objects": [
      "apple",
      "frisbee",
      "person",
      "car",
      "bus",
      "truck"
    ],
    "transient_object_count": 6,
    "object_frequency": {
      "sports ball": 0.20416666666666666,
      "apple": 0.13333333333333333,
      "frisbee": 0.004166666666666667,
      "person": 0.125,
      "car": 0.09166666666666666,
      "bus": 0.004166666666666667,
      "truck": 0.004166666666666667
    },
    "object_frame_counts": {
      "sports ball": 49,
      "apple": 32,
      "frisbee": 1,
      "person": 30,
      "car": 22,
      "bus": 1,
      "truck": 1
    },
    "object_first_appearance": {
      "sports ball": 1.25,
      "apple": 1.625,
      "frisbee": 9.25,
      "person": 22.5,
      "car": 27.25,
      "bus": 27.75,
      "truck": 28.25
    },
    "object_last_appearance": {
      "sports ball": 20.125,
      "apple": 19.625,
      "frisbee": 9.25,
      "person": 27.125,
      "car": 29.875,
      "bus": 27.75,
      "truck": 28.25
    },
    "objects_per_frame": [
      [],
      [],
      [],
      [],
      [],
      [],
      [],
      [],
      [],
      [],
      [
        "sports ball"
      ],
      [
        "sports ball"
      ],
      [
        "sports ball"
      ],
      [
        "apple"
      ],
      [],
      [],
      [],
      [
        "apple"
      ],
      [],
      [
        "apple"
      ],
      [],
      [],
      [],
      [
        "sports ball"
      ],
      [],
      [],
      [],
      [
        "sports ball"
      ],
      [
        "sports ball"
      ],
      [
        "sports ball"
      ],
      [
        "sports ball"
      ],
      [],
      [],
      [],
      [
        "sports ball"
      ],
      [
        "sports ball"
      ],
      [
        "sports ball"
      ],
      [],
      [
        "sports ball"
      ],
      [
        "sports ball"
      ],
      [
        "sports ball"
      ],
      [
        "sports ball"
      ],
      [
        "sports ball"
      ],
      [
        "sports ball"
      ],
      [
        "sports ball"
      ],
      [
        "sports ball"
      ],
      [
        "sports ball"
      ],
      [
        "sports ball"
      ],
      [
        "sports ball"
      ],
      [],
      [],
      [],
      [],
      [],
      [],
      [],
      [],
      [],
      [],
      [],
      [],
      [],
      [],
      [],
      [],
      [],
      [],
      [],
      [],
      [],
      [],
      [],
      [],
      [],
      [
        "frisbee"
      ],
      [],
      [],
      [],
      [],
      [],
      [],
      [],
      [],
      [
        "sports ball"
      ],
      [],
      [],
      [
        "apple"
      ],
      [
        "apple"
      ],
      [
        "apple"
      ],
      [
        "apple",
        "sports ball"
      ],
      [],
      [],
      [
        "apple"
      ],
      [
        "apple"
      ],
      [
        "apple"
      ],
      [
        "apple"
      ],
      [
        "apple"
      ],
      [
        "apple"
      ],
      [],
      [],
      [],
      [],
      [
        "apple"
      ],
      [
        "apple"
      ],
      [
        "apple"
      ],
      [],
      [
        "apple"
      ],
      [],
      [],
      [
        "sports ball"
      ],
      [],
      [
        "sports ball"
      ],
      [
        "sports ball"
      ],
      [
        "sports ball"
      ],
      [
        "sports ball"
      ],
      [
        "sports ball"
      ],
      [],
      [],
      [],
      [],
      [],
      [],
      [],
      [],
      [],
      [],
      [],
      [],
      [],
      [],
      [],
      [],
      [],
      [],
      [],
      [],
      [],
      [],
      [
        "sports ball"
      ],
      [],
      [
        "apple",
        "sports ball"
      ],
      [
        "apple",
        "sports ball"
      ],
      [
        "sports ball"
      ],
      [
        "apple",
        "sports ball"
      ],
      [
        "apple",
        "sports ball"
      ],
      [
        "sports ball"
      ],
      [],
      [
        "apple"
      ],
      [
        "apple"
      ],
      [
        "apple"
      ],
      [
        "apple",
        "sports ball"
      ],
      [
        "apple",
        "sports ball"
      ],
      [
        "apple",
        "sports ball"
      ],
      [
        "apple",
        "sports ball"
      ],
      [
        "apple",
        "sports ball"
      ],
      [
        "apple",
        "sports ball"
      ],
      [
        "apple",
        "sports ball"
      ],
      [
        "apple",
        "sports ball"
      ],
      [
        "sports ball"
      ],
      [
        "sports ball"
      ],
      [
        "sports ball"
      ],
      [
        "sports ball"
      ],
      [],
      [],
      [],
      [],
      [],
      [],
      [],
      [],
      [],
      [],
      [],
      [],
      [],
      [],
      [],
      [],
      [],
      [],
      [
        "person"
      ],
      [
        "person"
      ],
      [
        "person"
      ],
      [
        "person"
      ],
      [],
      [],
      [],
      [],
      [
        "person"
      ],
      [],
      [],
      [
        "person"
      ],
      [
        "person"
      ],
      [
        "person"
      ],
      [
        "person"
      ],
      [
        "person"
      ],
      [
        "person"
      ],
      [
        "person"
      ],
      [
        "person"
      ],
      [
        "person"
      ],
      [],
      [],
      [
        "person"
      ],
      [
        "person"
      ],
      [
        "person"
      ],
      [
        "person"
      ],
      [
        "person"
      ],
      [
        "person"
      ],
      [
        "person"
      ],
      [
        "person"
      ],
      [
        "person"
      ],
      [
        "person"
      ],
      [
        "person"
      ],
      [
        "person"
      ],
      [
        "person"
      ],
      [
        "person"
      ],
      [
        "person"
      ],
      [
        "person"
      ],
      [
        "car"
      ],
      [
        "car"
      ],
      [
        "car"
      ],
      [
        "car"
      ],
      [
        "car",
        "bus"
      ],
      [
        "car"
      ],
      [
        "car"
      ],
      [
        "car"
      ],
      [
        "truck",
        "car"
      ],
      [
        "car"
      ],
      [
        "car"
      ],
      [
        "car"
      ],
      [
        "car"
      ],
      [
        "car"
      ],
      [
        "car"
      ],
      [
        "car"
      ],
      [
        "car"
      ],
      [
        "car"
      ],
      [
        "car"
      ],
      [
        "car"
      ],
      [
        "car"
      ],
      [
        "car"
      ]
    ],
    "appearances": [
      {
        "object_class": "sports ball",
        "first_appearance": 1.25,
        "last_appearance": 20.125,
        "frame_count": 49,
        "frequency": 0.20416666666666666
      },
      {
        "object_class": "apple",
        "first_appearance": 1.625,
        "last_appearance": 19.625,
        "frame_count": 32,
        "frequency": 0.13333333333333333
      },
      {
        "object_class": "frisbee",
        "first_appearance": 9.25,
        "last_appearance": 9.25,
        "frame_count": 1,
        "frequency": 0.004166666666666667
      },
      {
        "object_class": "person",
        "first_appearance": 22.5,
        "last_appearance": 27.125,
        "frame_count": 30,
        "frequency": 0.125
      },
      {
        "object_class": "car",
        "first_appearance": 27.25,
        "last_appearance": 29.875,
        "frame_count": 22,
        "frequency": 0.09166666666666666
      },
      {
        "object_class": "bus",
        "first_appearance": 27.75,
        "last_appearance": 27.75,
        "frame_count": 1,
        "frequency": 0.004166666666666667
      },
      {
        "object_class": "truck",
        "first_appearance": 28.25,
        "last_appearance": 28.25,
        "frame_count": 1,
        "frequency": 0.004166666666666667
      }
    ]
  },
  "atmosphere_signals": {
    "brightness_values": [
      0.0,
      0.0,
      0.0,
      0.0,
      0.0,
      0.0,
      0.0,
      0.0,
      0.08712784090909091,
      0.4405241477272727,
      3.9142485795454545,
      2.907125,
      2.6164176136363637,
      3.839350852272727,
      6.763089488636363,
      8.96309659090909,
      11.345086647727273,
      12.052911931818182,
      11.803295454545454,
      11.986134943181819,
      12.677085227272727,
      12.207011363636363,
      8.877595170454546,
      6.493622159090909,
      4.884955965909091,
      6.079453125,
      8.096404829545454,
      9.732117897727273,
      10.869375,
      11.442769886363637,
      12.571954545454545,
      14.61967471590909,
      15.768417613636364,
      15.703612215909091,
      17.383110795454545,
      18.21589346590909,
      18.25763352272727,
      18.51911647727273,
      19.033389204545454,
      19.28271875,
      18.915850852272726,
      19.467373579545455,
      22.11883096590909,
      21.660258522727272,
      21.619539772727272,
      21.055630681818183,
      20.614798295454545,
      19.523505681818182,
      17.72996875,
      18.878822443181818,
      18.006269886363636,
      16.143079545454544,
      12.366745738636364,
      9.78611221590909,
      8.512078125,
      8.219515625,
      8.244166193181819,
      8.422647727272727,
      9.59112215909091,
      10.069428977272727,
      16.396,
      18.63962215909091,
      17.372035511363638,
      16.06013210227273,
      15.972704545454546,
      11.493916193181818,
      12.88784659090909,
      13.56159659090909,
      10.594366477272727,
      12.459139204545455,
      15.943951704545455,
      16.108961647727273,
      17.083629261363637,
      18.298552556818183,
      19.292693181818183,
      18.963720170454547,
      15.526551136363636,
      12.171595170454545,
      17.105941761363635,
      23.463751420454546,
      24.880761363636363,
      24.52031534090909,
      21.30214346590909,
      17.74712784090909,
      14.71011221590909,
      13.72851846590909,
      14.142730113636363,
      14.10953409090909,
      14.026042613636363,
      14.053517045454546,
      14.617294034090909,
      14.980204545454546,
      14.07295028409091,
      13.405524147727272,
      13.468301136363637,
      13.08766903409091,
      18.286775568181817,
      21.667011363636362,
      20.983211647727273,
      20.273911931818184,
      18.78521875,
      18.612223011363636,
      18.08474715909091,
      21.085852272727273,
      21.152079545454544,
      21.774214488636364,
      20.939387784090908,
      15.967110795454545,
      11.106941761363636,
      8.506058238636363,
      8.145636363636363,
      8.544144886363636,
      8.400198863636364,
      10.388136363636363,
      14.887816761363636,
      9.744609375,
      3.1793295454545456,
      2.758049715909091,
      3.8729829545454546,
      5.565984375,
      8.414126420454545,
      18.636933238636363,
      24.926366477272726,
      15.768380681818181,
      119.91526136363636,
      57.15696022727273,
      96.57680681818182,
      47.25716903409091,
      16.532920454545454,
      4.041232954545454,
      3.9325482954545454,
      3.1950326704545455,
      2.663071022727273,
      2.270958806818182,
      1.9458991477272727,
      1.6762301136363635,
      1.3460298295454545,
      1.4755980113636364,
      3.6685994318181816,
      6.380251420454545,
      8.66058096590909,
      10.405532670454546,
      11.539014204545454,
      12.558930397727273,
      13.211988636363637,
      13.556967329545454,
      13.503772727272727,
      13.66412784090909,
      12.763791193181818,
      12.111228693181818,
      12.196069602272727,
      10.356360795454545,
      11.145248579545454,
      10.854045454545455,
      10.229556818181818,
      8.520788352272728,
      7.226784090909091,
      6.246379261363637,
      4.6744829545454545,
      3.2703323863636364,
      2.156241477272727,
      1.5592286931818182,
      0.8820752840909091,
      0.4331875,
      0.06901704545454546,
      0.06651704545454545,
      0.06651704545454545,
      0.06651704545454545,
      0.06651704545454545,
      0.06651704545454545,
      0.06651704545454545,
      0.06651704545454545,
      0.06651704545454545,
      0.06651704545454545,
      0.06651704545454545,
      0.06651704545454545,
      0.06651704545454545,
      0.06651704545454545,
      0.18709232954545454,
      2.4710227272727274,
      6.5610625,
      8.949916193181819,
      13.251944602272728,
      16.038904829545455,
      16.595154829545454,
      18.451066761363638,
      20.212053977272728,
      19.588259943181818,
      18.278328125,
      17.110024147727273,
      15.821240056818182,
      16.464410511363635,
      21.272159090909092,
      23.63596590909091,
      30.60170596590909,
      40.376636363636365,
      72.61569602272728,
      78.20237926136363,
      91.93475,
      93.55664488636364,
      95.38884943181819,
      96.4881221590909,
      98.13565767045455,
      96.33035369318182,
      96.21169602272727,
      96.35341051136363,
      97.13921732954546,
      97.53411931818182,
      98.13321732954546,
      99.452484375,
      102.96462073863637,
      107.07148863636364,
      109.41617755681818,
      110.83389346590909,
      111.21018323863636,
      110.56035795454545,
      87.63330965909091,
      83.58652982954546,
      14.195470170454545,
      14.536792613636363,
      15.199950284090908,
      15.817886363636363,
      16.797572443181817,
      17.788828125,
      17.635207386363636,
      17.85800568181818,
      18.248788352272726,
      19.850776988636362,
      20.22027556818182,
      20.315823863636364,
      21.039078125,
      21.951376420454544,
      21.98632244318182,
      15.631525568181818,
      15.553142045454546,
      15.500600852272727,
      15.163681818181818,
      14.765267045454545,
      13.928677556818181,
      13.199492897727273
    ],
    "brightness_mean": 20.923277645596592,
    "brightness_std": 27.015753401738213,
    "brightness_min": 0.0,
    "brightness_max": 119.91526136363636,
    "brightness_range": 119.91526136363636,
    "lighting_changes": [
      {
        "timestamp": 15.5,
        "frame_index": 124,
        "brightness_before": 15.768380681818181,
        "brightness_after": 119.91526136363636,
        "magnitude": 104.14688068181817
      },
      {
        "timestamp": 15.625,
        "frame_index": 125,
        "brightness_before": 119.91526136363636,
        "brightness_after": 57.15696022727273,
        "magnitude": 62.758301136363634
      },
      {
        "timestamp": 15.75,
        "frame_index": 126,
        "brightness_before": 57.15696022727273,
        "brightness_after": 96.57680681818182,
        "magnitude": 39.419846590909096
      },
      {
        "timestamp": 15.875,
        "frame_index": 127,
        "brightness_before": 96.57680681818182,
        "brightness_after": 47.25716903409091,
        "magnitude": 49.319637784090915
      },
      {
        "timestamp": 16.0,
        "frame_index": 128,
        "brightness_before": 47.25716903409091,
        "brightness_after": 16.532920454545454,
        "magnitude": 30.724248579545453
      },
      {
        "timestamp": 24.5,
        "frame_index": 196,
        "brightness_before": 40.376636363636365,
        "brightness_after": 72.61569602272728,
        "magnitude": 32.23905965909091
      },
      {
        "timestamp": 27.0,
        "frame_index": 216,
        "brightness_before": 110.56035795454545,
        "brightness_after": 87.63330965909091,
        "magnitude": 22.92704829545454
      },
      {
        "timestamp": 27.25,
        "frame_index": 218,
        "brightness_before": 83.58652982954546,
        "brightness_after": 14.195470170454545,
        "magnitude": 69.39105965909091
      }
    ],
    "lighting_change_count": 8,
    "setting_type": "indoor",
    "dominant_colors_rgb": [
      [
        "63",
        "70",
        "25"
      ],
      [
        "222",
        "222",
        "218"
      ],
      [
        "1",
        "1",
        "0"
      ]
    ],
    "dominant_colors": [
      "green",
      "white",
      "black"
    ]
  },
  "action_signals": {
    "intensity_timeline": [
      0.0,
      0.0,
      0.0,
      0.0,
      0.0,
      0.0,
      0.0,
      0.0,
      5.7546270545572046e-06,
      0.0034646812081336976,
      0.0055079424381256105,
      0.006745297312736511,
      0.007072083353996277,
      0.0131662917137146,
      0.020071005821228026,
      0.0234280800819397,
      0.026560823917388916,
      0.04019469738006592,
      0.04764286041259766,
      0.0478356409072876,
      0.06434746265411377,
      0.035554814338684085,
      0.03723799705505371,
      0.03740064382553101,
      0.047844762802124026,
      0.03886542320251465,
      0.044163999557495115,
      0.034182841777801516,
      0.03598877191543579,
      0.03408259868621826,
      0.04501130104064941,
      0.03682072401046753,
      0.05499953269958496,
      0.03586771249771118,
      0.03246027946472168,
      0.037176508903503415,
      0.030272369384765626,
      0.024976863861083984,
      0.05793349266052246,
      0.05713535308837891,
      0.029776959419250487,
      0.04163764476776123,
      0.03756284475326538,
      0.032439346313476565,
      0.041625232696533204,
      0.03368366003036499,
      0.05111358642578125,
      0.0331900429725647,
      0.03028449535369873,
      0.019086496829986574,
      0.04939933300018311,
      0.06530456066131592,
      0.037415707111358644,
      0.036404080390930176,
      0.05423340320587158,
      0.03987338066101074,
      0.05040829658508301,
      0.028804571628570558,
      0.03266159534454346,
      0.04802356719970703,
      0.07220090866088867,
      0.06451180934906006,
      0.05387917518615723,
      0.08937418937683106,
      0.07742146968841553,
      0.050653572082519534,
      0.10078458786010742,
      0.0661766767501831,
      0.058804163932800295,
      0.05547053813934326,
      0.043456897735595704,
      0.04813971519470215,
      0.06053706645965576,
      0.03753443956375122,
      0.056131477355957034,
      0.03552416801452637,
      0.035674757957458496,
      0.060016021728515626,
      0.06330833911895752,
      0.03227560758590698,
      0.034122111797332766,
      0.03310214519500732,
      0.037858273983001706,
      0.033713438510894776,
      0.035571231842041015,
      0.018746771812438966,
      0.01660346031188965,
      0.03895166873931885,
      0.02558435678482056,
      0.018453896045684814,
      0.027672557830810546,
      0.03316076993942261,
      0.033681116104125976,
      0.029056334495544435,
      0.022396371364593506,
      0.034999463558197025,
      0.03679289817810059,
      0.02413930892944336,
      0.02555032730102539,
      0.030772876739501954,
      0.037634549140930174,
      0.024677822589874266,
      0.02687732219696045,
      0.027805192470550535,
      0.029989924430847168,
      0.04321536064147949,
      0.04942878246307373,
      0.04797700881958008,
      0.053149657249450685,
      0.035515031814575194,
      0.039315063953399655,
      0.036923060417175295,
      0.053290185928344724,
      0.035864553451538085,
      0.06342020034790039,
      0.05851734161376953,
      0.06566899299621581,
      0.05310460567474365,
      0.03746247529983521,
      0.036538004875183105,
      0.0385926103591919,
      0.04651031494140625,
      0.04371964454650879,
      0.058445796966552735,
      0.052998108863830565,
      0.07471919059753418,
      0.08679513931274414,
      0.042915668487548825,
      0.06904814720153808,
      0.04726409912109375,
      0.020277931690216064,
      0.020942909717559813,
      0.034460670948028564,
      0.028612852096557617,
      0.02422832727432251,
      0.029503684043884277,
      0.04023448944091797,
      0.021657183170318603,
      0.022598118782043458,
      0.015852036476135253,
      0.016739426851272582,
      0.014530843496322632,
      0.02166966915130615,
      0.017320502996444703,
      0.014919586181640625,
      0.01304227590560913,
      0.009774894118309022,
      0.012058837413787842,
      0.011367495059967042,
      0.004461632668972015,
      0.003541691303253174,
      0.005012941360473633,
      0.002476366311311722,
      0.0009543097764253616,
      0.000994126722216606,
      0.000945303961634636,
      0.000652732253074646,
      0.0005193067342042923,
      0.0006048898771405221,
      0.0007631652057170868,
      0.000643698200583458,
      0.0005176131799817086,
      0.0030351334810256956,
      9.733757906360552e-07,
      1.3532447155739645e-07,
      1.5540203790465058e-10,
      3.5436198420057965e-11,
      3.5436198420057965e-11,
      3.5436198420057965e-11,
      3.5436198420057965e-11,
      3.5436198420057965e-11,
      3.5436198420057965e-11,
      3.5436198420057965e-11,
      3.5436198420057965e-11,
      3.5436198420057965e-11,
      3.5436198420057965e-11,
      3.5436198420057965e-11,
      3.5436198420057965e-11,
      1.130868554355402e-08,
      3.6603303160518406e-05,
      0.0010555925220251084,
      0.0008881605416536331,
      0.004270335137844086,
      0.005833355784416199,
      0.019697201251983643,
      0.011358826160430909,
      0.020747010707855226,
      0.01608830451965332,
      0.008996830582618713,
      0.005971510410308838,
      0.009812930822372437,
      0.008477799296379089,
      0.01568106412887573,
      0.009449165463447571,
      0.01035841703414917,
      0.016887993812561036,
      0.016905275583267213,
      0.01038253664970398,
      0.01603813052177429,
      0.013673608303070068,
      0.019291034936904906,
      0.01518417477607727,
      0.02652675151824951,
      0.03402031898498535,
      0.025973780155181883,
      0.008339976668357849,
      0.036264512538909915,
      0.02805060863494873,
      0.03192575931549072,
      0.01605687141418457,
      0.02355048179626465,
      0.022117271423339843,
      0.02173225402832031,
      0.03851119995117187,
      0.04671184062957764,
      0.01776028037071228,
      0.05494775772094727,
      0.03999333143234253,
      0.07109303951263428,
      0.036868319511413575,
      0.033371341228485105,
      0.05150565624237061,
      0.038196241855621337,
      0.04082874774932861,
      0.03620481252670288,
      0.050981688499450686,
      0.039950611591339114,
      0.03275272846221924,
      0.03310931444168091,
      0.03771872043609619,
      0.029882168769836424,
      0.018309284448623658,
      0.02202686548233032,
      0.05145568370819092,
      0.02627277374267578,
      0.04135681629180908,
      0.06476773262023926,
      0.036708905696868896,
      0.06412049770355224,
      0.059431638717651364
    ],
    "intensity_mean": 0.029535560210177805,
    "intensity_std": 0.020895557594339767,
    "intensity_min": 0.0,
    "intensity_max": 0.10078458786010742,
    "intensity_trend": "stable",
    "peak_moments": [
      {
        "timestamp": 8.25,
        "frame_index": 66,
        "intensity": 0.10078458786010742,
        "moment_type": "peak"
      }
    ],
    "valley_moments": [],
    "peak_timestamps": [
      8.25
    ],
    "valley_timestamps": [],
    "peak_count": 1,
    "valley_count": 0,
    "action_variance": 0.00043662432717837027
  },
  "temporal_signals": {
    "frame_change_scores": [
      0.0,
      0.0,
      0.0,
      0.0,
      0.0,
      0.0,
      0.0,
      0.0,
      0.017698800007333926,
      0.057507761896952725,
      0.25330456196787177,
      0.14854488335269955,
      0.14219369741911592,
      0.20869735779633003,
      0.26597567440990866,
      0.22473787838094728,
      0.21842313105293742,
      0.21029351836901178,
      0.21655416164752095,
      0.12595988363630106,
      0.22139220500761025,
      0.2450972307028807,
      0.29557194144359356,
      0.19793728925607268,
      0.2695572905173471,
      0.16298737526521712,
      0.1439476372262456,
      0.1302991376207141,
      0.11824719691530916,
      0.09046589468010613,
      0.0865324694071844,
      0.063908074800477,
      0.09320747957229059,
      0.09316448220249407,
      0.07983617663643838,
      0.05456924216125836,
      0.07240435876100293,
      0.06214539277819353,
      0.09453866107682507,
      0.10309809950045079,
      0.059448368820212205,
      0.14293108091520168,
      0.15048287731498733,
      0.14396223109071027,
      0.08563268295040571,
      0.11431893662780035,
      0.12500683628494857,
      0.12918541216219614,
      0.18062822317024685,
      0.15668633939145882,
      0.23453359360822768,
      0.21231870578275847,
      0.1635926511423914,
      0.23496921662749204,
      0.24862695866673035,
      0.2043885561797325,
      0.2121469529659895,
      0.2184670077194648,
      0.19433842294653159,
      0.22718130185233965,
      0.2766845472860786,
      0.16897022471558587,
      0.1638094326864462,
      0.12599148877451094,
      0.14273773220499375,
      0.14373244973484534,
      0.14488953956042094,
      0.15567155092867468,
      0.2523543231714932,
      0.19498247265395363,
      0.1990525073019307,
      0.13340995917345477,
      0.2578903349060264,
      0.15597200973517922,
      0.23442528482646996,
      0.19151437634095947,
      0.17900072671764977,
      0.25149966971284,
      0.4527164255122381,
      0.2877548662637508,
      0.2208489368091039,
      0.15801465977246532,
      0.18632394704077815,
      0.1937111042706927,
      0.20593292350892223,
      0.15041509813076093,
      0.11292523540320609,
      0.14120853612008966,
      0.11747775395636062,
      0.12147270106081798,
      0.14876348223258795,
      0.12449591693531081,
      0.13585023319921075,
      0.10670499572619752,
      0.11729410520371075,
      0.1570552256996809,
      0.2966803015218482,
      0.18401962596549748,
      0.17730133432219208,
      0.15573765859323785,
      0.27532467980068853,
      0.19635815425774017,
      0.32115058117730366,
      0.20067645343120788,
      0.12774634864579815,
      0.19981188795428084,
      0.2005490427544694,
      0.18890087581902582,
      0.2608235882932419,
      0.2563060968536628,
      0.22085632827521784,
      0.18988963293104166,
      0.1949809969980597,
      0.21909256509973662,
      0.2729773669833532,
      0.21317367106438334,
      0.3529190814043184,
      0.2693414133245373,
      0.21230911623713544,
      0.22079425112723294,
      0.2534171876365745,
      0.45156806632325575,
      0.4592360332865322,
      0.4877644585240368,
      0.8417946645600325,
      0.6734438248854608,
      0.6089566101807039,
      0.5447053756066136,
      0.5124422223538014,
      0.36211218833465875,
      0.14411817053124865,
      0.16536056602098304,
      0.1457792781176409,
      0.13206189176326666,
      0.11764926556366406,
      0.11987258600728634,
      0.12761571347458578,
      0.11753842630809685,
      0.22310351034002796,
      0.1691833056944586,
      0.14863483431661273,
      0.1143332739130678,
      0.13872075671359319,
      0.11469637756218387,
      0.14333932167891972,
      0.11149112124262306,
      0.12460911385228679,
      0.10301237909939209,
      0.1579976828740498,
      0.08663940559080763,
      0.0741668592809217,
      0.10672818871640477,
      0.10206014289728504,
      0.04044237532884132,
      0.06484414100655889,
      0.09184423299618993,
      0.04547349781010346,
      0.0313735466013948,
      0.03639483798786214,
      0.040969712300988004,
      0.03535915251468391,
      0.020964132936643787,
      0.04854187900884599,
      0.03462914106560422,
      0.043624275894207476,
      5.5865574658420236e-05,
      0.0,
      0.0,
      0.0,
      0.0,
      0.0,
      0.0,
      0.0,
      0.0,
      0.0,
      0.0,
      0.0,
      0.0,
      0.012720177470383676,
      0.3200592625570018,
      0.23242334722574898,
      0.0517789322174812,
      0.1109910396914594,
      0.07687676877107086,
      0.17680432795052692,
      0.07035098519386884,
      0.1117429700790592,
      0.08205955632961126,
      0.05929708117710819,
      0.04002632435443665,
      0.09179021832613876,
      0.10462632460615207,
      0.20239054777487597,
      0.09371307088300551,
      0.12814620301439383,
      0.203274553205948,
      0.40377935384824193,
      0.12251942141946282,
      0.23457180957867574,
      0.16616709944369967,
      0.22180352597917086,
      0.116134129061779,
      0.2818247703381498,
      0.33344289644501146,
      0.16365784452869558,
      0.047738329009192726,
      0.2090553814083861,
      0.13348378202813593,
      0.15322460040312302,
      0.07638016531987679,
      0.13439248487326438,
      0.17039979994714294,
      0.1295540770893162,
      0.18957150143310275,
      0.264150606611281,
      0.14022817180868385,
      0.3808086631109511,
      0.19324362039497267,
      0.8081922147024123,
      0.3014184903938262,
      0.29240224907105294,
      0.24966857414819232,
      0.2999753209579544,
      0.34104759846703636,
      0.2952489558430378,
      0.23976978583388275,
      0.272560386973691,
      0.2953692045534806,
      0.26509754314385336,
      0.2397371567332297,
      0.25989409807897024,
      0.25715976150359543,
      0.22762915614556045,
      0.5717659176972256,
      0.1105097199813383,
      0.14670361950237631,
      0.290148571264067,
      0.13045613225784858,
      0.27813598308002774,
      0.23996230594725787
    ],
    "change_score_mean": 0.17372352998861348,
    "change_score_std": 0.1287035331528498,
    "change_score_max": 0.8417946645600325,
    "temporal_gaps": [
      {
        "start_time": 0.0,
        "end_time": 1.0,
        "duration": 1.0,
        "start_frame": 0,
        "end_frame": 8,
        "avg_change": 0.0019665333341482138
      },
      {
        "start_time": 20.625,
        "end_time": 22.25,
        "duration": 1.625,
        "start_frame": 165,
        "end_frame": 178,
        "avg_change": 0.0009125745032172926
      }
    ],
    "temporal_gap_count": 2,
    "temporal_gap_total_duration": 2.625,
    "transition_similarity_scores": [
      0.7466954380321282,
      0.7233154527139214,
      0.8310297752844141,
      0.1582053354399675,
      0.6799407374429982,
      0.767576652774251
    ],
    "transition_similarity_mean": 0.6511272319479467,
    "temporal_density": 6.02510460251046
  },
  "metadata": {
    "video_path": "/vol/videos/core/produced_digital/commercials/h-3iw1GoTZA.mp4",
    "dataset": "produced_digital/commercials",
    "tier": "produced_digital",
    "study_type": "core",
    "source_fps": 30.0,
    "experiment_version": "3.2"
  }
}