{
  "video_id": "iNxvsxU2rJE",
  "fps": 1.0,
  "duration": 29.0,
  "frame_count": 30,
  "scene_signals": {
    "transition_count": 1,
    "transition_timestamps": [
      6.0
    ],
    "transition_types": [
      "soft_cut"
    ],
    "transition_magnitudes": [
      39.364652260638515
    ],
    "scene_count": 2,
    "scene_durations": [
      6.0,
      23.0
    ],
    "scene_duration_mean": 14.5,
    "scene_duration_std": 8.5,
    "scene_duration_min": 6.0,
    "scene_duration_max": 23.0,
    "scene_types": [
      "unknown",
      "unknown"
    ],
    "transitions": [
      {
        "timestamp": 6.0,
        "frame_index": 6,
        "transition_type": "soft_cut",
        "magnitude": 39.364652260638515
      }
    ],
    "scenes": [
      {
        "start_time": 0.0,
        "end_time": 6.0,
        "duration": 6.0,
        "scene_type": "unknown",
        "start_frame": 0,
        "end_frame": 5
      },
      {
        "start_time": 6.0,
        "end_time": 29.0,
        "duration": 23.0,
        "scene_type": "unknown",
        "start_frame": 6,
        "end_frame": 29
      }
    ]
  },
  "character_signals": {
    "person_counts_per_frame": [
      2,
      2,
      2,
      2,
      1,
      0,
      2,
      2,
      6,
      5,
      3,
      5,
      5,
      3,
      3,
      4,
      3,
      3,
      3,
      1,
      1,
      1,
      1,
      0,
      0,
      1,
      1,
      1,
      1,
      1
    ],
    "person_count_mode": 1,
    "person_count_mean": 2.1666666666666665,
    "person_count_std": 1.5723301886761007,
    "person_count_min": 0,
    "person_count_max": 6,
    "person_count_distribution": {
      "2": 6,
      "1": 10,
      "0": 3,
      "6": 1,
      "5": 3,
      "3": 6,
      "4": 1
    },
    "character_consistency": 0.3333333333333333,
    "entry_events": [
      {
        "timestamp": 6.0,
        "frame_index": 6,
        "event_type": "entry",
        "count_before": 0,
        "count_after": 2
      },
      {
        "timestamp": 8.0,
        "frame_index": 8,
        "event_type": "entry",
        "count_before": 2,
        "count_after": 6
      },
      {
        "timestamp": 11.0,
        "frame_index": 11,
        "event_type": "entry",
        "count_before": 3,
        "count_after": 5
      },
      {
        "timestamp": 15.0,
        "frame_index": 15,
        "event_type": "entry",
        "count_before": 3,
        "count_after": 4
      },
      {
        "timestamp": 25.0,
        "frame_index": 25,
        "event_type": "entry",
        "count_before": 0,
        "count_after": 1
      }
    ],
    "exit_events": [
      {
        "timestamp": 4.0,
        "frame_index": 4,
        "event_type": "exit",
        "count_before": 2,
        "count_after": 1
      },
      {
        "timestamp": 5.0,
        "frame_index": 5,
        "event_type": "exit",
        "count_before": 1,
        "count_after": 0
      },
      {
        "timestamp": 9.0,
        "frame_index": 9,
        "event_type": "exit",
        "count_before": 6,
        "count_after": 5
      },
      {
        "timestamp": 10.0,
        "frame_index": 10,
        "event_type": "exit",
        "count_before": 5,
        "count_after": 3
      },
      {
        "timestamp": 13.0,
        "frame_index": 13,
        "event_type": "exit",
        "count_before": 5,
        "count_after": 3
      },
      {
        "timestamp": 16.0,
        "frame_index": 16,
        "event_type": "exit",
        "count_before": 4,
        "count_after": 3
      },
      {
        "timestamp": 19.0,
        "frame_index": 19,
        "event_type": "exit",
        "count_before": 3,
        "count_after": 1
      },
      {
        "timestamp": 23.0,
        "frame_index": 23,
        "event_type": "exit",
        "count_before": 1,
        "count_after": 0
      }
    ],
    "entry_count": 5,
    "exit_count": 8,
    "entry_exit_total": 13,
    "entry_timestamps": [
      6.0,
      8.0,
      11.0,
      15.0,
      25.0
    ],
    "exit_timestamps": [
      4.0,
      5.0,
      9.0,
      10.0,
      13.0,
      16.0,
      19.0,
      23.0
    ]
  },
  "visual_signals": {
    "unique_objects": [
      "person",
      "potted plant",
      "vase",
      "tie",
      "laptop",
      "couch",
      "bottle",
      "microwave",
      "chair",
      "cup",
      "bench"
    ],
    "unique_object_count": 11,
    "persistent_objects": [
      "person"
    ],
    "persistent_object_count": 1,
    "transient_objects": [
      "potted plant",
      "vase",
      "tie",
      "laptop",
      "couch",
      "bottle",
      "microwave",
      "chair",
      "cup",
      "bench"
    ],
    "transient_object_count": 10,
    "object_frequency": {
      "person": 0.9,
      "potted plant": 0.16666666666666666,
      "vase": 0.03333333333333333,
      "tie": 0.06666666666666667,
      "laptop": 0.1,
      "couch": 0.06666666666666667,
      "bottle": 0.13333333333333333,
      "microwave": 0.13333333333333333,
      "chair": 0.03333333333333333,
      "cup": 0.03333333333333333,
      "bench": 0.03333333333333333
    },
    "object_frame_counts": {
      "person": 27,
      "potted plant": 5,
      "vase": 1,
      "tie": 2,
      "laptop": 3,
      "couch": 2,
      "bottle": 4,
      "microwave": 4,
      "chair": 1,
      "cup": 1,
      "bench": 1
    },
    "object_first_appearance": {
      "person": 0.0,
      "potted plant": 5.0,
      "vase": 5.0,
      "tie": 6.0,
      "laptop": 9.0,
      "couch": 19.0,
      "bottle": 19.0,
      "microwave": 19.0,
      "chair": 19.0,
      "cup": 24.0,
      "bench": 26.0
    },
    "object_last_appearance": {
      "person": 29.0,
      "potted plant": 22.0,
      "vase": 5.0,
      "tie": 7.0,
      "laptop": 24.0,
      "couch": 20.0,
      "bottle": 24.0,
      "microwave": 22.0,
      "chair": 19.0,
      "cup": 24.0,
      "bench": 26.0
    },
    "objects_per_frame": [
      [
        "person"
      ],
      [
        "person"
      ],
      [
        "person"
      ],
      [
        "person"
      ],
      [
        "person"
      ],
      [
        "potted plant",
        "vase"
      ],
      [
        "tie",
        "person"
      ],
      [
        "tie",
        "person"
      ],
      [
        "person"
      ],
      [
        "person",
        "laptop"
      ],
      [
        "person"
      ],
      [
        "person"
      ],
      [
        "person"
      ],
      [
        "person"
      ],
      [
        "person"
      ],
      [
        "person"
      ],
      [
        "person"
      ],
      [
        "person"
      ],
      [
        "person"
      ],
      [
        "potted plant",
        "couch",
        "bottle",
        "person",
        "microwave",
        "chair"
      ],
      [
        "potted plant",
        "couch",
        "bottle",
        "person",
        "microwave"
      ],
      [
        "microwave",
        "person",
        "potted plant"
      ],
      [
        "microwave",
        "person",
        "potted plant"
      ],
      [
        "bottle",
        "laptop"
      ],
      [
        "bottle",
        "laptop",
        "cup"
      ],
      [
        "person"
      ],
      [
        "person",
        "bench"
      ],
      [
        "person"
      ],
      [
        "person"
      ],
      [
        "person"
      ]
    ],
    "appearances": [
      {
        "object_class": "person",
        "first_appearance": 0.0,
        "last_appearance": 29.0,
        "frame_count": 27,
        "frequency": 0.9
      },
      {
        "object_class": "potted plant",
        "first_appearance": 5.0,
        "last_appearance": 22.0,
        "frame_count": 5,
        "frequency": 0.16666666666666666
      },
      {
        "object_class": "vase",
        "first_appearance": 5.0,
        "last_appearance": 5.0,
        "frame_count": 1,
        "frequency": 0.03333333333333333
      },
      {
        "object_class": "tie",
        "first_appearance": 6.0,
        "last_appearance": 7.0,
        "frame_count": 2,
        "frequency": 0.06666666666666667
      },
      {
        "object_class": "laptop",
        "first_appearance": 9.0,
        "last_appearance": 24.0,
        "frame_count": 3,
        "frequency": 0.1
      },
      {
        "object_class": "couch",
        "first_appearance": 19.0,
        "last_appearance": 20.0,
        "frame_count": 2,
        "frequency": 0.06666666666666667
      },
      {
        "object_class": "bottle",
        "first_appearance": 19.0,
        "last_appearance": 24.0,
        "frame_count": 4,
        "frequency": 0.13333333333333333
      },
      {
        "object_class": "microwave",
        "first_appearance": 19.0,
        "last_appearance": 22.0,
        "frame_count": 4,
        "frequency": 0.13333333333333333
      },
      {
        "object_class": "chair",
        "first_appearance": 19.0,
        "last_appearance": 19.0,
        "frame_count": 1,
        "frequency": 0.03333333333333333
      },
      {
        "object_class": "cup",
        "first_appearance": 24.0,
        "last_appearance": 24.0,
        "frame_count": 1,
        "frequency": 0.03333333333333333
      },
      {
        "object_class": "bench",
        "first_appearance": 26.0,
        "last_appearance": 26.0,
        "frame_count": 1,
        "frequency": 0.03333333333333333
      }
    ]
  },
  "atmosphere_signals": {
    "brightness_values": [
      75.20903862847223,
      75.41697157118055,
      75.41501844618055,
      75.45722547743055,
      83.22104817708333,
      66.04996310763889,
      57.757266710069445,
      55.95311631944445,
      59.24285373263889,
      66.57781141493055,
      65.55439236111111,
      64.78444769965277,
      64.4175705295139,
      58.11158854166667,
      66.90854600694445,
      65.50877604166666,
      66.71324001736112,
      66.84545247395833,
      55.33753146701389,
      66.44549587673612,
      68.31474175347222,
      70.54354926215278,
      71.03016927083333,
      80.90281792534722,
      80.21062391493055,
      82.46828016493056,
      81.93482421875,
      80.42574327256945,
      79.50085828993056,
      79.26283203125
    ],
    "brightness_mean": 70.18405982349536,
    "brightness_std": 8.340952135132184,
    "brightness_min": 55.33753146701389,
    "brightness_max": 83.22104817708333,
    "brightness_range": 27.883516710069443,
    "lighting_changes": [],
    "lighting_change_count": 0,
    "setting_type": "indoor",
    "dominant_colors_rgb": [
      [
        "133",
        "128",
        "120"
      ],
      [
        "74",
        "66",
        "59"
      ],
      [
        "6",
        "5",
        "6"
      ]
    ],
    "dominant_colors": [
      "brown",
      "brown",
      "black"
    ]
  },
  "action_signals": {
    "intensity_timeline": [
      0.0,
      0.038449504375457765,
      0.022393252849578858,
      0.0169548225402832,
      0.14558586120605468,
      0.06987186908721923,
      0.09636528968811035,
      0.10159582138061524,
      0.15894146919250488,
      0.10615707397460937,
      0.09653248786926269,
      0.07411502838134766,
      0.060083131790161136,
      0.07402823448181152,
      0.07437097549438476,
      0.03056627035140991,
      0.0200923752784729,
      0.030053136348724366,
      0.07155205726623536,
      0.14030790328979492,
      0.11456863403320312,
      0.12734272003173827,
      0.11590739250183106,
      0.11714576721191407,
      0.10509709358215331,
      0.1724464225769043,
      0.1265181827545166,
      0.17631643295288085,
      0.026909303665161134,
      0.022778568267822267
    ],
    "intensity_mean": 0.08443490274747216,
    "intensity_std": 0.04922971675785132,
    "intensity_min": 0.0,
    "intensity_max": 0.17631643295288085,
    "intensity_trend": "stable",
    "peak_moments": [
      {
        "timestamp": 8.0,
        "frame_index": 8,
        "intensity": 0.15894146919250488,
        "moment_type": "peak"
      },
      {
        "timestamp": 27.0,
        "frame_index": 27,
        "intensity": 0.17631643295288085,
        "moment_type": "peak"
      }
    ],
    "valley_moments": [
      {
        "timestamp": 16.0,
        "frame_index": 16,
        "intensity": 0.0200923752784729,
        "moment_type": "valley"
      }
    ],
    "peak_timestamps": [
      8.0,
      27.0
    ],
    "valley_timestamps": [
      16.0
    ],
    "peak_count": 2,
    "valley_count": 1,
    "action_variance": 0.0024235650120582675
  },
  "temporal_signals": {
    "frame_change_scores": [
      0.0,
      0.23035616049964502,
      0.16407898894866557,
      0.12084183166543849,
      0.5184285381992446,
      0.4626161183219547,
      0.5183095859586897,
      0.30779268712799457,
      0.6175861498488588,
      0.6109261554398177,
      0.5718833315333945,
      0.5602310606057159,
      0.322621672777201,
      0.553644880592862,
      0.5507036171469366,
      0.1897398113514499,
      0.12654192007927978,
      0.13998453342570205,
      0.5636384357833326,
      0.6214208165559092,
      0.4247539741973372,
      0.46958847722269437,
      0.4442604109355447,
      0.6109577233830196,
      0.3899950008145453,
      0.6196200621271348,
      0.3988266174486055,
      0.6586522106173363,
      0.12266025629926325,
      0.09490422966602607
    ],
    "change_score_mean": 0.3995188419524533,
    "change_score_std": 0.1967839580634242,
    "change_score_max": 0.6586522106173363,
    "temporal_gaps": [],
    "temporal_gap_count": 0,
    "temporal_gap_total_duration": 0.0,
    "transition_similarity_scores": [
      0.4816904140413103
    ],
    "transition_similarity_mean": 0.4816904140413103,
    "temporal_density": 0.9655172413793104
  },
  "metadata": {
    "video_path": "/vol/videos/core/produced_digital/commercials/iNxvsxU2rJE.mp4",
    "dataset": "produced_digital/commercials",
    "tier": "produced_digital",
    "study_type": "core",
    "source_fps": 23.976023976023978,
    "source_width": 1280,
    "source_height": 720,
    "experiment_version": "3.3",
    "batch": "1-retry",
    "retry_id": "20251226_182920"
  }
}