{
  "video_id": "kW46iX_2tFo",
  "fps": 3.0,
  "duration": 29.666666666666664,
  "frame_count": 90,
  "scene_signals": {
    "transition_count": 11,
    "transition_timestamps": [
      3.333333333333333,
      7.666666666666666,
      11.666666666666666,
      13.333333333333332,
      18.0,
      22.333333333333332,
      23.333333333333332,
      26.0,
      26.333333333333332,
      28.0,
      29.333333333333332
    ],
    "transition_types": [
      "hard_cut",
      "hard_cut",
      "soft_cut",
      "hard_cut",
      "hard_cut",
      "soft_cut",
      "soft_cut",
      "hard_cut",
      "soft_cut",
      "hard_cut",
      "soft_cut"
    ],
    "transition_magnitudes": [
      816.3789650983144,
      4648.823551601497,
      36.99945532983588,
      90.97879646155118,
      440.4948562920698,
      46.47000103710805,
      48.05459889368694,
      208.95851391191704,
      55.82010989598224,
      92.66033836296819,
      55.65571968521948
    ],
    "scene_count": 12,
    "scene_durations": [
      3.333333333333333,
      4.333333333333333,
      4.0,
      1.666666666666666,
      4.666666666666668,
      4.333333333333332,
      1.0,
      2.666666666666668,
      0.33333333333333215,
      1.6666666666666679,
      1.3333333333333321,
      0.33333333333333215
    ],
    "scene_duration_mean": 2.472222222222222,
    "scene_duration_std": 1.5483463899301981,
    "scene_duration_min": 0.33333333333333215,
    "scene_duration_max": 4.666666666666668,
    "scene_types": [
      "unknown",
      "unknown",
      "unknown",
      "unknown",
      "unknown",
      "unknown",
      "unknown",
      "unknown",
      "unknown",
      "unknown",
      "unknown",
      "unknown"
    ],
    "transitions": [
      {
        "timestamp": 3.333333333333333,
        "frame_index": 10,
        "transition_type": "hard_cut",
        "magnitude": 816.3789650983144
      },
      {
        "timestamp": 7.666666666666666,
        "frame_index": 23,
        "transition_type": "hard_cut",
        "magnitude": 4648.823551601497
      },
      {
        "timestamp": 11.666666666666666,
        "frame_index": 35,
        "transition_type": "soft_cut",
        "magnitude": 36.99945532983588
      },
      {
        "timestamp": 13.333333333333332,
        "frame_index": 40,
        "transition_type": "hard_cut",
        "magnitude": 90.97879646155118
      },
      {
        "timestamp": 18.0,
        "frame_index": 54,
        "transition_type": "hard_cut",
        "magnitude": 440.4948562920698
      },
      {
        "timestamp": 22.333333333333332,
        "frame_index": 67,
        "transition_type": "soft_cut",
        "magnitude": 46.47000103710805
      },
      {
        "timestamp": 23.333333333333332,
        "frame_index": 70,
        "transition_type": "soft_cut",
        "magnitude": 48.05459889368694
      },
      {
        "timestamp": 26.0,
        "frame_index": 78,
        "transition_type": "hard_cut",
        "magnitude": 208.95851391191704
      },
      {
        "timestamp": 26.333333333333332,
        "frame_index": 79,
        "transition_type": "soft_cut",
        "magnitude": 55.82010989598224
      },
      {
        "timestamp": 28.0,
        "frame_index": 84,
        "transition_type": "hard_cut",
        "magnitude": 92.66033836296819
      },
      {
        "timestamp": 29.333333333333332,
        "frame_index": 88,
        "transition_type": "soft_cut",
        "magnitude": 55.65571968521948
      }
    ],
    "scenes": [
      {
        "start_time": 0.0,
        "end_time": 3.333333333333333,
        "duration": 3.333333333333333,
        "scene_type": "unknown",
        "start_frame": 0,
        "end_frame": 9
      },
      {
        "start_time": 3.333333333333333,
        "end_time": 7.666666666666666,
        "duration": 4.333333333333333,
        "scene_type": "unknown",
        "start_frame": 10,
        "end_frame": 22
      },
      {
        "start_time": 7.666666666666666,
        "end_time": 11.666666666666666,
        "duration": 4.0,
        "scene_type": "unknown",
        "start_frame": 23,
        "end_frame": 34
      },
      {
        "start_time": 11.666666666666666,
        "end_time": 13.333333333333332,
        "duration": 1.666666666666666,
        "scene_type": "unknown",
        "start_frame": 35,
        "end_frame": 39
      },
      {
        "start_time": 13.333333333333332,
        "end_time": 18.0,
        "duration": 4.666666666666668,
        "scene_type": "unknown",
        "start_frame": 40,
        "end_frame": 53
      },
      {
        "start_time": 18.0,
        "end_time": 22.333333333333332,
        "duration": 4.333333333333332,
        "scene_type": "unknown",
        "start_frame": 54,
        "end_frame": 66
      },
      {
        "start_time": 22.333333333333332,
        "end_time": 23.333333333333332,
        "duration": 1.0,
        "scene_type": "unknown",
        "start_frame": 67,
        "end_frame": 69
      },
      {
        "start_time": 23.333333333333332,
        "end_time": 26.0,
        "duration": 2.666666666666668,
        "scene_type": "unknown",
        "start_frame": 70,
        "end_frame": 77
      },
      {
        "start_time": 26.0,
        "end_time": 26.333333333333332,
        "duration": 0.33333333333333215,
        "scene_type": "unknown",
        "start_frame": 78,
        "end_frame": 78
      },
      {
        "start_time": 26.333333333333332,
        "end_time": 28.0,
        "duration": 1.6666666666666679,
        "scene_type": "unknown",
        "start_frame": 79,
        "end_frame": 83
      },
      {
        "start_time": 28.0,
        "end_time": 29.333333333333332,
        "duration": 1.3333333333333321,
        "scene_type": "unknown",
        "start_frame": 84,
        "end_frame": 87
      },
      {
        "start_time": 29.333333333333332,
        "end_time": 29.666666666666664,
        "duration": 0.33333333333333215,
        "scene_type": "unknown",
        "start_frame": 88,
        "end_frame": 89
      }
    ]
  },
  "character_signals": {
    "person_counts_per_frame": [
      1,
      1,
      1,
      1,
      1,
      1,
      1,
      1,
      1,
      1,
      1,
      1,
      1,
      1,
      1,
      1,
      1,
      1,
      1,
      1,
      1,
      1,
      1,
      2,
      2,
      2,
      2,
      2,
      3,
      1,
      2,
      1,
      1,
      3,
      2,
      3,
      4,
      4,
      4,
      4,
      1,
      1,
      1,
      1,
      1,
      1,
      1,
      1,
      1,
      1,
      2,
      2,
      2,
      2,
      5,
      7,
      5,
      7,
      1,
      1,
      1,
      1,
      1,
      1,
      1,
      1,
      1,
      2,
      2,
      2,
      2,
      2,
      2,
      2,
      2,
      2,
      2,
      2,
      2,
      1,
      2,
      2,
      2,
      1,
      1,
      1,
      1,
      1,
      1,
      1
    ],
    "person_count_mode": 1,
    "person_count_mean": 1.711111111111111,
    "person_count_std": 1.213300772863884,
    "person_count_min": 1,
    "person_count_max": 7,
    "person_count_distribution": {
      "1": 53,
      "2": 26,
      "3": 3,
      "4": 4,
      "5": 2,
      "7": 2
    },
    "character_consistency": 0.5888888888888889,
    "entry_events": [
      {
        "timestamp": 7.666666666666666,
        "frame_index": 23,
        "event_type": "entry",
        "count_before": 1,
        "count_after": 2
      },
      {
        "timestamp": 9.333333333333332,
        "frame_index": 28,
        "event_type": "entry",
        "count_before": 2,
        "count_after": 3
      },
      {
        "timestamp": 10.0,
        "frame_index": 30,
        "event_type": "entry",
        "count_before": 1,
        "count_after": 2
      },
      {
        "timestamp": 11.0,
        "frame_index": 33,
        "event_type": "entry",
        "count_before": 1,
        "count_after": 3
      },
      {
        "timestamp": 11.666666666666666,
        "frame_index": 35,
        "event_type": "entry",
        "count_before": 2,
        "count_after": 3
      },
      {
        "timestamp": 12.0,
        "frame_index": 36,
        "event_type": "entry",
        "count_before": 3,
        "count_after": 4
      },
      {
        "timestamp": 16.666666666666664,
        "frame_index": 50,
        "event_type": "entry",
        "count_before": 1,
        "count_after": 2
      },
      {
        "timestamp": 18.0,
        "frame_index": 54,
        "event_type": "entry",
        "count_before": 2,
        "count_after": 5
      },
      {
        "timestamp": 18.333333333333332,
        "frame_index": 55,
        "event_type": "entry",
        "count_before": 5,
        "count_after": 7
      },
      {
        "timestamp": 19.0,
        "frame_index": 57,
        "event_type": "entry",
        "count_before": 5,
        "count_after": 7
      },
      {
        "timestamp": 22.333333333333332,
        "frame_index": 67,
        "event_type": "entry",
        "count_before": 1,
        "count_after": 2
      },
      {
        "timestamp": 26.666666666666664,
        "frame_index": 80,
        "event_type": "entry",
        "count_before": 1,
        "count_after": 2
      }
    ],
    "exit_events": [
      {
        "timestamp": 9.666666666666666,
        "frame_index": 29,
        "event_type": "exit",
        "count_before": 3,
        "count_after": 1
      },
      {
        "timestamp": 10.333333333333332,
        "frame_index": 31,
        "event_type": "exit",
        "count_before": 2,
        "count_after": 1
      },
      {
        "timestamp": 11.333333333333332,
        "frame_index": 34,
        "event_type": "exit",
        "count_before": 3,
        "count_after": 2
      },
      {
        "timestamp": 13.333333333333332,
        "frame_index": 40,
        "event_type": "exit",
        "count_before": 4,
        "count_after": 1
      },
      {
        "timestamp": 18.666666666666664,
        "frame_index": 56,
        "event_type": "exit",
        "count_before": 7,
        "count_after": 5
      },
      {
        "timestamp": 19.333333333333332,
        "frame_index": 58,
        "event_type": "exit",
        "count_before": 7,
        "count_after": 1
      },
      {
        "timestamp": 26.333333333333332,
        "frame_index": 79,
        "event_type": "exit",
        "count_before": 2,
        "count_after": 1
      },
      {
        "timestamp": 27.666666666666664,
        "frame_index": 83,
        "event_type": "exit",
        "count_before": 2,
        "count_after": 1
      }
    ],
    "entry_count": 12,
    "exit_count": 8,
    "entry_exit_total": 20,
    "entry_timestamps": [
      7.666666666666666,
      9.333333333333332,
      10.0,
      11.0,
      11.666666666666666,
      12.0,
      16.666666666666664,
      18.0,
      18.333333333333332,
      19.0,
      22.333333333333332,
      26.666666666666664
    ],
    "exit_timestamps": [
      9.666666666666666,
      10.333333333333332,
      11.333333333333332,
      13.333333333333332,
      18.666666666666664,
      19.333333333333332,
      26.333333333333332,
      27.666666666666664
    ]
  },
  "visual_signals": {
    "unique_objects": [
      "person",
      "couch",
      "chair",
      "dining table",
      "bed",
      "tv",
      "bottle",
      "laptop",
      "cell phone",
      "car"
    ],
    "unique_object_count": 10,
    "persistent_objects": [
      "person"
    ],
    "persistent_object_count": 1,
    "transient_objects": [
      "couch",
      "dining table",
      "bed",
      "tv",
      "bottle",
      "laptop",
      "cell phone",
      "car"
    ],
    "transient_object_count": 8,
    "object_frequency": {
      "person": 1.0,
      "couch": 0.2,
      "chair": 0.24444444444444444,
      "dining table": 0.17777777777777778,
      "bed": 0.011111111111111112,
      "tv": 0.05555555555555555,
      "bottle": 0.05555555555555555,
      "laptop": 0.03333333333333333,
      "cell phone": 0.044444444444444446,
      "car": 0.06666666666666667
    },
    "object_frame_counts": {
      "person": 90,
      "couch": 18,
      "chair": 22,
      "dining table": 16,
      "bed": 1,
      "tv": 5,
      "bottle": 5,
      "laptop": 3,
      "cell phone": 4,
      "car": 6
    },
    "object_first_appearance": {
      "person": 0.0,
      "couch": 1.3333333333333333,
      "chair": 3.333333333333333,
      "dining table": 3.333333333333333,
      "bed": 6.0,
      "tv": 7.0,
      "bottle": 11.666666666666666,
      "laptop": 22.666666666666664,
      "cell phone": 23.333333333333332,
      "car": 24.666666666666664
    },
    "object_last_appearance": {
      "person": 29.666666666666664,
      "couch": 28.666666666666664,
      "chair": 20.666666666666664,
      "dining table": 19.666666666666664,
      "bed": 6.0,
      "tv": 16.333333333333332,
      "bottle": 13.0,
      "laptop": 28.666666666666664,
      "cell phone": 24.333333333333332,
      "car": 27.666666666666664
    },
    "objects_per_frame": [
      [
        "person"
      ],
      [
        "person"
      ],
      [
        "person"
      ],
      [
        "person"
      ],
      [
        "person",
        "couch"
      ],
      [
        "person",
        "couch"
      ],
      [
        "person",
        "couch"
      ],
      [
        "person",
        "couch"
      ],
      [
        "person",
        "couch"
      ],
      [
        "person",
        "couch"
      ],
      [
        "chair",
        "person",
        "dining table"
      ],
      [
        "chair",
        "person",
        "dining table"
      ],
      [
        "chair",
        "person",
        "dining table"
      ],
      [
        "chair",
        "person",
        "dining table"
      ],
      [
        "chair",
        "person",
        "dining table"
      ],
      [
        "chair",
        "person",
        "dining table"
      ],
      [
        "chair",
        "person",
        "dining table"
      ],
      [
        "chair",
        "person",
        "dining table"
      ],
      [
        "chair",
        "person",
        "dining table",
        "bed"
      ],
      [
        "chair",
        "person",
        "dining table"
      ],
      [
        "chair",
        "person",
        "dining table"
      ],
      [
        "tv",
        "chair",
        "person",
        "dining table"
      ],
      [
        "chair",
        "tv",
        "person"
      ],
      [
        "person"
      ],
      [
        "person"
      ],
      [
        "person"
      ],
      [
        "person"
      ],
      [
        "person"
      ],
      [
        "person"
      ],
      [
        "person"
      ],
      [
        "person"
      ],
      [
        "person"
      ],
      [
        "person"
      ],
      [
        "person"
      ],
      [
        "person"
      ],
      [
        "bottle",
        "person"
      ],
      [
        "bottle",
        "person"
      ],
      [
        "bottle",
        "person"
      ],
      [
        "bottle",
        "person"
      ],
      [
        "bottle",
        "person"
      ],
      [
        "person"
      ],
      [
        "person"
      ],
      [
        "person"
      ],
      [
        "person"
      ],
      [
        "person"
      ],
      [
        "person"
      ],
      [
        "chair",
        "person",
        "dining table"
      ],
      [
        "tv",
        "chair",
        "person",
        "dining table"
      ],
      [
        "tv",
        "chair",
        "person",
        "dining table"
      ],
      [
        "tv",
        "chair",
        "person"
      ],
      [
        "person"
      ],
      [
        "person"
      ],
      [
        "person"
      ],
      [
        "person"
      ],
      [
        "person"
      ],
      [
        "person"
      ],
      [
        "person"
      ],
      [
        "person"
      ],
      [
        "chair",
        "person"
      ],
      [
        "chair",
        "person",
        "dining table"
      ],
      [
        "chair",
        "person"
      ],
      [
        "chair",
        "person"
      ],
      [
        "chair",
        "person"
      ],
      [
        "person",
        "couch"
      ],
      [
        "person"
      ],
      [
        "person",
        "couch"
      ],
      [
        "person"
      ],
      [
        "person",
        "couch"
      ],
      [
        "person",
        "couch",
        "laptop"
      ],
      [
        "person",
        "couch"
      ],
      [
        "cell phone",
        "person",
        "couch"
      ],
      [
        "cell phone",
        "person",
        "couch"
      ],
      [
        "cell phone",
        "person",
        "couch"
      ],
      [
        "cell phone",
        "person",
        "couch"
      ],
      [
        "person",
        "car"
      ],
      [
        "person",
        "car"
      ],
      [
        "person",
        "car"
      ],
      [
        "person"
      ],
      [
        "person",
        "car"
      ],
      [
        "person",
        "car"
      ],
      [
        "person"
      ],
      [
        "person"
      ],
      [
        "person"
      ],
      [
        "person",
        "car"
      ],
      [
        "person",
        "couch"
      ],
      [
        "person",
        "couch",
        "laptop"
      ],
      [
        "person",
        "couch",
        "laptop"
      ],
      [
        "person"
      ],
      [
        "person"
      ],
      [
        "person"
      ]
    ],
    "appearances": [
      {
        "object_class": "person",
        "first_appearance": 0.0,
        "last_appearance": 29.666666666666664,
        "frame_count": 90,
        "frequency": 1.0
      },
      {
        "object_class": "couch",
        "first_appearance": 1.3333333333333333,
        "last_appearance": 28.666666666666664,
        "frame_count": 18,
        "frequency": 0.2
      },
      {
        "object_class": "chair",
        "first_appearance": 3.333333333333333,
        "last_appearance": 20.666666666666664,
        "frame_count": 22,
        "frequency": 0.24444444444444444
      },
      {
        "object_class": "dining table",
        "first_appearance": 3.333333333333333,
        "last_appearance": 19.666666666666664,
        "frame_count": 16,
        "frequency": 0.17777777777777778
      },
      {
        "object_class": "bed",
        "first_appearance": 6.0,
        "last_appearance": 6.0,
        "frame_count": 1,
        "frequency": 0.011111111111111112
      },
      {
        "object_class": "tv",
        "first_appearance": 7.0,
        "last_appearance": 16.333333333333332,
        "frame_count": 5,
        "frequency": 0.05555555555555555
      },
      {
        "object_class": "bottle",
        "first_appearance": 11.666666666666666,
        "last_appearance": 13.0,
        "frame_count": 5,
        "frequency": 0.05555555555555555
      },
      {
        "object_class": "laptop",
        "first_appearance": 22.666666666666664,
        "last_appearance": 28.666666666666664,
        "frame_count": 3,
        "frequency": 0.03333333333333333
      },
      {
        "object_class": "cell phone",
        "first_appearance": 23.333333333333332,
        "last_appearance": 24.333333333333332,
        "frame_count": 4,
        "frequency": 0.044444444444444446
      },
      {
        "object_class": "car",
        "first_appearance": 24.666666666666664,
        "last_appearance": 27.666666666666664,
        "frame_count": 6,
        "frequency": 0.06666666666666667
      }
    ]
  },
  "atmosphere_signals": {
    "brightness_values": [
      83.60406032986111,
      84.02935980902778,
      83.76386067708333,
      83.41493706597223,
      58.428096788194445,
      58.490517578125,
      78.14315104166667,
      78.20997612847222,
      67.32370008680556,
      67.02744032118055,
      91.09656684027777,
      91.35034396701388,
      90.43648328993055,
      90.93272026909722,
      90.652236328125,
      90.698623046875,
      90.19322157118056,
      89.63430881076388,
      90.42617296006945,
      90.70107530381945,
      89.74763671875,
      89.8539138454861,
      90.63643229166667,
      83.43689127604166,
      82.76194769965278,
      83.4171115451389,
      82.86747287326389,
      83.08170138888889,
      71.734091796875,
      75.77252170138888,
      72.69525824652777,
      68.72221896701389,
      73.73968967013889,
      71.56064127604166,
      77.07318576388889,
      101.66943033854167,
      102.29646918402777,
      102.78118489583333,
      102.90225911458333,
      102.41020182291666,
      111.36873372395833,
      111.56462782118055,
      111.68594292534722,
      111.28851019965278,
      111.32837782118055,
      111.66554578993056,
      84.67699652777777,
      85.10602430555555,
      85.16939670138889,
      86.10792100694445,
      93.825126953125,
      93.92732964409723,
      93.12959092881944,
      93.97612196180556,
      89.72431966145834,
      92.861826171875,
      90.2290625,
      89.17358181423612,
      84.95809136284723,
      85.10170355902778,
      85.53710611979167,
      85.24721028645833,
      85.10134006076389,
      85.24728298611112,
      86.1630078125,
      87.34859592013889,
      86.89707356770833,
      65.20521375868056,
      63.86247938368056,
      64.75117621527778,
      69.03984700520833,
      69.53895073784722,
      70.49385525173611,
      70.1556716579861,
      101.58133572048611,
      108.79817491319444,
      110.44801215277778,
      116.32033528645833,
      95.59350477430556,
      90.54807074652778,
      90.2801953125,
      90.67970269097222,
      90.29638997395833,
      90.45879448784723,
      49.36379991319444,
      52.159677734375,
      53.591167534722224,
      72.29454861111111,
      63.12481879340278,
      72.33014105902778
    ],
    "brightness_mean": 85.52270471643519,
    "brightness_std": 14.449430239027237,
    "brightness_min": 49.36379991319444,
    "brightness_max": 116.32033528645833,
    "brightness_range": 66.95653537326389,
    "lighting_changes": [
      {
        "timestamp": 1.3333333333333333,
        "frame_index": 4,
        "brightness_before": 83.41493706597223,
        "brightness_after": 58.428096788194445,
        "magnitude": 24.98684027777778
      },
      {
        "timestamp": 3.333333333333333,
        "frame_index": 10,
        "brightness_before": 67.02744032118055,
        "brightness_after": 91.09656684027777,
        "magnitude": 24.069126519097225
      },
      {
        "timestamp": 11.666666666666666,
        "frame_index": 35,
        "brightness_before": 77.07318576388889,
        "brightness_after": 101.66943033854167,
        "magnitude": 24.596244574652786
      },
      {
        "timestamp": 15.333333333333332,
        "frame_index": 46,
        "brightness_before": 111.66554578993056,
        "brightness_after": 84.67699652777777,
        "magnitude": 26.988549262152787
      },
      {
        "timestamp": 22.333333333333332,
        "frame_index": 67,
        "brightness_before": 86.89707356770833,
        "brightness_after": 65.20521375868056,
        "magnitude": 21.691859809027775
      },
      {
        "timestamp": 24.666666666666664,
        "frame_index": 74,
        "brightness_before": 70.1556716579861,
        "brightness_after": 101.58133572048611,
        "magnitude": 31.425664062500005
      },
      {
        "timestamp": 26.0,
        "frame_index": 78,
        "brightness_before": 116.32033528645833,
        "brightness_after": 95.59350477430556,
        "magnitude": 20.726830512152773
      },
      {
        "timestamp": 28.0,
        "frame_index": 84,
        "brightness_before": 90.45879448784723,
        "brightness_after": 49.36379991319444,
        "magnitude": 41.09499457465279
      }
    ],
    "lighting_change_count": 8,
    "setting_type": "indoor",
    "dominant_colors_rgb": [
      [
        "190",
        "187",
        "157"
      ],
      [
        "100",
        "106",
        "103"
      ],
      [
        "49",
        "49",
        "55"
      ]
    ],
    "dominant_colors": [
      "brown",
      "green",
      "blue"
    ]
  },
  "action_signals": {
    "intensity_timeline": [
      0.0,
      0.030956451892852784,
      0.01988623261451721,
      0.019413881301879883,
      0.09490267753601074,
      0.004287131130695343,
      0.15314106941223143,
      0.004175212383270264,
      0.182105655670166,
      0.018791267871856688,
      0.20494081497192382,
      0.06611323356628418,
      0.0559125804901123,
      0.07715330600738525,
      0.09657245635986328,
      0.04324897289276123,
      0.0733410358428955,
      0.07000661849975585,
      0.058431172370910646,
      0.06412467002868652,
      0.05500650405883789,
      0.05522939682006836,
      0.03390154123306274,
      0.15909934997558595,
      0.06292012214660644,
      0.05313579082489014,
      0.0643526268005371,
      0.046020426750183106,
      0.12174195289611817,
      0.19544919967651367,
      0.14067785263061525,
      0.1445135021209717,
      0.1113974952697754,
      0.0771937084197998,
      0.10717201232910156,
      0.13920678138732911,
      0.06059436321258545,
      0.06429715156555176,
      0.02821274995803833,
      0.06318566799163819,
      0.13146899223327638,
      0.007448427081108093,
      0.01620208501815796,
      0.02579538345336914,
      0.018188811540603637,
      0.03457298994064331,
      0.14821043968200684,
      0.049638252258300784,
      0.02891019582748413,
      0.03324933767318725,
      0.1472086238861084,
      0.07673188686370849,
      0.11291219711303711,
      0.08119047164916993,
      0.12931934356689453,
      0.20180110931396483,
      0.2027448844909668,
      0.27959426879882815,
      0.15821188926696778,
      0.04626808166503906,
      0.0667626953125,
      0.017538204193115234,
      0.03536062240600586,
      0.1886400604248047,
      0.1694188117980957,
      0.11633405685424805,
      0.10895238876342773,
      0.17691967010498047,
      0.04974378108978272,
      0.054513435363769534,
      0.1478890037536621,
      0.035507237911224364,
      0.03562475919723511,
      0.03547632932662964,
      0.12060403823852539,
      0.08936317443847656,
      0.12017216682434081,
      0.11725858688354492,
      0.10830344200134277,
      0.188952693939209,
      0.07104869365692139,
      0.04228949069976807,
      0.0332342529296875,
      0.037828803062438965,
      0.18340579986572267,
      0.10607340812683105,
      0.13399256706237794,
      0.06792064666748047,
      0.0335282039642334,
      0.031545491218566896
    ],
    "intensity_mean": 0.08638536471459601,
    "intensity_std": 0.059053191234900985,
    "intensity_min": 0.0,
    "intensity_max": 0.27959426879882815,
    "intensity_trend": "stable",
    "peak_moments": [
      {
        "timestamp": 2.0,
        "frame_index": 6,
        "intensity": 0.15314106941223143,
        "moment_type": "peak"
      },
      {
        "timestamp": 2.6666666666666665,
        "frame_index": 8,
        "intensity": 0.182105655670166,
        "moment_type": "peak"
      },
      {
        "timestamp": 3.333333333333333,
        "frame_index": 10,
        "intensity": 0.20494081497192382,
        "moment_type": "peak"
      },
      {
        "timestamp": 7.666666666666666,
        "frame_index": 23,
        "intensity": 0.15909934997558595,
        "moment_type": "peak"
      },
      {
        "timestamp": 9.666666666666666,
        "frame_index": 29,
        "intensity": 0.19544919967651367,
        "moment_type": "peak"
      },
      {
        "timestamp": 13.333333333333332,
        "frame_index": 40,
        "intensity": 0.13146899223327638,
        "moment_type": "peak"
      },
      {
        "timestamp": 15.333333333333332,
        "frame_index": 46,
        "intensity": 0.14821043968200684,
        "moment_type": "peak"
      },
      {
        "timestamp": 19.0,
        "frame_index": 57,
        "intensity": 0.27959426879882815,
        "moment_type": "peak"
      },
      {
        "timestamp": 21.0,
        "frame_index": 63,
        "intensity": 0.1886400604248047,
        "moment_type": "peak"
      },
      {
        "timestamp": 26.333333333333332,
        "frame_index": 79,
        "intensity": 0.188952693939209,
        "moment_type": "peak"
      },
      {
        "timestamp": 28.0,
        "frame_index": 84,
        "intensity": 0.18340579986572267,
        "moment_type": "peak"
      }
    ],
    "valley_moments": [
      {
        "timestamp": 2.333333333333333,
        "frame_index": 7,
        "intensity": 0.004175212383270264,
        "moment_type": "valley"
      },
      {
        "timestamp": 3.0,
        "frame_index": 9,
        "intensity": 0.018791267871856688,
        "moment_type": "valley"
      },
      {
        "timestamp": 7.333333333333333,
        "frame_index": 22,
        "intensity": 0.03390154123306274,
        "moment_type": "valley"
      },
      {
        "timestamp": 9.0,
        "frame_index": 27,
        "intensity": 0.046020426750183106,
        "moment_type": "valley"
      },
      {
        "timestamp": 12.666666666666666,
        "frame_index": 38,
        "intensity": 0.02821274995803833,
        "moment_type": "valley"
      },
      {
        "timestamp": 13.666666666666666,
        "frame_index": 41,
        "intensity": 0.007448427081108093,
        "moment_type": "valley"
      },
      {
        "timestamp": 16.0,
        "frame_index": 48,
        "intensity": 0.02891019582748413,
        "moment_type": "valley"
      },
      {
        "timestamp": 20.333333333333332,
        "frame_index": 61,
        "intensity": 0.017538204193115234,
        "moment_type": "valley"
      },
      {
        "timestamp": 24.333333333333332,
        "frame_index": 73,
        "intensity": 0.03547632932662964,
        "moment_type": "valley"
      },
      {
        "timestamp": 27.333333333333332,
        "frame_index": 82,
        "intensity": 0.0332342529296875,
        "moment_type": "valley"
      }
    ],
    "peak_timestamps": [
      2.0,
      2.6666666666666665,
      3.333333333333333,
      7.666666666666666,
      9.666666666666666,
      13.333333333333332,
      15.333333333333332,
      19.0,
      21.0,
      26.333333333333332,
      28.0
    ],
    "valley_timestamps": [
      2.333333333333333,
      3.0,
      7.333333333333333,
      9.0,
      12.666666666666666,
      13.666666666666666,
      16.0,
      20.333333333333332,
      24.333333333333332,
      27.333333333333332
    ],
    "peak_count": 11,
    "valley_count": 10,
    "action_variance": 0.003487279395025786
  },
  "temporal_signals": {
    "frame_change_scores": [
      0.0,
      0.14256582600168,
      0.08054429129478524,
      0.0993188350272679,
      0.7540364454964156,
      0.016903034093177394,
      0.8194051047619552,
      0.017500536642504394,
      0.7616059567195694,
      0.09418430191226057,
      0.8601629350329578,
      0.3014552283142429,
      0.2574791705990702,
      0.2465317007072575,
      0.3447633180826798,
      0.16008444548153178,
      0.21185641123404297,
      0.21220054824417856,
      0.23512695925724447,
      0.17360111170956705,
      0.20877923020962674,
      0.22008578877665885,
      0.14792000018834983,
      0.8625371392187171,
      0.33242104786280424,
      0.26932611763803416,
      0.27755277947791146,
      0.2443478357997365,
      0.7999883316034752,
      0.5910206411205365,
      0.5772744419534339,
      0.5767004098932748,
      0.5620440870979465,
      0.5923949977989638,
      0.5492055307404806,
      0.7609413473574203,
      0.3069954547943733,
      0.26891291699583353,
      0.14238266251021703,
      0.26780044936972613,
      0.7850302404910605,
      0.02016421031740878,
      0.0471161277887413,
      0.11257917928960293,
      0.06066914162010262,
      0.14958421324683535,
      0.8031057146389671,
      0.15082377192955143,
      0.09454669348070943,
      0.12447934690538798,
      0.8088059935043546,
      0.3560577339225588,
      0.5483509311639906,
      0.3120872741721382,
      0.8160517980107453,
      0.7544072232876241,
      0.8044461452873681,
      0.6304978413392036,
      0.8714869782865822,
      0.1998439569304119,
      0.23078946263697464,
      0.062081164192156146,
      0.12702717696714905,
      0.8315376467462656,
      0.5153104280442047,
      0.5104492909593381,
      0.4986460714365546,
      0.841240485775147,
      0.2656317938071554,
      0.24385897058085038,
      0.8039960972887809,
      0.16142112518634333,
      0.16111185417213736,
      0.14947599306426929,
      0.8261366064459837,
      0.5053182812506283,
      0.47175531764167056,
      0.4910600599403907,
      0.5552876339610973,
      0.7590202691291686,
      0.490536927639591,
      0.3459860242995495,
      0.2638551539515329,
      0.2783465664312298,
      0.822454753804982,
      0.5008813734617934,
      0.5938313700970153,
      0.6607631272586787,
      0.4725011414777093,
      0.4587060224555022
    ],
    "change_score_mean": 0.40774566751930114,
    "change_score_std": 0.26810289344853283,
    "change_score_max": 0.8714869782865822,
    "temporal_gaps": [],
    "temporal_gap_count": 0,
    "temporal_gap_total_duration": 0.0,
    "transition_similarity_scores": [
      0.13983706496704212,
      0.13746286078128292,
      0.23905865264257978,
      0.21496975950893946,
      0.18394820198925468,
      0.15875951422485296,
      0.19600390271121917,
      0.4447123660389028,
      0.24097973087083138,
      0.17754524619501794,
      0.5274988585222907
    ],
    "transition_similarity_mean": 0.24188874167747398,
    "temporal_density": 2.662921348314607
  },
  "metadata": {
    "video_path": "/vol/videos/core/produced_digital/commercials/kW46iX_2tFo.mp4",
    "dataset": "produced_digital/commercials",
    "tier": "produced_digital",
    "study_type": "core",
    "source_fps": 23.976023976023978,
    "experiment_version": "3.2"
  }
}