{
  "video_id": "kW46iX_2tFo",
  "fps": 15.0,
  "duration": 29.933333333333334,
  "frame_count": 450,
  "scene_signals": {
    "transition_count": 12,
    "transition_timestamps": [
      3.2666666666666666,
      7.466666666666667,
      11.533333333333333,
      13.266666666666666,
      17.933333333333334,
      22.2,
      23.066666666666666,
      25.53333333333333,
      25.666666666666668,
      25.8,
      26.2,
      27.866666666666667
    ],
    "transition_types": [
      "hard_cut",
      "hard_cut",
      "soft_cut",
      "hard_cut",
      "hard_cut",
      "soft_cut",
      "soft_cut",
      "hard_cut",
      "hard_cut",
      "soft_cut",
      "soft_cut",
      "soft_cut"
    ],
    "transition_magnitudes": [
      748.6309113758947,
      784.5373264426092,
      30.342775876071624,
      96.37135891087817,
      1062.6922654052414,
      42.594847558530184,
      35.54137663304122,
      85.461379078047,
      438.3745745922004,
      27.437466225371537,
      37.24487877772417,
      76.52296683084606
    ],
    "scene_count": 13,
    "scene_durations": [
      3.2666666666666666,
      4.2,
      4.066666666666666,
      1.7333333333333325,
      4.666666666666668,
      4.266666666666666,
      0.8666666666666671,
      2.466666666666665,
      0.1333333333333364,
      0.13333333333333286,
      0.3999999999999986,
      1.6666666666666679,
      2.0666666666666664
    ],
    "scene_duration_mean": 2.3025641025641024,
    "scene_duration_std": 1.593065181730267,
    "scene_duration_min": 0.13333333333333286,
    "scene_duration_max": 4.666666666666668,
    "scene_types": [
      "unknown",
      "unknown",
      "unknown",
      "unknown",
      "unknown",
      "unknown",
      "unknown",
      "unknown",
      "unknown",
      "unknown",
      "unknown",
      "unknown",
      "unknown"
    ],
    "transitions": [
      {
        "timestamp": 3.2666666666666666,
        "frame_index": 49,
        "transition_type": "hard_cut",
        "magnitude": 748.6309113758947
      },
      {
        "timestamp": 7.466666666666667,
        "frame_index": 112,
        "transition_type": "hard_cut",
        "magnitude": 784.5373264426092
      },
      {
        "timestamp": 11.533333333333333,
        "frame_index": 173,
        "transition_type": "soft_cut",
        "magnitude": 30.342775876071624
      },
      {
        "timestamp": 13.266666666666666,
        "frame_index": 199,
        "transition_type": "hard_cut",
        "magnitude": 96.37135891087817
      },
      {
        "timestamp": 17.933333333333334,
        "frame_index": 269,
        "transition_type": "hard_cut",
        "magnitude": 1062.6922654052414
      },
      {
        "timestamp": 22.2,
        "frame_index": 333,
        "transition_type": "soft_cut",
        "magnitude": 42.594847558530184
      },
      {
        "timestamp": 23.066666666666666,
        "frame_index": 346,
        "transition_type": "soft_cut",
        "magnitude": 35.54137663304122
      },
      {
        "timestamp": 25.53333333333333,
        "frame_index": 383,
        "transition_type": "hard_cut",
        "magnitude": 85.461379078047
      },
      {
        "timestamp": 25.666666666666668,
        "frame_index": 385,
        "transition_type": "hard_cut",
        "magnitude": 438.3745745922004
      },
      {
        "timestamp": 25.8,
        "frame_index": 387,
        "transition_type": "soft_cut",
        "magnitude": 27.437466225371537
      },
      {
        "timestamp": 26.2,
        "frame_index": 393,
        "transition_type": "soft_cut",
        "magnitude": 37.24487877772417
      },
      {
        "timestamp": 27.866666666666667,
        "frame_index": 418,
        "transition_type": "soft_cut",
        "magnitude": 76.52296683084606
      }
    ],
    "scenes": [
      {
        "start_time": 0.0,
        "end_time": 3.2666666666666666,
        "duration": 3.2666666666666666,
        "scene_type": "unknown",
        "start_frame": 0,
        "end_frame": 48
      },
      {
        "start_time": 3.2666666666666666,
        "end_time": 7.466666666666667,
        "duration": 4.2,
        "scene_type": "unknown",
        "start_frame": 49,
        "end_frame": 111
      },
      {
        "start_time": 7.466666666666667,
        "end_time": 11.533333333333333,
        "duration": 4.066666666666666,
        "scene_type": "unknown",
        "start_frame": 112,
        "end_frame": 172
      },
      {
        "start_time": 11.533333333333333,
        "end_time": 13.266666666666666,
        "duration": 1.7333333333333325,
        "scene_type": "unknown",
        "start_frame": 173,
        "end_frame": 198
      },
      {
        "start_time": 13.266666666666666,
        "end_time": 17.933333333333334,
        "duration": 4.666666666666668,
        "scene_type": "unknown",
        "start_frame": 199,
        "end_frame": 268
      },
      {
        "start_time": 17.933333333333334,
        "end_time": 22.2,
        "duration": 4.266666666666666,
        "scene_type": "unknown",
        "start_frame": 269,
        "end_frame": 332
      },
      {
        "start_time": 22.2,
        "end_time": 23.066666666666666,
        "duration": 0.8666666666666671,
        "scene_type": "unknown",
        "start_frame": 333,
        "end_frame": 345
      },
      {
        "start_time": 23.066666666666666,
        "end_time": 25.53333333333333,
        "duration": 2.466666666666665,
        "scene_type": "unknown",
        "start_frame": 346,
        "end_frame": 382
      },
      {
        "start_time": 25.53333333333333,
        "end_time": 25.666666666666668,
        "duration": 0.1333333333333364,
        "scene_type": "unknown",
        "start_frame": 383,
        "end_frame": 384
      },
      {
        "start_time": 25.666666666666668,
        "end_time": 25.8,
        "duration": 0.13333333333333286,
        "scene_type": "unknown",
        "start_frame": 385,
        "end_frame": 386
      },
      {
        "start_time": 25.8,
        "end_time": 26.2,
        "duration": 0.3999999999999986,
        "scene_type": "unknown",
        "start_frame": 387,
        "end_frame": 392
      },
      {
        "start_time": 26.2,
        "end_time": 27.866666666666667,
        "duration": 1.6666666666666679,
        "scene_type": "unknown",
        "start_frame": 393,
        "end_frame": 417
      },
      {
        "start_time": 27.866666666666667,
        "end_time": 29.933333333333334,
        "duration": 2.0666666666666664,
        "scene_type": "unknown",
        "start_frame": 418,
        "end_frame": 449
      }
    ]
  },
  "character_signals": {
    "person_counts_per_frame": [
      1,
      1,
      1,
      1,
      1,
      1,
      1,
      1,
      1,
      1,
      1,
      1,
      1,
      1,
      1,
      1,
      1,
      1,
      1,
      1,
      1,
      1,
      1,
      1,
      1,
      1,
      1,
      1,
      1,
      1,
      1,
      1,
      1,
      1,
      1,
      1,
      1,
      1,
      1,
      1,
      1,
      1,
      1,
      1,
      1,
      1,
      1,
      1,
      1,
      1,
      1,
      1,
      1,
      1,
      1,
      1,
      1,
      1,
      1,
      1,
      1,
      1,
      1,
      1,
      1,
      1,
      1,
      1,
      1,
      1,
      1,
      1,
      1,
      1,
      1,
      1,
      1,
      1,
      1,
      1,
      1,
      1,
      1,
      1,
      1,
      1,
      1,
      1,
      1,
      1,
      1,
      1,
      1,
      1,
      1,
      1,
      1,
      1,
      1,
      1,
      1,
      1,
      1,
      1,
      1,
      1,
      1,
      1,
      1,
      1,
      1,
      1,
      2,
      2,
      2,
      2,
      2,
      2,
      2,
      2,
      2,
      2,
      2,
      2,
      2,
      2,
      2,
      2,
      2,
      2,
      2,
      2,
      2,
      2,
      2,
      2,
      2,
      1,
      1,
      2,
      3,
      3,
      1,
      1,
      1,
      1,
      1,
      1,
      1,
      2,
      2,
      2,
      2,
      1,
      1,
      1,
      2,
      2,
      1,
      1,
      1,
      1,
      2,
      1,
      2,
      3,
      2,
      2,
      2,
      2,
      2,
      2,
      2,
      3,
      3,
      3,
      3,
      3,
      4,
      4,
      4,
      4,
      4,
      4,
      4,
      4,
      4,
      4,
      4,
      4,
      4,
      3,
      4,
      4,
      4,
      4,
      4,
      4,
      4,
      1,
      1,
      1,
      1,
      1,
      1,
      1,
      1,
      1,
      1,
      1,
      1,
      1,
      1,
      1,
      1,
      1,
      1,
      1,
      1,
      1,
      1,
      1,
      1,
      1,
      1,
      1,
      1,
      1,
      1,
      1,
      1,
      1,
      1,
      1,
      1,
      1,
      1,
      1,
      1,
      1,
      1,
      1,
      1,
      1,
      1,
      1,
      2,
      2,
      2,
      2,
      2,
      2,
      2,
      2,
      2,
      2,
      2,
      2,
      2,
      2,
      2,
      2,
      2,
      2,
      2,
      2,
      2,
      2,
      2,
      5,
      5,
      5,
      5,
      6,
      6,
      7,
      7,
      5,
      7,
      7,
      5,
      7,
      7,
      7,
      6,
      7,
      6,
      6,
      7,
      7,
      1,
      1,
      1,
      1,
      1,
      1,
      1,
      1,
      1,
      1,
      1,
      1,
      1,
      1,
      1,
      1,
      1,
      1,
      1,
      1,
      1,
      1,
      1,
      1,
      1,
      1,
      1,
      1,
      1,
      1,
      1,
      1,
      1,
      1,
      1,
      1,
      1,
      1,
      1,
      1,
      1,
      1,
      1,
      2,
      2,
      2,
      2,
      2,
      2,
      2,
      2,
      2,
      2,
      2,
      2,
      2,
      2,
      2,
      2,
      2,
      2,
      2,
      2,
      2,
      2,
      2,
      2,
      2,
      2,
      2,
      2,
      2,
      2,
      2,
      2,
      2,
      2,
      2,
      2,
      2,
      2,
      2,
      2,
      2,
      2,
      2,
      2,
      2,
      2,
      2,
      2,
      2,
      2,
      2,
      2,
      2,
      2,
      1,
      2,
      2,
      2,
      2,
      2,
      1,
      1,
      1,
      1,
      2,
      2,
      2,
      2,
      2,
      2,
      2,
      2,
      2,
      2,
      2,
      2,
      2,
      2,
      2,
      2,
      1,
      2,
      1,
      1,
      1,
      1,
      1,
      1,
      1,
      1,
      1,
      1,
      1,
      1,
      1,
      1,
      1,
      1,
      1,
      1,
      1,
      1,
      1,
      1,
      1,
      1,
      1,
      1,
      1,
      1,
      0,
      1,
      1,
      0,
      1,
      1,
      1
    ],
    "person_count_mode": 1,
    "person_count_mean": 1.7222222222222223,
    "person_count_std": 1.2510242717050144,
    "person_count_min": 0,
    "person_count_max": 7,
    "person_count_distribution": {
      "1": 258,
      "2": 140,
      "3": 9,
      "4": 20,
      "5": 6,
      "6": 5,
      "7": 10,
      "0": 2
    },
    "character_consistency": 0.5733333333333334,
    "entry_events": [
      {
        "timestamp": 7.466666666666667,
        "frame_index": 112,
        "event_type": "entry",
        "count_before": 1,
        "count_after": 2
      },
      {
        "timestamp": 9.266666666666666,
        "frame_index": 139,
        "event_type": "entry",
        "count_before": 1,
        "count_after": 2
      },
      {
        "timestamp": 9.333333333333334,
        "frame_index": 140,
        "event_type": "entry",
        "count_before": 2,
        "count_after": 3
      },
      {
        "timestamp": 9.933333333333334,
        "frame_index": 149,
        "event_type": "entry",
        "count_before": 1,
        "count_after": 2
      },
      {
        "timestamp": 10.4,
        "frame_index": 156,
        "event_type": "entry",
        "count_before": 1,
        "count_after": 2
      },
      {
        "timestamp": 10.8,
        "frame_index": 162,
        "event_type": "entry",
        "count_before": 1,
        "count_after": 2
      },
      {
        "timestamp": 10.933333333333334,
        "frame_index": 164,
        "event_type": "entry",
        "count_before": 1,
        "count_after": 2
      },
      {
        "timestamp": 11.0,
        "frame_index": 165,
        "event_type": "entry",
        "count_before": 2,
        "count_after": 3
      },
      {
        "timestamp": 11.533333333333333,
        "frame_index": 173,
        "event_type": "entry",
        "count_before": 2,
        "count_after": 3
      },
      {
        "timestamp": 11.866666666666667,
        "frame_index": 178,
        "event_type": "entry",
        "count_before": 3,
        "count_after": 4
      },
      {
        "timestamp": 12.8,
        "frame_index": 192,
        "event_type": "entry",
        "count_before": 3,
        "count_after": 4
      },
      {
        "timestamp": 16.4,
        "frame_index": 246,
        "event_type": "entry",
        "count_before": 1,
        "count_after": 2
      },
      {
        "timestamp": 17.933333333333334,
        "frame_index": 269,
        "event_type": "entry",
        "count_before": 2,
        "count_after": 5
      },
      {
        "timestamp": 18.2,
        "frame_index": 273,
        "event_type": "entry",
        "count_before": 5,
        "count_after": 6
      },
      {
        "timestamp": 18.333333333333332,
        "frame_index": 275,
        "event_type": "entry",
        "count_before": 6,
        "count_after": 7
      },
      {
        "timestamp": 18.53333333333333,
        "frame_index": 278,
        "event_type": "entry",
        "count_before": 5,
        "count_after": 7
      },
      {
        "timestamp": 18.733333333333334,
        "frame_index": 281,
        "event_type": "entry",
        "count_before": 5,
        "count_after": 7
      },
      {
        "timestamp": 19.0,
        "frame_index": 285,
        "event_type": "entry",
        "count_before": 6,
        "count_after": 7
      },
      {
        "timestamp": 19.2,
        "frame_index": 288,
        "event_type": "entry",
        "count_before": 6,
        "count_after": 7
      },
      {
        "timestamp": 22.2,
        "frame_index": 333,
        "event_type": "entry",
        "count_before": 1,
        "count_after": 2
      },
      {
        "timestamp": 25.866666666666667,
        "frame_index": 388,
        "event_type": "entry",
        "count_before": 1,
        "count_after": 2
      },
      {
        "timestamp": 26.466666666666665,
        "frame_index": 397,
        "event_type": "entry",
        "count_before": 1,
        "count_after": 2
      },
      {
        "timestamp": 27.599999999999998,
        "frame_index": 414,
        "event_type": "entry",
        "count_before": 1,
        "count_after": 2
      },
      {
        "timestamp": 29.599999999999998,
        "frame_index": 444,
        "event_type": "entry",
        "count_before": 0,
        "count_after": 1
      },
      {
        "timestamp": 29.8,
        "frame_index": 447,
        "event_type": "entry",
        "count_before": 0,
        "count_after": 1
      }
    ],
    "exit_events": [
      {
        "timestamp": 9.133333333333333,
        "frame_index": 137,
        "event_type": "exit",
        "count_before": 2,
        "count_after": 1
      },
      {
        "timestamp": 9.466666666666667,
        "frame_index": 142,
        "event_type": "exit",
        "count_before": 3,
        "count_after": 1
      },
      {
        "timestamp": 10.2,
        "frame_index": 153,
        "event_type": "exit",
        "count_before": 2,
        "count_after": 1
      },
      {
        "timestamp": 10.533333333333333,
        "frame_index": 158,
        "event_type": "exit",
        "count_before": 2,
        "count_after": 1
      },
      {
        "timestamp": 10.866666666666667,
        "frame_index": 163,
        "event_type": "exit",
        "count_before": 2,
        "count_after": 1
      },
      {
        "timestamp": 11.066666666666666,
        "frame_index": 166,
        "event_type": "exit",
        "count_before": 3,
        "count_after": 2
      },
      {
        "timestamp": 12.733333333333333,
        "frame_index": 191,
        "event_type": "exit",
        "count_before": 4,
        "count_after": 3
      },
      {
        "timestamp": 13.266666666666666,
        "frame_index": 199,
        "event_type": "exit",
        "count_before": 4,
        "count_after": 1
      },
      {
        "timestamp": 18.466666666666665,
        "frame_index": 277,
        "event_type": "exit",
        "count_before": 7,
        "count_after": 5
      },
      {
        "timestamp": 18.666666666666668,
        "frame_index": 280,
        "event_type": "exit",
        "count_before": 7,
        "count_after": 5
      },
      {
        "timestamp": 18.933333333333334,
        "frame_index": 284,
        "event_type": "exit",
        "count_before": 7,
        "count_after": 6
      },
      {
        "timestamp": 19.066666666666666,
        "frame_index": 286,
        "event_type": "exit",
        "count_before": 7,
        "count_after": 6
      },
      {
        "timestamp": 19.333333333333332,
        "frame_index": 290,
        "event_type": "exit",
        "count_before": 7,
        "count_after": 1
      },
      {
        "timestamp": 25.8,
        "frame_index": 387,
        "event_type": "exit",
        "count_before": 2,
        "count_after": 1
      },
      {
        "timestamp": 26.2,
        "frame_index": 393,
        "event_type": "exit",
        "count_before": 2,
        "count_after": 1
      },
      {
        "timestamp": 27.53333333333333,
        "frame_index": 413,
        "event_type": "exit",
        "count_before": 2,
        "count_after": 1
      },
      {
        "timestamp": 27.666666666666668,
        "frame_index": 415,
        "event_type": "exit",
        "count_before": 2,
        "count_after": 1
      },
      {
        "timestamp": 29.53333333333333,
        "frame_index": 443,
        "event_type": "exit",
        "count_before": 1,
        "count_after": 0
      },
      {
        "timestamp": 29.733333333333334,
        "frame_index": 446,
        "event_type": "exit",
        "count_before": 1,
        "count_after": 0
      }
    ],
    "entry_count": 25,
    "exit_count": 19,
    "entry_exit_total": 44,
    "entry_timestamps": [
      7.466666666666667,
      9.266666666666666,
      9.333333333333334,
      9.933333333333334,
      10.4,
      10.8,
      10.933333333333334,
      11.0,
      11.533333333333333,
      11.866666666666667,
      12.8,
      16.4,
      17.933333333333334,
      18.2,
      18.333333333333332,
      18.53333333333333,
      18.733333333333334,
      19.0,
      19.2,
      22.2,
      25.866666666666667,
      26.466666666666665,
      27.599999999999998,
      29.599999999999998,
      29.8
    ],
    "exit_timestamps": [
      9.133333333333333,
      9.466666666666667,
      10.2,
      10.533333333333333,
      10.866666666666667,
      11.066666666666666,
      12.733333333333333,
      13.266666666666666,
      18.466666666666665,
      18.666666666666668,
      18.933333333333334,
      19.066666666666666,
      19.333333333333332,
      25.8,
      26.2,
      27.53333333333333,
      27.666666666666668,
      29.53333333333333,
      29.733333333333334
    ]
  },
  "visual_signals": {
    "unique_objects": [
      "person",
      "couch",
      "dining table",
      "chair",
      "tv",
      "bed",
      "bottle",
      "bicycle",
      "laptop",
      "cell phone",
      "car",
      "sports ball",
      "motorcycle"
    ],
    "unique_object_count": 13,
    "persistent_objects": [
      "person"
    ],
    "persistent_object_count": 1,
    "transient_objects": [
      "dining table",
      "tv",
      "bed",
      "bottle",
      "bicycle",
      "laptop",
      "cell phone",
      "car",
      "sports ball",
      "motorcycle"
    ],
    "transient_object_count": 10,
    "object_frequency": {
      "person": 0.9955555555555555,
      "couch": 0.20444444444444446,
      "dining table": 0.1688888888888889,
      "chair": 0.2311111111111111,
      "tv": 0.06222222222222222,
      "bed": 0.013333333333333334,
      "bottle": 0.057777777777777775,
      "bicycle": 0.0022222222222222222,
      "laptop": 0.03111111111111111,
      "cell phone": 0.04888888888888889,
      "car": 0.06666666666666667,
      "sports ball": 0.0022222222222222222,
      "motorcycle": 0.0044444444444444444
    },
    "object_frame_counts": {
      "person": 448,
      "couch": 92,
      "dining table": 76,
      "chair": 104,
      "tv": 28,
      "bed": 6,
      "bottle": 26,
      "bicycle": 1,
      "laptop": 14,
      "cell phone": 22,
      "car": 30,
      "sports ball": 1,
      "motorcycle": 2
    },
    "object_first_appearance": {
      "person": 0.0,
      "couch": 1.2666666666666666,
      "dining table": 3.2666666666666666,
      "chair": 3.2666666666666666,
      "tv": 4.733333333333333,
      "bed": 6.0,
      "bottle": 11.533333333333333,
      "bicycle": 19.066666666666666,
      "laptop": 22.266666666666666,
      "cell phone": 23.066666666666666,
      "car": 24.6,
      "sports ball": 25.733333333333334,
      "motorcycle": 26.53333333333333
    },
    "object_last_appearance": {
      "person": 29.933333333333334,
      "couch": 29.933333333333334,
      "dining table": 19.8,
      "chair": 20.866666666666667,
      "tv": 16.333333333333332,
      "bed": 10.066666666666666,
      "bottle": 13.2,
      "bicycle": 19.066666666666666,
      "laptop": 28.866666666666667,
      "cell phone": 24.53333333333333,
      "car": 27.8,
      "sports ball": 25.733333333333334,
      "motorcycle": 27.466666666666665
    },
    "objects_per_frame": [
      [
        "person"
      ],
      [
        "person"
      ],
      [
        "person"
      ],
      [
        "person"
      ],
      [
        "person"
      ],
      [
        "person"
      ],
      [
        "person"
      ],
      [
        "person"
      ],
      [
        "person"
      ],
      [
        "person"
      ],
      [
        "person"
      ],
      [
        "person"
      ],
      [
        "person"
      ],
      [
        "person"
      ],
      [
        "person"
      ],
      [
        "person"
      ],
      [
        "person"
      ],
      [
        "person"
      ],
      [
        "person"
      ],
      [
        "person",
        "couch"
      ],
      [
        "person",
        "couch"
      ],
      [
        "person",
        "couch"
      ],
      [
        "person",
        "couch"
      ],
      [
        "person",
        "couch"
      ],
      [
        "person",
        "couch"
      ],
      [
        "person",
        "couch"
      ],
      [
        "person",
        "couch"
      ],
      [
        "person",
        "couch"
      ],
      [
        "person",
        "couch"
      ],
      [
        "person",
        "couch"
      ],
      [
        "person",
        "couch"
      ],
      [
        "person",
        "couch"
      ],
      [
        "person",
        "couch"
      ],
      [
        "person",
        "couch"
      ],
      [
        "person",
        "couch"
      ],
      [
        "person",
        "couch"
      ],
      [
        "person",
        "couch"
      ],
      [
        "person",
        "couch"
      ],
      [
        "person",
        "couch"
      ],
      [
        "person",
        "couch"
      ],
      [
        "person",
        "couch"
      ],
      [
        "person",
        "couch"
      ],
      [
        "person",
        "couch"
      ],
      [
        "person",
        "couch"
      ],
      [
        "person",
        "couch"
      ],
      [
        "person",
        "couch"
      ],
      [
        "person",
        "couch"
      ],
      [
        "person",
        "couch"
      ],
      [
        "person",
        "couch"
      ],
      [
        "dining table",
        "chair",
        "person"
      ],
      [
        "dining table",
        "chair",
        "person"
      ],
      [
        "dining table",
        "chair",
        "person"
      ],
      [
        "dining table",
        "chair",
        "person"
      ],
      [
        "dining table",
        "chair",
        "person"
      ],
      [
        "dining table",
        "chair",
        "person"
      ],
      [
        "dining table",
        "chair",
        "person"
      ],
      [
        "dining table",
        "chair",
        "person"
      ],
      [
        "dining table",
        "chair",
        "person"
      ],
      [
        "dining table",
        "chair",
        "person"
      ],
      [
        "dining table",
        "chair",
        "person"
      ],
      [
        "dining table",
        "chair",
        "person"
      ],
      [
        "dining table",
        "chair",
        "person"
      ],
      [
        "dining table",
        "chair",
        "person"
      ],
      [
        "dining table",
        "chair",
        "person"
      ],
      [
        "dining table",
        "chair",
        "person"
      ],
      [
        "dining table",
        "chair",
        "person"
      ],
      [
        "dining table",
        "chair",
        "person"
      ],
      [
        "dining table",
        "chair",
        "person"
      ],
      [
        "dining table",
        "chair",
        "person"
      ],
      [
        "dining table",
        "chair",
        "person"
      ],
      [
        "dining table",
        "chair",
        "person"
      ],
      [
        "dining table",
        "chair",
        "tv",
        "person"
      ],
      [
        "dining table",
        "chair",
        "tv",
        "person"
      ],
      [
        "dining table",
        "chair",
        "tv",
        "person"
      ],
      [
        "dining table",
        "chair",
        "person"
      ],
      [
        "dining table",
        "chair",
        "person"
      ],
      [
        "dining table",
        "chair",
        "person"
      ],
      [
        "dining table",
        "chair",
        "person"
      ],
      [
        "dining table",
        "chair",
        "person"
      ],
      [
        "dining table",
        "chair",
        "person"
      ],
      [
        "dining table",
        "chair",
        "person"
      ],
      [
        "dining table",
        "chair",
        "person"
      ],
      [
        "dining table",
        "chair",
        "person"
      ],
      [
        "dining table",
        "chair",
        "person"
      ],
      [
        "dining table",
        "chair",
        "person"
      ],
      [
        "dining table",
        "chair",
        "person"
      ],
      [
        "dining table",
        "chair",
        "person"
      ],
      [
        "dining table",
        "chair",
        "person"
      ],
      [
        "dining table",
        "chair",
        "person"
      ],
      [
        "dining table",
        "chair",
        "person"
      ],
      [
        "dining table",
        "chair",
        "person",
        "bed"
      ],
      [
        "dining table",
        "chair",
        "person",
        "bed"
      ],
      [
        "dining table",
        "chair",
        "person",
        "bed"
      ],
      [
        "dining table",
        "chair",
        "person",
        "bed"
      ],
      [
        "dining table",
        "chair",
        "person"
      ],
      [
        "dining table",
        "chair",
        "person"
      ],
      [
        "dining table",
        "chair",
        "person"
      ],
      [
        "dining table",
        "chair",
        "tv",
        "person"
      ],
      [
        "dining table",
        "chair",
        "tv",
        "person"
      ],
      [
        "dining table",
        "chair",
        "person"
      ],
      [
        "dining table",
        "chair",
        "person"
      ],
      [
        "dining table",
        "chair",
        "tv",
        "person"
      ],
      [
        "dining table",
        "chair",
        "tv",
        "person"
      ],
      [
        "dining table",
        "chair",
        "tv",
        "person"
      ],
      [
        "dining table",
        "chair",
        "tv",
        "person"
      ],
      [
        "dining table",
        "chair",
        "tv",
        "person"
      ],
      [
        "dining table",
        "chair",
        "tv",
        "person"
      ],
      [
        "chair",
        "tv",
        "person"
      ],
      [
        "chair",
        "tv",
        "person"
      ],
      [
        "chair",
        "tv",
        "person"
      ],
      [
        "chair",
        "tv",
        "person"
      ],
      [
        "chair",
        "tv",
        "person"
      ],
      [
        "person"
      ],
      [
        "person"
      ],
      [
        "person"
      ],
      [
        "person"
      ],
      [
        "person"
      ],
      [
        "person"
      ],
      [
        "person"
      ],
      [
        "person"
      ],
      [
        "person"
      ],
      [
        "person"
      ],
      [
        "person"
      ],
      [
        "person"
      ],
      [
        "person"
      ],
      [
        "person"
      ],
      [
        "person"
      ],
      [
        "person"
      ],
      [
        "person"
      ],
      [
        "person"
      ],
      [
        "person"
      ],
      [
        "person"
      ],
      [
        "person"
      ],
      [
        "person"
      ],
      [
        "person"
      ],
      [
        "person"
      ],
      [
        "person"
      ],
      [
        "person"
      ],
      [
        "person"
      ],
      [
        "person"
      ],
      [
        "person"
      ],
      [
        "person"
      ],
      [
        "person"
      ],
      [
        "person"
      ],
      [
        "person"
      ],
      [
        "person"
      ],
      [
        "person"
      ],
      [
        "person"
      ],
      [
        "person",
        "bed"
      ],
      [
        "person"
      ],
      [
        "person"
      ],
      [
        "person",
        "bed"
      ],
      [
        "person"
      ],
      [
        "person"
      ],
      [
        "person"
      ],
      [
        "person"
      ],
      [
        "person"
      ],
      [
        "person"
      ],
      [
        "person"
      ],
      [
        "person"
      ],
      [
        "person"
      ],
      [
        "person"
      ],
      [
        "person"
      ],
      [
        "person"
      ],
      [
        "person"
      ],
      [
        "person"
      ],
      [
        "person"
      ],
      [
        "person"
      ],
      [
        "person"
      ],
      [
        "person"
      ],
      [
        "person"
      ],
      [
        "person"
      ],
      [
        "person"
      ],
      [
        "bottle",
        "person"
      ],
      [
        "bottle",
        "person"
      ],
      [
        "bottle",
        "person"
      ],
      [
        "bottle",
        "person"
      ],
      [
        "bottle",
        "person"
      ],
      [
        "bottle",
        "person"
      ],
      [
        "bottle",
        "person"
      ],
      [
        "bottle",
        "person"
      ],
      [
        "bottle",
        "person"
      ],
      [
        "bottle",
        "person"
      ],
      [
        "bottle",
        "person"
      ],
      [
        "bottle",
        "person"
      ],
      [
        "bottle",
        "person"
      ],
      [
        "bottle",
        "person"
      ],
      [
        "bottle",
        "person"
      ],
      [
        "bottle",
        "person"
      ],
      [
        "bottle",
        "person"
      ],
      [
        "bottle",
        "person"
      ],
      [
        "bottle",
        "person"
      ],
      [
        "bottle",
        "person"
      ],
      [
        "bottle",
        "person"
      ],
      [
        "bottle",
        "person"
      ],
      [
        "bottle",
        "person"
      ],
      [
        "bottle",
        "person"
      ],
      [
        "bottle",
        "person"
      ],
      [
        "bottle",
        "person"
      ],
      [
        "person"
      ],
      [
        "person"
      ],
      [
        "person"
      ],
      [
        "person"
      ],
      [
        "person"
      ],
      [
        "person"
      ],
      [
        "person"
      ],
      [
        "person"
      ],
      [
        "person"
      ],
      [
        "person"
      ],
      [
        "person"
      ],
      [
        "person"
      ],
      [
        "person"
      ],
      [
        "person"
      ],
      [
        "person"
      ],
      [
        "person"
      ],
      [
        "person"
      ],
      [
        "person"
      ],
      [
        "person"
      ],
      [
        "person"
      ],
      [
        "person"
      ],
      [
        "person"
      ],
      [
        "person"
      ],
      [
        "person"
      ],
      [
        "person"
      ],
      [
        "person"
      ],
      [
        "person"
      ],
      [
        "person"
      ],
      [
        "person"
      ],
      [
        "person"
      ],
      [
        "dining table",
        "chair",
        "person"
      ],
      [
        "dining table",
        "chair",
        "person"
      ],
      [
        "dining table",
        "chair",
        "person"
      ],
      [
        "dining table",
        "chair",
        "person"
      ],
      [
        "dining table",
        "chair",
        "tv",
        "person"
      ],
      [
        "dining table",
        "chair",
        "person"
      ],
      [
        "dining table",
        "chair",
        "tv",
        "person"
      ],
      [
        "dining table",
        "chair",
        "tv",
        "person"
      ],
      [
        "dining table",
        "chair",
        "tv",
        "person"
      ],
      [
        "dining table",
        "chair",
        "tv",
        "person"
      ],
      [
        "dining table",
        "chair",
        "tv",
        "person"
      ],
      [
        "dining table",
        "chair",
        "tv",
        "person"
      ],
      [
        "dining table",
        "chair",
        "tv",
        "person"
      ],
      [
        "dining table",
        "chair",
        "tv",
        "person"
      ],
      [
        "dining table",
        "chair",
        "tv",
        "person"
      ],
      [
        "chair",
        "tv",
        "person"
      ],
      [
        "chair",
        "tv",
        "person"
      ],
      [
        "person"
      ],
      [
        "person"
      ],
      [
        "person"
      ],
      [
        "person"
      ],
      [
        "person"
      ],
      [
        "person"
      ],
      [
        "person"
      ],
      [
        "person"
      ],
      [
        "person"
      ],
      [
        "person"
      ],
      [
        "person"
      ],
      [
        "person"
      ],
      [
        "person"
      ],
      [
        "person"
      ],
      [
        "person"
      ],
      [
        "person"
      ],
      [
        "person"
      ],
      [
        "person"
      ],
      [
        "person"
      ],
      [
        "person"
      ],
      [
        "person"
      ],
      [
        "person"
      ],
      [
        "person"
      ],
      [
        "person"
      ],
      [
        "person"
      ],
      [
        "person"
      ],
      [
        "person"
      ],
      [
        "person"
      ],
      [
        "person"
      ],
      [
        "person"
      ],
      [
        "person"
      ],
      [
        "person"
      ],
      [
        "person"
      ],
      [
        "person"
      ],
      [
        "person"
      ],
      [
        "person"
      ],
      [
        "person"
      ],
      [
        "person"
      ],
      [
        "person"
      ],
      [
        "person"
      ],
      [
        "bicycle",
        "person"
      ],
      [
        "person"
      ],
      [
        "person"
      ],
      [
        "person"
      ],
      [
        "chair",
        "person"
      ],
      [
        "chair",
        "person"
      ],
      [
        "chair",
        "person"
      ],
      [
        "chair",
        "person"
      ],
      [
        "dining table",
        "chair",
        "person"
      ],
      [
        "dining table",
        "chair",
        "person"
      ],
      [
        "chair",
        "person"
      ],
      [
        "dining table",
        "chair",
        "person"
      ],
      [
        "chair",
        "person"
      ],
      [
        "chair",
        "person"
      ],
      [
        "chair",
        "person"
      ],
      [
        "chair",
        "person"
      ],
      [
        "chair",
        "person"
      ],
      [
        "chair",
        "person"
      ],
      [
        "chair",
        "person"
      ],
      [
        "chair",
        "person"
      ],
      [
        "chair",
        "person"
      ],
      [
        "chair",
        "person"
      ],
      [
        "chair",
        "person"
      ],
      [
        "chair",
        "person"
      ],
      [
        "chair",
        "person"
      ],
      [
        "chair",
        "person"
      ],
      [
        "chair",
        "person"
      ],
      [
        "chair",
        "person"
      ],
      [
        "person",
        "couch"
      ],
      [
        "person",
        "couch"
      ],
      [
        "person",
        "couch"
      ],
      [
        "person",
        "couch"
      ],
      [
        "person",
        "couch"
      ],
      [
        "person",
        "couch"
      ],
      [
        "person"
      ],
      [
        "person"
      ],
      [
        "person",
        "couch"
      ],
      [
        "person"
      ],
      [
        "person",
        "couch"
      ],
      [
        "person",
        "couch"
      ],
      [
        "person"
      ],
      [
        "person",
        "couch"
      ],
      [
        "person",
        "couch"
      ],
      [
        "person",
        "couch"
      ],
      [
        "person"
      ],
      [
        "person"
      ],
      [
        "person"
      ],
      [
        "person",
        "couch"
      ],
      [
        "laptop",
        "person",
        "couch"
      ],
      [
        "person",
        "couch"
      ],
      [
        "laptop",
        "person",
        "couch"
      ],
      [
        "person",
        "couch"
      ],
      [
        "couch",
        "person",
        "laptop"
      ],
      [
        "laptop",
        "person",
        "couch"
      ],
      [
        "laptop",
        "person",
        "couch"
      ],
      [
        "person",
        "couch"
      ],
      [
        "person",
        "couch"
      ],
      [
        "person",
        "couch"
      ],
      [
        "person",
        "couch"
      ],
      [
        "person",
        "couch"
      ],
      [
        "person",
        "cell phone"
      ],
      [
        "person",
        "cell phone"
      ],
      [
        "person",
        "cell phone"
      ],
      [
        "person",
        "cell phone"
      ],
      [
        "couch",
        "person",
        "cell phone"
      ],
      [
        "couch",
        "person",
        "cell phone"
      ],
      [
        "couch",
        "person",
        "cell phone"
      ],
      [
        "person",
        "couch"
      ],
      [
        "couch",
        "person",
        "cell phone"
      ],
      [
        "couch",
        "person",
        "cell phone"
      ],
      [
        "couch",
        "person",
        "cell phone"
      ],
      [
        "couch",
        "person",
        "cell phone"
      ],
      [
        "couch",
        "person",
        "cell phone"
      ],
      [
        "couch",
        "person",
        "cell phone"
      ],
      [
        "couch",
        "person",
        "cell phone"
      ],
      [
        "couch",
        "person",
        "cell phone"
      ],
      [
        "couch",
        "person",
        "cell phone"
      ],
      [
        "couch",
        "person",
        "cell phone"
      ],
      [
        "couch",
        "person",
        "cell phone"
      ],
      [
        "couch",
        "person",
        "cell phone"
      ],
      [
        "person",
        "cell phone"
      ],
      [
        "couch",
        "person",
        "cell phone"
      ],
      [
        "couch",
        "person",
        "cell phone"
      ],
      [
        "person",
        "car"
      ],
      [
        "person",
        "car"
      ],
      [
        "person",
        "car"
      ],
      [
        "car",
        "person"
      ],
      [
        "person",
        "car"
      ],
      [
        "person",
        "car"
      ],
      [
        "person",
        "car"
      ],
      [
        "person",
        "car"
      ],
      [
        "person",
        "car"
      ],
      [
        "person",
        "car"
      ],
      [
        "person",
        "car"
      ],
      [
        "person",
        "car"
      ],
      [
        "car",
        "person"
      ],
      [
        "car",
        "person"
      ],
      [
        "car",
        "person"
      ],
      [
        "person",
        "car"
      ],
      [
        "person"
      ],
      [
        "sports ball",
        "car",
        "person"
      ],
      [
        "person",
        "car"
      ],
      [
        "car",
        "person"
      ],
      [
        "person",
        "car"
      ],
      [
        "person",
        "car"
      ],
      [
        "person",
        "car"
      ],
      [
        "person",
        "car"
      ],
      [
        "person"
      ],
      [
        "person"
      ],
      [
        "car",
        "person"
      ],
      [
        "car",
        "person"
      ],
      [
        "person"
      ],
      [
        "motorcycle",
        "person"
      ],
      [
        "person"
      ],
      [
        "person"
      ],
      [
        "person"
      ],
      [
        "person"
      ],
      [
        "person"
      ],
      [
        "person"
      ],
      [
        "person"
      ],
      [
        "person"
      ],
      [
        "car",
        "person"
      ],
      [
        "person"
      ],
      [
        "person"
      ],
      [
        "person"
      ],
      [
        "person"
      ],
      [
        "motorcycle",
        "person"
      ],
      [
        "person"
      ],
      [
        "car",
        "person"
      ],
      [
        "car",
        "person"
      ],
      [
        "car",
        "person"
      ],
      [
        "car",
        "person"
      ],
      [
        "person",
        "couch"
      ],
      [
        "person",
        "couch"
      ],
      [
        "person",
        "couch"
      ],
      [
        "person",
        "couch"
      ],
      [
        "person",
        "couch"
      ],
      [
        "person",
        "couch"
      ],
      [
        "laptop",
        "person",
        "couch"
      ],
      [
        "laptop",
        "person",
        "couch"
      ],
      [
        "couch",
        "person",
        "laptop"
      ],
      [
        "couch",
        "person",
        "laptop"
      ],
      [
        "couch",
        "person",
        "laptop"
      ],
      [
        "couch",
        "person",
        "laptop"
      ],
      [
        "laptop",
        "person",
        "couch"
      ],
      [
        "couch",
        "person",
        "laptop"
      ],
      [
        "person",
        "couch"
      ],
      [
        "couch",
        "person",
        "laptop"
      ],
      [
        "person"
      ],
      [
        "person"
      ],
      [
        "person"
      ],
      [
        "person"
      ],
      [
        "person"
      ],
      [
        "person"
      ],
      [
        "person"
      ],
      [
        "person"
      ],
      [
        "person"
      ],
      [],
      [
        "person"
      ],
      [
        "person"
      ],
      [],
      [
        "person",
        "couch"
      ],
      [
        "person",
        "couch"
      ],
      [
        "person",
        "couch"
      ]
    ],
    "appearances": [
      {
        "object_class": "person",
        "first_appearance": 0.0,
        "last_appearance": 29.933333333333334,
        "frame_count": 448,
        "frequency": 0.9955555555555555
      },
      {
        "object_class": "couch",
        "first_appearance": 1.2666666666666666,
        "last_appearance": 29.933333333333334,
        "frame_count": 92,
        "frequency": 0.20444444444444446
      },
      {
        "object_class": "dining table",
        "first_appearance": 3.2666666666666666,
        "last_appearance": 19.8,
        "frame_count": 76,
        "frequency": 0.1688888888888889
      },
      {
        "object_class": "chair",
        "first_appearance": 3.2666666666666666,
        "last_appearance": 20.866666666666667,
        "frame_count": 104,
        "frequency": 0.2311111111111111
      },
      {
        "object_class": "tv",
        "first_appearance": 4.733333333333333,
        "last_appearance": 16.333333333333332,
        "frame_count": 28,
        "frequency": 0.06222222222222222
      },
      {
        "object_class": "bed",
        "first_appearance": 6.0,
        "last_appearance": 10.066666666666666,
        "frame_count": 6,
        "frequency": 0.013333333333333334
      },
      {
        "object_class": "bottle",
        "first_appearance": 11.533333333333333,
        "last_appearance": 13.2,
        "frame_count": 26,
        "frequency": 0.057777777777777775
      },
      {
        "object_class": "bicycle",
        "first_appearance": 19.066666666666666,
        "last_appearance": 19.066666666666666,
        "frame_count": 1,
        "frequency": 0.0022222222222222222
      },
      {
        "object_class": "laptop",
        "first_appearance": 22.266666666666666,
        "last_appearance": 28.866666666666667,
        "frame_count": 14,
        "frequency": 0.03111111111111111
      },
      {
        "object_class": "cell phone",
        "first_appearance": 23.066666666666666,
        "last_appearance": 24.53333333333333,
        "frame_count": 22,
        "frequency": 0.04888888888888889
      },
      {
        "object_class": "car",
        "first_appearance": 24.6,
        "last_appearance": 27.8,
        "frame_count": 30,
        "frequency": 0.06666666666666667
      },
      {
        "object_class": "sports ball",
        "first_appearance": 25.733333333333334,
        "last_appearance": 25.733333333333334,
        "frame_count": 1,
        "frequency": 0.0022222222222222222
      },
      {
        "object_class": "motorcycle",
        "first_appearance": 26.53333333333333,
        "last_appearance": 27.466666666666665,
        "frame_count": 2,
        "frequency": 0.0044444444444444444
      }
    ]
  },
  "atmosphere_signals": {
    "brightness_values": [
      83.60406032986111,
      83.70318250868056,
      83.73493272569445,
      83.80879231770834,
      83.95251085069444,
      84.02935980902778,
      84.02921115451389,
      84.01188151041667,
      83.99706380208333,
      83.86982313368055,
      83.76386067708333,
      83.56949327256945,
      83.61645399305556,
      83.55700086805555,
      83.47313585069445,
      83.41493706597223,
      83.36500651041666,
      83.31506184895834,
      83.22053927951389,
      58.393207465277776,
      58.428096788194445,
      58.53820746527778,
      58.55295681423611,
      58.54521375868055,
      58.51368598090278,
      58.490517578125,
      78.0363888888889,
      78.05506184895833,
      78.06990234375,
      78.10076063368055,
      78.14315104166667,
      78.16688585069444,
      78.18614366319444,
      78.201455078125,
      78.21286349826389,
      78.20997612847222,
      67.69401041666667,
      67.58029513888889,
      67.491416015625,
      67.38921223958333,
      67.32370008680556,
      67.12506401909722,
      67.02886284722223,
      67.00603081597222,
      67.02524088541666,
      67.02744032118055,
      67.16681423611111,
      67.19489583333333,
      67.24474934895834,
      91.02534288194444,
      91.09656684027777,
      91.10213216145833,
      91.346806640625,
      91.39190755208334,
      91.25992730034723,
      91.35034396701388,
      91.15304144965278,
      90.70172634548611,
      90.71612413194444,
      90.41091471354167,
      90.43648328993055,
      90.43159722222222,
      90.54617621527778,
      90.69009114583334,
      90.8774240451389,
      90.93272026909722,
      90.85151909722222,
      90.80471571180556,
      90.61030381944444,
      90.61306857638888,
      90.652236328125,
      90.77395724826388,
      90.81908311631945,
      90.79054036458334,
      90.80189778645833,
      90.698623046875,
      90.44987955729167,
      90.40196397569444,
      90.09875434027778,
      90.14913519965278,
      90.19322157118056,
      90.20479817708333,
      90.14110243055555,
      89.91533094618056,
      89.67736870659722,
      89.63430881076388,
      89.827255859375,
      89.92864149305555,
      90.20786783854167,
      90.41908094618056,
      90.42617296006945,
      90.46719075520834,
      90.52484266493056,
      90.48722764756944,
      90.81867078993055,
      90.70107530381945,
      90.77116970486111,
      90.41025933159722,
      90.02551432291666,
      89.80108940972222,
      89.74763671875,
      90.08259982638889,
      90.10240668402778,
      90.17149739583333,
      89.95430772569445,
      89.8539138454861,
      90.02785698784722,
      90.52785915798611,
      90.60300130208333,
      90.62295789930556,
      90.63643229166667,
      90.67247612847223,
      83.33906901041667,
      83.4721484375,
      83.549423828125,
      83.43689127604166,
      83.43757378472222,
      83.15841579861112,
      82.898681640625,
      82.66950954861112,
      82.76194769965278,
      82.65763020833333,
      83.12692925347223,
      83.23968315972222,
      83.25501085069445,
      83.4171115451389,
      83.65735677083333,
      83.77564995659722,
      83.66243706597223,
      83.11350477430555,
      82.86747287326389,
      82.39185004340278,
      82.42224500868056,
      82.86685546875,
      83.10205946180555,
      83.08170138888889,
      83.06858832465278,
      68.25280381944444,
      69.29557183159723,
      70.90830186631945,
      71.734091796875,
      72.55688585069444,
      72.58739583333333,
      73.17964301215278,
      74.89148654513889,
      75.77252170138888,
      76.65775282118055,
      76.69965928819444,
      75.27072482638889,
      73.54015407986111,
      72.69525824652777,
      71.16169921875,
      70.04945529513888,
      68.56001410590278,
      68.29954752604166,
      68.72221896701389,
      70.045888671875,
      70.96573350694445,
      72.488603515625,
      73.4114670138889,
      73.73968967013889,
      73.98605251736112,
      73.80270399305556,
      72.91823459201389,
      71.87676540798611,
      71.56064127604166,
      72.19264973958333,
      73.46613172743055,
      75.91719509548611,
      77.02951497395833,
      77.07318576388889,
      77.75974500868055,
      78.031787109375,
      101.61273654513889,
      101.74180555555556,
      101.66943033854167,
      101.813681640625,
      102.09533094618055,
      102.23758897569445,
      102.11661892361111,
      102.29646918402777,
      102.41583224826388,
      102.54779730902777,
      102.78995985243056,
      102.77925998263889,
      102.78118489583333,
      102.84707356770834,
      102.86432725694445,
      102.87695638020833,
      102.91234375,
      102.90225911458333,
      102.91039279513889,
      102.786552734375,
      102.71583116319445,
      102.46228732638889,
      102.41020182291666,
      102.50553059895833,
      102.42689887152778,
      102.01017252604167,
      111.43299262152777,
      111.36873372395833,
      111.43359266493056,
      111.43085720486111,
      111.42383572048611,
      111.51163953993056,
      111.56462782118055,
      111.47870225694444,
      111.67198567708333,
      111.75916449652777,
      111.62577799479166,
      111.68594292534722,
      111.5567599826389,
      111.44985785590278,
      111.406708984375,
      111.2321950954861,
      111.28851019965278,
      111.08095269097223,
      111.121640625,
      111.13918077256945,
      111.23393880208333,
      111.32837782118055,
      111.35186306423611,
      111.52478407118056,
      111.55587782118056,
      111.7819921875,
      111.66554578993056,
      111.95843641493056,
      111.856669921875,
      111.63807291666667,
      84.72130316840278,
      84.67699652777777,
      84.48722113715277,
      84.56837890625,
      84.85904622395833,
      85.05494140625,
      85.10602430555555,
      85.08194010416666,
      85.07893446180556,
      85.07321940104167,
      85.18075846354166,
      85.16939670138889,
      85.36686089409723,
      85.434599609375,
      85.74647786458333,
      86.06183268229167,
      86.10792100694445,
      93.70821940104166,
      93.56970160590278,
      93.59397352430555,
      93.76306206597222,
      93.825126953125,
      94.21222981770833,
      94.23891710069445,
      94.29855685763889,
      94.20184027777778,
      93.92732964409723,
      93.6843435329861,
      93.29828342013889,
      92.84426323784722,
      92.89081597222223,
      93.12959092881944,
      93.38822916666666,
      93.48755425347223,
      93.76056749131945,
      93.87267361111111,
      93.97612196180556,
      93.88639214409723,
      93.69899088541666,
      93.34593207465278,
      88.38710503472223,
      89.72431966145834,
      91.62601779513889,
      92.15939344618056,
      92.52465494791667,
      92.99818033854167,
      92.861826171875,
      92.49563042534722,
      92.15446397569444,
      91.43520290798611,
      91.05741319444445,
      90.2290625,
      89.92409505208333,
      90.03432074652778,
      89.47504448784723,
      89.16112955729167,
      89.17358181423612,
      89.47711371527778,
      89.54075846354166,
      89.6016091579861,
      89.91810329861111,
      84.95809136284723,
      86.26055230034723,
      86.30435438368056,
      85.45408311631944,
      85.199013671875,
      85.10170355902778,
      85.35969618055556,
      85.558916015625,
      85.642275390625,
      85.55839409722222,
      85.53710611979167,
      85.46920247395833,
      85.400029296875,
      85.37042209201388,
      85.31239583333333,
      85.24721028645833,
      85.16656032986111,
      85.14926649305555,
      85.14030381944444,
      85.06956597222222,
      85.10134006076389,
      85.21901475694445,
      85.2308203125,
      85.17220594618055,
      85.70870768229166,
      85.24728298611112,
      85.40406032986111,
      85.30771918402777,
      86.00563585069445,
      85.49679144965278,
      86.1630078125,
      86.75617404513889,
      86.34196614583334,
      86.25029839409723,
      86.08111328125,
      87.34859592013889,
      88.40912543402777,
      88.45448350694444,
      87.58573676215278,
      87.9279665798611,
      86.89707356770833,
      86.03562825520834,
      85.60246744791667,
      64.40905381944444,
      65.98987196180556,
      65.20521375868056,
      64.20728407118055,
      64.50955403645834,
      65.55547634548611,
      65.35912000868055,
      63.86247938368056,
      63.92627821180555,
      64.90484049479167,
      65.03858072916667,
      64.74278103298612,
      64.75117621527778,
      68.20135091145833,
      68.17523546006944,
      68.49527235243056,
      68.61887803819444,
      69.03984700520833,
      69.17176540798611,
      69.01006944444444,
      69.27496419270834,
      69.241962890625,
      69.53895073784722,
      69.92927625868056,
      70.02361762152778,
      70.09983940972222,
      70.22296332465278,
      70.49385525173611,
      70.52419053819445,
      70.64408528645833,
      70.40780598958334,
      70.2747482638889,
      70.1556716579861,
      70.15219401041666,
      70.09589518229167,
      69.97024522569444,
      94.73345052083333,
      101.58133572048611,
      104.21627712673612,
      104.14064995659722,
      105.12108832465277,
      106.61448567708334,
      108.79817491319444,
      108.82600802951389,
      109.20032660590277,
      108.52487413194444,
      108.98947916666667,
      110.44801215277778,
      112.83447482638888,
      115.23057508680556,
      148.304287109375,
      147.75019422743057,
      116.32033528645833,
      114.59867730034722,
      106.87931206597223,
      99.59732855902777,
      98.13946831597222,
      95.59350477430556,
      90.83847873263889,
      85.38258680555556,
      90.75560221354166,
      90.69492404513889,
      90.54807074652778,
      90.30462348090278,
      90.48107096354167,
      90.545185546875,
      90.38581922743056,
      90.2801953125,
      90.31748155381945,
      90.68642144097223,
      90.68032118055555,
      90.55704644097223,
      90.67970269097222,
      90.67922092013889,
      90.33915256076389,
      90.31866861979167,
      90.2645583767361,
      90.29638997395833,
      90.43471462673611,
      90.43413411458333,
      90.46537760416666,
      90.49546440972222,
      90.45879448784723,
      90.28579969618056,
      90.47462348090278,
      49.845981987847225,
      50.16321831597222,
      49.36379991319444,
      49.155437282986114,
      54.2323828125,
      52.41546440972222,
      52.21947482638889,
      52.159677734375,
      52.44833984375,
      52.53990451388889,
      53.16595703125,
      53.76703016493055,
      53.591167534722224,
      53.55143120659722,
      53.890040147569444,
      53.851482204861114,
      73.52358506944445,
      72.29454861111111,
      70.98114583333333,
      62.43471354166667,
      59.523228081597225,
      60.20169596354167,
      63.12481879340278,
      63.51927300347222,
      62.811527777777776,
      63.03486545138889,
      65.02713107638888,
      72.33014105902778,
      72.39723849826389,
      58.42841579861111,
      58.71919053819445,
      58.710690104166666
    ],
    "brightness_mean": 85.44641203703704,
    "brightness_std": 15.05735625549677,
    "brightness_min": 49.155437282986114,
    "brightness_max": 148.304287109375,
    "brightness_range": 99.14884982638888,
    "lighting_changes": [
      {
        "timestamp": 1.2666666666666666,
        "frame_index": 19,
        "brightness_before": 83.22053927951389,
        "brightness_after": 58.393207465277776,
        "magnitude": 24.82733181423611
      },
      {
        "timestamp": 3.2666666666666666,
        "frame_index": 49,
        "brightness_before": 67.24474934895834,
        "brightness_after": 91.02534288194444,
        "magnitude": 23.780593532986103
      },
      {
        "timestamp": 11.533333333333333,
        "frame_index": 173,
        "brightness_before": 78.031787109375,
        "brightness_after": 101.61273654513889,
        "magnitude": 23.580949435763884
      },
      {
        "timestamp": 15.266666666666666,
        "frame_index": 229,
        "brightness_before": 111.63807291666667,
        "brightness_after": 84.72130316840278,
        "magnitude": 26.91676974826389
      },
      {
        "timestamp": 22.2,
        "frame_index": 333,
        "brightness_before": 85.60246744791667,
        "brightness_after": 64.40905381944444,
        "magnitude": 21.19341362847223
      },
      {
        "timestamp": 24.6,
        "frame_index": 369,
        "brightness_before": 69.97024522569444,
        "brightness_after": 94.73345052083333,
        "magnitude": 24.76320529513889
      },
      {
        "timestamp": 25.53333333333333,
        "frame_index": 383,
        "brightness_before": 115.23057508680556,
        "brightness_after": 148.304287109375,
        "magnitude": 33.07371202256944
      },
      {
        "timestamp": 25.666666666666668,
        "frame_index": 385,
        "brightness_before": 147.75019422743057,
        "brightness_after": 116.32033528645833,
        "magnitude": 31.429858940972238
      },
      {
        "timestamp": 27.866666666666667,
        "frame_index": 418,
        "brightness_before": 90.47462348090278,
        "brightness_after": 49.845981987847225,
        "magnitude": 40.628641493055554
      }
    ],
    "lighting_change_count": 9,
    "setting_type": "indoor",
    "dominant_colors_rgb": [
      [
        "190",
        "187",
        "157"
      ],
      [
        "100",
        "106",
        "103"
      ],
      [
        "49",
        "49",
        "55"
      ]
    ],
    "dominant_colors": [
      "brown",
      "green",
      "blue"
    ]
  },
  "action_signals": {
    "intensity_timeline": [
      0.0,
      0.010268747806549072,
      0.01412598490715027,
      0.007230848073959351,
      0.012387334108352662,
      0.004353098869323731,
      0.007762525081634521,
      0.006254702806472778,
      0.005101654529571533,
      0.007618787884712219,
      0.0065766948461532596,
      0.01082605242729187,
      0.005256646275520325,
      0.002483804225921631,
      0.007769445776939392,
      0.0035194221138954165,
      0.0049054774641990664,
      0.00831160306930542,
      0.0028043735027313233,
      0.09688513755798339,
      0.0013591496646404267,
      0.005066863894462585,
      0.003678838908672333,
      0.001372016966342926,
      0.004019550979137421,
      0.0013674630224704742,
      0.15003232002258302,
      0.0013117583096027374,
      0.0010150457918643952,
      0.002634633779525757,
      0.0012199507653713226,
      0.0017330846190452575,
      0.0016906028985977173,
      0.000709979385137558,
      0.0007228707522153855,
      0.0004508230462670326,
      0.1805892562866211,
      0.007893989682197572,
      0.004748421609401703,
      0.0063385629653930665,
      0.00535710334777832,
      0.010509449243545532,
      0.007606451511383057,
      0.0029993736743927,
      0.005480440258979797,
      0.004240440428256989,
      0.008058851957321167,
      0.00763684630393982,
      0.0076663559675216675,
      0.2009891700744629,
      0.017841540575027466,
      0.023402979373931886,
      0.020319111347198486,
      0.012166264057159424,
      0.01605514645576477,
      0.01764897346496582,
      0.02453885316848755,
      0.02224997043609619,
      0.009762678146362305,
      0.016220468282699584,
      0.006316696405410767,
      0.02531562566757202,
      0.024480886459350586,
      0.015654817819595337,
      0.03889538288116455,
      0.01698631763458252,
      0.031760153770446775,
      0.030102603435516358,
      0.016363457441329957,
      0.028257622718811035,
      0.014212038516998291,
      0.01739771842956543,
      0.0135863196849823,
      0.008674830198287964,
      0.016874046325683595,
      0.011838011741638184,
      0.03377626419067383,
      0.023629255294799804,
      0.016624982357025146,
      0.020005393028259277,
      0.01170769453048706,
      0.033747847080230715,
      0.028672211170196533,
      0.0151163911819458,
      0.024069364070892333,
      0.00837732970714569,
      0.020821533203125,
      0.031186525821685792,
      0.023996129035949706,
      0.03823122501373291,
      0.012127318382263184,
      0.022227447032928466,
      0.01952594518661499,
      0.012459717988967896,
      0.03024857521057129,
      0.015452638864517212,
      0.02589404344558716,
      0.02383864641189575,
      0.015186178684234618,
      0.02437068462371826,
      0.019355783462524413,
      0.032944495677948,
      0.03396379709243774,
      0.017414885759353637,
      0.021097774505615233,
      0.009533286690711976,
      0.014927139282226562,
      0.021742570400238036,
      0.011320606470108033,
      0.01175062894821167,
      0.007277613878250122,
      0.011547048091888428,
      0.15461353302001954,
      0.016736316680908202,
      0.0299713134765625,
      0.01772192358970642,
      0.028540055751800537,
      0.015365756750106811,
      0.00877396821975708,
      0.02309570074081421,
      0.011636290550231933,
      0.02182546615600586,
      0.0340329122543335,
      0.01938101530075073,
      0.02918097496032715,
      0.01606867551803589,
      0.025482327938079835,
      0.012526196241378785,
      0.021271347999572754,
      0.023835463523864744,
      0.009330918192863464,
      0.017508045434951783,
      0.00907726287841797,
      0.018496307134628295,
      0.015847315788269044,
      0.007484685182571411,
      0.00735573947429657,
      0.13602538108825685,
      0.047591233253479005,
      0.06613273143768311,
      0.02930137872695923,
      0.05670825004577637,
      0.033592023849487306,
      0.08145096778869629,
      0.0907662010192871,
      0.04451712608337402,
      0.06706249237060546,
      0.03452646732330322,
      0.075286865234375,
      0.08596488952636719,
      0.04889242172241211,
      0.09557096481323242,
      0.049114198684692384,
      0.07571673393249512,
      0.07035535335540771,
      0.0439064884185791,
      0.0896662425994873,
      0.047959666252136234,
      0.08896470069885254,
      0.08949878692626953,
      0.053890342712402346,
      0.0957515811920166,
      0.04816174507141113,
      0.09893898963928223,
      0.11236598968505859,
      0.06667425632476806,
      0.10771659851074218,
      0.05420730590820313,
      0.08520970344543458,
      0.06727018356323242,
      0.03504652738571167,
      0.06127969264984131,
      0.02743248701095581,
      0.13088069915771483,
      0.021442058086395262,
      0.00969432532787323,
      0.022872517108917235,
      0.012627760171890259,
      0.02193953275680542,
      0.010249664783477783,
      0.005194537043571472,
      0.011596864461898804,
      0.010850257873535156,
      0.027531683444976807,
      0.020444338321685792,
      0.004661278426647186,
      0.008287787437438965,
      0.0028544765710830687,
      0.01094084620475769,
      0.012586126327514649,
      0.006467961072921753,
      0.01600168824195862,
      0.012369680404663085,
      0.022565536499023438,
      0.019639644622802734,
      0.0082420414686203,
      0.01433275818824768,
      0.008834246397018432,
      0.02410468816757202,
      0.12351992607116699,
      0.003225223124027252,
      0.005834587812423706,
      0.007519283890724182,
      0.003301830589771271,
      0.010152630805969239,
      0.009041529893875123,
      0.00566133439540863,
      0.007327026128768921,
      0.01948101043701172,
      0.008692798614501953,
      0.002458670735359192,
      0.004825897514820099,
      0.0118432879447937,
      0.012912766933441162,
      0.011245086193084716,
      0.015592106580734254,
      0.01117643117904663,
      0.01138466477394104,
      0.01028786063194275,
      0.018165369033813477,
      0.00823779582977295,
      0.007780397534370423,
      0.011753945350646973,
      0.018059408664703368,
      0.010886291265487671,
      0.006154274344444275,
      0.00948340117931366,
      0.008969073295593261,
      0.016377722024917604,
      0.14533313751220703,
      0.012981019020080566,
      0.020167014598846435,
      0.008519987463951112,
      0.021713545322418214,
      0.021707139015197753,
      0.00960461974143982,
      0.01635901093482971,
      0.00787233591079712,
      0.011058248281478882,
      0.0074038559198379515,
      0.0029876241087913513,
      0.009828406572341918,
      0.004394105970859528,
      0.011298638582229615,
      0.015342870950698853,
      0.006490988731384277,
      0.13906192779541016,
      0.02834812879562378,
      0.053254623413085934,
      0.04860560417175293,
      0.024052238464355467,
      0.03390691757202149,
      0.018076087236404418,
      0.03138021469116211,
      0.0173397958278656,
      0.047996540069580075,
      0.06375896453857421,
      0.034844737052917484,
      0.046415886878967284,
      0.026518931388854982,
      0.04864402770996094,
      0.046150131225585936,
      0.020145976543426515,
      0.025089128017425535,
      0.010747350454330444,
      0.02082185983657837,
      0.02760369539260864,
      0.014775732755661011,
      0.025083892345428467,
      0.13034190177917482,
      0.17857446670532226,
      0.1953778839111328,
      0.09738673210144043,
      0.11947840690612793,
      0.045635128021240236,
      0.03536932468414307,
      0.12688493728637695,
      0.07570807456970215,
      0.1300401782989502,
      0.06340698719024658,
      0.10008514404296875,
      0.062038087844848634,
      0.0312027645111084,
      0.08118022918701172,
      0.06014359951019287,
      0.09519573211669922,
      0.06517700672149658,
      0.026833653450012207,
      0.05977707862854004,
      0.04765374660491943,
      0.14933876037597657,
      0.019701420068740844,
      0.015868029594421386,
      0.027089660167694093,
      0.01186338186264038,
      0.018916664123535157,
      0.03386070966720581,
      0.014789190292358399,
      0.021384453773498534,
      0.008558831214904784,
      0.012982679605484009,
      0.01578640580177307,
      0.006861243844032288,
      0.005729009509086609,
      0.005344014167785644,
      0.014521008729934693,
      0.014013140201568604,
      0.006626207232475281,
      0.013834638595581055,
      0.007019394040107727,
      0.007945898175239562,
      0.008248621225357055,
      0.006114625334739685,
      0.017941415309906006,
      0.18473098754882813,
      0.0627963399887085,
      0.06217388153076172,
      0.028296139240264893,
      0.07252450942993165,
      0.03138788223266602,
      0.08431641578674316,
      0.04732330322265625,
      0.05903823852539063,
      0.04200747489929199,
      0.030922937393188476,
      0.08041991233825684,
      0.0350547194480896,
      0.05786281585693359,
      0.042459416389465335,
      0.05935198783874512,
      0.08281979560852051,
      0.060727076530456545,
      0.03167133092880249,
      0.1809224319458008,
      0.01147011160850525,
      0.020787780284881593,
      0.019883432388305665,
      0.015896174907684326,
      0.019005298614501953,
      0.012081031799316405,
      0.039186220169067386,
      0.023952226638793945,
      0.028008887767791747,
      0.02881624698638916,
      0.015734496116638182,
      0.03370808362960816,
      0.15464702606201172,
      0.009384946227073669,
      0.024567081928253173,
      0.01138126254081726,
      0.02992605209350586,
      0.013352086544036865,
      0.008641352653503418,
      0.024611802101135255,
      0.007407314777374267,
      0.013240313529968262,
      0.009574593901634216,
      0.005203979015350342,
      0.012184377908706665,
      0.004577802121639251,
      0.021381399631500243,
      0.014931259155273437,
      0.00841866910457611,
      0.013792698383331298,
      0.005275461673736572,
      0.013079403638839722,
      0.008408318161964417,
      0.003582254350185394,
      0.011304891109466553,
      0.13390832901000976,
      0.15211596488952636,
      0.12328391075134278,
      0.0825130844116211,
      0.12498308181762695,
      0.1021749210357666,
      0.12160784721374512,
      0.038544270992279056,
      0.07668176651000977,
      0.0662174415588379,
      0.044521088600158694,
      0.09466100692749023,
      0.04970948696136475,
      0.09751442909240722,
      0.13735348701477051,
      0.0576645565032959,
      0.11464279174804687,
      0.07041513442993164,
      0.14672511100769042,
      0.12806836128234864,
      0.05765197277069092,
      0.14267680168151856,
      0.08831520080566406,
      0.09647889137268066,
      0.19145469665527343,
      0.010312645435333253,
      0.027837679386138917,
      0.01225957989692688,
      0.013847806453704835,
      0.02325464963912964,
      0.014314463138580322,
      0.03669520854949951,
      0.013619490861892701,
      0.017896864414215088,
      0.013021955490112305,
      0.009135238528251648,
      0.004780420362949372,
      0.008014458417892455,
      0.02661393165588379,
      0.01305513858795166,
      0.008878681063652038,
      0.0045719024538993834,
      0.0045631170272827145,
      0.0150871741771698,
      0.01567473530769348,
      0.004324028491973877,
      0.008546990156173707,
      0.008381019234657288,
      0.012759255170822143,
      0.16648624420166017,
      0.06189998149871826,
      0.06096226692199707,
      0.057055273056030274,
      0.08165450096130371,
      0.06800461292266846,
      0.030490641593933106,
      0.06392930984497071,
      0.05320174217224121,
      0.08477153778076171,
      0.07111001014709473,
      0.04089804649353027,
      0.07477118015289307,
      0.044493336677551266,
      0.07776035785675049,
      0.055340304374694824,
      0.08107198715209961,
      0.019686355590820312,
      0.015300949811935425,
      0.045339865684509276,
      0.02538898468017578,
      0.010910587310791016,
      0.011852096319198608,
      0.011204081773757934,
      0.012252916097640992,
      0.01616211771965027,
      0.009480055570602417,
      0.024119820594787598,
      0.018037928342819212,
      0.08798067092895508,
      0.026001131534576415,
      0.013010255098342895
    ],
    "intensity_mean": 0.035444358150743774,
    "intensity_std": 0.0396247495666514,
    "intensity_min": 0.0,
    "intensity_max": 0.2009891700744629,
    "intensity_trend": "stable",
    "peak_moments": [
      {
        "timestamp": 1.7333333333333334,
        "frame_index": 26,
        "intensity": 0.15003232002258302,
        "moment_type": "peak"
      },
      {
        "timestamp": 2.4,
        "frame_index": 36,
        "intensity": 0.1805892562866211,
        "moment_type": "peak"
      },
      {
        "timestamp": 3.2666666666666666,
        "frame_index": 49,
        "intensity": 0.2009891700744629,
        "moment_type": "peak"
      },
      {
        "timestamp": 7.466666666666667,
        "frame_index": 112,
        "intensity": 0.15461353302001954,
        "moment_type": "peak"
      },
      {
        "timestamp": 9.133333333333333,
        "frame_index": 137,
        "intensity": 0.13602538108825685,
        "moment_type": "peak"
      },
      {
        "timestamp": 11.533333333333333,
        "frame_index": 173,
        "intensity": 0.13088069915771483,
        "moment_type": "peak"
      },
      {
        "timestamp": 13.266666666666666,
        "frame_index": 199,
        "intensity": 0.12351992607116699,
        "moment_type": "peak"
      },
      {
        "timestamp": 15.266666666666666,
        "frame_index": 229,
        "intensity": 0.14533313751220703,
        "moment_type": "peak"
      },
      {
        "timestamp": 16.4,
        "frame_index": 246,
        "intensity": 0.13906192779541016,
        "moment_type": "peak"
      },
      {
        "timestamp": 18.066666666666666,
        "frame_index": 271,
        "intensity": 0.1953778839111328,
        "moment_type": "peak"
      },
      {
        "timestamp": 19.333333333333332,
        "frame_index": 290,
        "intensity": 0.14933876037597657,
        "moment_type": "peak"
      },
      {
        "timestamp": 20.933333333333334,
        "frame_index": 314,
        "intensity": 0.18473098754882813,
        "moment_type": "peak"
      },
      {
        "timestamp": 22.2,
        "frame_index": 333,
        "intensity": 0.1809224319458008,
        "moment_type": "peak"
      },
      {
        "timestamp": 23.066666666666666,
        "frame_index": 346,
        "intensity": 0.15464702606201172,
        "moment_type": "peak"
      },
      {
        "timestamp": 24.666666666666668,
        "frame_index": 370,
        "intensity": 0.15211596488952636,
        "moment_type": "peak"
      },
      {
        "timestamp": 26.2,
        "frame_index": 393,
        "intensity": 0.19145469665527343,
        "moment_type": "peak"
      },
      {
        "timestamp": 27.866666666666667,
        "frame_index": 418,
        "intensity": 0.16648624420166017,
        "moment_type": "peak"
      }
    ],
    "valley_moments": [
      {
        "timestamp": 2.3333333333333335,
        "frame_index": 35,
        "intensity": 0.0004508230462670326,
        "moment_type": "valley"
      },
      {
        "timestamp": 2.8666666666666667,
        "frame_index": 43,
        "intensity": 0.0029993736743927,
        "moment_type": "valley"
      },
      {
        "timestamp": 4.0,
        "frame_index": 60,
        "intensity": 0.006316696405410767,
        "moment_type": "valley"
      },
      {
        "timestamp": 9.066666666666666,
        "frame_index": 136,
        "intensity": 0.00735573947429657,
        "moment_type": "valley"
      },
      {
        "timestamp": 11.466666666666667,
        "frame_index": 172,
        "intensity": 0.02743248701095581,
        "moment_type": "valley"
      },
      {
        "timestamp": 12.466666666666667,
        "frame_index": 187,
        "intensity": 0.0028544765710830687,
        "moment_type": "valley"
      },
      {
        "timestamp": 14.0,
        "frame_index": 210,
        "intensity": 0.002458670735359192,
        "moment_type": "valley"
      },
      {
        "timestamp": 16.0,
        "frame_index": 240,
        "intensity": 0.0029876241087913513,
        "moment_type": "valley"
      },
      {
        "timestamp": 17.6,
        "frame_index": 264,
        "intensity": 0.010747350454330444,
        "moment_type": "valley"
      },
      {
        "timestamp": 19.133333333333333,
        "frame_index": 287,
        "intensity": 0.026833653450012207,
        "moment_type": "valley"
      },
      {
        "timestamp": 20.266666666666666,
        "frame_index": 304,
        "intensity": 0.005344014167785644,
        "moment_type": "valley"
      },
      {
        "timestamp": 21.133333333333333,
        "frame_index": 317,
        "intensity": 0.028296139240264893,
        "moment_type": "valley"
      },
      {
        "timestamp": 22.266666666666666,
        "frame_index": 334,
        "intensity": 0.01147011160850525,
        "moment_type": "valley"
      },
      {
        "timestamp": 24.466666666666665,
        "frame_index": 367,
        "intensity": 0.003582254350185394,
        "moment_type": "valley"
      },
      {
        "timestamp": 25.066666666666666,
        "frame_index": 376,
        "intensity": 0.038544270992279056,
        "moment_type": "valley"
      },
      {
        "timestamp": 27.599999999999998,
        "frame_index": 414,
        "intensity": 0.004324028491973877,
        "moment_type": "valley"
      }
    ],
    "peak_timestamps": [
      1.7333333333333334,
      2.4,
      3.2666666666666666,
      7.466666666666667,
      9.133333333333333,
      11.533333333333333,
      13.266666666666666,
      15.266666666666666,
      16.4,
      18.066666666666666,
      19.333333333333332,
      20.933333333333334,
      22.2,
      23.066666666666666,
      24.666666666666668,
      26.2,
      27.866666666666667
    ],
    "valley_timestamps": [
      2.3333333333333335,
      2.8666666666666667,
      4.0,
      9.066666666666666,
      11.466666666666667,
      12.466666666666667,
      14.0,
      16.0,
      17.6,
      19.133333333333333,
      20.266666666666666,
      21.133333333333333,
      22.266666666666666,
      24.466666666666665,
      25.066666666666666,
      27.599999999999998
    ],
    "peak_count": 17,
    "valley_count": 16,
    "action_variance": 0.0015701207782198403
  },
  "temporal_signals": {
    "frame_change_scores": [
      0.0,
      0.034733024540777424,
      0.05652082482147058,
      0.01768751592883655,
      0.04424491241072459,
      0.011513363304213597,
      0.025468475759529263,
      0.01897236922229162,
      0.013097967935473132,
      0.0241268823566142,
      0.020803284207615125,
      0.04484345585135607,
      0.015481049386103729,
      0.0053474138012682415,
      0.029555642621555744,
      0.007902859397597828,
      0.011465995075861213,
      0.02848339090804175,
      0.004936194208797207,
      0.7535539377787177,
      0.003048387697677013,
      0.025905549269895523,
      0.014024039916694542,
      0.0031647274929719194,
      0.01785078369061044,
      0.003691809612147323,
      0.8190309195079191,
      0.0032260297957907857,
      0.0017564098839615294,
      0.008972031234936284,
      0.0023742304536573666,
      0.00459246289409887,
      0.005699744266591034,
      0.0011563108622607565,
      0.0010135564089208682,
      0.0005161042876528077,
      0.7621413566067846,
      0.03433148458141133,
      0.016115801355401138,
      0.027078219640197965,
      0.02152514741609801,
      0.05156978611005081,
      0.03199675379316047,
      0.009280105583720943,
      0.025155161660927683,
      0.012234962902382351,
      0.02918854797924142,
      0.03576126514276645,
      0.03257222432850315,
      0.8569455652481863,
      0.06353136850306795,
      0.08766378682366638,
      0.0719602043189368,
      0.029777981391344244,
      0.04985584995884029,
      0.05881059598573968,
      0.09445055240160449,
      0.07388845266583466,
      0.02049805511480285,
      0.046949799638458245,
      0.01402726189617498,
      0.09596617997125445,
      0.0952462703481165,
      0.06683348647178389,
      0.13887390570274394,
      0.06481870113260801,
      0.11476252091148775,
      0.11194681728712497,
      0.05048077091859393,
      0.1042229432890458,
      0.04356133852374877,
      0.06563920970834725,
      0.04756512070798169,
      0.02200971599711299,
      0.058842095087441426,
      0.04067337247809977,
      0.12111088058890718,
      0.11570094549704468,
      0.06640273280999442,
      0.07369689890209397,
      0.034639970098075845,
      0.11475671577846547,
      0.1302218936583034,
      0.07607381605577701,
      0.10254059066241894,
      0.027602996731568963,
      0.07680421191176812,
      0.14674120467463048,
      0.11461126093186813,
      0.14978213176560573,
      0.055237832559887345,
      0.08793795738677512,
      0.07582971032130381,
      0.048662790590223715,
      0.12124980862028112,
      0.06323075157014113,
      0.09834745382442722,
      0.0797510548561775,
      0.06287461827117224,
      0.12822145477843494,
      0.08894431146066184,
      0.13265896555659196,
      0.13034585946528154,
      0.07066700261822323,
      0.09643353819507838,
      0.035019930578627734,
      0.05901868707380098,
      0.10526879954042667,
      0.06019855560926701,
      0.04889443879643085,
      0.021365782945828138,
      0.03869971263731786,
      0.8611888388932774,
      0.0827958993508996,
      0.187091492436255,
      0.09993251340483966,
      0.1778169345954863,
      0.07521153750751197,
      0.0346697892224167,
      0.12261228651432432,
      0.05090695832693071,
      0.11812233747245215,
      0.16398634265793643,
      0.10596547544480839,
      0.1517402559168588,
      0.08936564747247133,
      0.1257941612778064,
      0.043967803474740275,
      0.1002879504000257,
      0.128170594494746,
      0.03223231863571996,
      0.08271258830621475,
      0.03630008280628594,
      0.09973725713490045,
      0.07102602436801109,
      0.02308500662007773,
      0.023673731103653672,
      0.7995742063146524,
      0.2555687340476366,
      0.34304248435910956,
      0.15084255660013157,
      0.29346980628450003,
      0.1842563628127104,
      0.35917830491344116,
      0.39889184867221694,
      0.23673613736357746,
      0.3148009746967724,
      0.1752353378622623,
      0.3530835183595593,
      0.39706203662651696,
      0.2835674383260621,
      0.4351576678584368,
      0.27806882341759687,
      0.36819649676321775,
      0.3411518856058362,
      0.23069767432326693,
      0.39397220073865,
      0.24320346817950744,
      0.36418445452440984,
      0.37919973188718925,
      0.284108996623356,
      0.4051153207882048,
      0.27171035336633886,
      0.404850127661312,
      0.4386372964945827,
      0.3289461523119386,
      0.3999462174485052,
      0.273783310862594,
      0.3922660411418949,
      0.3925433364751406,
      0.2368950144777735,
      0.35446688717315944,
      0.1543307495235242,
      0.7696511653254424,
      0.07681393294811623,
      0.03067158400774017,
      0.10340143370898791,
      0.041832202824038434,
      0.08786502783633598,
      0.026629442977707196,
      0.007511387529742675,
      0.034564708537918154,
      0.028911046737722268,
      0.11140855166970254,
      0.0741958030167339,
      0.006582012137187232,
      0.018643145054985655,
      0.0035503868298376595,
      0.03125055706940727,
      0.03989630143752987,
      0.011789915475211132,
      0.05292525107089174,
      0.03274979248308352,
      0.08096819825378665,
      0.06705078561562894,
      0.017292334703505885,
      0.048588025798568024,
      0.021161992087350034,
      0.1114979120160563,
      0.7824573644778953,
      0.003552987787777462,
      0.013677742609536359,
      0.01284263985467693,
      0.003175125859320116,
      0.021465543168012524,
      0.01676330801460235,
      0.008740281000699679,
      0.014200914824103683,
      0.06224055696598352,
      0.015904960821941372,
      0.0035313139597351606,
      0.007896898597490543,
      0.027072968562461663,
      0.033708188909301606,
      0.02692261526834594,
      0.04191630969808691,
      0.02915997371367174,
      0.023783612359429385,
      0.022393644486339626,
      0.0537732049825026,
      0.0148877007866427,
      0.014358683210875078,
      0.02821263990701761,
      0.053282026005121,
      0.025340400018738607,
      0.00975595406033869,
      0.022470705164821192,
      0.015347176545378538,
      0.049479457771759106,
      0.8029856183891311,
      0.04676520411137697,
      0.0745153258271839,
      0.022840358889176238,
      0.0673722957854962,
      0.06377297198356224,
      0.022044574260894234,
      0.0497783216267218,
      0.020006467626054514,
      0.03228877475282865,
      0.016795834661260667,
      0.0033302204288540027,
      0.03050394843239501,
      0.015348398335762292,
      0.04353863605324504,
      0.059135576305543336,
      0.02737215293075279,
      0.8048168274784168,
      0.10796033602796462,
      0.20528339832481524,
      0.2012610774592415,
      0.10129111742073005,
      0.12756744970727263,
      0.06320356018104212,
      0.12475450327607263,
      0.0560329643071078,
      0.20361393373000092,
      0.2764421000594953,
      0.1465006023747769,
      0.2455208263897719,
      0.10985309697710821,
      0.19400858696110412,
      0.17290897524608717,
      0.07370075377098584,
      0.09223776846178644,
      0.029765688476173446,
      0.07840049153065065,
      0.11658822048571382,
      0.05368332616378191,
      0.10372185644388532,
      0.8263024288926006,
      0.6233848519356998,
      0.6092082381296993,
      0.4261929586701442,
      0.48694457725980755,
      0.22332145916370594,
      0.14933577252556685,
      0.5888301958170679,
      0.4019390459984702,
      0.6038033979536918,
      0.33590396926009725,
      0.5068965684766344,
      0.33188860916616103,
      0.1214160455355977,
      0.33190739595003116,
      0.23669545322478291,
      0.37011283279271867,
      0.31405052523016397,
      0.09324877599170944,
      0.3111390757441903,
      0.22647381677102607,
      0.8585140617189251,
      0.14385401641993456,
      0.09934564737848983,
      0.12359451552883594,
      0.04271509141580687,
      0.07623758121016055,
      0.11657565284870108,
      0.05024142043614033,
      0.08147282816117296,
      0.021494767257516534,
      0.03876845316012434,
      0.0485496016467154,
      0.011317426120356022,
      0.00763866994593243,
      0.008879295504193196,
      0.045274483324431625,
      0.04990676106754588,
      0.019992660788450856,
      0.049640522686307476,
      0.017320543949019385,
      0.024364864144907017,
      0.019317123958964122,
      0.019806479077136507,
      0.07436087603797326,
      0.8251305898430489,
      0.3126635194078963,
      0.30394591788698055,
      0.12214492020993506,
      0.34031104569326165,
      0.14679783861707985,
      0.37790678917896736,
      0.2175552220325483,
      0.2776606329196498,
      0.1972909021106144,
      0.14401051603922288,
      0.4021528755958882,
      0.1648667100953627,
      0.272599013514502,
      0.18124882855272717,
      0.271562019226535,
      0.38591160012453585,
      0.30079474107197957,
      0.1310689931527469,
      0.8399981198660256,
      0.07674920033063526,
      0.09791013178653551,
      0.0955651234546353,
      0.08540912979388748,
      0.10234698715550283,
      0.04292543266225535,
      0.18262965379991303,
      0.10934457614791249,
      0.13801558895708954,
      0.13438713717749629,
      0.06071031265349125,
      0.14411569775889377,
      0.8072939539474123,
      0.018621946999514583,
      0.09956779702727003,
      0.0289848184999858,
      0.14778644554562925,
      0.04421822983556334,
      0.020284557410040205,
      0.09926845737423107,
      0.017270163991170984,
      0.04159415333060312,
      0.02853058332011993,
      0.011472032884943695,
      0.040063817607653984,
      0.009362154538481549,
      0.08999598752849491,
      0.05366068949731295,
      0.023547395067637256,
      0.047142199674825136,
      0.011214066714044235,
      0.04297937794397011,
      0.02750557022049871,
      0.008026832124850003,
      0.03738735366856716,
      0.8266415709384338,
      0.500739126261601,
      0.4046349354989811,
      0.33189702776892127,
      0.3985932555632232,
      0.36765001296676525,
      0.4189310483333494,
      0.21391093567622688,
      0.3885822017504047,
      0.2954626581014641,
      0.2136397008360208,
      0.40498030979943545,
      0.29342672357836774,
      0.3908611020561096,
      0.4276612444455704,
      0.2592011780908994,
      0.46135531116855544,
      0.36133957882276757,
      0.44534530764472013,
      0.45784441946527854,
      0.31696600326381974,
      0.47134377550807816,
      0.40450811839823486,
      0.42157622738823175,
      0.7679645067081708,
      0.02606430243382607,
      0.1323410166729786,
      0.04357856027073592,
      0.050317676732611116,
      0.16412761084065208,
      0.05029125367968379,
      0.3244614535773239,
      0.04341985100243961,
      0.11953556296138057,
      0.0547968972190197,
      0.03239210314348395,
      0.011956268910829015,
      0.014799927972391713,
      0.21203331474331588,
      0.07427208892185622,
      0.032546988829654455,
      0.012944279962750604,
      0.009130715030839398,
      0.08474189323283121,
      0.07324581107761974,
      0.007884734426629292,
      0.022723535384736704,
      0.02293218093497973,
      0.05443810319067521,
      0.8039727702505649,
      0.26180794016318953,
      0.2941176026659378,
      0.2752232452675182,
      0.3758962640082917,
      0.3139709511622799,
      0.14660096245237686,
      0.24321383380906936,
      0.18737778871739863,
      0.37263654591329454,
      0.38388461127044493,
      0.24574494380419354,
      0.41523183933850594,
      0.2428692745624964,
      0.36947286378384425,
      0.28147114918434724,
      0.6747957169380244,
      0.24965068288279157,
      0.18994329358727857,
      0.35716351316116035,
      0.28945371852580304,
      0.21018770494157257,
      0.2702689120572468,
      0.2115640563078216,
      0.2793977208812217,
      0.24418720370380165,
      0.140923969461887,
      0.28231952555391526,
      0.18297945069801702,
      0.7504648845459512,
      0.13804270884457914,
      0.05287561024697007
    ],
    "change_score_mean": 0.16306412609855367,
    "change_score_std": 0.19161730429675009,
    "change_score_max": 0.8611888388932774,
    "temporal_gaps": [
      {
        "start_time": 1.8,
        "end_time": 2.3333333333333335,
        "duration": 0.5333333333333334,
        "start_frame": 27,
        "end_frame": 35,
        "avg_change": 0.003256320009763367
      }
    ],
    "temporal_gap_count": 1,
    "temporal_gap_total_duration": 0.5333333333333334,
    "transition_similarity_scores": [
      0.14305443475181365,
      0.1388111611067226,
      0.23034883467455758,
      0.21754263552210473,
      0.1736975711073994,
      0.16000188013397437,
      0.19270604605258765,
      0.5723387555544296,
      0.5386446888314446,
      0.5546546923552799,
      0.2320354932918291,
      0.19602722974943507
    ],
    "transition_similarity_mean": 0.27915528526096484,
    "temporal_density": 6.78173719376392
  },
  "metadata": {
    "video_path": "/vol/videos/core/produced_digital/commercials/kW46iX_2tFo.mp4",
    "dataset": "produced_digital/commercials",
    "tier": "produced_digital",
    "study_type": "core",
    "source_fps": 23.976023976023978,
    "experiment_version": "3.2"
  }
}