{
  "video_id": "kW46iX_2tFo",
  "fps": 1.0,
  "duration": 29.0,
  "frame_count": 30,
  "scene_signals": {
    "transition_count": 9,
    "transition_timestamps": [
      4.0,
      8.0,
      14.0,
      18.0,
      23.0,
      24.0,
      25.0,
      27.0,
      28.0
    ],
    "transition_types": [
      "hard_cut",
      "hard_cut",
      "hard_cut",
      "hard_cut",
      "soft_cut",
      "soft_cut",
      "soft_cut",
      "soft_cut",
      "hard_cut"
    ],
    "transition_magnitudes": [
      817.4812158792403,
      4822.65490563894,
      87.19463296057054,
      250.68868472970507,
      32.50142440105304,
      48.556144843274254,
      33.01514995815516,
      58.71280034151021,
      84.80660037064266
    ],
    "scene_count": 10,
    "scene_durations": [
      4.0,
      4.0,
      6.0,
      4.0,
      5.0,
      1.0,
      1.0,
      2.0,
      1.0,
      1.0
    ],
    "scene_duration_mean": 2.9,
    "scene_duration_std": 1.8138357147217055,
    "scene_duration_min": 1.0,
    "scene_duration_max": 6.0,
    "scene_types": [
      "unknown",
      "unknown",
      "unknown",
      "unknown",
      "unknown",
      "unknown",
      "unknown",
      "unknown",
      "unknown",
      "unknown"
    ],
    "transitions": [
      {
        "timestamp": 4.0,
        "frame_index": 4,
        "transition_type": "hard_cut",
        "magnitude": 817.4812158792403
      },
      {
        "timestamp": 8.0,
        "frame_index": 8,
        "transition_type": "hard_cut",
        "magnitude": 4822.65490563894
      },
      {
        "timestamp": 14.0,
        "frame_index": 14,
        "transition_type": "hard_cut",
        "magnitude": 87.19463296057054
      },
      {
        "timestamp": 18.0,
        "frame_index": 18,
        "transition_type": "hard_cut",
        "magnitude": 250.68868472970507
      },
      {
        "timestamp": 23.0,
        "frame_index": 23,
        "transition_type": "soft_cut",
        "magnitude": 32.50142440105304
      },
      {
        "timestamp": 24.0,
        "frame_index": 24,
        "transition_type": "soft_cut",
        "magnitude": 48.556144843274254
      },
      {
        "timestamp": 25.0,
        "frame_index": 25,
        "transition_type": "soft_cut",
        "magnitude": 33.01514995815516
      },
      {
        "timestamp": 27.0,
        "frame_index": 27,
        "transition_type": "soft_cut",
        "magnitude": 58.71280034151021
      },
      {
        "timestamp": 28.0,
        "frame_index": 28,
        "transition_type": "hard_cut",
        "magnitude": 84.80660037064266
      }
    ],
    "scenes": [
      {
        "start_time": 0.0,
        "end_time": 4.0,
        "duration": 4.0,
        "scene_type": "unknown",
        "start_frame": 0,
        "end_frame": 3
      },
      {
        "start_time": 4.0,
        "end_time": 8.0,
        "duration": 4.0,
        "scene_type": "unknown",
        "start_frame": 4,
        "end_frame": 7
      },
      {
        "start_time": 8.0,
        "end_time": 14.0,
        "duration": 6.0,
        "scene_type": "unknown",
        "start_frame": 8,
        "end_frame": 13
      },
      {
        "start_time": 14.0,
        "end_time": 18.0,
        "duration": 4.0,
        "scene_type": "unknown",
        "start_frame": 14,
        "end_frame": 17
      },
      {
        "start_time": 18.0,
        "end_time": 23.0,
        "duration": 5.0,
        "scene_type": "unknown",
        "start_frame": 18,
        "end_frame": 22
      },
      {
        "start_time": 23.0,
        "end_time": 24.0,
        "duration": 1.0,
        "scene_type": "unknown",
        "start_frame": 23,
        "end_frame": 23
      },
      {
        "start_time": 24.0,
        "end_time": 25.0,
        "duration": 1.0,
        "scene_type": "unknown",
        "start_frame": 24,
        "end_frame": 24
      },
      {
        "start_time": 25.0,
        "end_time": 27.0,
        "duration": 2.0,
        "scene_type": "unknown",
        "start_frame": 25,
        "end_frame": 26
      },
      {
        "start_time": 27.0,
        "end_time": 28.0,
        "duration": 1.0,
        "scene_type": "unknown",
        "start_frame": 27,
        "end_frame": 27
      },
      {
        "start_time": 28.0,
        "end_time": 29.0,
        "duration": 1.0,
        "scene_type": "unknown",
        "start_frame": 28,
        "end_frame": 29
      }
    ]
  },
  "character_signals": {
    "person_counts_per_frame": [
      1,
      1,
      1,
      1,
      1,
      1,
      1,
      1,
      2,
      2,
      2,
      3,
      4,
      4,
      1,
      1,
      1,
      2,
      5,
      7,
      1,
      1,
      1,
      2,
      2,
      2,
      2,
      2,
      1,
      1
    ],
    "person_count_mode": 1,
    "person_count_mean": 1.9,
    "person_count_std": 1.398809017223819,
    "person_count_min": 1,
    "person_count_max": 7,
    "person_count_distribution": {
      "1": 16,
      "2": 9,
      "3": 1,
      "4": 2,
      "5": 1,
      "7": 1
    },
    "character_consistency": 0.5333333333333333,
    "entry_events": [
      {
        "timestamp": 8.0,
        "frame_index": 8,
        "event_type": "entry",
        "count_before": 1,
        "count_after": 2
      },
      {
        "timestamp": 11.0,
        "frame_index": 11,
        "event_type": "entry",
        "count_before": 2,
        "count_after": 3
      },
      {
        "timestamp": 12.0,
        "frame_index": 12,
        "event_type": "entry",
        "count_before": 3,
        "count_after": 4
      },
      {
        "timestamp": 17.0,
        "frame_index": 17,
        "event_type": "entry",
        "count_before": 1,
        "count_after": 2
      },
      {
        "timestamp": 18.0,
        "frame_index": 18,
        "event_type": "entry",
        "count_before": 2,
        "count_after": 5
      },
      {
        "timestamp": 19.0,
        "frame_index": 19,
        "event_type": "entry",
        "count_before": 5,
        "count_after": 7
      },
      {
        "timestamp": 23.0,
        "frame_index": 23,
        "event_type": "entry",
        "count_before": 1,
        "count_after": 2
      }
    ],
    "exit_events": [
      {
        "timestamp": 14.0,
        "frame_index": 14,
        "event_type": "exit",
        "count_before": 4,
        "count_after": 1
      },
      {
        "timestamp": 20.0,
        "frame_index": 20,
        "event_type": "exit",
        "count_before": 7,
        "count_after": 1
      },
      {
        "timestamp": 28.0,
        "frame_index": 28,
        "event_type": "exit",
        "count_before": 2,
        "count_after": 1
      }
    ],
    "entry_count": 7,
    "exit_count": 3,
    "entry_exit_total": 10,
    "entry_timestamps": [
      8.0,
      11.0,
      12.0,
      17.0,
      18.0,
      19.0,
      23.0
    ],
    "exit_timestamps": [
      14.0,
      20.0,
      28.0
    ]
  },
  "visual_signals": {
    "unique_objects": [
      "person",
      "couch",
      "chair",
      "dining table",
      "bed",
      "tv",
      "bottle",
      "cell phone",
      "car"
    ],
    "unique_object_count": 9,
    "persistent_objects": [
      "person"
    ],
    "persistent_object_count": 1,
    "transient_objects": [
      "couch",
      "chair",
      "dining table",
      "bed",
      "tv",
      "bottle",
      "cell phone",
      "car"
    ],
    "transient_object_count": 8,
    "object_frequency": {
      "person": 1.0,
      "couch": 0.2,
      "chair": 0.2,
      "dining table": 0.16666666666666666,
      "bed": 0.03333333333333333,
      "tv": 0.06666666666666667,
      "bottle": 0.06666666666666667,
      "cell phone": 0.03333333333333333,
      "car": 0.06666666666666667
    },
    "object_frame_counts": {
      "person": 30,
      "couch": 6,
      "chair": 6,
      "dining table": 5,
      "bed": 1,
      "tv": 2,
      "bottle": 2,
      "cell phone": 1,
      "car": 2
    },
    "object_first_appearance": {
      "person": 0.0,
      "couch": 2.0,
      "chair": 4.0,
      "dining table": 4.0,
      "bed": 6.0,
      "tv": 7.0,
      "bottle": 12.0,
      "cell phone": 24.0,
      "car": 25.0
    },
    "object_last_appearance": {
      "person": 29.0,
      "couch": 28.0,
      "chair": 20.0,
      "dining table": 16.0,
      "bed": 6.0,
      "tv": 16.0,
      "bottle": 13.0,
      "cell phone": 24.0,
      "car": 26.0
    },
    "objects_per_frame": [
      [
        "person"
      ],
      [
        "person"
      ],
      [
        "person",
        "couch"
      ],
      [
        "person",
        "couch"
      ],
      [
        "person",
        "chair",
        "dining table"
      ],
      [
        "person",
        "chair",
        "dining table"
      ],
      [
        "person",
        "chair",
        "bed",
        "dining table"
      ],
      [
        "person",
        "chair",
        "tv",
        "dining table"
      ],
      [
        "person"
      ],
      [
        "person"
      ],
      [
        "person"
      ],
      [
        "person"
      ],
      [
        "bottle",
        "person"
      ],
      [
        "bottle",
        "person"
      ],
      [
        "person"
      ],
      [
        "person"
      ],
      [
        "person",
        "chair",
        "tv",
        "dining table"
      ],
      [
        "person"
      ],
      [
        "person"
      ],
      [
        "person"
      ],
      [
        "person",
        "chair"
      ],
      [
        "person",
        "couch"
      ],
      [
        "person"
      ],
      [
        "person",
        "couch"
      ],
      [
        "person",
        "cell phone",
        "couch"
      ],
      [
        "person",
        "car"
      ],
      [
        "person",
        "car"
      ],
      [
        "person"
      ],
      [
        "person",
        "couch"
      ],
      [
        "person"
      ]
    ],
    "appearances": [
      {
        "object_class": "person",
        "first_appearance": 0.0,
        "last_appearance": 29.0,
        "frame_count": 30,
        "frequency": 1.0
      },
      {
        "object_class": "couch",
        "first_appearance": 2.0,
        "last_appearance": 28.0,
        "frame_count": 6,
        "frequency": 0.2
      },
      {
        "object_class": "chair",
        "first_appearance": 4.0,
        "last_appearance": 20.0,
        "frame_count": 6,
        "frequency": 0.2
      },
      {
        "object_class": "dining table",
        "first_appearance": 4.0,
        "last_appearance": 16.0,
        "frame_count": 5,
        "frequency": 0.16666666666666666
      },
      {
        "object_class": "bed",
        "first_appearance": 6.0,
        "last_appearance": 6.0,
        "frame_count": 1,
        "frequency": 0.03333333333333333
      },
      {
        "object_class": "tv",
        "first_appearance": 7.0,
        "last_appearance": 16.0,
        "frame_count": 2,
        "frequency": 0.06666666666666667
      },
      {
        "object_class": "bottle",
        "first_appearance": 12.0,
        "last_appearance": 13.0,
        "frame_count": 2,
        "frequency": 0.06666666666666667
      },
      {
        "object_class": "cell phone",
        "first_appearance": 24.0,
        "last_appearance": 24.0,
        "frame_count": 1,
        "frequency": 0.03333333333333333
      },
      {
        "object_class": "car",
        "first_appearance": 25.0,
        "last_appearance": 26.0,
        "frame_count": 2,
        "frequency": 0.06666666666666667
      }
    ]
  },
  "atmosphere_signals": {
    "brightness_values": [
      83.60406032986111,
      83.41493706597223,
      78.14315104166667,
      67.02744032118055,
      90.43648328993055,
      90.698623046875,
      90.42617296006945,
      89.8539138454861,
      82.76194769965278,
      83.08170138888889,
      72.69525824652777,
      71.56064127604166,
      102.29646918402777,
      102.41020182291666,
      111.68594292534722,
      111.66554578993056,
      85.16939670138889,
      93.92732964409723,
      89.72431966145834,
      89.17358181423612,
      85.53710611979167,
      85.24728298611112,
      86.89707356770833,
      64.75117621527778,
      70.49385525173611,
      108.79817491319444,
      95.59350477430556,
      90.67970269097222,
      49.36379991319444,
      72.29454861111111
    ],
    "brightness_mean": 85.98044476996527,
    "brightness_std": 13.7996721878512,
    "brightness_min": 49.36379991319444,
    "brightness_max": 111.68594292534722,
    "brightness_range": 62.32214301215278,
    "lighting_changes": [
      {
        "timestamp": 4.0,
        "frame_index": 4,
        "brightness_before": 67.02744032118055,
        "brightness_after": 90.43648328993055,
        "magnitude": 23.40904296875
      },
      {
        "timestamp": 12.0,
        "frame_index": 12,
        "brightness_before": 71.56064127604166,
        "brightness_after": 102.29646918402777,
        "magnitude": 30.735827907986106
      },
      {
        "timestamp": 16.0,
        "frame_index": 16,
        "brightness_before": 111.66554578993056,
        "brightness_after": 85.16939670138889,
        "magnitude": 26.49614908854167
      },
      {
        "timestamp": 23.0,
        "frame_index": 23,
        "brightness_before": 86.89707356770833,
        "brightness_after": 64.75117621527778,
        "magnitude": 22.145897352430552
      },
      {
        "timestamp": 25.0,
        "frame_index": 25,
        "brightness_before": 70.49385525173611,
        "brightness_after": 108.79817491319444,
        "magnitude": 38.30431966145834
      },
      {
        "timestamp": 28.0,
        "frame_index": 28,
        "brightness_before": 90.67970269097222,
        "brightness_after": 49.36379991319444,
        "magnitude": 41.31590277777778
      },
      {
        "timestamp": 29.0,
        "frame_index": 29,
        "brightness_before": 49.36379991319444,
        "brightness_after": 72.29454861111111,
        "magnitude": 22.93074869791667
      }
    ],
    "lighting_change_count": 7,
    "setting_type": "indoor",
    "dominant_colors_rgb": [
      [
        "190",
        "187",
        "157"
      ],
      [
        "100",
        "106",
        "103"
      ],
      [
        "49",
        "49",
        "55"
      ]
    ],
    "dominant_colors": [
      "brown",
      "green",
      "blue"
    ]
  },
  "action_signals": {
    "intensity_timeline": [
      0.0,
      0.025819504261016847,
      0.11382434844970703,
      0.18537200927734376,
      0.18806076049804688,
      0.09206733703613282,
      0.08146995544433594,
      0.07405123710632325,
      0.15427331924438475,
      0.07578478813171387,
      0.14555251121520996,
      0.08912752151489257,
      0.14433918952941893,
      0.04387627124786377,
      0.12855222702026367,
      0.014983831644058228,
      0.1436892890930176,
      0.13534334182739258,
      0.1341542434692383,
      0.17401535034179688,
      0.16167774200439453,
      0.18969547271728515,
      0.17939268112182616,
      0.18831836700439453,
      0.14166915893554688,
      0.12119254112243652,
      0.09425219535827636,
      0.19017709732055665,
      0.18080728530883788,
      0.04791880607604981
    ],
    "intensity_mean": 0.12131527944405872,
    "intensity_std": 0.05550329041398732,
    "intensity_min": 0.0,
    "intensity_max": 0.19017709732055665,
    "intensity_trend": "stable",
    "peak_moments": [
      {
        "timestamp": 4.0,
        "frame_index": 4,
        "intensity": 0.18806076049804688,
        "moment_type": "peak"
      },
      {
        "timestamp": 27.0,
        "frame_index": 27,
        "intensity": 0.19017709732055665,
        "moment_type": "peak"
      }
    ],
    "valley_moments": [
      {
        "timestamp": 15.0,
        "frame_index": 15,
        "intensity": 0.014983831644058228,
        "moment_type": "valley"
      }
    ],
    "peak_timestamps": [
      4.0,
      27.0
    ],
    "valley_timestamps": [
      15.0
    ],
    "peak_count": 2,
    "valley_count": 1,
    "action_variance": 0.003080615246779417
  },
  "temporal_signals": {
    "frame_change_scores": [
      0.0,
      0.11415090957215335,
      0.7626552069102333,
      0.7629548670343325,
      0.8562528084848063,
      0.3966852398828118,
      0.30109633542771397,
      0.32899026973991885,
      0.8615377613062205,
      0.34877614450021643,
      0.7718965969878524,
      0.6974013489329731,
      0.7714863369003793,
      0.24065446294463677,
      0.7865794050616955,
      0.046916820271344695,
      0.8059991868565108,
      0.8053104349358767,
      0.820818484666737,
      0.7803737067027867,
      0.8553524818375264,
      0.8342554563235578,
      0.5470207750854623,
      0.8432591982191958,
      0.7992127943972869,
      0.8390765478635321,
      0.546702546225369,
      0.7604067970377939,
      0.8204470945168472,
      0.6307795241581038
    ],
    "change_score_mean": 0.624568318092796,
    "change_score_std": 0.26416215628757744,
    "change_score_max": 0.8615377613062205,
    "temporal_gaps": [],
    "temporal_gap_count": 0,
    "temporal_gap_total_duration": 0.0,
    "transition_similarity_scores": [
      0.14374719151519363,
      0.13846223869377944,
      0.21342059493830443,
      0.179181515333263,
      0.15674080178080418,
      0.20078720560271313,
      0.16092345213646783,
      0.2395932029622061,
      0.17955290548315286
    ],
    "transition_similarity_mean": 0.17915656760509827,
    "temporal_density": 0.9655172413793104
  },
  "metadata": {
    "video_path": "/vol/videos/core/produced_digital/commercials/kW46iX_2tFo.mp4",
    "dataset": "produced_digital/commercials",
    "tier": "produced_digital",
    "study_type": "core",
    "source_fps": 23.976023976023978,
    "experiment_version": "3.2"
  }
}