{
  "video_id": "kW46iX_2tFo",
  "fps": 0.5,
  "duration": 28.0,
  "frame_count": 15,
  "scene_signals": {
    "transition_count": 5,
    "transition_timestamps": [
      4.0,
      8.0,
      14.0,
      20.0,
      28.0
    ],
    "transition_types": [
      "hard_cut",
      "hard_cut",
      "hard_cut",
      "soft_cut",
      "soft_cut"
    ],
    "transition_magnitudes": [
      132.90940192912382,
      5857.355693219473,
      100.91990520876101,
      36.57201261257355,
      39.1901715537207
    ],
    "scene_count": 6,
    "scene_durations": [
      4.0,
      4.0,
      6.0,
      6.0,
      8.0,
      0.0
    ],
    "scene_duration_mean": 4.666666666666667,
    "scene_duration_std": 2.494438257849294,
    "scene_duration_min": 0.0,
    "scene_duration_max": 8.0,
    "scene_types": [
      "unknown",
      "unknown",
      "unknown",
      "unknown",
      "unknown",
      "unknown"
    ],
    "transitions": [
      {
        "timestamp": 4.0,
        "frame_index": 2,
        "transition_type": "hard_cut",
        "magnitude": 132.90940192912382
      },
      {
        "timestamp": 8.0,
        "frame_index": 4,
        "transition_type": "hard_cut",
        "magnitude": 5857.355693219473
      },
      {
        "timestamp": 14.0,
        "frame_index": 7,
        "transition_type": "hard_cut",
        "magnitude": 100.91990520876101
      },
      {
        "timestamp": 20.0,
        "frame_index": 10,
        "transition_type": "soft_cut",
        "magnitude": 36.57201261257355
      },
      {
        "timestamp": 28.0,
        "frame_index": 14,
        "transition_type": "soft_cut",
        "magnitude": 39.1901715537207
      }
    ],
    "scenes": [
      {
        "start_time": 0.0,
        "end_time": 4.0,
        "duration": 4.0,
        "scene_type": "unknown",
        "start_frame": 0,
        "end_frame": 1
      },
      {
        "start_time": 4.0,
        "end_time": 8.0,
        "duration": 4.0,
        "scene_type": "unknown",
        "start_frame": 2,
        "end_frame": 3
      },
      {
        "start_time": 8.0,
        "end_time": 14.0,
        "duration": 6.0,
        "scene_type": "unknown",
        "start_frame": 4,
        "end_frame": 6
      },
      {
        "start_time": 14.0,
        "end_time": 20.0,
        "duration": 6.0,
        "scene_type": "unknown",
        "start_frame": 7,
        "end_frame": 9
      },
      {
        "start_time": 20.0,
        "end_time": 28.0,
        "duration": 8.0,
        "scene_type": "unknown",
        "start_frame": 10,
        "end_frame": 13
      },
      {
        "start_time": 28.0,
        "end_time": 28.0,
        "duration": 0.0,
        "scene_type": "unknown",
        "start_frame": 14,
        "end_frame": 14
      }
    ]
  },
  "character_signals": {
    "person_counts_per_frame": [
      1,
      1,
      1,
      1,
      2,
      2,
      4,
      1,
      1,
      5,
      1,
      1,
      2,
      2,
      1
    ],
    "person_count_mode": 1,
    "person_count_mean": 1.7333333333333334,
    "person_count_std": 1.18133634311129,
    "person_count_min": 1,
    "person_count_max": 5,
    "person_count_distribution": {
      "1": 9,
      "2": 4,
      "4": 1,
      "5": 1
    },
    "character_consistency": 0.6,
    "entry_events": [
      {
        "timestamp": 8.0,
        "frame_index": 4,
        "event_type": "entry",
        "count_before": 1,
        "count_after": 2
      },
      {
        "timestamp": 12.0,
        "frame_index": 6,
        "event_type": "entry",
        "count_before": 2,
        "count_after": 4
      },
      {
        "timestamp": 18.0,
        "frame_index": 9,
        "event_type": "entry",
        "count_before": 1,
        "count_after": 5
      },
      {
        "timestamp": 24.0,
        "frame_index": 12,
        "event_type": "entry",
        "count_before": 1,
        "count_after": 2
      }
    ],
    "exit_events": [
      {
        "timestamp": 14.0,
        "frame_index": 7,
        "event_type": "exit",
        "count_before": 4,
        "count_after": 1
      },
      {
        "timestamp": 20.0,
        "frame_index": 10,
        "event_type": "exit",
        "count_before": 5,
        "count_after": 1
      },
      {
        "timestamp": 28.0,
        "frame_index": 14,
        "event_type": "exit",
        "count_before": 2,
        "count_after": 1
      }
    ],
    "entry_count": 4,
    "exit_count": 3,
    "entry_exit_total": 7,
    "entry_timestamps": [
      8.0,
      12.0,
      18.0,
      24.0
    ],
    "exit_timestamps": [
      14.0,
      20.0,
      28.0
    ]
  },
  "visual_signals": {
    "unique_objects": [
      "person",
      "couch",
      "dining table",
      "chair",
      "bed",
      "bottle",
      "tv",
      "cell phone",
      "car"
    ],
    "unique_object_count": 9,
    "persistent_objects": [
      "person"
    ],
    "persistent_object_count": 1,
    "transient_objects": [
      "couch",
      "dining table",
      "bed",
      "bottle",
      "tv",
      "cell phone",
      "car"
    ],
    "transient_object_count": 7,
    "object_frequency": {
      "person": 1.0,
      "couch": 0.2,
      "dining table": 0.2,
      "chair": 0.26666666666666666,
      "bed": 0.06666666666666667,
      "bottle": 0.06666666666666667,
      "tv": 0.06666666666666667,
      "cell phone": 0.06666666666666667,
      "car": 0.06666666666666667
    },
    "object_frame_counts": {
      "person": 15,
      "couch": 3,
      "dining table": 3,
      "chair": 4,
      "bed": 1,
      "bottle": 1,
      "tv": 1,
      "cell phone": 1,
      "car": 1
    },
    "object_first_appearance": {
      "person": 0.0,
      "couch": 2.0,
      "dining table": 4.0,
      "chair": 4.0,
      "bed": 6.0,
      "bottle": 12.0,
      "tv": 16.0,
      "cell phone": 24.0,
      "car": 26.0
    },
    "object_last_appearance": {
      "person": 28.0,
      "couch": 28.0,
      "dining table": 16.0,
      "chair": 20.0,
      "bed": 6.0,
      "bottle": 12.0,
      "tv": 16.0,
      "cell phone": 24.0,
      "car": 26.0
    },
    "objects_per_frame": [
      [
        "person"
      ],
      [
        "person",
        "couch"
      ],
      [
        "dining table",
        "person",
        "chair"
      ],
      [
        "dining table",
        "person",
        "bed",
        "chair"
      ],
      [
        "person"
      ],
      [
        "person"
      ],
      [
        "person",
        "bottle"
      ],
      [
        "person"
      ],
      [
        "dining table",
        "person",
        "tv",
        "chair"
      ],
      [
        "person"
      ],
      [
        "person",
        "chair"
      ],
      [
        "person"
      ],
      [
        "person",
        "couch",
        "cell phone"
      ],
      [
        "car",
        "person"
      ],
      [
        "person",
        "couch"
      ]
    ],
    "appearances": [
      {
        "object_class": "person",
        "first_appearance": 0.0,
        "last_appearance": 28.0,
        "frame_count": 15,
        "frequency": 1.0
      },
      {
        "object_class": "couch",
        "first_appearance": 2.0,
        "last_appearance": 28.0,
        "frame_count": 3,
        "frequency": 0.2
      },
      {
        "object_class": "dining table",
        "first_appearance": 4.0,
        "last_appearance": 16.0,
        "frame_count": 3,
        "frequency": 0.2
      },
      {
        "object_class": "chair",
        "first_appearance": 4.0,
        "last_appearance": 20.0,
        "frame_count": 4,
        "frequency": 0.26666666666666666
      },
      {
        "object_class": "bed",
        "first_appearance": 6.0,
        "last_appearance": 6.0,
        "frame_count": 1,
        "frequency": 0.06666666666666667
      },
      {
        "object_class": "bottle",
        "first_appearance": 12.0,
        "last_appearance": 12.0,
        "frame_count": 1,
        "frequency": 0.06666666666666667
      },
      {
        "object_class": "tv",
        "first_appearance": 16.0,
        "last_appearance": 16.0,
        "frame_count": 1,
        "frequency": 0.06666666666666667
      },
      {
        "object_class": "cell phone",
        "first_appearance": 24.0,
        "last_appearance": 24.0,
        "frame_count": 1,
        "frequency": 0.06666666666666667
      },
      {
        "object_class": "car",
        "first_appearance": 26.0,
        "last_appearance": 26.0,
        "frame_count": 1,
        "frequency": 0.06666666666666667
      }
    ]
  },
  "atmosphere_signals": {
    "brightness_values": [
      83.60406032986111,
      78.14315104166667,
      90.43648328993055,
      90.42617296006945,
      82.76194769965278,
      72.69525824652777,
      102.29646918402777,
      111.68594292534722,
      85.16939670138889,
      89.72431966145834,
      85.53710611979167,
      86.89707356770833,
      70.49385525173611,
      95.59350477430556,
      49.36379991319444
    ],
    "brightness_mean": 84.98856944444445,
    "brightness_std": 13.891266586737018,
    "brightness_min": 49.36379991319444,
    "brightness_max": 111.68594292534722,
    "brightness_range": 62.32214301215278,
    "lighting_changes": [
      {
        "timestamp": 12.0,
        "frame_index": 6,
        "brightness_before": 72.69525824652777,
        "brightness_after": 102.29646918402777,
        "magnitude": 29.6012109375
      },
      {
        "timestamp": 16.0,
        "frame_index": 8,
        "brightness_before": 111.68594292534722,
        "brightness_after": 85.16939670138889,
        "magnitude": 26.51654622395833
      },
      {
        "timestamp": 26.0,
        "frame_index": 13,
        "brightness_before": 70.49385525173611,
        "brightness_after": 95.59350477430556,
        "magnitude": 25.09964952256945
      },
      {
        "timestamp": 28.0,
        "frame_index": 14,
        "brightness_before": 95.59350477430556,
        "brightness_after": 49.36379991319444,
        "magnitude": 46.22970486111112
      }
    ],
    "lighting_change_count": 4,
    "setting_type": "indoor",
    "dominant_colors_rgb": [
      [
        "189",
        "187",
        "157"
      ],
      [
        "100",
        "105",
        "103"
      ],
      [
        "49",
        "49",
        "54"
      ]
    ],
    "dominant_colors": [
      "brown",
      "green",
      "blue"
    ]
  },
  "action_signals": {
    "intensity_timeline": [
      0.0,
      0.11892836570739745,
      0.1680645751953125,
      0.08823390007019043,
      0.16331724166870118,
      0.1337674903869629,
      0.13403176307678222,
      0.1279970932006836,
      0.1374814796447754,
      0.17899833679199217,
      0.1548228931427002,
      0.19895936965942382,
      0.1877548599243164,
      0.10854463577270508,
      0.07004902839660644
    ],
    "intensity_mean": 0.13139673550923664,
    "intensity_std": 0.049362328468340134,
    "intensity_min": 0.0,
    "intensity_max": 0.19895936965942382,
    "intensity_trend": "stable",
    "peak_moments": [
      {
        "timestamp": 22.0,
        "frame_index": 11,
        "intensity": 0.19895936965942382,
        "moment_type": "peak"
      }
    ],
    "valley_moments": [],
    "peak_timestamps": [
      22.0
    ],
    "valley_timestamps": [],
    "peak_count": 1,
    "valley_count": 0,
    "action_variance": 0.0024366394718163026
  },
  "temporal_signals": {
    "frame_change_scores": [
      0.0,
      0.7653436464384731,
      0.8152322742260313,
      0.3275331397398773,
      0.8605548341916827,
      0.7684749889278197,
      0.8152364440813562,
      0.7846692843049278,
      0.806965559989916,
      0.886774563884695,
      0.8688041437611296,
      0.8315800165625867,
      0.834969869064299,
      0.8212356050433676,
      0.7256262321259122
    ],
    "change_score_mean": 0.7275333734894716,
    "change_score_std": 0.23259832124014565,
    "change_score_max": 0.886774563884695,
    "temporal_gaps": [],
    "temporal_gap_count": 0,
    "temporal_gap_total_duration": 0.0,
    "transition_similarity_scores": [
      0.18476772577396872,
      0.13944516580831737,
      0.21533071569507226,
      0.13119585623887048,
      0.2743737678740879
    ],
    "transition_similarity_mean": 0.1890226462780633,
    "temporal_density": 0.5
  },
  "metadata": {
    "video_path": "/vol/videos/core/produced_digital/commercials/kW46iX_2tFo.mp4",
    "dataset": "produced_digital/commercials",
    "tier": "produced_digital",
    "study_type": "core",
    "source_fps": 23.976023976023978,
    "experiment_version": "3.2"
  }
}