{
  "video_id": "M7FIvfx5J10",
  "fps": 2.0,
  "duration": 29.5,
  "frame_count": 60,
  "scene_signals": {
    "transition_count": 0,
    "transition_timestamps": [],
    "transition_types": [],
    "transition_magnitudes": [],
    "scene_count": 1,
    "scene_durations": [
      29.5
    ],
    "scene_duration_mean": 29.5,
    "scene_duration_std": 0.0,
    "scene_duration_min": 29.5,
    "scene_duration_max": 29.5,
    "scene_types": [
      "unknown"
    ],
    "transitions": [],
    "scenes": [
      {
        "start_time": 0.0,
        "end_time": 29.5,
        "duration": 29.5,
        "scene_type": "unknown",
        "start_frame": 0,
        "end_frame": 59
      }
    ]
  },
  "character_signals": {
    "person_counts_per_frame": [
      1,
      1,
      1,
      1,
      1,
      1,
      1,
      1,
      1,
      1,
      1,
      1,
      1,
      1,
      1,
      1,
      1,
      1,
      1,
      1,
      1,
      1,
      1,
      1,
      1,
      1,
      1,
      1,
      1,
      1,
      1,
      1,
      1,
      1,
      1,
      1,
      1,
      1,
      1,
      1,
      1,
      1,
      1,
      1,
      1,
      1,
      1,
      1,
      1,
      1,
      1,
      1,
      1,
      1,
      1,
      1,
      1,
      1,
      1,
      1
    ],
    "person_count_mode": 1,
    "person_count_mean": 1.0,
    "person_count_std": 0.0,
    "person_count_min": 1,
    "person_count_max": 1,
    "person_count_distribution": {
      "1": 60
    },
    "character_consistency": 1.0,
    "entry_events": [],
    "exit_events": [],
    "entry_count": 0,
    "exit_count": 0,
    "entry_exit_total": 0,
    "entry_timestamps": [],
    "exit_timestamps": []
  },
  "visual_signals": {
    "unique_objects": [
      "person",
      "chair",
      "suitcase",
      "tv"
    ],
    "unique_object_count": 4,
    "persistent_objects": [
      "person"
    ],
    "persistent_object_count": 1,
    "transient_objects": [
      "suitcase",
      "tv"
    ],
    "transient_object_count": 2,
    "object_frequency": {
      "person": 1.0,
      "chair": 0.21666666666666667,
      "suitcase": 0.05,
      "tv": 0.016666666666666666
    },
    "object_frame_counts": {
      "person": 60,
      "chair": 13,
      "suitcase": 3,
      "tv": 1
    },
    "object_first_appearance": {
      "person": 0.0,
      "chair": 2.5,
      "suitcase": 21.5,
      "tv": 23.5
    },
    "object_last_appearance": {
      "person": 29.5,
      "chair": 17.0,
      "suitcase": 23.5,
      "tv": 23.5
    },
    "objects_per_frame": [
      [
        "person"
      ],
      [
        "person"
      ],
      [
        "person"
      ],
      [
        "person"
      ],
      [
        "person"
      ],
      [
        "chair",
        "person"
      ],
      [
        "person"
      ],
      [
        "person"
      ],
      [
        "person"
      ],
      [
        "person"
      ],
      [
        "person"
      ],
      [
        "person"
      ],
      [
        "person"
      ],
      [
        "person"
      ],
      [
        "person"
      ],
      [
        "chair",
        "person"
      ],
      [
        "chair",
        "person"
      ],
      [
        "chair",
        "person"
      ],
      [
        "person"
      ],
      [
        "chair",
        "person"
      ],
      [
        "chair",
        "person"
      ],
      [
        "chair",
        "person"
      ],
      [
        "chair",
        "person"
      ],
      [
        "person"
      ],
      [
        "person"
      ],
      [
        "person"
      ],
      [
        "person"
      ],
      [
        "person"
      ],
      [
        "person"
      ],
      [
        "person"
      ],
      [
        "chair",
        "person"
      ],
      [
        "chair",
        "person"
      ],
      [
        "chair",
        "person"
      ],
      [
        "chair",
        "person"
      ],
      [
        "chair",
        "person"
      ],
      [
        "person"
      ],
      [
        "person"
      ],
      [
        "person"
      ],
      [
        "person"
      ],
      [
        "person"
      ],
      [
        "person"
      ],
      [
        "person"
      ],
      [
        "person"
      ],
      [
        "suitcase",
        "person"
      ],
      [
        "person"
      ],
      [
        "suitcase",
        "person"
      ],
      [
        "person"
      ],
      [
        "tv",
        "suitcase",
        "person"
      ],
      [
        "person"
      ],
      [
        "person"
      ],
      [
        "person"
      ],
      [
        "person"
      ],
      [
        "person"
      ],
      [
        "person"
      ],
      [
        "person"
      ],
      [
        "person"
      ],
      [
        "person"
      ],
      [
        "person"
      ],
      [
        "person"
      ],
      [
        "person"
      ]
    ],
    "appearances": [
      {
        "object_class": "person",
        "first_appearance": 0.0,
        "last_appearance": 29.5,
        "frame_count": 60,
        "frequency": 1.0
      },
      {
        "object_class": "chair",
        "first_appearance": 2.5,
        "last_appearance": 17.0,
        "frame_count": 13,
        "frequency": 0.21666666666666667
      },
      {
        "object_class": "suitcase",
        "first_appearance": 21.5,
        "last_appearance": 23.5,
        "frame_count": 3,
        "frequency": 0.05
      },
      {
        "object_class": "tv",
        "first_appearance": 23.5,
        "last_appearance": 23.5,
        "frame_count": 1,
        "frequency": 0.016666666666666666
      }
    ]
  },
  "atmosphere_signals": {
    "brightness_values": [
      123.97955295138888,
      123.92401584201389,
      124.02984917534722,
      121.83624891493055,
      123.02175564236111,
      120.84870442708333,
      120.97650716145833,
      121.03100477430556,
      120.40571180555555,
      120.72858181423611,
      122.12790581597223,
      122.15833984375,
      121.51033528645833,
      122.16075303819444,
      119.64908311631945,
      120.69054470486111,
      122.06955403645833,
      121.22281575520833,
      119.833896484375,
      121.525263671875,
      120.23161024305556,
      121.35964301215277,
      120.71634114583334,
      121.51865668402777,
      120.19124565972223,
      121.96326171875,
      121.87528754340278,
      120.32689127604166,
      122.06537109375,
      122.57439453125,
      123.74585286458333,
      125.24870876736111,
      123.80988932291666,
      124.5229296875,
      125.14790690104167,
      126.49569661458334,
      128.01549153645834,
      127.82056315104167,
      126.25530164930555,
      126.6020974392361,
      125.85812934027778,
      125.67109917534722,
      122.71015733506944,
      119.86190863715278,
      118.06431857638889,
      116.89130533854167,
      113.34613715277777,
      110.66662434895834,
      109.68206597222222,
      108.999462890625,
      109.08953125,
      110.65319227430555,
      109.6269357638889,
      108.21773111979167,
      107.04988932291667,
      105.61191297743055,
      103.80171983506945,
      101.65096028645833,
      103.11438585069445,
      103.14861870659722
    ],
    "brightness_mean": 118.96556085431136,
    "brightness_std": 6.882827616157178,
    "brightness_min": 101.65096028645833,
    "brightness_max": 128.01549153645834,
    "brightness_range": 26.364531250000013,
    "lighting_changes": [],
    "lighting_change_count": 0,
    "setting_type": "indoor",
    "dominant_colors_rgb": [
      [
        "228",
        "208",
        "165"
      ],
      [
        "144",
        "122",
        "93"
      ],
      [
        "73",
        "69",
        "67"
      ]
    ],
    "dominant_colors": [
      "red",
      "brown",
      "brown"
    ]
  },
  "action_signals": {
    "intensity_timeline": [
      0.0,
      0.04204079151153564,
      0.08472915649414063,
      0.0692939281463623,
      0.07946453094482422,
      0.1392366123199463,
      0.08305034637451172,
      0.11765082359313965,
      0.04801395893096924,
      0.1242999267578125,
      0.05218879699707031,
      0.12062749862670899,
      0.06905790328979493,
      0.04919734477996826,
      0.08467720031738281,
      0.090020112991333,
      0.10392024993896484,
      0.05131378650665283,
      0.07316863059997558,
      0.12883177757263184,
      0.08030767440795898,
      0.06392827033996581,
      0.08569255828857422,
      0.08179743766784668,
      0.08468850135803223,
      0.10766557693481445,
      0.050110821723937986,
      0.08599963188171386,
      0.06822442531585693,
      0.0939230728149414,
      0.050824637413024905,
      0.0897261619567871,
      0.11136017799377441,
      0.05416894912719727,
      0.106875,
      0.0948558521270752,
      0.08639459609985352,
      0.0910020637512207,
      0.09018435478210449,
      0.10790068626403809,
      0.10925467491149903,
      0.11283921241760254,
      0.1411669921875,
      0.15024911880493164,
      0.1891276168823242,
      0.20721200942993165,
      0.49698993682861325,
      0.7293045043945312,
      0.6351527786254882,
      0.18806283950805663,
      0.17155332565307618,
      0.13597204208374022,
      0.1806806182861328,
      0.19027286529541015,
      0.3786265182495117,
      0.2792622184753418,
      0.29730695724487305,
      0.35441036224365235,
      0.24712343215942384,
      0.2315651321411133
    ],
    "intensity_mean": 0.14537578304608662,
    "intensity_std": 0.13316655575733066,
    "intensity_min": 0.0,
    "intensity_max": 0.7293045043945312,
    "intensity_trend": "escalating",
    "peak_moments": [
      {
        "timestamp": 23.5,
        "frame_index": 47,
        "intensity": 0.7293045043945312,
        "moment_type": "peak"
      },
      {
        "timestamp": 27.0,
        "frame_index": 54,
        "intensity": 0.3786265182495117,
        "moment_type": "peak"
      }
    ],
    "valley_moments": [
      {
        "timestamp": 25.5,
        "frame_index": 51,
        "intensity": 0.13597204208374022,
        "moment_type": "valley"
      }
    ],
    "peak_timestamps": [
      23.5,
      27.0
    ],
    "valley_timestamps": [
      25.5
    ],
    "peak_count": 2,
    "valley_count": 1,
    "action_variance": 0.017733331572270257
  },
  "temporal_signals": {
    "frame_change_scores": [
      0.0,
      0.24143251799871124,
      0.30963335637295963,
      0.338326695194041,
      0.27448034774382524,
      0.45056619939998876,
      0.31587623516969066,
      0.3587287772867601,
      0.20712641347974003,
      0.36233801259023335,
      0.28580181175673214,
      0.38144566335645413,
      0.29766461361807595,
      0.2228851815224,
      0.38249343813219117,
      0.3815437228636972,
      0.34668921237716477,
      0.25457455490308023,
      0.3028723294979906,
      0.43252209659517016,
      0.32830754969433296,
      0.27208447822090753,
      0.32520569948992706,
      0.3071362348658623,
      0.37068599605100505,
      0.38669777020067,
      0.23638181730647156,
      0.33937700714320596,
      0.29348549423886594,
      0.33307501790629523,
      0.24087000534620506,
      0.3358137384762253,
      0.42303772105361903,
      0.23171304741063137,
      0.35688685680332255,
      0.30135353917536334,
      0.3963690230405147,
      0.43333773747332105,
      0.5014640044582576,
      0.45155618274583387,
      0.5026228893441506,
      0.4322125735517258,
      0.4752270284609529,
      0.4724970288245761,
      0.47866198019494577,
      0.4555515613010205,
      0.541036959891867,
      0.542838379250212,
      0.5271304927412993,
      0.49313992234983817,
      0.4790946153925454,
      0.47756283889678475,
      0.4825433453584129,
      0.5186988947383092,
      0.5795245998156016,
      0.6074575766573944,
      0.6479537171100267,
      0.6570180355492541,
      0.5765410626942644,
      0.5372231572283088
    ],
    "change_score_mean": 0.39160627933852055,
    "change_score_std": 0.12239344663856329,
    "change_score_max": 0.6570180355492541,
    "temporal_gaps": [],
    "temporal_gap_count": 0,
    "temporal_gap_total_duration": 0.0,
    "transition_similarity_scores": [],
    "transition_similarity_mean": 0.0,
    "temporal_density": 2.0
  },
  "metadata": {
    "video_path": "/vol/videos/core/produced_digital/commercials/M7FIvfx5J10.mp4",
    "dataset": "produced_digital/commercials",
    "tier": "produced_digital",
    "study_type": "core",
    "source_fps": 25.0,
    "source_width": 1280,
    "source_height": 720,
    "experiment_version": "3.3",
    "batch": "1-retry",
    "retry_id": "20251226_182920"
  }
}