{
  "video_id": "MQcN5DtMT-0",
  "fps": 5.0,
  "duration": 29.8,
  "frame_count": 150,
  "scene_signals": {
    "transition_count": 7,
    "transition_timestamps": [
      5.2,
      10.200000000000001,
      12.200000000000001,
      15.0,
      21.400000000000002,
      24.8,
      29.200000000000003
    ],
    "transition_types": [
      "fade",
      "hard_cut",
      "soft_cut",
      "hard_cut",
      "soft_cut",
      "hard_cut",
      "hard_cut"
    ],
    "transition_magnitudes": [
      75.67198430485627,
      179.49264553834018,
      28.202007181972085,
      137.82352144591502,
      45.47649649801171,
      3529.022591177729,
      2270.733138025301
    ],
    "scene_count": 8,
    "scene_durations": [
      5.2,
      5.000000000000001,
      2.0,
      2.799999999999999,
      6.400000000000002,
      3.3999999999999986,
      4.400000000000002,
      0.5999999999999979
    ],
    "scene_duration_mean": 3.725,
    "scene_duration_std": 1.7718281519379933,
    "scene_duration_min": 0.5999999999999979,
    "scene_duration_max": 6.400000000000002,
    "scene_types": [
      "unknown",
      "unknown",
      "unknown",
      "unknown",
      "unknown",
      "unknown",
      "unknown",
      "unknown"
    ],
    "transitions": [
      {
        "timestamp": 5.2,
        "frame_index": 26,
        "transition_type": "fade",
        "magnitude": 75.67198430485627
      },
      {
        "timestamp": 10.200000000000001,
        "frame_index": 51,
        "transition_type": "hard_cut",
        "magnitude": 179.49264553834018
      },
      {
        "timestamp": 12.200000000000001,
        "frame_index": 61,
        "transition_type": "soft_cut",
        "magnitude": 28.202007181972085
      },
      {
        "timestamp": 15.0,
        "frame_index": 75,
        "transition_type": "hard_cut",
        "magnitude": 137.82352144591502
      },
      {
        "timestamp": 21.400000000000002,
        "frame_index": 107,
        "transition_type": "soft_cut",
        "magnitude": 45.47649649801171
      },
      {
        "timestamp": 24.8,
        "frame_index": 124,
        "transition_type": "hard_cut",
        "magnitude": 3529.022591177729
      },
      {
        "timestamp": 29.200000000000003,
        "frame_index": 146,
        "transition_type": "hard_cut",
        "magnitude": 2270.733138025301
      }
    ],
    "scenes": [
      {
        "start_time": 0.0,
        "end_time": 5.2,
        "duration": 5.2,
        "scene_type": "unknown",
        "start_frame": 0,
        "end_frame": 25
      },
      {
        "start_time": 5.2,
        "end_time": 10.200000000000001,
        "duration": 5.000000000000001,
        "scene_type": "unknown",
        "start_frame": 26,
        "end_frame": 50
      },
      {
        "start_time": 10.200000000000001,
        "end_time": 12.200000000000001,
        "duration": 2.0,
        "scene_type": "unknown",
        "start_frame": 51,
        "end_frame": 60
      },
      {
        "start_time": 12.200000000000001,
        "end_time": 15.0,
        "duration": 2.799999999999999,
        "scene_type": "unknown",
        "start_frame": 61,
        "end_frame": 74
      },
      {
        "start_time": 15.0,
        "end_time": 21.400000000000002,
        "duration": 6.400000000000002,
        "scene_type": "unknown",
        "start_frame": 75,
        "end_frame": 106
      },
      {
        "start_time": 21.400000000000002,
        "end_time": 24.8,
        "duration": 3.3999999999999986,
        "scene_type": "unknown",
        "start_frame": 107,
        "end_frame": 123
      },
      {
        "start_time": 24.8,
        "end_time": 29.200000000000003,
        "duration": 4.400000000000002,
        "scene_type": "unknown",
        "start_frame": 124,
        "end_frame": 145
      },
      {
        "start_time": 29.200000000000003,
        "end_time": 29.8,
        "duration": 0.5999999999999979,
        "scene_type": "unknown",
        "start_frame": 146,
        "end_frame": 149
      }
    ]
  },
  "character_signals": {
    "person_counts_per_frame": [
      0,
      0,
      0,
      0,
      0,
      0,
      0,
      0,
      0,
      0,
      0,
      0,
      0,
      0,
      0,
      0,
      0,
      0,
      0,
      0,
      0,
      0,
      0,
      0,
      0,
      0,
      1,
      1,
      1,
      1,
      1,
      1,
      1,
      1,
      1,
      1,
      1,
      1,
      1,
      1,
      1,
      1,
      1,
      1,
      1,
      1,
      1,
      1,
      1,
      1,
      1,
      5,
      5,
      6,
      4,
      9,
      9,
      6,
      9,
      8,
      8,
      10,
      11,
      9,
      7,
      8,
      9,
      8,
      8,
      6,
      8,
      5,
      6,
      9,
      9,
      0,
      2,
      3,
      3,
      2,
      3,
      2,
      5,
      4,
      3,
      3,
      3,
      3,
      3,
      5,
      4,
      5,
      5,
      3,
      2,
      3,
      4,
      3,
      3,
      3,
      3,
      3,
      3,
      3,
      3,
      3,
      3,
      6,
      6,
      5,
      5,
      6,
      6,
      6,
      6,
      6,
      6,
      7,
      7,
      7,
      7,
      8,
      7,
      7,
      5,
      4,
      4,
      4,
      5,
      4,
      4,
      3,
      5,
      4,
      5,
      5,
      5,
      5,
      4,
      6,
      6,
      5,
      4,
      4,
      5,
      4,
      8,
      7,
      9,
      7
    ],
    "person_count_mode": 0,
    "person_count_mean": 3.64,
    "person_count_std": 2.878147552390831,
    "person_count_min": 0,
    "person_count_max": 11,
    "person_count_distribution": {
      "0": 27,
      "1": 25,
      "5": 18,
      "6": 14,
      "4": 14,
      "9": 8,
      "8": 8,
      "10": 1,
      "11": 1,
      "7": 9,
      "2": 4,
      "3": 21
    },
    "character_consistency": 0.18,
    "entry_events": [
      {
        "timestamp": 5.2,
        "frame_index": 26,
        "event_type": "entry",
        "count_before": 0,
        "count_after": 1
      },
      {
        "timestamp": 10.200000000000001,
        "frame_index": 51,
        "event_type": "entry",
        "count_before": 1,
        "count_after": 5
      },
      {
        "timestamp": 10.600000000000001,
        "frame_index": 53,
        "event_type": "entry",
        "count_before": 5,
        "count_after": 6
      },
      {
        "timestamp": 11.0,
        "frame_index": 55,
        "event_type": "entry",
        "count_before": 4,
        "count_after": 9
      },
      {
        "timestamp": 11.600000000000001,
        "frame_index": 58,
        "event_type": "entry",
        "count_before": 6,
        "count_after": 9
      },
      {
        "timestamp": 12.200000000000001,
        "frame_index": 61,
        "event_type": "entry",
        "count_before": 8,
        "count_after": 10
      },
      {
        "timestamp": 12.4,
        "frame_index": 62,
        "event_type": "entry",
        "count_before": 10,
        "count_after": 11
      },
      {
        "timestamp": 13.0,
        "frame_index": 65,
        "event_type": "entry",
        "count_before": 7,
        "count_after": 8
      },
      {
        "timestamp": 13.200000000000001,
        "frame_index": 66,
        "event_type": "entry",
        "count_before": 8,
        "count_after": 9
      },
      {
        "timestamp": 14.0,
        "frame_index": 70,
        "event_type": "entry",
        "count_before": 6,
        "count_after": 8
      },
      {
        "timestamp": 14.4,
        "frame_index": 72,
        "event_type": "entry",
        "count_before": 5,
        "count_after": 6
      },
      {
        "timestamp": 14.600000000000001,
        "frame_index": 73,
        "event_type": "entry",
        "count_before": 6,
        "count_after": 9
      },
      {
        "timestamp": 15.200000000000001,
        "frame_index": 76,
        "event_type": "entry",
        "count_before": 0,
        "count_after": 2
      },
      {
        "timestamp": 15.4,
        "frame_index": 77,
        "event_type": "entry",
        "count_before": 2,
        "count_after": 3
      },
      {
        "timestamp": 16.0,
        "frame_index": 80,
        "event_type": "entry",
        "count_before": 2,
        "count_after": 3
      },
      {
        "timestamp": 16.400000000000002,
        "frame_index": 82,
        "event_type": "entry",
        "count_before": 2,
        "count_after": 5
      },
      {
        "timestamp": 17.8,
        "frame_index": 89,
        "event_type": "entry",
        "count_before": 3,
        "count_after": 5
      },
      {
        "timestamp": 18.2,
        "frame_index": 91,
        "event_type": "entry",
        "count_before": 4,
        "count_after": 5
      },
      {
        "timestamp": 19.0,
        "frame_index": 95,
        "event_type": "entry",
        "count_before": 2,
        "count_after": 3
      },
      {
        "timestamp": 19.200000000000003,
        "frame_index": 96,
        "event_type": "entry",
        "count_before": 3,
        "count_after": 4
      },
      {
        "timestamp": 21.400000000000002,
        "frame_index": 107,
        "event_type": "entry",
        "count_before": 3,
        "count_after": 6
      },
      {
        "timestamp": 22.200000000000003,
        "frame_index": 111,
        "event_type": "entry",
        "count_before": 5,
        "count_after": 6
      },
      {
        "timestamp": 23.400000000000002,
        "frame_index": 117,
        "event_type": "entry",
        "count_before": 6,
        "count_after": 7
      },
      {
        "timestamp": 24.200000000000003,
        "frame_index": 121,
        "event_type": "entry",
        "count_before": 7,
        "count_after": 8
      },
      {
        "timestamp": 25.6,
        "frame_index": 128,
        "event_type": "entry",
        "count_before": 4,
        "count_after": 5
      },
      {
        "timestamp": 26.400000000000002,
        "frame_index": 132,
        "event_type": "entry",
        "count_before": 3,
        "count_after": 5
      },
      {
        "timestamp": 26.8,
        "frame_index": 134,
        "event_type": "entry",
        "count_before": 4,
        "count_after": 5
      },
      {
        "timestamp": 27.8,
        "frame_index": 139,
        "event_type": "entry",
        "count_before": 4,
        "count_after": 6
      },
      {
        "timestamp": 28.8,
        "frame_index": 144,
        "event_type": "entry",
        "count_before": 4,
        "count_after": 5
      },
      {
        "timestamp": 29.200000000000003,
        "frame_index": 146,
        "event_type": "entry",
        "count_before": 4,
        "count_after": 8
      },
      {
        "timestamp": 29.6,
        "frame_index": 148,
        "event_type": "entry",
        "count_before": 7,
        "count_after": 9
      }
    ],
    "exit_events": [
      {
        "timestamp": 10.8,
        "frame_index": 54,
        "event_type": "exit",
        "count_before": 6,
        "count_after": 4
      },
      {
        "timestamp": 11.4,
        "frame_index": 57,
        "event_type": "exit",
        "count_before": 9,
        "count_after": 6
      },
      {
        "timestamp": 11.8,
        "frame_index": 59,
        "event_type": "exit",
        "count_before": 9,
        "count_after": 8
      },
      {
        "timestamp": 12.600000000000001,
        "frame_index": 63,
        "event_type": "exit",
        "count_before": 11,
        "count_after": 9
      },
      {
        "timestamp": 12.8,
        "frame_index": 64,
        "event_type": "exit",
        "count_before": 9,
        "count_after": 7
      },
      {
        "timestamp": 13.4,
        "frame_index": 67,
        "event_type": "exit",
        "count_before": 9,
        "count_after": 8
      },
      {
        "timestamp": 13.8,
        "frame_index": 69,
        "event_type": "exit",
        "count_before": 8,
        "count_after": 6
      },
      {
        "timestamp": 14.200000000000001,
        "frame_index": 71,
        "event_type": "exit",
        "count_before": 8,
        "count_after": 5
      },
      {
        "timestamp": 15.0,
        "frame_index": 75,
        "event_type": "exit",
        "count_before": 9,
        "count_after": 0
      },
      {
        "timestamp": 15.8,
        "frame_index": 79,
        "event_type": "exit",
        "count_before": 3,
        "count_after": 2
      },
      {
        "timestamp": 16.2,
        "frame_index": 81,
        "event_type": "exit",
        "count_before": 3,
        "count_after": 2
      },
      {
        "timestamp": 16.6,
        "frame_index": 83,
        "event_type": "exit",
        "count_before": 5,
        "count_after": 4
      },
      {
        "timestamp": 16.8,
        "frame_index": 84,
        "event_type": "exit",
        "count_before": 4,
        "count_after": 3
      },
      {
        "timestamp": 18.0,
        "frame_index": 90,
        "event_type": "exit",
        "count_before": 5,
        "count_after": 4
      },
      {
        "timestamp": 18.6,
        "frame_index": 93,
        "event_type": "exit",
        "count_before": 5,
        "count_after": 3
      },
      {
        "timestamp": 18.8,
        "frame_index": 94,
        "event_type": "exit",
        "count_before": 3,
        "count_after": 2
      },
      {
        "timestamp": 19.400000000000002,
        "frame_index": 97,
        "event_type": "exit",
        "count_before": 4,
        "count_after": 3
      },
      {
        "timestamp": 21.8,
        "frame_index": 109,
        "event_type": "exit",
        "count_before": 6,
        "count_after": 5
      },
      {
        "timestamp": 24.400000000000002,
        "frame_index": 122,
        "event_type": "exit",
        "count_before": 8,
        "count_after": 7
      },
      {
        "timestamp": 24.8,
        "frame_index": 124,
        "event_type": "exit",
        "count_before": 7,
        "count_after": 5
      },
      {
        "timestamp": 25.0,
        "frame_index": 125,
        "event_type": "exit",
        "count_before": 5,
        "count_after": 4
      },
      {
        "timestamp": 25.8,
        "frame_index": 129,
        "event_type": "exit",
        "count_before": 5,
        "count_after": 4
      },
      {
        "timestamp": 26.200000000000003,
        "frame_index": 131,
        "event_type": "exit",
        "count_before": 4,
        "count_after": 3
      },
      {
        "timestamp": 26.6,
        "frame_index": 133,
        "event_type": "exit",
        "count_before": 5,
        "count_after": 4
      },
      {
        "timestamp": 27.6,
        "frame_index": 138,
        "event_type": "exit",
        "count_before": 5,
        "count_after": 4
      },
      {
        "timestamp": 28.200000000000003,
        "frame_index": 141,
        "event_type": "exit",
        "count_before": 6,
        "count_after": 5
      },
      {
        "timestamp": 28.400000000000002,
        "frame_index": 142,
        "event_type": "exit",
        "count_before": 5,
        "count_after": 4
      },
      {
        "timestamp": 29.0,
        "frame_index": 145,
        "event_type": "exit",
        "count_before": 5,
        "count_after": 4
      },
      {
        "timestamp": 29.400000000000002,
        "frame_index": 147,
        "event_type": "exit",
        "count_before": 8,
        "count_after": 7
      },
      {
        "timestamp": 29.8,
        "frame_index": 149,
        "event_type": "exit",
        "count_before": 9,
        "count_after": 7
      }
    ],
    "entry_count": 31,
    "exit_count": 30,
    "entry_exit_total": 61,
    "entry_timestamps": [
      5.2,
      10.200000000000001,
      10.600000000000001,
      11.0,
      11.600000000000001,
      12.200000000000001,
      12.4,
      13.0,
      13.200000000000001,
      14.0,
      14.4,
      14.600000000000001,
      15.200000000000001,
      15.4,
      16.0,
      16.400000000000002,
      17.8,
      18.2,
      19.0,
      19.200000000000003,
      21.400000000000002,
      22.200000000000003,
      23.400000000000002,
      24.200000000000003,
      25.6,
      26.400000000000002,
      26.8,
      27.8,
      28.8,
      29.200000000000003,
      29.6
    ],
    "exit_timestamps": [
      10.8,
      11.4,
      11.8,
      12.600000000000001,
      12.8,
      13.4,
      13.8,
      14.200000000000001,
      15.0,
      15.8,
      16.2,
      16.6,
      16.8,
      18.0,
      18.6,
      18.8,
      19.400000000000002,
      21.8,
      24.400000000000002,
      24.8,
      25.0,
      25.8,
      26.200000000000003,
      26.6,
      27.6,
      28.200000000000003,
      28.400000000000002,
      29.0,
      29.400000000000002,
      29.8
    ]
  },
  "visual_signals": {
    "unique_objects": [
      "person",
      "car",
      "handbag",
      "fire hydrant"
    ],
    "unique_object_count": 4,
    "persistent_objects": [
      "person"
    ],
    "persistent_object_count": 1,
    "transient_objects": [
      "car",
      "handbag",
      "fire hydrant"
    ],
    "transient_object_count": 3,
    "object_frequency": {
      "person": 0.82,
      "car": 0.1,
      "handbag": 0.08666666666666667,
      "fire hydrant": 0.02666666666666667
    },
    "object_frame_counts": {
      "person": 123,
      "car": 15,
      "handbag": 13,
      "fire hydrant": 4
    },
    "object_first_appearance": {
      "person": 5.2,
      "car": 10.8,
      "handbag": 15.8,
      "fire hydrant": 27.6
    },
    "object_last_appearance": {
      "person": 29.8,
      "car": 29.8,
      "handbag": 29.400000000000002,
      "fire hydrant": 28.8
    },
    "objects_per_frame": [
      [],
      [],
      [],
      [],
      [],
      [],
      [],
      [],
      [],
      [],
      [],
      [],
      [],
      [],
      [],
      [],
      [],
      [],
      [],
      [],
      [],
      [],
      [],
      [],
      [],
      [],
      [
        "person"
      ],
      [
        "person"
      ],
      [
        "person"
      ],
      [
        "person"
      ],
      [
        "person"
      ],
      [
        "person"
      ],
      [
        "person"
      ],
      [
        "person"
      ],
      [
        "person"
      ],
      [
        "person"
      ],
      [
        "person"
      ],
      [
        "person"
      ],
      [
        "person"
      ],
      [
        "person"
      ],
      [
        "person"
      ],
      [
        "person"
      ],
      [
        "person"
      ],
      [
        "person"
      ],
      [
        "person"
      ],
      [
        "person"
      ],
      [
        "person"
      ],
      [
        "person"
      ],
      [
        "person"
      ],
      [
        "person"
      ],
      [
        "person"
      ],
      [
        "person"
      ],
      [
        "person"
      ],
      [
        "person"
      ],
      [
        "car",
        "person"
      ],
      [
        "person"
      ],
      [
        "person"
      ],
      [
        "person"
      ],
      [
        "person"
      ],
      [
        "person"
      ],
      [
        "person"
      ],
      [
        "person"
      ],
      [
        "person"
      ],
      [
        "car",
        "person"
      ],
      [
        "car",
        "person"
      ],
      [
        "car",
        "person"
      ],
      [
        "car",
        "person"
      ],
      [
        "car",
        "person"
      ],
      [
        "car",
        "person"
      ],
      [
        "car",
        "person"
      ],
      [
        "car",
        "person"
      ],
      [
        "person"
      ],
      [
        "person"
      ],
      [
        "person"
      ],
      [
        "person"
      ],
      [],
      [
        "person"
      ],
      [
        "person"
      ],
      [
        "person"
      ],
      [
        "handbag",
        "person"
      ],
      [
        "handbag",
        "person"
      ],
      [
        "handbag",
        "person"
      ],
      [
        "person"
      ],
      [
        "handbag",
        "person"
      ],
      [
        "person"
      ],
      [
        "person"
      ],
      [
        "person"
      ],
      [
        "person"
      ],
      [
        "person"
      ],
      [
        "person"
      ],
      [
        "person"
      ],
      [
        "person"
      ],
      [
        "person"
      ],
      [
        "person"
      ],
      [
        "person"
      ],
      [
        "person"
      ],
      [
        "person"
      ],
      [
        "person"
      ],
      [
        "person"
      ],
      [
        "person"
      ],
      [
        "handbag",
        "person"
      ],
      [
        "handbag",
        "person"
      ],
      [
        "handbag",
        "person"
      ],
      [
        "person"
      ],
      [
        "handbag",
        "person"
      ],
      [
        "person"
      ],
      [
        "person"
      ],
      [
        "person"
      ],
      [
        "car",
        "person"
      ],
      [
        "person"
      ],
      [
        "person"
      ],
      [
        "person"
      ],
      [
        "person"
      ],
      [
        "person"
      ],
      [
        "person"
      ],
      [
        "person"
      ],
      [
        "handbag",
        "person"
      ],
      [
        "person"
      ],
      [
        "person"
      ],
      [
        "person"
      ],
      [
        "person"
      ],
      [
        "person"
      ],
      [
        "person"
      ],
      [
        "person"
      ],
      [
        "person"
      ],
      [
        "person"
      ],
      [
        "person"
      ],
      [
        "person"
      ],
      [
        "person"
      ],
      [
        "person"
      ],
      [
        "person"
      ],
      [
        "person"
      ],
      [
        "person"
      ],
      [
        "handbag",
        "person"
      ],
      [
        "person"
      ],
      [
        "handbag",
        "person"
      ],
      [
        "person"
      ],
      [
        "car",
        "person"
      ],
      [
        "fire hydrant",
        "person"
      ],
      [
        "person"
      ],
      [
        "person"
      ],
      [
        "person"
      ],
      [
        "fire hydrant",
        "person"
      ],
      [
        "fire hydrant",
        "person"
      ],
      [
        "fire hydrant",
        "person"
      ],
      [
        "person"
      ],
      [
        "car",
        "handbag",
        "person"
      ],
      [
        "car",
        "handbag",
        "person"
      ],
      [
        "car",
        "person"
      ],
      [
        "car",
        "person"
      ]
    ],
    "appearances": [
      {
        "object_class": "person",
        "first_appearance": 5.2,
        "last_appearance": 29.8,
        "frame_count": 123,
        "frequency": 0.82
      },
      {
        "object_class": "car",
        "first_appearance": 10.8,
        "last_appearance": 29.8,
        "frame_count": 15,
        "frequency": 0.1
      },
      {
        "object_class": "handbag",
        "first_appearance": 15.8,
        "last_appearance": 29.400000000000002,
        "frame_count": 13,
        "frequency": 0.08666666666666667
      },
      {
        "object_class": "fire hydrant",
        "first_appearance": 27.6,
        "last_appearance": 28.8,
        "frame_count": 4,
        "frequency": 0.02666666666666667
      }
    ]
  },
  "atmosphere_signals": {
    "brightness_values": [
      1.2835167100694445,
      4.5740625,
      5.277331814236111,
      5.347801649305556,
      5.406412760416667,
      5.476710069444445,
      5.535674913194445,
      5.610194227430555,
      5.674129774305555,
      5.743352864583334,
      5.809983723958333,
      5.882361111111111,
      5.94541015625,
      6.02138671875,
      6.086392144097222,
      5.894516059027778,
      5.226675347222222,
      4.572361111111111,
      3.88720703125,
      3.201804470486111,
      2.4947580295138887,
      1.780388454861111,
      1.0300868055555557,
      0.28064670138888886,
      0.0,
      3.6294097222222224,
      15.249467230902777,
      24.415282118055554,
      33.040453559027775,
      40.699344618055555,
      47.21279079861111,
      49.5058984375,
      49.45943250868056,
      49.56281901041667,
      49.59174587673611,
      49.66279622395833,
      49.654560546875,
      49.651753472222225,
      49.61145941840278,
      49.66923502604167,
      49.668217230902776,
      49.62704427083333,
      49.56993055555556,
      49.556971571180554,
      49.52982964409722,
      49.55312391493055,
      49.61040364583334,
      49.634624565972224,
      49.659091796875,
      49.6906640625,
      49.67598741319444,
      110.89167426215278,
      109.847783203125,
      109.16097981770834,
      109.35446940104167,
      109.66485460069444,
      110.693837890625,
      110.93351128472223,
      111.693828125,
      112.63024305555555,
      112.92578776041667,
      112.646328125,
      111.59500868055555,
      109.82609809027778,
      108.20632921006944,
      108.24018012152777,
      107.96795572916666,
      107.26251302083334,
      107.40258355034722,
      109.57339409722222,
      111.77023328993056,
      113.82750325520833,
      113.05262912326388,
      113.05567708333334,
      112.97648763020834,
      117.4303298611111,
      122.76784722222222,
      113.82411566840278,
      108.41889322916667,
      113.554833984375,
      108.75535481770834,
      101.56928276909723,
      97.53868489583333,
      109.36906358506944,
      112.14135416666667,
      102.7607302517361,
      108.55498589409723,
      114.27625759548611,
      107.00885525173611,
      105.82452582465278,
      106.13460177951389,
      105.24210394965277,
      101.79586480034722,
      94.1553634982639,
      96.46799045138889,
      100.63659505208334,
      94.93903103298611,
      109.11815538194445,
      108.54424696180556,
      103.8813009982639,
      98.68633355034723,
      103.26610677083333,
      114.12979926215277,
      116.096142578125,
      116.38600151909722,
      118.88127387152778,
      119.56748480902777,
      109.58247721354167,
      110.21501627604167,
      112.00360026041666,
      111.65472547743056,
      112.36331380208334,
      113.08174370659722,
      112.15020941840278,
      109.38893771701389,
      106.21093532986112,
      107.1287814670139,
      108.61668077256944,
      112.71167426215278,
      112.19439127604167,
      111.42311957465277,
      109.04971571180556,
      109.05119791666667,
      108.69570638020834,
      94.04490342881944,
      97.37375651041667,
      105.59060980902778,
      98.94731553819445,
      99.92196614583334,
      104.93609809027778,
      102.43455078125,
      100.00869140625,
      112.89325629340277,
      115.80586588541667,
      117.003681640625,
      113.07484483506944,
      110.3525217013889,
      99.24263780381945,
      98.97382052951389,
      112.97899956597222,
      115.80979817708334,
      114.55381727430556,
      115.03919379340277,
      114.490078125,
      114.57618055555555,
      116.61419921875,
      128.57687717013889,
      126.77288953993056,
      124.62699869791666,
      124.33865234375
    ],
    "brightness_mean": 80.83908890335648,
    "brightness_std": 42.54013074106142,
    "brightness_min": 0.0,
    "brightness_max": 128.57687717013889,
    "brightness_range": 128.57687717013889,
    "lighting_changes": [
      {
        "timestamp": 10.200000000000001,
        "frame_index": 51,
        "brightness_before": 49.67598741319444,
        "brightness_after": 110.89167426215278,
        "magnitude": 61.215686848958335
      }
    ],
    "lighting_change_count": 1,
    "setting_type": "indoor",
    "dominant_colors_rgb": [
      [
        "209",
        "194",
        "186"
      ],
      [
        "127",
        "130",
        "127"
      ],
      [
        "60",
        "69",
        "72"
      ]
    ],
    "dominant_colors": [
      "red",
      "green",
      "blue"
    ]
  },
  "action_signals": {
    "intensity_timeline": [
      0.0,
      0.0034858587384223936,
      0.0017958822846412658,
      0.0016875113546848297,
      0.0017055335640907287,
      0.0017204228043556213,
      0.0017386582493782044,
      0.0017702098190784455,
      0.0017726966738700867,
      0.0017975907027721406,
      0.0018012963235378265,
      0.0018179281055927276,
      0.0018576937913894653,
      0.0018773208558559417,
      0.0018841007351875305,
      0.0020086923241615295,
      0.002058044970035553,
      0.0020326195657253267,
      0.0020681607723236086,
      0.002096474915742874,
      0.0021005631983280182,
      0.0021041750907897947,
      0.002161480039358139,
      0.002536596655845642,
      0.00021429529413580895,
      0.002608577907085419,
      0.0012405387312173844,
      0.0027173838019371034,
      0.0049528214335441585,
      0.006100693345069885,
      0.006436036229133606,
      0.014644559621810913,
      0.018558473587036134,
      0.01722200632095337,
      0.012563152313232422,
      0.00864871621131897,
      0.004004505872726441,
      0.0044060957431793215,
      0.0033068472146987916,
      0.004063265919685363,
      0.005982566475868225,
      0.008360265493392945,
      0.006784900426864624,
      0.005023282766342163,
      0.00399124801158905,
      0.005970901846885681,
      0.0068185186386108395,
      0.004867073893547058,
      0.007938267588615417,
      0.006776305437088012,
      0.0035054942965507506,
      0.1528626823425293,
      0.2649765777587891,
      0.2603409957885742,
      0.2419720458984375,
      0.2542509841918945,
      0.22613452911376952,
      0.2306532859802246,
      0.25489173889160155,
      0.27554243087768554,
      0.2363044548034668,
      0.17503850936889648,
      0.130449161529541,
      0.07660552501678466,
      0.05792838573455811,
      0.05725836277008057,
      0.059155430793762204,
      0.0656012487411499,
      0.08689654350280762,
      0.06990250110626221,
      0.048947076797485355,
      0.03820517063140869,
      0.030198097229003906,
      0.03437224388122559,
      0.03909331798553467,
      0.12693990707397462,
      0.03970581769943237,
      0.03743694543838501,
      0.06787696361541748,
      0.06631257534027099,
      0.0658577299118042,
      0.0800905990600586,
      0.08424997329711914,
      0.06636029243469238,
      0.06402971267700196,
      0.07004482746124267,
      0.07780803680419922,
      0.07170764446258544,
      0.051557273864746095,
      0.06771807193756103,
      0.06927377700805665,
      0.08930313110351562,
      0.08143035888671875,
      0.09244732856750489,
      0.0662153959274292,
      0.07191071987152099,
      0.07464706420898437,
      0.07479333877563477,
      0.09041687965393067,
      0.08628825187683105,
      0.11536050796508789,
      0.1271417236328125,
      0.09572999954223632,
      0.07186964988708495,
      0.08516234397888184,
      0.1169803810119629,
      0.09997130393981933,
      0.13133152961730957,
      0.08347024917602539,
      0.05977381706237793,
      0.05504778861999512,
      0.04878295421600342,
      0.05023135185241699,
      0.06275822639465332,
      0.07075619220733642,
      0.08004982948303223,
      0.0871796703338623,
      0.10123056411743164,
      0.10035100936889649,
      0.0987352466583252,
      0.07508671760559082,
      0.0750934886932373,
      0.10669127464294434,
      0.10838617324829102,
      0.17619779586791992,
      0.06152745723724365,
      0.05503975868225098,
      0.06757058143615723,
      0.04033956527709961,
      0.05525482177734375,
      0.05085686683654785,
      0.06002466678619385,
      0.1563611125946045,
      0.08312102317810059,
      0.0726756763458252,
      0.09222330093383789,
      0.10376132011413575,
      0.08623571395874023,
      0.0857303237915039,
      0.08396122932434082,
      0.05677201747894287,
      0.04605670928955078,
      0.0752278470993042,
      0.06992396354675293,
      0.09783795356750488,
      0.07892577171325683,
      0.15437378883361816,
      0.12654335021972657,
      0.12279128074645997,
      0.10536213874816895
    ],
    "intensity_mean": 0.06531638834861418,
    "intensity_std": 0.06346029238161828,
    "intensity_min": 0.0,
    "intensity_max": 0.27554243087768554,
    "intensity_trend": "stable",
    "peak_moments": [
      {
        "timestamp": 11.8,
        "frame_index": 59,
        "intensity": 0.27554243087768554,
        "moment_type": "peak"
      },
      {
        "timestamp": 24.8,
        "frame_index": 124,
        "intensity": 0.17619779586791992,
        "moment_type": "peak"
      },
      {
        "timestamp": 26.400000000000002,
        "frame_index": 132,
        "intensity": 0.1563611125946045,
        "moment_type": "peak"
      }
    ],
    "valley_moments": [
      {
        "timestamp": 14.4,
        "frame_index": 72,
        "intensity": 0.030198097229003906,
        "moment_type": "valley"
      },
      {
        "timestamp": 25.6,
        "frame_index": 128,
        "intensity": 0.04033956527709961,
        "moment_type": "valley"
      },
      {
        "timestamp": 28.200000000000003,
        "frame_index": 141,
        "intensity": 0.04605670928955078,
        "moment_type": "valley"
      }
    ],
    "peak_timestamps": [
      11.8,
      24.8,
      26.400000000000002
    ],
    "valley_timestamps": [
      14.4,
      25.6,
      28.200000000000003
    ],
    "peak_count": 3,
    "valley_count": 3,
    "action_variance": 0.0040272087091604795
  },
  "temporal_signals": {
    "frame_change_scores": [
      0.0,
      0.06827534461488749,
      0.011059841468752718,
      0.008503763491809369,
      0.010019197508084887,
      0.010220926965815447,
      0.009727763937291023,
      0.010741291576201517,
      0.008981658073761944,
      0.0106134891705425,
      0.010795781240620417,
      0.009706802119900937,
      0.00994556680259262,
      0.009510505427267613,
      0.010872249027750969,
      0.01096896440067019,
      0.011972143441036143,
      0.011988381297074802,
      0.010855728243609919,
      0.013022101506668937,
      0.014452053443605672,
      0.019538902025230787,
      0.030940946503309363,
      0.06844073268817463,
      0.05894412349743394,
      0.47257062204061273,
      0.5973192396734046,
      0.1563392425946286,
      0.10748802860900397,
      0.06557281823638983,
      0.03988020547103388,
      0.08080391638881235,
      0.10326945281096545,
      0.09616112870838689,
      0.06330863420943189,
      0.03252354528767287,
      0.011019680027827938,
      0.009553777173551437,
      0.006606715763362803,
      0.012530681335854776,
      0.024782687019047067,
      0.03950287797668817,
      0.028961803530346497,
      0.018635577436422635,
      0.01229697214337,
      0.019123902810837756,
      0.029084908373171903,
      0.0158506040229085,
      0.03303528331336514,
      0.021100723371445862,
      0.008555940160657527,
      0.8428331683735453,
      0.5347969134741558,
      0.5571876706991601,
      0.5696565902557253,
      0.5646032929530562,
      0.5218993539054683,
      0.5371747837460322,
      0.5405506672754457,
      0.5421183961916796,
      0.5402449804132242,
      0.5099737092923413,
      0.4592306338099732,
      0.31598191075535953,
      0.2351947339062186,
      0.22517857076359782,
      0.21930225470956766,
      0.24623393147501083,
      0.34224456388827673,
      0.27013406658737604,
      0.19067684032578258,
      0.14449775477355686,
      0.11946695734486634,
      0.13007531319609988,
      0.1186192695179289,
      0.7489165795756421,
      0.4955170506665595,
      0.3134720268691773,
      0.46272395121640064,
      0.4369602893501471,
      0.38795991478395764,
      0.48957089198785764,
      0.5616847003653649,
      0.43082791738248827,
      0.38559421582480036,
      0.4490747810883946,
      0.5400682449446232,
      0.5541134356234503,
      0.49073859548241483,
      0.5860745227944117,
      0.5281501459985791,
      0.6067090674630073,
      0.630934628767545,
      0.634081831934344,
      0.5295234244767626,
      0.4626032155589447,
      0.49495746641536686,
      0.4955656649596746,
      0.4701261135190681,
      0.508925511311743,
      0.592819175392835,
      0.5784222253841561,
      0.47218999850313426,
      0.3667244659568376,
      0.372545492831277,
      0.49278981004038436,
      0.34930295885863594,
      0.7089938877617055,
      0.32172981790945243,
      0.2752704351629519,
      0.24504981821623095,
      0.2282311986690666,
      0.20297565496298176,
      0.263978019663078,
      0.2693314895552962,
      0.32149541880730226,
      0.3585149167966888,
      0.3674530609332374,
      0.37716782648231995,
      0.4109299876014981,
      0.3531499538185664,
      0.35753567851573276,
      0.3908459991218185,
      0.3859900279004923,
      0.7695095286964666,
      0.43567489521210656,
      0.47903073917399075,
      0.5078570004023475,
      0.25183698817017464,
      0.35217167692856366,
      0.26965537349241175,
      0.3369868608893877,
      0.7864731325047607,
      0.3597711280513438,
      0.29713323522341195,
      0.3538153424621582,
      0.4351201767531193,
      0.48847154189950237,
      0.4889593116646035,
      0.4128155490502232,
      0.23489009467258326,
      0.15764098049632247,
      0.24779617017332478,
      0.18496378233276356,
      0.24555935945363339,
      0.2489900621805714,
      0.7164287638624327,
      0.49149267300736854,
      0.4576955495228071,
      0.4024192165438113
    ],
    "change_score_mean": 0.29336882796414226,
    "change_score_std": 0.2236651832565165,
    "change_score_max": 0.8428331683735453,
    "temporal_gaps": [
      {
        "start_time": 0.4,
        "end_time": 4.2,
        "duration": 3.8000000000000003,
        "start_frame": 2,
        "end_frame": 21,
        "avg_change": 0.01117485555841442
      },
      {
        "start_time": 7.2,
        "end_time": 7.800000000000001,
        "duration": 0.6000000000000005,
        "start_frame": 36,
        "end_frame": 39,
        "avg_change": 0.009927713575149238
      }
    ],
    "temporal_gap_count": 2,
    "temporal_gap_total_duration": 4.4,
    "transition_similarity_scores": [
      0.40268076032659533,
      0.15716683162645478,
      0.4900262907076587,
      0.251083420424358,
      0.29100611223829453,
      0.23049047130353342,
      0.28357123613756724
    ],
    "transition_similarity_mean": 0.30086073182349454,
    "temporal_density": 3.48993288590604
  },
  "metadata": {
    "video_path": "/vol/videos/core/produced_digital/commercials/MQcN5DtMT-0.mp4",
    "dataset": "produced_digital/commercials",
    "tier": "produced_digital",
    "study_type": "core",
    "source_fps": 25.0,
    "source_width": 1280,
    "source_height": 720,
    "experiment_version": "3.3",
    "batch": "1-retry",
    "retry_id": "20251226_182920"
  }
}