{
  "video_id": "mYsFUFgOEmM",
  "fps": 12.0,
  "duration": 29.916666666666664,
  "frame_count": 360,
  "scene_signals": {
    "transition_count": 27,
    "transition_timestamps": [
      2.333333333333333,
      2.9166666666666665,
      3.0,
      4.0,
      4.083333333333333,
      6.25,
      6.333333333333333,
      8.166666666666666,
      9.5,
      10.666666666666666,
      12.083333333333332,
      13.166666666666666,
      14.833333333333332,
      14.916666666666666,
      15.0,
      15.583333333333332,
      15.666666666666666,
      17.083333333333332,
      19.583333333333332,
      19.666666666666664,
      22.5,
      23.416666666666664,
      23.583333333333332,
      26.666666666666664,
      27.5,
      27.75,
      29.416666666666664
    ],
    "transition_types": [
      "hard_cut",
      "hard_cut",
      "soft_cut",
      "hard_cut",
      "hard_cut",
      "hard_cut",
      "hard_cut",
      "soft_cut",
      "soft_cut",
      "soft_cut",
      "hard_cut",
      "hard_cut",
      "soft_cut",
      "soft_cut",
      "soft_cut",
      "fade",
      "hard_cut",
      "hard_cut",
      "hard_cut",
      "dissolve",
      "hard_cut",
      "hard_cut",
      "soft_cut",
      "soft_cut",
      "soft_cut",
      "hard_cut",
      "hard_cut"
    ],
    "transition_magnitudes": [
      211.52233874512115,
      7908.038819056408,
      27.182265412450384,
      879.8985845410749,
      1139.5171372804164,
      1042.2328925103982,
      19067.564166524993,
      38.656359896997536,
      33.626952248951845,
      59.03794749685662,
      605.6849118566973,
      2334.8453455005206,
      36.14933729397762,
      76.69040483889492,
      52.93955689480835,
      69.00176885255595,
      90.12031137975558,
      81.14202543467479,
      107.84161206345485,
      75.5303107437824,
      421.82945069056194,
      387.4019816166377,
      49.43914175695752,
      80.1043597694758,
      46.29105246977476,
      806.6566604198122,
      229.63849602240685
    ],
    "scene_count": 28,
    "scene_durations": [
      2.333333333333333,
      0.5833333333333335,
      0.08333333333333348,
      1.0,
      0.08333333333333304,
      2.166666666666667,
      0.08333333333333304,
      1.833333333333333,
      1.333333333333334,
      1.166666666666666,
      1.416666666666666,
      1.083333333333334,
      1.666666666666666,
      0.08333333333333393,
      0.08333333333333393,
      0.5833333333333321,
      0.08333333333333393,
      1.416666666666666,
      2.5,
      0.08333333333333215,
      2.8333333333333357,
      0.9166666666666643,
      0.16666666666666785,
      3.083333333333332,
      0.8333333333333357,
      0.25,
      1.6666666666666643,
      0.5
    ],
    "scene_duration_mean": 1.068452380952381,
    "scene_duration_std": 0.9025024654334073,
    "scene_duration_min": 0.08333333333333215,
    "scene_duration_max": 3.083333333333332,
    "scene_types": [
      "unknown",
      "unknown",
      "unknown",
      "unknown",
      "unknown",
      "unknown",
      "unknown",
      "unknown",
      "unknown",
      "unknown",
      "unknown",
      "unknown",
      "unknown",
      "unknown",
      "unknown",
      "unknown",
      "unknown",
      "unknown",
      "unknown",
      "unknown",
      "unknown",
      "unknown",
      "unknown",
      "unknown",
      "unknown",
      "unknown",
      "unknown",
      "unknown"
    ],
    "transitions": [
      {
        "timestamp": 2.333333333333333,
        "frame_index": 28,
        "transition_type": "hard_cut",
        "magnitude": 211.52233874512115
      },
      {
        "timestamp": 2.9166666666666665,
        "frame_index": 35,
        "transition_type": "hard_cut",
        "magnitude": 7908.038819056408
      },
      {
        "timestamp": 3.0,
        "frame_index": 36,
        "transition_type": "soft_cut",
        "magnitude": 27.182265412450384
      },
      {
        "timestamp": 4.0,
        "frame_index": 48,
        "transition_type": "hard_cut",
        "magnitude": 879.8985845410749
      },
      {
        "timestamp": 4.083333333333333,
        "frame_index": 49,
        "transition_type": "hard_cut",
        "magnitude": 1139.5171372804164
      },
      {
        "timestamp": 6.25,
        "frame_index": 75,
        "transition_type": "hard_cut",
        "magnitude": 1042.2328925103982
      },
      {
        "timestamp": 6.333333333333333,
        "frame_index": 76,
        "transition_type": "hard_cut",
        "magnitude": 19067.564166524993
      },
      {
        "timestamp": 8.166666666666666,
        "frame_index": 98,
        "transition_type": "soft_cut",
        "magnitude": 38.656359896997536
      },
      {
        "timestamp": 9.5,
        "frame_index": 114,
        "transition_type": "soft_cut",
        "magnitude": 33.626952248951845
      },
      {
        "timestamp": 10.666666666666666,
        "frame_index": 128,
        "transition_type": "soft_cut",
        "magnitude": 59.03794749685662
      },
      {
        "timestamp": 12.083333333333332,
        "frame_index": 145,
        "transition_type": "hard_cut",
        "magnitude": 605.6849118566973
      },
      {
        "timestamp": 13.166666666666666,
        "frame_index": 158,
        "transition_type": "hard_cut",
        "magnitude": 2334.8453455005206
      },
      {
        "timestamp": 14.833333333333332,
        "frame_index": 178,
        "transition_type": "soft_cut",
        "magnitude": 36.14933729397762
      },
      {
        "timestamp": 14.916666666666666,
        "frame_index": 179,
        "transition_type": "soft_cut",
        "magnitude": 76.69040483889492
      },
      {
        "timestamp": 15.0,
        "frame_index": 180,
        "transition_type": "soft_cut",
        "magnitude": 52.93955689480835
      },
      {
        "timestamp": 15.583333333333332,
        "frame_index": 187,
        "transition_type": "fade",
        "magnitude": 69.00176885255595
      },
      {
        "timestamp": 15.666666666666666,
        "frame_index": 188,
        "transition_type": "hard_cut",
        "magnitude": 90.12031137975558
      },
      {
        "timestamp": 17.083333333333332,
        "frame_index": 205,
        "transition_type": "hard_cut",
        "magnitude": 81.14202543467479
      },
      {
        "timestamp": 19.583333333333332,
        "frame_index": 235,
        "transition_type": "hard_cut",
        "magnitude": 107.84161206345485
      },
      {
        "timestamp": 19.666666666666664,
        "frame_index": 236,
        "transition_type": "dissolve",
        "magnitude": 75.5303107437824
      },
      {
        "timestamp": 22.5,
        "frame_index": 270,
        "transition_type": "hard_cut",
        "magnitude": 421.82945069056194
      },
      {
        "timestamp": 23.416666666666664,
        "frame_index": 281,
        "transition_type": "hard_cut",
        "magnitude": 387.4019816166377
      },
      {
        "timestamp": 23.583333333333332,
        "frame_index": 283,
        "transition_type": "soft_cut",
        "magnitude": 49.43914175695752
      },
      {
        "timestamp": 26.666666666666664,
        "frame_index": 320,
        "transition_type": "soft_cut",
        "magnitude": 80.1043597694758
      },
      {
        "timestamp": 27.5,
        "frame_index": 330,
        "transition_type": "soft_cut",
        "magnitude": 46.29105246977476
      },
      {
        "timestamp": 27.75,
        "frame_index": 333,
        "transition_type": "hard_cut",
        "magnitude": 806.6566604198122
      },
      {
        "timestamp": 29.416666666666664,
        "frame_index": 353,
        "transition_type": "hard_cut",
        "magnitude": 229.63849602240685
      }
    ],
    "scenes": [
      {
        "start_time": 0.0,
        "end_time": 2.333333333333333,
        "duration": 2.333333333333333,
        "scene_type": "unknown",
        "start_frame": 0,
        "end_frame": 27
      },
      {
        "start_time": 2.333333333333333,
        "end_time": 2.9166666666666665,
        "duration": 0.5833333333333335,
        "scene_type": "unknown",
        "start_frame": 28,
        "end_frame": 34
      },
      {
        "start_time": 2.9166666666666665,
        "end_time": 3.0,
        "duration": 0.08333333333333348,
        "scene_type": "unknown",
        "start_frame": 35,
        "end_frame": 35
      },
      {
        "start_time": 3.0,
        "end_time": 4.0,
        "duration": 1.0,
        "scene_type": "unknown",
        "start_frame": 36,
        "end_frame": 47
      },
      {
        "start_time": 4.0,
        "end_time": 4.083333333333333,
        "duration": 0.08333333333333304,
        "scene_type": "unknown",
        "start_frame": 48,
        "end_frame": 48
      },
      {
        "start_time": 4.083333333333333,
        "end_time": 6.25,
        "duration": 2.166666666666667,
        "scene_type": "unknown",
        "start_frame": 49,
        "end_frame": 74
      },
      {
        "start_time": 6.25,
        "end_time": 6.333333333333333,
        "duration": 0.08333333333333304,
        "scene_type": "unknown",
        "start_frame": 75,
        "end_frame": 75
      },
      {
        "start_time": 6.333333333333333,
        "end_time": 8.166666666666666,
        "duration": 1.833333333333333,
        "scene_type": "unknown",
        "start_frame": 76,
        "end_frame": 97
      },
      {
        "start_time": 8.166666666666666,
        "end_time": 9.5,
        "duration": 1.333333333333334,
        "scene_type": "unknown",
        "start_frame": 98,
        "end_frame": 113
      },
      {
        "start_time": 9.5,
        "end_time": 10.666666666666666,
        "duration": 1.166666666666666,
        "scene_type": "unknown",
        "start_frame": 114,
        "end_frame": 127
      },
      {
        "start_time": 10.666666666666666,
        "end_time": 12.083333333333332,
        "duration": 1.416666666666666,
        "scene_type": "unknown",
        "start_frame": 128,
        "end_frame": 144
      },
      {
        "start_time": 12.083333333333332,
        "end_time": 13.166666666666666,
        "duration": 1.083333333333334,
        "scene_type": "unknown",
        "start_frame": 145,
        "end_frame": 157
      },
      {
        "start_time": 13.166666666666666,
        "end_time": 14.833333333333332,
        "duration": 1.666666666666666,
        "scene_type": "unknown",
        "start_frame": 158,
        "end_frame": 177
      },
      {
        "start_time": 14.833333333333332,
        "end_time": 14.916666666666666,
        "duration": 0.08333333333333393,
        "scene_type": "unknown",
        "start_frame": 178,
        "end_frame": 178
      },
      {
        "start_time": 14.916666666666666,
        "end_time": 15.0,
        "duration": 0.08333333333333393,
        "scene_type": "unknown",
        "start_frame": 179,
        "end_frame": 179
      },
      {
        "start_time": 15.0,
        "end_time": 15.583333333333332,
        "duration": 0.5833333333333321,
        "scene_type": "unknown",
        "start_frame": 180,
        "end_frame": 186
      },
      {
        "start_time": 15.583333333333332,
        "end_time": 15.666666666666666,
        "duration": 0.08333333333333393,
        "scene_type": "unknown",
        "start_frame": 187,
        "end_frame": 187
      },
      {
        "start_time": 15.666666666666666,
        "end_time": 17.083333333333332,
        "duration": 1.416666666666666,
        "scene_type": "unknown",
        "start_frame": 188,
        "end_frame": 204
      },
      {
        "start_time": 17.083333333333332,
        "end_time": 19.583333333333332,
        "duration": 2.5,
        "scene_type": "unknown",
        "start_frame": 205,
        "end_frame": 234
      },
      {
        "start_time": 19.583333333333332,
        "end_time": 19.666666666666664,
        "duration": 0.08333333333333215,
        "scene_type": "unknown",
        "start_frame": 235,
        "end_frame": 235
      },
      {
        "start_time": 19.666666666666664,
        "end_time": 22.5,
        "duration": 2.8333333333333357,
        "scene_type": "unknown",
        "start_frame": 236,
        "end_frame": 269
      },
      {
        "start_time": 22.5,
        "end_time": 23.416666666666664,
        "duration": 0.9166666666666643,
        "scene_type": "unknown",
        "start_frame": 270,
        "end_frame": 280
      },
      {
        "start_time": 23.416666666666664,
        "end_time": 23.583333333333332,
        "duration": 0.16666666666666785,
        "scene_type": "unknown",
        "start_frame": 281,
        "end_frame": 282
      },
      {
        "start_time": 23.583333333333332,
        "end_time": 26.666666666666664,
        "duration": 3.083333333333332,
        "scene_type": "unknown",
        "start_frame": 283,
        "end_frame": 319
      },
      {
        "start_time": 26.666666666666664,
        "end_time": 27.5,
        "duration": 0.8333333333333357,
        "scene_type": "unknown",
        "start_frame": 320,
        "end_frame": 329
      },
      {
        "start_time": 27.5,
        "end_time": 27.75,
        "duration": 0.25,
        "scene_type": "unknown",
        "start_frame": 330,
        "end_frame": 332
      },
      {
        "start_time": 27.75,
        "end_time": 29.416666666666664,
        "duration": 1.6666666666666643,
        "scene_type": "unknown",
        "start_frame": 333,
        "end_frame": 352
      },
      {
        "start_time": 29.416666666666664,
        "end_time": 29.916666666666664,
        "duration": 0.5,
        "scene_type": "unknown",
        "start_frame": 353,
        "end_frame": 359
      }
    ]
  },
  "character_signals": {
    "person_counts_per_frame": [
      0,
      0,
      0,
      0,
      0,
      0,
      0,
      0,
      0,
      0,
      0,
      0,
      0,
      0,
      0,
      0,
      0,
      0,
      0,
      0,
      0,
      0,
      0,
      0,
      0,
      0,
      0,
      0,
      0,
      0,
      0,
      0,
      0,
      0,
      0,
      0,
      0,
      0,
      0,
      0,
      0,
      0,
      0,
      0,
      0,
      0,
      0,
      0,
      0,
      0,
      0,
      0,
      0,
      0,
      0,
      0,
      0,
      0,
      0,
      0,
      0,
      0,
      0,
      0,
      0,
      0,
      0,
      0,
      0,
      0,
      0,
      0,
      0,
      0,
      0,
      0,
      0,
      0,
      0,
      0,
      0,
      0,
      0,
      0,
      0,
      0,
      0,
      0,
      0,
      0,
      0,
      0,
      0,
      0,
      0,
      0,
      0,
      0,
      0,
      0,
      0,
      0,
      0,
      0,
      0,
      0,
      0,
      0,
      0,
      0,
      0,
      0,
      0,
      0,
      0,
      0,
      0,
      0,
      0,
      0,
      0,
      0,
      0,
      0,
      0,
      0,
      0,
      0,
      0,
      0,
      0,
      0,
      0,
      0,
      0,
      0,
      0,
      0,
      0,
      0,
      0,
      0,
      0,
      0,
      0,
      0,
      0,
      0,
      0,
      0,
      0,
      0,
      0,
      0,
      0,
      0,
      0,
      0,
      0,
      0,
      0,
      0,
      0,
      0,
      0,
      0,
      0,
      0,
      0,
      0,
      0,
      0,
      0,
      0,
      0,
      0,
      0,
      0,
      0,
      0,
      0,
      0,
      0,
      0,
      0,
      0,
      0,
      0,
      0,
      0,
      0,
      1,
      0,
      0,
      0,
      0,
      0,
      0,
      0,
      0,
      0,
      0,
      0,
      0,
      0,
      0,
      0,
      0,
      0,
      0,
      0,
      0,
      0,
      0,
      0,
      0,
      0,
      0,
      0,
      0,
      0,
      0,
      0,
      0,
      0,
      0,
      0,
      0,
      0,
      0,
      0,
      0,
      0,
      0,
      0,
      0,
      0,
      0,
      0,
      0,
      0,
      0,
      0,
      0,
      0,
      0,
      0,
      0,
      0,
      0,
      0,
      0,
      0,
      0,
      0,
      0,
      0,
      0,
      0,
      0,
      0,
      0,
      0,
      0,
      0,
      0,
      0,
      0,
      0,
      0,
      0,
      0,
      0,
      0,
      0,
      0,
      0,
      0,
      0,
      0,
      0,
      0,
      2,
      2,
      3,
      3,
      2,
      3,
      3,
      4,
      3,
      2,
      2,
      2,
      1,
      1,
      1,
      1,
      1,
      2,
      2,
      2,
      2,
      2,
      2,
      2,
      2,
      0,
      0,
      0,
      0,
      0,
      0,
      0,
      0,
      0,
      0,
      0,
      0,
      0,
      0,
      0,
      0,
      0,
      0,
      0,
      0,
      0,
      0,
      0,
      0,
      0,
      0,
      0,
      0,
      0,
      0,
      0,
      0,
      0,
      0,
      0,
      0,
      0,
      0,
      0,
      0,
      0,
      0,
      0,
      0,
      0,
      0,
      0,
      0,
      0,
      0,
      0,
      0,
      0
    ],
    "person_count_mode": 0,
    "person_count_mean": 0.14722222222222223,
    "person_count_std": 0.5656786048195719,
    "person_count_min": 0,
    "person_count_max": 4,
    "person_count_distribution": {
      "0": 334,
      "1": 6,
      "2": 14,
      "3": 5,
      "4": 1
    },
    "character_consistency": 0.9277777777777778,
    "entry_events": [
      {
        "timestamp": 15.916666666666666,
        "frame_index": 191,
        "event_type": "entry",
        "count_before": 0,
        "count_after": 1
      },
      {
        "timestamp": 23.5,
        "frame_index": 282,
        "event_type": "entry",
        "count_before": 0,
        "count_after": 2
      },
      {
        "timestamp": 23.666666666666664,
        "frame_index": 284,
        "event_type": "entry",
        "count_before": 2,
        "count_after": 3
      },
      {
        "timestamp": 23.916666666666664,
        "frame_index": 287,
        "event_type": "entry",
        "count_before": 2,
        "count_after": 3
      },
      {
        "timestamp": 24.083333333333332,
        "frame_index": 289,
        "event_type": "entry",
        "count_before": 3,
        "count_after": 4
      },
      {
        "timestamp": 24.916666666666664,
        "frame_index": 299,
        "event_type": "entry",
        "count_before": 1,
        "count_after": 2
      }
    ],
    "exit_events": [
      {
        "timestamp": 16.0,
        "frame_index": 192,
        "event_type": "exit",
        "count_before": 1,
        "count_after": 0
      },
      {
        "timestamp": 23.833333333333332,
        "frame_index": 286,
        "event_type": "exit",
        "count_before": 3,
        "count_after": 2
      },
      {
        "timestamp": 24.166666666666664,
        "frame_index": 290,
        "event_type": "exit",
        "count_before": 4,
        "count_after": 3
      },
      {
        "timestamp": 24.25,
        "frame_index": 291,
        "event_type": "exit",
        "count_before": 3,
        "count_after": 2
      },
      {
        "timestamp": 24.5,
        "frame_index": 294,
        "event_type": "exit",
        "count_before": 2,
        "count_after": 1
      },
      {
        "timestamp": 25.583333333333332,
        "frame_index": 307,
        "event_type": "exit",
        "count_before": 2,
        "count_after": 0
      }
    ],
    "entry_count": 6,
    "exit_count": 6,
    "entry_exit_total": 12,
    "entry_timestamps": [
      15.916666666666666,
      23.5,
      23.666666666666664,
      23.916666666666664,
      24.083333333333332,
      24.916666666666664
    ],
    "exit_timestamps": [
      16.0,
      23.833333333333332,
      24.166666666666664,
      24.25,
      24.5,
      25.583333333333332
    ]
  },
  "visual_signals": {
    "unique_objects": [
      "car",
      "clock",
      "person",
      "kite",
      "horse"
    ],
    "unique_object_count": 5,
    "persistent_objects": [],
    "persistent_object_count": 0,
    "transient_objects": [
      "car",
      "clock",
      "person",
      "kite",
      "horse"
    ],
    "transient_object_count": 5,
    "object_frequency": {
      "car": 0.041666666666666664,
      "clock": 0.025,
      "person": 0.07222222222222222,
      "kite": 0.019444444444444445,
      "horse": 0.06111111111111111
    },
    "object_frame_counts": {
      "car": 15,
      "clock": 9,
      "person": 26,
      "kite": 7,
      "horse": 22
    },
    "object_first_appearance": {
      "car": 11.166666666666666,
      "clock": 15.666666666666666,
      "person": 15.916666666666666,
      "kite": 18.583333333333332,
      "horse": 23.75
    },
    "object_last_appearance": {
      "car": 28.083333333333332,
      "clock": 16.833333333333332,
      "person": 25.5,
      "kite": 19.5,
      "horse": 25.5
    },
    "objects_per_frame": [
      [],
      [],
      [],
      [],
      [],
      [],
      [],
      [],
      [],
      [],
      [],
      [],
      [],
      [],
      [],
      [],
      [],
      [],
      [],
      [],
      [],
      [],
      [],
      [],
      [],
      [],
      [],
      [],
      [],
      [],
      [],
      [],
      [],
      [],
      [],
      [],
      [],
      [],
      [],
      [],
      [],
      [],
      [],
      [],
      [],
      [],
      [],
      [],
      [],
      [],
      [],
      [],
      [],
      [],
      [],
      [],
      [],
      [],
      [],
      [],
      [],
      [],
      [],
      [],
      [],
      [],
      [],
      [],
      [],
      [],
      [],
      [],
      [],
      [],
      [],
      [],
      [],
      [],
      [],
      [],
      [],
      [],
      [],
      [],
      [],
      [],
      [],
      [],
      [],
      [],
      [],
      [],
      [],
      [],
      [],
      [],
      [],
      [],
      [],
      [],
      [],
      [],
      [],
      [],
      [],
      [],
      [],
      [],
      [],
      [],
      [],
      [],
      [],
      [],
      [],
      [],
      [],
      [],
      [],
      [],
      [],
      [],
      [],
      [],
      [],
      [],
      [],
      [],
      [],
      [],
      [],
      [],
      [],
      [],
      [
        "car"
      ],
      [],
      [
        "car"
      ],
      [
        "car"
      ],
      [
        "car"
      ],
      [
        "car"
      ],
      [
        "car"
      ],
      [
        "car"
      ],
      [
        "car"
      ],
      [
        "car"
      ],
      [
        "car"
      ],
      [],
      [],
      [],
      [],
      [],
      [],
      [],
      [],
      [],
      [],
      [],
      [],
      [],
      [],
      [],
      [],
      [],
      [],
      [],
      [],
      [],
      [],
      [],
      [],
      [],
      [],
      [],
      [],
      [],
      [],
      [],
      [],
      [],
      [],
      [],
      [],
      [],
      [],
      [],
      [],
      [],
      [],
      [],
      [
        "clock"
      ],
      [
        "clock"
      ],
      [
        "clock"
      ],
      [
        "person",
        "clock"
      ],
      [],
      [],
      [],
      [
        "clock"
      ],
      [],
      [],
      [
        "clock"
      ],
      [],
      [
        "clock"
      ],
      [
        "clock"
      ],
      [
        "clock"
      ],
      [],
      [],
      [],
      [],
      [],
      [],
      [],
      [],
      [],
      [],
      [],
      [],
      [],
      [],
      [],
      [],
      [],
      [],
      [],
      [],
      [
        "kite"
      ],
      [
        "kite"
      ],
      [],
      [
        "kite"
      ],
      [],
      [
        "kite"
      ],
      [
        "kite"
      ],
      [],
      [],
      [
        "kite"
      ],
      [],
      [
        "kite"
      ],
      [],
      [],
      [],
      [],
      [],
      [],
      [],
      [],
      [],
      [],
      [],
      [],
      [],
      [],
      [],
      [],
      [],
      [],
      [],
      [],
      [],
      [],
      [],
      [],
      [],
      [],
      [],
      [],
      [],
      [],
      [],
      [],
      [],
      [],
      [],
      [],
      [],
      [],
      [],
      [],
      [],
      [],
      [],
      [],
      [],
      [],
      [],
      [
        "person"
      ],
      [
        "person"
      ],
      [
        "person"
      ],
      [
        "horse",
        "person"
      ],
      [
        "horse",
        "person"
      ],
      [
        "horse",
        "person"
      ],
      [
        "horse",
        "person"
      ],
      [
        "horse",
        "person"
      ],
      [
        "horse",
        "person"
      ],
      [
        "horse",
        "person"
      ],
      [
        "horse",
        "person"
      ],
      [
        "horse",
        "person"
      ],
      [
        "horse",
        "person"
      ],
      [
        "horse",
        "person"
      ],
      [
        "horse",
        "person"
      ],
      [
        "horse",
        "person"
      ],
      [
        "horse",
        "person"
      ],
      [
        "horse",
        "person"
      ],
      [
        "horse",
        "person"
      ],
      [
        "horse",
        "person"
      ],
      [
        "horse",
        "person"
      ],
      [
        "horse",
        "person"
      ],
      [
        "horse",
        "person"
      ],
      [
        "horse",
        "person"
      ],
      [
        "horse",
        "person"
      ],
      [],
      [],
      [],
      [],
      [],
      [],
      [],
      [],
      [],
      [],
      [],
      [],
      [],
      [],
      [],
      [],
      [],
      [
        "car"
      ],
      [],
      [],
      [],
      [],
      [
        "car"
      ],
      [],
      [],
      [],
      [],
      [],
      [
        "car"
      ],
      [
        "car"
      ],
      [
        "car"
      ],
      [],
      [],
      [],
      [],
      [],
      [],
      [],
      [],
      [],
      [],
      [],
      [],
      [],
      [],
      [],
      [],
      [],
      [],
      [],
      [],
      [],
      []
    ],
    "appearances": [
      {
        "object_class": "car",
        "first_appearance": 11.166666666666666,
        "last_appearance": 28.083333333333332,
        "frame_count": 15,
        "frequency": 0.041666666666666664
      },
      {
        "object_class": "clock",
        "first_appearance": 15.666666666666666,
        "last_appearance": 16.833333333333332,
        "frame_count": 9,
        "frequency": 0.025
      },
      {
        "object_class": "person",
        "first_appearance": 15.916666666666666,
        "last_appearance": 25.5,
        "frame_count": 26,
        "frequency": 0.07222222222222222
      },
      {
        "object_class": "kite",
        "first_appearance": 18.583333333333332,
        "last_appearance": 19.5,
        "frame_count": 7,
        "frequency": 0.019444444444444445
      },
      {
        "object_class": "horse",
        "first_appearance": 23.75,
        "last_appearance": 25.5,
        "frame_count": 22,
        "frequency": 0.06111111111111111
      }
    ]
  },
  "atmosphere_signals": {
    "brightness_values": [
      0.0,
      0.0,
      0.0,
      0.001640625,
      0.0,
      0.0,
      0.0,
      0.0,
      0.0,
      0.0,
      0.0,
      0.0,
      0.0,
      0.00018229166666666667,
      0.00018229166666666667,
      0.00018229166666666667,
      0.00018229166666666667,
      0.00018229166666666667,
      0.00018229166666666667,
      0.00018229166666666667,
      0.0,
      0.0,
      0.0,
      0.0,
      6.5322905815972225,
      13.696016710069445,
      30.003262803819446,
      44.55753146701389,
      67.69561631944444,
      62.640697699652776,
      55.96846028645833,
      54.30978949652778,
      54.71807834201389,
      59.588900824652775,
      73.86772569444445,
      94.52202365451389,
      144.1328070746528,
      139.9979470486111,
      146.30859157986112,
      152.44071723090278,
      159.97822591145834,
      169.4771657986111,
      189.255224609375,
      189.90408420138888,
      183.09880967881944,
      182.73110460069444,
      184.69519097222224,
      186.17080620659723,
      243.05677625868054,
      86.46245334201389,
      86.04170789930555,
      85.68999131944445,
      85.17204210069444,
      84.81609917534722,
      84.0323220486111,
      83.58619249131945,
      83.25519965277778,
      83.07247178819445,
      82.51603190104167,
      82.27862521701388,
      82.08832356770833,
      81.81576822916666,
      81.06308268229166,
      80.79377495659722,
      80.29596462673611,
      79.95795572916667,
      78.96602430555555,
      78.35934895833333,
      76.80942925347222,
      76.25532877604167,
      74.7444140625,
      73.64553493923611,
      72.36797309027777,
      71.89870008680556,
      71.32666883680555,
      114.34348307291667,
      153.7055154079861,
      150.01205837673612,
      141.4377267795139,
      134.7566623263889,
      130.78421006944444,
      132.25672200520833,
      132.92198133680554,
      133.00326171875,
      132.32609483506945,
      131.68818901909722,
      131.1158865017361,
      132.2462814670139,
      135.78650933159722,
      138.1657248263889,
      141.83993598090277,
      144.4750173611111,
      149.34484809027776,
      152.17824869791667,
      156.6480002170139,
      159.82184461805556,
      163.61459743923612,
      165.11843315972223,
      165.04511610243057,
      165.1225390625,
      165.15415690104166,
      165.21512152777777,
      165.13454644097223,
      164.86283637152778,
      164.84546549479165,
      165.05260091145834,
      165.03235785590277,
      164.5436252170139,
      164.148154296875,
      163.877802734375,
      163.98715169270832,
      164.13739040798612,
      164.15732096354168,
      164.43989691840278,
      145.747060546875,
      131.18487196180556,
      121.72209743923611,
      100.02158420138889,
      87.8666015625,
      80.46442599826389,
      76.10960394965278,
      56.55310546875,
      43.01448676215278,
      50.601703559027776,
      58.65685872395834,
      72.95340277777778,
      84.19846245659723,
      112.95640190972222,
      144.29160264756945,
      139.10358181423612,
      136.66645833333334,
      135.1865939670139,
      134.5530642361111,
      134.01956488715277,
      133.47742621527777,
      131.87887803819444,
      129.9997732204861,
      127.6122146267361,
      127.1803732638889,
      126.48024088541666,
      126.6644921875,
      126.31726996527777,
      125.94392035590278,
      125.14651692708334,
      125.84964192708334,
      21.666643880208333,
      25.492993706597222,
      36.95057400173611,
      46.95138454861111,
      48.690361328125,
      44.56748697916667,
      29.145784505208333,
      34.61528645833334,
      40.31958767361111,
      33.93315863715278,
      51.597841796875,
      59.08085720486111,
      62.025356987847225,
      126.82069769965278,
      143.49046223958334,
      155.25703776041667,
      156.039775390625,
      153.80819986979168,
      151.04461480034723,
      150.02547200520834,
      148.0403125,
      146.42610785590279,
      141.40629448784722,
      137.33111545138888,
      132.04162326388888,
      127.92937391493055,
      121.55813585069444,
      115.88482204861111,
      98.69845811631944,
      86.87569444444445,
      67.58848090277777,
      57.242914496527774,
      42.24793185763889,
      34.05716688368056,
      32.00347222222222,
      36.73858181423611,
      38.673855251736114,
      37.03313368055556,
      39.589321831597225,
      38.529306640625,
      38.696040581597224,
      16.284715711805557,
      40.05995768229167,
      55.163509114583334,
      54.42463758680555,
      54.067530381944444,
      54.26866861979167,
      54.3240234375,
      54.15022352430555,
      53.827901475694446,
      54.286046006944446,
      53.56240776909722,
      54.51103841145834,
      55.20796115451389,
      54.608853081597225,
      54.04021484375,
      53.719745008680555,
      48.949205729166664,
      37.42295572916667,
      53.20217990451389,
      121.47067165798612,
      121.33825086805555,
      121.34878797743056,
      121.14064670138889,
      121.26594509548612,
      121.19215494791666,
      121.10370334201389,
      121.05370985243056,
      120.924921875,
      120.73277235243056,
      119.38993272569445,
      118.28297417534722,
      116.74606228298612,
      116.47485677083333,
      116.76250759548611,
      117.30711805555555,
      116.95113498263889,
      116.36667100694444,
      115.7226953125,
      115.17669596354166,
      115.396923828125,
      115.34227213541666,
      115.51393446180556,
      115.10786892361111,
      114.38675564236111,
      114.373994140625,
      114.573828125,
      114.45352864583333,
      115.35547309027778,
      116.81147569444444,
      175.29513454861112,
      246.42847547743057,
      51.200542534722224,
      50.76642035590278,
      50.278346354166665,
      49.905478515625,
      49.359715711805556,
      49.015850694444445,
      49.02617404513889,
      48.73350368923611,
      48.221286892361114,
      47.92518120659722,
      47.55317708333333,
      47.453838975694445,
      47.81005099826389,
      47.87850151909722,
      47.827046440972225,
      47.757333984375,
      47.63219509548611,
      47.56624457465278,
      47.916805555555555,
      48.11348198784722,
      49.007663845486114,
      49.545559895833335,
      50.77482530381945,
      51.38300998263889,
      52.34941297743055,
      52.66975260416667,
      53.149508463541665,
      53.592090928819445,
      54.50263997395833,
      55.09510850694444,
      56.019497612847225,
      56.300952690972224,
      55.343363715277775,
      53.74346245659722,
      52.79611111111111,
      51.579130859375,
      52.98445095486111,
      55.23,
      56.06284396701389,
      55.854411892361114,
      49.58852973090278,
      48.220309244791665,
      49.921169704861114,
      55.900220269097225,
      156.37470377604166,
      139.400556640625,
      124.43886067708333,
      116.01846028645834,
      104.99359375,
      100.95644856770834,
      95.83667534722223,
      96.051328125,
      96.42296657986111,
      96.79563368055555,
      99.59707465277778,
      99.77701822916667,
      99.58049153645834,
      99.26749131944445,
      98.73386067708333,
      98.6499142795139,
      98.970986328125,
      99.44966688368055,
      100.00810112847222,
      100.05020399305556,
      99.59699327256945,
      98.75663519965278,
      97.97696723090277,
      97.77251519097223,
      98.10736328125,
      98.41344075520833,
      72.20408203125,
      71.64111762152778,
      70.01422200520834,
      68.41002821180555,
      67.82240885416667,
      67.64530815972222,
      66.44453993055555,
      66.49563368055556,
      67.21348198784722,
      68.626640625,
      69.33375868055556,
      70.15078016493055,
      70.84977430555556,
      46.632642144097225,
      47.411693793402776,
      50.229869791666665,
      53.144765625,
      56.26676866319445,
      43.93479817708333,
      22.305532769097223,
      16.052973090277778,
      17.850903862847222,
      34.99453884548611,
      58.27870985243055,
      60.97440212673611,
      56.23709092881944,
      181.65656684027778,
      182.19549153645832,
      179.9210427517361,
      179.06161566840277,
      176.12012369791665,
      175.35518012152778,
      176.39088758680555,
      176.5604665798611,
      177.28023654513888,
      178.2714898003472,
      179.33809244791667,
      180.94905815972223,
      184.34967013888888,
      191.22535264756945,
      201.17772352430555,
      211.01133463541666,
      222.82370551215277,
      246.06229817708333,
      250.80474609375,
      250.90246853298612,
      245.50427300347224,
      244.34158420138888,
      243.18924696180557,
      235.24014431423612,
      222.34873046875,
      211.82921549479167,
      201.31496419270835
    ],
    "brightness_mean": 95.67601803325137,
    "brightness_std": 57.30047645215351,
    "brightness_min": 0.0,
    "brightness_max": 250.90246853298612,
    "brightness_range": 250.90246853298612,
    "lighting_changes": [
      {
        "timestamp": 2.333333333333333,
        "frame_index": 28,
        "brightness_before": 44.55753146701389,
        "brightness_after": 67.69561631944444,
        "magnitude": 23.138084852430552
      },
      {
        "timestamp": 2.9166666666666665,
        "frame_index": 35,
        "brightness_before": 73.86772569444445,
        "brightness_after": 94.52202365451389,
        "magnitude": 20.654297960069442
      },
      {
        "timestamp": 3.0,
        "frame_index": 36,
        "brightness_before": 94.52202365451389,
        "brightness_after": 144.1328070746528,
        "magnitude": 49.6107834201389
      },
      {
        "timestamp": 4.0,
        "frame_index": 48,
        "brightness_before": 186.17080620659723,
        "brightness_after": 243.05677625868054,
        "magnitude": 56.88597005208331
      },
      {
        "timestamp": 4.083333333333333,
        "frame_index": 49,
        "brightness_before": 243.05677625868054,
        "brightness_after": 86.46245334201389,
        "magnitude": 156.59432291666667
      },
      {
        "timestamp": 6.25,
        "frame_index": 75,
        "brightness_before": 71.32666883680555,
        "brightness_after": 114.34348307291667,
        "magnitude": 43.01681423611112
      },
      {
        "timestamp": 6.333333333333333,
        "frame_index": 76,
        "brightness_before": 114.34348307291667,
        "brightness_after": 153.7055154079861,
        "magnitude": 39.36203233506943
      },
      {
        "timestamp": 9.75,
        "frame_index": 117,
        "brightness_before": 121.72209743923611,
        "brightness_after": 100.02158420138889,
        "magnitude": 21.70051323784722
      },
      {
        "timestamp": 10.583333333333332,
        "frame_index": 127,
        "brightness_before": 84.19846245659723,
        "brightness_after": 112.95640190972222,
        "magnitude": 28.75793945312499
      },
      {
        "timestamp": 10.666666666666666,
        "frame_index": 128,
        "brightness_before": 112.95640190972222,
        "brightness_after": 144.29160264756945,
        "magnitude": 31.33520073784723
      },
      {
        "timestamp": 12.083333333333332,
        "frame_index": 145,
        "brightness_before": 125.84964192708334,
        "brightness_after": 21.666643880208333,
        "magnitude": 104.18299804687501
      },
      {
        "timestamp": 13.166666666666666,
        "frame_index": 158,
        "brightness_before": 62.025356987847225,
        "brightness_after": 126.82069769965278,
        "magnitude": 64.79534071180555
      },
      {
        "timestamp": 15.5,
        "frame_index": 186,
        "brightness_before": 38.696040581597224,
        "brightness_after": 16.284715711805557,
        "magnitude": 22.411324869791667
      },
      {
        "timestamp": 15.583333333333332,
        "frame_index": 187,
        "brightness_before": 16.284715711805557,
        "brightness_after": 40.05995768229167,
        "magnitude": 23.77524197048611
      },
      {
        "timestamp": 17.083333333333332,
        "frame_index": 205,
        "brightness_before": 53.20217990451389,
        "brightness_after": 121.47067165798612,
        "magnitude": 68.26849175347223
      },
      {
        "timestamp": 19.583333333333332,
        "frame_index": 235,
        "brightness_before": 116.81147569444444,
        "brightness_after": 175.29513454861112,
        "magnitude": 58.48365885416668
      },
      {
        "timestamp": 19.666666666666664,
        "frame_index": 236,
        "brightness_before": 175.29513454861112,
        "brightness_after": 246.42847547743057,
        "magnitude": 71.13334092881945
      },
      {
        "timestamp": 19.75,
        "frame_index": 237,
        "brightness_before": 246.42847547743057,
        "brightness_after": 51.200542534722224,
        "magnitude": 195.22793294270835
      },
      {
        "timestamp": 23.416666666666664,
        "frame_index": 281,
        "brightness_before": 55.900220269097225,
        "brightness_after": 156.37470377604166,
        "magnitude": 100.47448350694444
      },
      {
        "timestamp": 25.583333333333332,
        "frame_index": 307,
        "brightness_before": 98.41344075520833,
        "brightness_after": 72.20408203125,
        "magnitude": 26.20935872395833
      },
      {
        "timestamp": 26.666666666666664,
        "frame_index": 320,
        "brightness_before": 70.84977430555556,
        "brightness_after": 46.632642144097225,
        "magnitude": 24.21713216145833
      },
      {
        "timestamp": 27.166666666666664,
        "frame_index": 326,
        "brightness_before": 43.93479817708333,
        "brightness_after": 22.305532769097223,
        "magnitude": 21.629265407986107
      },
      {
        "timestamp": 27.5,
        "frame_index": 330,
        "brightness_before": 34.99453884548611,
        "brightness_after": 58.27870985243055,
        "magnitude": 23.28417100694444
      },
      {
        "timestamp": 27.75,
        "frame_index": 333,
        "brightness_before": 56.23709092881944,
        "brightness_after": 181.65656684027778,
        "magnitude": 125.41947591145833
      },
      {
        "timestamp": 29.166666666666664,
        "frame_index": 350,
        "brightness_before": 222.82370551215277,
        "brightness_after": 246.06229817708333,
        "magnitude": 23.238592664930565
      }
    ],
    "lighting_change_count": 25,
    "setting_type": "indoor",
    "dominant_colors_rgb": [
      [
        "46",
        "34",
        "30"
      ],
      [
        "106",
        "93",
        "88"
      ],
      [
        "18",
        "13",
        "11"
      ]
    ],
    "dominant_colors": [
      "black",
      "brown",
      "black"
    ]
  },
  "action_signals": {
    "intensity_timeline": [
      0.0,
      0.0,
      0.0,
      3.851566532375728e-10,
      3.8525026724300914e-10,
      0.0,
      0.0,
      0.0,
      0.0,
      0.0,
      0.0,
      0.0,
      0.0,
      2.5380181511991396e-10,
      0.0,
      0.0,
      0.0,
      0.0,
      0.0,
      0.0,
      2.5380174406564037e-10,
      0.0,
      0.0,
      0.0,
      0.0005608319491147995,
      0.0021807800233364107,
      0.003701627254486084,
      0.0035958680510520934,
      0.003926568627357483,
      0.006443687677383423,
      0.0050387442111969,
      0.0071086353063583374,
      0.004172009825706482,
      0.006830549240112305,
      0.00567341148853302,
      0.0045906415581703185,
      0.1578122329711914,
      0.17518892288208007,
      0.26043617248535156,
      0.15090529441833497,
      0.2201457977294922,
      0.18048437118530272,
      0.16252683639526366,
      0.11041958808898926,
      0.1432002830505371,
      0.2198200988769531,
      0.2423544692993164,
      0.08638581275939941,
      0.23316417694091796,
      0.09681562423706054,
      0.04912275791168213,
      0.03722045421600342,
      0.051655697822570804,
      0.0321840763092041,
      0.07044445991516113,
      0.041670608520507815,
      0.06396814823150634,
      0.04433374404907227,
      0.07441030979156495,
      0.03266451597213745,
      0.04144810199737549,
      0.032892193794250485,
      0.11104687690734863,
      0.057134757041931154,
      0.11184953689575196,
      0.07177658557891846,
      0.15598052978515625,
      0.08863797187805175,
      0.17641103744506836,
      0.0991637134552002,
      0.13579015731811522,
      0.08564533233642578,
      0.11477606773376464,
      0.06263404846191406,
      0.08466241836547851,
      0.04267403602600098,
      0.07890467643737793,
      0.08647062301635743,
      0.1165038776397705,
      0.13198859214782716,
      0.1506562900543213,
      0.1422385597229004,
      0.17438070297241212,
      0.22219131469726563,
      0.17596399307250976,
      0.19521621704101563,
      0.16945238113403321,
      0.1480620288848877,
      0.20947952270507814,
      0.20121294021606445,
      0.17753320693969726,
      0.1628396415710449,
      0.17392032623291015,
      0.1782963752746582,
      0.17511358261108398,
      0.12828015327453612,
      0.11106300354003906,
      0.08449984550476074,
      0.1332306957244873,
      0.014788825511932373,
      0.011917403936386108,
      0.02414919137954712,
      0.013069264888763428,
      0.01788782835006714,
      0.00817796289920807,
      0.01800448775291443,
      0.011859084367752076,
      0.016520884037017822,
      0.009621009826660157,
      0.014301433563232421,
      0.006146079301834107,
      0.010474454164505004,
      0.0054038923978805544,
      0.021331930160522462,
      0.03393080472946167,
      0.009301336407661438,
      0.03199553251266479,
      0.030879449844360352,
      0.04788900852203369,
      0.06060701847076416,
      0.08018217086791993,
      0.05787217140197754,
      0.06478868961334229,
      0.06417837619781494,
      0.079720458984375,
      0.06428036689758301,
      0.0211658239364624,
      0.013182421922683716,
      0.037018125057220456,
      0.09097661972045898,
      0.09346488952636718,
      0.09132589340209961,
      0.027753100395202637,
      0.03491909980773926,
      0.023438053131103517,
      0.07318434238433838,
      0.07221014976501465,
      0.09051003456115722,
      0.02574683427810669,
      0.03277695417404175,
      0.02767910957336426,
      0.028387088775634766,
      0.014282048940658569,
      0.02973651170730591,
      0.00939976930618286,
      0.05612919807434082,
      0.033926732540130615,
      0.04399142742156983,
      0.043038129806518555,
      0.058746542930603024,
      0.04385026454925537,
      0.04535869598388672,
      0.025106306076049804,
      0.020788397789001465,
      0.016331857442855834,
      0.010396926403045655,
      0.012391402721405029,
      0.018729695081710816,
      0.08507989883422852,
      0.11926183700561524,
      0.08710860252380372,
      0.054970316886901856,
      0.030131773948669435,
      0.04730188846588135,
      0.03143574714660644,
      0.06361483097076416,
      0.05319840431213379,
      0.10810412406921387,
      0.10030692100524902,
      0.13161714553833007,
      0.09751139640808106,
      0.10252573013305664,
      0.06460690021514892,
      0.06508567810058594,
      0.04842644691467285,
      0.035788321495056154,
      0.025175132751464845,
      0.018332490921020506,
      0.007994555830955506,
      0.007997571229934693,
      0.04233267307281494,
      0.0759189224243164,
      0.11787563323974609,
      0.11776705741882325,
      0.12867326736450196,
      0.08431808471679687,
      0.0548300838470459,
      0.07246617317199706,
      0.16633102416992188,
      0.08417311668395996,
      0.048215107917785646,
      0.032131364345550535,
      0.03531205177307129,
      0.07323606967926026,
      0.034446945190429686,
      0.043502216339111326,
      0.07477673053741456,
      0.04471870899200439,
      0.06043352127075195,
      0.06859007835388184,
      0.06196619510650635,
      0.05420118808746338,
      0.05166422843933106,
      0.06718844890594483,
      0.042083940505981444,
      0.15386588096618653,
      0.02517383813858032,
      0.0225636887550354,
      0.0350095534324646,
      0.01917347192764282,
      0.02122126579284668,
      0.017711683511734008,
      0.025526084899902345,
      0.019321967363357544,
      0.026044526100158692,
      0.03866767406463623,
      0.04161044597625732,
      0.042339186668396,
      0.03008692741394043,
      0.02238060235977173,
      0.030182316303253173,
      0.031669940948486325,
      0.030921118259429933,
      0.02384021282196045,
      0.03241735458374023,
      0.02564682960510254,
      0.02441612958908081,
      0.018275773525238036,
      0.02765117883682251,
      0.02645267724990845,
      0.018963639736175538,
      0.01645488739013672,
      0.025557808876037598,
      0.020911548137664795,
      0.02588629484176636,
      0.026144559383392333,
      0.04702785968780518,
      0.06394502639770508,
      0.1127655029296875,
      0.1633552360534668,
      0.10309291839599609,
      0.1668933868408203,
      0.10083488464355468,
      0.17387712478637696,
      0.10206228256225586,
      0.16392446517944337,
      0.09812558174133301,
      0.15976194381713868,
      0.09003582000732421,
      0.13525530815124512,
      0.09263482093811035,
      0.13573648452758788,
      0.08662810325622558,
      0.13683165550231935,
      0.08707096099853516,
      0.13150412559509278,
      0.08765896797180175,
      0.13825908660888672,
      0.0877820873260498,
      0.12854846000671385,
      0.07518586158752441,
      0.11803406715393067,
      0.07845208168029785,
      0.11819228172302246,
      0.08040891647338867,
      0.12074443817138672,
      0.08321043968200684,
      0.1284367847442627,
      0.08534731864929199,
      0.08913688659667969,
      0.039640214443206784,
      0.07231840133666992,
      0.038415660858154295,
      0.08636970520019531,
      0.10010371208190919,
      0.06287516117095947,
      0.03430639028549194,
      0.12564731597900392,
      0.02118736982345581,
      0.05985001564025879,
      0.09265625,
      0.11279412269592286,
      0.06033897399902344,
      0.037576060295104984,
      0.03555914878845215,
      0.03232231140136719,
      0.015283777713775634,
      0.01989271879196167,
      0.010493954420089721,
      0.019879064559936523,
      0.012365100383758544,
      0.08054637908935547,
      0.010289270877838135,
      0.014039185047149658,
      0.016752008199691772,
      0.029293789863586425,
      0.009223965406417846,
      0.010385218858718872,
      0.02071091651916504,
      0.027021405696868898,
      0.0066762775182724,
      0.023957917690277098,
      0.04047554969787598,
      0.045245094299316405,
      0.010698848962783813,
      0.02082282543182373,
      0.015453743934631347,
      0.09767250061035156,
      0.05992183208465576,
      0.07185793399810791,
      0.06819135665893555,
      0.04526435375213623,
      0.03358039855957031,
      0.028683905601501466,
      0.011419012546539306,
      0.019715787172317506,
      0.029130117893218996,
      0.012454109191894531,
      0.026223974227905275,
      0.020146992206573486,
      0.16503271102905273,
      0.450453987121582,
      0.3329403305053711,
      0.26193363189697266,
      0.14212054252624512,
      0.03310611963272095,
      0.013772605657577515,
      0.002352193593978882,
      0.005163636803627014,
      0.06319268226623535,
      0.0910045051574707,
      0.02493140459060669,
      0.0010856423527002335,
      0.15378762245178224,
      0.09459465980529785,
      0.09690058708190918,
      0.0744035768508911,
      0.08993456840515136,
      0.08655311584472657,
      0.08403545379638672,
      0.0728727102279663,
      0.07513066291809083,
      0.07358110427856446,
      0.07147317886352539,
      0.07492785453796387,
      0.0733637523651123,
      0.09195619583129883,
      0.07827657222747803,
      0.09385297775268554,
      0.12142143249511719,
      0.11864856719970703,
      0.007592347264289856,
      0.0009216030687093735,
      0.001301346719264984,
      7.45263323187828e-05,
      0.005476817488670349,
      0.024433326721191407,
      0.038214497566223145,
      0.034403018951416016,
      0.08213506698608398
    ],
    "intensity_mean": 0.06480296475805615,
    "intensity_std": 0.06059652743171146,
    "intensity_min": 0.0,
    "intensity_max": 0.450453987121582,
    "intensity_trend": "stable",
    "peak_moments": [
      {
        "timestamp": 3.1666666666666665,
        "frame_index": 38,
        "intensity": 0.26043617248535156,
        "moment_type": "peak"
      },
      {
        "timestamp": 3.833333333333333,
        "frame_index": 46,
        "intensity": 0.2423544692993164,
        "moment_type": "peak"
      },
      {
        "timestamp": 4.0,
        "frame_index": 48,
        "intensity": 0.23316417694091796,
        "moment_type": "peak"
      },
      {
        "timestamp": 5.666666666666666,
        "frame_index": 68,
        "intensity": 0.17641103744506836,
        "moment_type": "peak"
      },
      {
        "timestamp": 6.916666666666666,
        "frame_index": 83,
        "intensity": 0.22219131469726563,
        "moment_type": "peak"
      },
      {
        "timestamp": 14.083333333333332,
        "frame_index": 169,
        "intensity": 0.13161714553833007,
        "moment_type": "peak"
      },
      {
        "timestamp": 15.666666666666666,
        "frame_index": 188,
        "intensity": 0.16633102416992188,
        "moment_type": "peak"
      },
      {
        "timestamp": 17.083333333333332,
        "frame_index": 205,
        "intensity": 0.15386588096618653,
        "moment_type": "peak"
      },
      {
        "timestamp": 20.25,
        "frame_index": 243,
        "intensity": 0.17387712478637696,
        "moment_type": "peak"
      },
      {
        "timestamp": 26.75,
        "frame_index": 321,
        "intensity": 0.450453987121582,
        "moment_type": "peak"
      },
      {
        "timestamp": 27.75,
        "frame_index": 333,
        "intensity": 0.15378762245178224,
        "moment_type": "peak"
      }
    ],
    "valley_moments": [
      {
        "timestamp": 3.583333333333333,
        "frame_index": 43,
        "intensity": 0.11041958808898926,
        "moment_type": "valley"
      },
      {
        "timestamp": 3.9166666666666665,
        "frame_index": 47,
        "intensity": 0.08638581275939941,
        "moment_type": "valley"
      },
      {
        "timestamp": 4.416666666666666,
        "frame_index": 53,
        "intensity": 0.0321840763092041,
        "moment_type": "valley"
      },
      {
        "timestamp": 6.25,
        "frame_index": 75,
        "intensity": 0.04267403602600098,
        "moment_type": "valley"
      },
      {
        "timestamp": 9.333333333333332,
        "frame_index": 112,
        "intensity": 0.0054038923978805544,
        "moment_type": "valley"
      },
      {
        "timestamp": 14.833333333333332,
        "frame_index": 178,
        "intensity": 0.007994555830955506,
        "moment_type": "valley"
      },
      {
        "timestamp": 15.916666666666666,
        "frame_index": 191,
        "intensity": 0.032131364345550535,
        "moment_type": "valley"
      },
      {
        "timestamp": 19.25,
        "frame_index": 231,
        "intensity": 0.01645488739013672,
        "moment_type": "valley"
      },
      {
        "timestamp": 25.0,
        "frame_index": 300,
        "intensity": 0.0066762775182724,
        "moment_type": "valley"
      },
      {
        "timestamp": 27.666666666666664,
        "frame_index": 332,
        "intensity": 0.0010856423527002335,
        "moment_type": "valley"
      }
    ],
    "peak_timestamps": [
      3.1666666666666665,
      3.833333333333333,
      4.0,
      5.666666666666666,
      6.916666666666666,
      14.083333333333332,
      15.666666666666666,
      17.083333333333332,
      20.25,
      26.75,
      27.75
    ],
    "valley_timestamps": [
      3.583333333333333,
      3.9166666666666665,
      4.416666666666666,
      6.25,
      9.333333333333332,
      14.833333333333332,
      15.916666666666666,
      19.25,
      25.0,
      27.666666666666664
    ],
    "peak_count": 11,
    "valley_count": 10,
    "action_variance": 0.00367193913678216
  },
  "temporal_signals": {
    "frame_change_scores": [
      0.0,
      0.0,
      0.0,
      5.0225691489158564e-05,
      5.0225691489158564e-05,
      0.0,
      0.0,
      0.0,
      0.0,
      0.0,
      0.0,
      0.0,
      0.0,
      4.1739041337640614e-06,
      0.0,
      0.0,
      0.0,
      0.0,
      0.0,
      0.0,
      4.1739041337640614e-06,
      0.0,
      0.0,
      0.0,
      0.08162374624662472,
      0.1898525650928632,
      0.33562292625652235,
      0.516139161264277,
      0.6521472589278012,
      0.5618904751117764,
      0.5348959084822922,
      0.5464720501392637,
      0.49782149245554963,
      0.48268421979086495,
      0.44226300176292654,
      0.4148351157568636,
      0.6566277859783911,
      0.4157877080679865,
      0.5239799322892429,
      0.3782091624068179,
      0.490579503287645,
      0.42187342964317975,
      0.4704442599518138,
      0.24504071970719732,
      0.3641277029459028,
      0.39583352773002745,
      0.43349377372703013,
      0.23673995118511992,
      0.4418967137023456,
      0.7122486269674084,
      0.23774753363541534,
      0.17153191296488024,
      0.2571065159438868,
      0.1395483053494302,
      0.31141290275566946,
      0.18084904558597759,
      0.3093006639552036,
      0.1889640417318731,
      0.3238048085427553,
      0.11612895942317669,
      0.18727520388885732,
      0.12819197391903192,
      0.4070944855148769,
      0.2795793276237415,
      0.46318803581032986,
      0.3405258790148282,
      0.47055966415004047,
      0.37784348715028127,
      0.49716796042704237,
      0.4125771345112911,
      0.4962234698718695,
      0.3807166433897783,
      0.49510656370858974,
      0.3152747181629476,
      0.43175860380517594,
      0.487476317470807,
      0.5968077358992969,
      0.4421988520201392,
      0.5469724369679726,
      0.5619252768600116,
      0.5978926060361058,
      0.587757242862138,
      0.686479954399482,
      0.6698982142961976,
      0.7187785792575931,
      0.6527137858092276,
      0.6624092987742614,
      0.6103740183794757,
      0.7340176296770236,
      0.6962690680168659,
      0.6926117234181257,
      0.6407043549444638,
      0.6283754917011197,
      0.569392596549349,
      0.5428834345955156,
      0.4454922203524395,
      0.47772225601326435,
      0.3865201812063318,
      0.47409747237345434,
      0.05987560892947108,
      0.048991467745707395,
      0.12321031770455348,
      0.06131307638506267,
      0.10010123500003176,
      0.03583843238331552,
      0.0849315088416226,
      0.05657358502547538,
      0.09289897851581963,
      0.049536604454897604,
      0.07534620335126452,
      0.022618539232388102,
      0.05153116147575354,
      0.016176163575014946,
      0.10884209109154186,
      0.23193715738318754,
      0.16728676836795298,
      0.2126003331076075,
      0.34105835004250196,
      0.35451426626314175,
      0.31488167745259077,
      0.2744114180823064,
      0.5101280042616001,
      0.538063440132462,
      0.5899965297003411,
      0.4550998701915885,
      0.4412411364260147,
      0.34253538737560874,
      0.4058922836305837,
      0.5015534090769751,
      0.31866608066169977,
      0.2500489791003354,
      0.2521123445092265,
      0.10229366453336874,
      0.17045575330853047,
      0.14898921212145677,
      0.2729497639677879,
      0.272138306229885,
      0.3151908763327015,
      0.10066721239674647,
      0.14343410554470526,
      0.09404502332264442,
      0.16964163436708657,
      0.08931411103900488,
      0.18896762606030748,
      0.04661363834110244,
      0.845236013529497,
      0.6384895274064352,
      0.7544044740573139,
      0.6783995254968904,
      0.7655055937544184,
      0.7398041950362049,
      0.8033348219880063,
      0.6685956662220813,
      0.7810696554835188,
      0.7167368674774899,
      0.692485241464905,
      0.5846821622416334,
      0.6724640697214486,
      0.7552250261472754,
      0.5971996408128761,
      0.4061757906436453,
      0.1790786093659571,
      0.16100073027109374,
      0.18312308208827333,
      0.15469914201654433,
      0.21735570633061996,
      0.20781321014409548,
      0.37022686798284277,
      0.4097228551601724,
      0.4991019922060487,
      0.4323293645962192,
      0.45758225115364215,
      0.36131486936997625,
      0.4089583711644349,
      0.3376270203961004,
      0.3698344812776766,
      0.3729656323159998,
      0.4723117874533761,
      0.47805424863221935,
      0.5322258227798995,
      0.48429183803834974,
      0.7115551968004629,
      0.7548874112262642,
      0.8372840381038105,
      0.6325927033049425,
      0.7666095742307103,
      0.8536365358722171,
      0.8571076761342696,
      0.8530985495970173,
      0.461309047313626,
      0.23912183441979185,
      0.12949653797621885,
      0.1412106263663837,
      0.3789232760397855,
      0.14939814666676454,
      0.19368090889427225,
      0.3804598053435386,
      0.1654732522677591,
      0.29651974996460806,
      0.30809392371726374,
      0.3288776319479385,
      0.266032105741445,
      0.3285696260283647,
      0.5261477629220612,
      0.30288567702932656,
      0.8404445568174688,
      0.10261545223133461,
      0.14115010002815354,
      0.14452121752364722,
      0.13042620802756477,
      0.11148063821659637,
      0.1276878592354438,
      0.10776520587178773,
      0.1489127602410173,
      0.10617209281827045,
      0.22772664489170336,
      0.22069094598644856,
      0.25433862884516945,
      0.14434078471829936,
      0.15391330346241083,
      0.16656288420107013,
      0.16705177440217156,
      0.13247033371463668,
      0.15630672143410207,
      0.14126452945609747,
      0.16234218156660574,
      0.11227403085464327,
      0.13495173591249832,
      0.16988708874178116,
      0.21762569612688498,
      0.09892942396451043,
      0.13085217073947386,
      0.12883412329344057,
      0.14497125364903818,
      0.12562206009951749,
      0.24352179408562502,
      0.3028444121065589,
      0.8510255640328072,
      0.4576875872301247,
      0.5813845967355236,
      0.44289108111734876,
      0.5529005446833812,
      0.4319743764563023,
      0.566625532296924,
      0.45795492311385533,
      0.590716216536803,
      0.47885817669976427,
      0.5804332293563231,
      0.4510308028805239,
      0.570670094931309,
      0.4796518820058613,
      0.5667579679515156,
      0.4377933478401561,
      0.5333115113572824,
      0.4305951241595921,
      0.5511984657970652,
      0.4735833086585399,
      0.562244104838255,
      0.47733459897896435,
      0.5835533422101492,
      0.46288176805838643,
      0.553482407963579,
      0.4396077930204142,
      0.553706901599862,
      0.45927519432696584,
      0.5690131128560314,
      0.5027517370154018,
      0.5933082767720328,
      0.5056183692686135,
      0.6714163501788777,
      0.6441319243228597,
      0.44689923684985045,
      0.28905580926157926,
      0.4374095859129341,
      0.4889834368526371,
      0.3661519517121624,
      0.21856031694195355,
      0.5661822360842594,
      0.15130814105103785,
      0.3686875902134149,
      0.444915969578897,
      0.9230198487153869,
      0.3351849228043119,
      0.20487344510815908,
      0.15361552370291998,
      0.1718100329868535,
      0.055577816232090016,
      0.07731210122393273,
      0.02113741898197863,
      0.06901300072850103,
      0.02876971794491323,
      0.39019663471056076,
      0.020322836737634353,
      0.03401054101171053,
      0.05400303894502001,
      0.13930446984121547,
      0.02051198751418648,
      0.025325146633754514,
      0.0704447337113554,
      0.11339807165461402,
      0.008849013382815296,
      0.10425504274925212,
      0.22492196587328261,
      0.2593174278346796,
      0.021180058300376836,
      0.06152248018018147,
      0.039000822301670124,
      0.8025066667684988,
      0.29922779404897737,
      0.3199603466263463,
      0.3208839312746409,
      0.2296882849670231,
      0.29913327213605023,
      0.3558036899758975,
      0.12570759220173,
      0.1769331507947003,
      0.2870976216125275,
      0.12563326196701885,
      0.25620462356072315,
      0.19815114563751735,
      0.9094915887579328,
      0.7319221343448759,
      0.5823877322047539,
      0.6034285182001697,
      0.64327073699026,
      0.6269205779112104,
      0.6270166854722616,
      0.4112700928098435,
      0.4132681945037915,
      0.6389330319852776,
      0.7036387767416487,
      0.5159586479543032,
      0.4016801409506243,
      0.7033030224995402,
      0.3322808183806395,
      0.2879118120041082,
      0.2547708443036527,
      0.2799788693648163,
      0.265918097634707,
      0.2589455143954542,
      0.2578591986291363,
      0.29538513590259663,
      0.29815369713144124,
      0.30511523680480346,
      0.325140157606843,
      0.3392628094789265,
      0.32985754665913414,
      0.3556450762363782,
      0.33358971805663507,
      0.29691507187836375,
      0.25208180968273586,
      0.0733645770837682,
      0.005061400438778341,
      0.018245519859745762,
      0.018476034196669433,
      0.05623499410115784,
      0.12885982468647839,
      0.18435749472329055,
      0.23503866688671704,
      0.276848855302536
    ],
    "change_score_mean": 0.33798061234188526,
    "change_score_std": 0.23005931034141894,
    "change_score_max": 0.9230198487153869,
    "temporal_gaps": [
      {
        "start_time": 0.0,
        "end_time": 1.9166666666666665,
        "duration": 1.9166666666666665,
        "start_frame": 0,
        "end_frame": 23,
        "avg_change": 4.533299635243552e-06
      }
    ],
    "temporal_gap_count": 1,
    "temporal_gap_total_duration": 1.9166666666666665,
    "transition_similarity_scores": [
      0.3478527410721987,
      0.5851648842431364,
      0.34337221402160895,
      0.5581032862976544,
      0.2877513730325916,
      0.512523682529193,
      0.40319226410070313,
      0.5259025276265457,
      0.7680628426168125,
      0.49844659092302485,
      0.1547639864705031,
      0.24477497385272465,
      0.5219457513677807,
      0.46777417722010045,
      0.5157081619616503,
      0.14289232386573034,
      0.14690145040298272,
      0.1595554431825312,
      0.756478205914375,
      0.6971555878934411,
      0.3558680756771403,
      0.07698015128461308,
      0.7951265548918409,
      0.09050841124206718,
      0.29636122325835135,
      0.2966969775004597,
      0.9817544801402542
    ],
    "transition_similarity_mean": 0.427096975651482,
    "temporal_density": 9.994428969359332
  },
  "metadata": {
    "video_path": "/vol/videos/core/produced_digital/commercials/mYsFUFgOEmM.mp4",
    "dataset": "produced_digital/commercials",
    "tier": "produced_digital",
    "study_type": "core",
    "source_fps": 29.97002997002997,
    "experiment_version": "3.2",
    "batch": 2
  }
}