{
  "video_id": "mYsFUFgOEmM",
  "fps": 10.0,
  "duration": 29.900000000000002,
  "frame_count": 300,
  "scene_signals": {
    "transition_count": 30,
    "transition_timestamps": [
      2.2,
      2.3000000000000003,
      2.9000000000000004,
      3.0,
      4.0,
      4.1000000000000005,
      6.300000000000001,
      8.200000000000001,
      9.5,
      10.600000000000001,
      10.700000000000001,
      12.100000000000001,
      13.100000000000001,
      13.200000000000001,
      14.8,
      14.9,
      15.0,
      15.700000000000001,
      17.1,
      19.6,
      19.700000000000003,
      19.8,
      22.5,
      23.400000000000002,
      23.6,
      23.700000000000003,
      26.700000000000003,
      27.5,
      29.400000000000002,
      29.700000000000003
    ],
    "transition_types": [
      "hard_cut",
      "soft_cut",
      "hard_cut",
      "soft_cut",
      "hard_cut",
      "hard_cut",
      "hard_cut",
      "soft_cut",
      "soft_cut",
      "soft_cut",
      "hard_cut",
      "hard_cut",
      "hard_cut",
      "hard_cut",
      "soft_cut",
      "soft_cut",
      "hard_cut",
      "hard_cut",
      "hard_cut",
      "hard_cut",
      "soft_cut",
      "hard_cut",
      "hard_cut",
      "hard_cut",
      "soft_cut",
      "soft_cut",
      "hard_cut",
      "soft_cut",
      "hard_cut",
      "soft_cut"
    ],
    "transition_magnitudes": [
      87.06278260694934,
      43.2861788405997,
      1426.8306450633995,
      27.182265412450384,
      879.8985845410749,
      1163.0160451822455,
      28541.77126390775,
      33.303431300543195,
      39.62854811029615,
      41.15958822986997,
      721.137464165861,
      712.8670232510282,
      127.43091214572846,
      1115.009823231117,
      36.323385083874996,
      76.69040483889492,
      117.66551988385646,
      171.47406738726727,
      81.14202543467479,
      107.84161206345485,
      41.26225455281904,
      541.5871845412026,
      2314.513129419327,
      423.18799237517953,
      49.43914175695752,
      34.792045141567556,
      107.88244012041494,
      46.29105246977476,
      229.72127756686717,
      31.156171884687026
    ],
    "scene_count": 31,
    "scene_durations": [
      2.2,
      0.10000000000000009,
      0.6000000000000001,
      0.09999999999999964,
      1.0,
      0.10000000000000053,
      2.2,
      1.9000000000000004,
      1.299999999999999,
      1.1000000000000014,
      0.09999999999999964,
      1.4000000000000004,
      1.0,
      0.09999999999999964,
      1.5999999999999996,
      0.09999999999999964,
      0.09999999999999964,
      0.7000000000000011,
      1.4000000000000004,
      2.5,
      0.10000000000000142,
      0.09999999999999787,
      2.6999999999999993,
      0.9000000000000021,
      0.1999999999999993,
      0.10000000000000142,
      3.0,
      0.7999999999999972,
      1.9000000000000021,
      0.3000000000000007,
      0.1999999999999993
    ],
    "scene_duration_mean": 0.9645161290322581,
    "scene_duration_std": 0.8899251099686746,
    "scene_duration_min": 0.09999999999999787,
    "scene_duration_max": 3.0,
    "scene_types": [
      "unknown",
      "unknown",
      "unknown",
      "unknown",
      "unknown",
      "unknown",
      "unknown",
      "unknown",
      "unknown",
      "unknown",
      "unknown",
      "unknown",
      "unknown",
      "unknown",
      "unknown",
      "unknown",
      "unknown",
      "unknown",
      "unknown",
      "unknown",
      "unknown",
      "unknown",
      "unknown",
      "unknown",
      "unknown",
      "unknown",
      "unknown",
      "unknown",
      "unknown",
      "unknown",
      "unknown"
    ],
    "transitions": [
      {
        "timestamp": 2.2,
        "frame_index": 22,
        "transition_type": "hard_cut",
        "magnitude": 87.06278260694934
      },
      {
        "timestamp": 2.3000000000000003,
        "frame_index": 23,
        "transition_type": "soft_cut",
        "magnitude": 43.2861788405997
      },
      {
        "timestamp": 2.9000000000000004,
        "frame_index": 29,
        "transition_type": "hard_cut",
        "magnitude": 1426.8306450633995
      },
      {
        "timestamp": 3.0,
        "frame_index": 30,
        "transition_type": "soft_cut",
        "magnitude": 27.182265412450384
      },
      {
        "timestamp": 4.0,
        "frame_index": 40,
        "transition_type": "hard_cut",
        "magnitude": 879.8985845410749
      },
      {
        "timestamp": 4.1000000000000005,
        "frame_index": 41,
        "transition_type": "hard_cut",
        "magnitude": 1163.0160451822455
      },
      {
        "timestamp": 6.300000000000001,
        "frame_index": 63,
        "transition_type": "hard_cut",
        "magnitude": 28541.77126390775
      },
      {
        "timestamp": 8.200000000000001,
        "frame_index": 82,
        "transition_type": "soft_cut",
        "magnitude": 33.303431300543195
      },
      {
        "timestamp": 9.5,
        "frame_index": 95,
        "transition_type": "soft_cut",
        "magnitude": 39.62854811029615
      },
      {
        "timestamp": 10.600000000000001,
        "frame_index": 106,
        "transition_type": "soft_cut",
        "magnitude": 41.15958822986997
      },
      {
        "timestamp": 10.700000000000001,
        "frame_index": 107,
        "transition_type": "hard_cut",
        "magnitude": 721.137464165861
      },
      {
        "timestamp": 12.100000000000001,
        "frame_index": 121,
        "transition_type": "hard_cut",
        "magnitude": 712.8670232510282
      },
      {
        "timestamp": 13.100000000000001,
        "frame_index": 131,
        "transition_type": "hard_cut",
        "magnitude": 127.43091214572846
      },
      {
        "timestamp": 13.200000000000001,
        "frame_index": 132,
        "transition_type": "hard_cut",
        "magnitude": 1115.009823231117
      },
      {
        "timestamp": 14.8,
        "frame_index": 148,
        "transition_type": "soft_cut",
        "magnitude": 36.323385083874996
      },
      {
        "timestamp": 14.9,
        "frame_index": 149,
        "transition_type": "soft_cut",
        "magnitude": 76.69040483889492
      },
      {
        "timestamp": 15.0,
        "frame_index": 150,
        "transition_type": "hard_cut",
        "magnitude": 117.66551988385646
      },
      {
        "timestamp": 15.700000000000001,
        "frame_index": 157,
        "transition_type": "hard_cut",
        "magnitude": 171.47406738726727
      },
      {
        "timestamp": 17.1,
        "frame_index": 171,
        "transition_type": "hard_cut",
        "magnitude": 81.14202543467479
      },
      {
        "timestamp": 19.6,
        "frame_index": 196,
        "transition_type": "hard_cut",
        "magnitude": 107.84161206345485
      },
      {
        "timestamp": 19.700000000000003,
        "frame_index": 197,
        "transition_type": "soft_cut",
        "magnitude": 41.26225455281904
      },
      {
        "timestamp": 19.8,
        "frame_index": 198,
        "transition_type": "hard_cut",
        "magnitude": 541.5871845412026
      },
      {
        "timestamp": 22.5,
        "frame_index": 225,
        "transition_type": "hard_cut",
        "magnitude": 2314.513129419327
      },
      {
        "timestamp": 23.400000000000002,
        "frame_index": 234,
        "transition_type": "hard_cut",
        "magnitude": 423.18799237517953
      },
      {
        "timestamp": 23.6,
        "frame_index": 236,
        "transition_type": "soft_cut",
        "magnitude": 49.43914175695752
      },
      {
        "timestamp": 23.700000000000003,
        "frame_index": 237,
        "transition_type": "soft_cut",
        "magnitude": 34.792045141567556
      },
      {
        "timestamp": 26.700000000000003,
        "frame_index": 267,
        "transition_type": "hard_cut",
        "magnitude": 107.88244012041494
      },
      {
        "timestamp": 27.5,
        "frame_index": 275,
        "transition_type": "soft_cut",
        "magnitude": 46.29105246977476
      },
      {
        "timestamp": 29.400000000000002,
        "frame_index": 294,
        "transition_type": "hard_cut",
        "magnitude": 229.72127756686717
      },
      {
        "timestamp": 29.700000000000003,
        "frame_index": 297,
        "transition_type": "soft_cut",
        "magnitude": 31.156171884687026
      }
    ],
    "scenes": [
      {
        "start_time": 0.0,
        "end_time": 2.2,
        "duration": 2.2,
        "scene_type": "unknown",
        "start_frame": 0,
        "end_frame": 21
      },
      {
        "start_time": 2.2,
        "end_time": 2.3000000000000003,
        "duration": 0.10000000000000009,
        "scene_type": "unknown",
        "start_frame": 22,
        "end_frame": 22
      },
      {
        "start_time": 2.3000000000000003,
        "end_time": 2.9000000000000004,
        "duration": 0.6000000000000001,
        "scene_type": "unknown",
        "start_frame": 23,
        "end_frame": 28
      },
      {
        "start_time": 2.9000000000000004,
        "end_time": 3.0,
        "duration": 0.09999999999999964,
        "scene_type": "unknown",
        "start_frame": 29,
        "end_frame": 29
      },
      {
        "start_time": 3.0,
        "end_time": 4.0,
        "duration": 1.0,
        "scene_type": "unknown",
        "start_frame": 30,
        "end_frame": 39
      },
      {
        "start_time": 4.0,
        "end_time": 4.1000000000000005,
        "duration": 0.10000000000000053,
        "scene_type": "unknown",
        "start_frame": 40,
        "end_frame": 40
      },
      {
        "start_time": 4.1000000000000005,
        "end_time": 6.300000000000001,
        "duration": 2.2,
        "scene_type": "unknown",
        "start_frame": 41,
        "end_frame": 62
      },
      {
        "start_time": 6.300000000000001,
        "end_time": 8.200000000000001,
        "duration": 1.9000000000000004,
        "scene_type": "unknown",
        "start_frame": 63,
        "end_frame": 81
      },
      {
        "start_time": 8.200000000000001,
        "end_time": 9.5,
        "duration": 1.299999999999999,
        "scene_type": "unknown",
        "start_frame": 82,
        "end_frame": 94
      },
      {
        "start_time": 9.5,
        "end_time": 10.600000000000001,
        "duration": 1.1000000000000014,
        "scene_type": "unknown",
        "start_frame": 95,
        "end_frame": 105
      },
      {
        "start_time": 10.600000000000001,
        "end_time": 10.700000000000001,
        "duration": 0.09999999999999964,
        "scene_type": "unknown",
        "start_frame": 106,
        "end_frame": 106
      },
      {
        "start_time": 10.700000000000001,
        "end_time": 12.100000000000001,
        "duration": 1.4000000000000004,
        "scene_type": "unknown",
        "start_frame": 107,
        "end_frame": 120
      },
      {
        "start_time": 12.100000000000001,
        "end_time": 13.100000000000001,
        "duration": 1.0,
        "scene_type": "unknown",
        "start_frame": 121,
        "end_frame": 130
      },
      {
        "start_time": 13.100000000000001,
        "end_time": 13.200000000000001,
        "duration": 0.09999999999999964,
        "scene_type": "unknown",
        "start_frame": 131,
        "end_frame": 131
      },
      {
        "start_time": 13.200000000000001,
        "end_time": 14.8,
        "duration": 1.5999999999999996,
        "scene_type": "unknown",
        "start_frame": 132,
        "end_frame": 147
      },
      {
        "start_time": 14.8,
        "end_time": 14.9,
        "duration": 0.09999999999999964,
        "scene_type": "unknown",
        "start_frame": 148,
        "end_frame": 148
      },
      {
        "start_time": 14.9,
        "end_time": 15.0,
        "duration": 0.09999999999999964,
        "scene_type": "unknown",
        "start_frame": 149,
        "end_frame": 149
      },
      {
        "start_time": 15.0,
        "end_time": 15.700000000000001,
        "duration": 0.7000000000000011,
        "scene_type": "unknown",
        "start_frame": 150,
        "end_frame": 156
      },
      {
        "start_time": 15.700000000000001,
        "end_time": 17.1,
        "duration": 1.4000000000000004,
        "scene_type": "unknown",
        "start_frame": 157,
        "end_frame": 170
      },
      {
        "start_time": 17.1,
        "end_time": 19.6,
        "duration": 2.5,
        "scene_type": "unknown",
        "start_frame": 171,
        "end_frame": 195
      },
      {
        "start_time": 19.6,
        "end_time": 19.700000000000003,
        "duration": 0.10000000000000142,
        "scene_type": "unknown",
        "start_frame": 196,
        "end_frame": 196
      },
      {
        "start_time": 19.700000000000003,
        "end_time": 19.8,
        "duration": 0.09999999999999787,
        "scene_type": "unknown",
        "start_frame": 197,
        "end_frame": 197
      },
      {
        "start_time": 19.8,
        "end_time": 22.5,
        "duration": 2.6999999999999993,
        "scene_type": "unknown",
        "start_frame": 198,
        "end_frame": 224
      },
      {
        "start_time": 22.5,
        "end_time": 23.400000000000002,
        "duration": 0.9000000000000021,
        "scene_type": "unknown",
        "start_frame": 225,
        "end_frame": 233
      },
      {
        "start_time": 23.400000000000002,
        "end_time": 23.6,
        "duration": 0.1999999999999993,
        "scene_type": "unknown",
        "start_frame": 234,
        "end_frame": 235
      },
      {
        "start_time": 23.6,
        "end_time": 23.700000000000003,
        "duration": 0.10000000000000142,
        "scene_type": "unknown",
        "start_frame": 236,
        "end_frame": 236
      },
      {
        "start_time": 23.700000000000003,
        "end_time": 26.700000000000003,
        "duration": 3.0,
        "scene_type": "unknown",
        "start_frame": 237,
        "end_frame": 266
      },
      {
        "start_time": 26.700000000000003,
        "end_time": 27.5,
        "duration": 0.7999999999999972,
        "scene_type": "unknown",
        "start_frame": 267,
        "end_frame": 274
      },
      {
        "start_time": 27.5,
        "end_time": 29.400000000000002,
        "duration": 1.9000000000000021,
        "scene_type": "unknown",
        "start_frame": 275,
        "end_frame": 293
      },
      {
        "start_time": 29.400000000000002,
        "end_time": 29.700000000000003,
        "duration": 0.3000000000000007,
        "scene_type": "unknown",
        "start_frame": 294,
        "end_frame": 296
      },
      {
        "start_time": 29.700000000000003,
        "end_time": 29.900000000000002,
        "duration": 0.1999999999999993,
        "scene_type": "unknown",
        "start_frame": 297,
        "end_frame": 299
      }
    ]
  },
  "character_signals": {
    "person_counts_per_frame": [
      0,
      0,
      0,
      0,
      0,
      0,
      0,
      0,
      0,
      0,
      0,
      0,
      0,
      0,
      0,
      0,
      0,
      0,
      0,
      0,
      0,
      0,
      0,
      0,
      0,
      0,
      0,
      0,
      0,
      0,
      0,
      0,
      0,
      0,
      0,
      0,
      0,
      0,
      0,
      0,
      0,
      0,
      0,
      0,
      0,
      0,
      0,
      0,
      0,
      0,
      0,
      0,
      0,
      0,
      0,
      0,
      0,
      0,
      0,
      0,
      0,
      0,
      0,
      0,
      0,
      0,
      0,
      0,
      0,
      0,
      0,
      0,
      0,
      0,
      0,
      0,
      0,
      0,
      0,
      0,
      0,
      0,
      0,
      0,
      0,
      0,
      0,
      0,
      0,
      0,
      0,
      0,
      0,
      0,
      0,
      0,
      0,
      0,
      0,
      0,
      0,
      0,
      0,
      0,
      0,
      0,
      0,
      0,
      0,
      0,
      0,
      0,
      0,
      0,
      0,
      0,
      0,
      0,
      0,
      0,
      0,
      0,
      0,
      0,
      0,
      0,
      0,
      0,
      0,
      0,
      0,
      0,
      0,
      0,
      0,
      0,
      0,
      0,
      0,
      0,
      0,
      0,
      0,
      0,
      0,
      0,
      0,
      0,
      0,
      0,
      0,
      0,
      0,
      0,
      0,
      0,
      0,
      0,
      0,
      1,
      0,
      0,
      0,
      0,
      0,
      0,
      0,
      0,
      0,
      0,
      0,
      0,
      0,
      0,
      0,
      0,
      0,
      0,
      0,
      0,
      0,
      0,
      0,
      0,
      0,
      0,
      0,
      0,
      0,
      0,
      0,
      0,
      0,
      0,
      0,
      0,
      0,
      0,
      0,
      0,
      0,
      0,
      0,
      0,
      0,
      0,
      0,
      0,
      0,
      0,
      0,
      0,
      0,
      0,
      0,
      0,
      0,
      0,
      0,
      0,
      0,
      0,
      0,
      0,
      0,
      0,
      0,
      0,
      0,
      0,
      0,
      0,
      0,
      0,
      4,
      2,
      2,
      3,
      3,
      3,
      3,
      4,
      1,
      2,
      2,
      1,
      1,
      1,
      1,
      2,
      2,
      2,
      2,
      2,
      2,
      2,
      0,
      0,
      0,
      0,
      0,
      0,
      0,
      0,
      0,
      0,
      0,
      0,
      0,
      0,
      0,
      0,
      0,
      0,
      0,
      0,
      0,
      0,
      0,
      0,
      0,
      0,
      0,
      0,
      0,
      0,
      0,
      0,
      0,
      0,
      0,
      0,
      0,
      0,
      0,
      0,
      0,
      0,
      0,
      0
    ],
    "person_count_mode": 0,
    "person_count_mean": 0.16,
    "person_count_std": 0.6064102022008975,
    "person_count_min": 0,
    "person_count_max": 4,
    "person_count_distribution": {
      "0": 277,
      "1": 6,
      "4": 2,
      "2": 11,
      "3": 4
    },
    "character_consistency": 0.9233333333333333,
    "entry_events": [
      {
        "timestamp": 15.9,
        "frame_index": 159,
        "event_type": "entry",
        "count_before": 0,
        "count_after": 1
      },
      {
        "timestamp": 23.400000000000002,
        "frame_index": 234,
        "event_type": "entry",
        "count_before": 0,
        "count_after": 4
      },
      {
        "timestamp": 23.700000000000003,
        "frame_index": 237,
        "event_type": "entry",
        "count_before": 2,
        "count_after": 3
      },
      {
        "timestamp": 24.1,
        "frame_index": 241,
        "event_type": "entry",
        "count_before": 3,
        "count_after": 4
      },
      {
        "timestamp": 24.3,
        "frame_index": 243,
        "event_type": "entry",
        "count_before": 1,
        "count_after": 2
      },
      {
        "timestamp": 24.900000000000002,
        "frame_index": 249,
        "event_type": "entry",
        "count_before": 1,
        "count_after": 2
      }
    ],
    "exit_events": [
      {
        "timestamp": 16.0,
        "frame_index": 160,
        "event_type": "exit",
        "count_before": 1,
        "count_after": 0
      },
      {
        "timestamp": 23.5,
        "frame_index": 235,
        "event_type": "exit",
        "count_before": 4,
        "count_after": 2
      },
      {
        "timestamp": 24.200000000000003,
        "frame_index": 242,
        "event_type": "exit",
        "count_before": 4,
        "count_after": 1
      },
      {
        "timestamp": 24.5,
        "frame_index": 245,
        "event_type": "exit",
        "count_before": 2,
        "count_after": 1
      },
      {
        "timestamp": 25.6,
        "frame_index": 256,
        "event_type": "exit",
        "count_before": 2,
        "count_after": 0
      }
    ],
    "entry_count": 6,
    "exit_count": 5,
    "entry_exit_total": 11,
    "entry_timestamps": [
      15.9,
      23.400000000000002,
      23.700000000000003,
      24.1,
      24.3,
      24.900000000000002
    ],
    "exit_timestamps": [
      16.0,
      23.5,
      24.200000000000003,
      24.5,
      25.6
    ]
  },
  "visual_signals": {
    "unique_objects": [
      "car",
      "clock",
      "person",
      "kite",
      "horse"
    ],
    "unique_object_count": 5,
    "persistent_objects": [],
    "persistent_object_count": 0,
    "transient_objects": [
      "car",
      "clock",
      "person",
      "kite",
      "horse"
    ],
    "transient_object_count": 5,
    "object_frequency": {
      "car": 0.05,
      "clock": 0.02,
      "person": 0.07666666666666666,
      "kite": 0.023333333333333334,
      "horse": 0.06333333333333334
    },
    "object_frame_counts": {
      "car": 15,
      "clock": 6,
      "person": 23,
      "kite": 7,
      "horse": 19
    },
    "object_first_appearance": {
      "car": 11.0,
      "clock": 15.700000000000001,
      "person": 15.9,
      "kite": 18.6,
      "horse": 23.700000000000003
    },
    "object_last_appearance": {
      "car": 28.0,
      "clock": 16.8,
      "person": 25.5,
      "kite": 19.5,
      "horse": 25.5
    },
    "objects_per_frame": [
      [],
      [],
      [],
      [],
      [],
      [],
      [],
      [],
      [],
      [],
      [],
      [],
      [],
      [],
      [],
      [],
      [],
      [],
      [],
      [],
      [],
      [],
      [],
      [],
      [],
      [],
      [],
      [],
      [],
      [],
      [],
      [],
      [],
      [],
      [],
      [],
      [],
      [],
      [],
      [],
      [],
      [],
      [],
      [],
      [],
      [],
      [],
      [],
      [],
      [],
      [],
      [],
      [],
      [],
      [],
      [],
      [],
      [],
      [],
      [],
      [],
      [],
      [],
      [],
      [],
      [],
      [],
      [],
      [],
      [],
      [],
      [],
      [],
      [],
      [],
      [],
      [],
      [],
      [],
      [],
      [],
      [],
      [],
      [],
      [],
      [],
      [],
      [],
      [],
      [],
      [],
      [],
      [],
      [],
      [],
      [],
      [],
      [],
      [],
      [],
      [],
      [],
      [],
      [],
      [],
      [],
      [],
      [],
      [],
      [],
      [
        "car"
      ],
      [],
      [
        "car"
      ],
      [
        "car"
      ],
      [
        "car"
      ],
      [
        "car"
      ],
      [
        "car"
      ],
      [
        "car"
      ],
      [
        "car"
      ],
      [
        "car"
      ],
      [
        "car"
      ],
      [],
      [],
      [],
      [],
      [],
      [],
      [],
      [],
      [],
      [],
      [],
      [],
      [],
      [],
      [],
      [],
      [],
      [],
      [],
      [],
      [],
      [],
      [],
      [],
      [],
      [],
      [],
      [],
      [],
      [],
      [],
      [],
      [],
      [],
      [],
      [],
      [
        "clock"
      ],
      [
        "clock"
      ],
      [
        "clock",
        "person"
      ],
      [],
      [],
      [],
      [],
      [],
      [
        "clock"
      ],
      [
        "clock"
      ],
      [],
      [
        "clock"
      ],
      [],
      [],
      [],
      [],
      [],
      [],
      [],
      [],
      [],
      [],
      [],
      [],
      [],
      [],
      [],
      [],
      [],
      [
        "kite"
      ],
      [
        "kite"
      ],
      [
        "kite"
      ],
      [],
      [
        "kite"
      ],
      [
        "kite"
      ],
      [],
      [
        "kite"
      ],
      [],
      [
        "kite"
      ],
      [],
      [],
      [],
      [],
      [],
      [],
      [],
      [],
      [],
      [],
      [],
      [],
      [],
      [],
      [],
      [],
      [],
      [],
      [],
      [],
      [],
      [],
      [],
      [],
      [],
      [],
      [],
      [],
      [],
      [],
      [],
      [],
      [],
      [],
      [],
      [],
      [],
      [],
      [
        "person"
      ],
      [
        "person"
      ],
      [
        "person"
      ],
      [
        "horse",
        "person"
      ],
      [
        "horse",
        "person"
      ],
      [
        "horse",
        "person"
      ],
      [
        "horse",
        "person"
      ],
      [
        "horse",
        "person"
      ],
      [
        "horse",
        "person"
      ],
      [
        "horse",
        "person"
      ],
      [
        "horse",
        "person"
      ],
      [
        "horse",
        "person"
      ],
      [
        "horse",
        "person"
      ],
      [
        "horse",
        "person"
      ],
      [
        "horse",
        "person"
      ],
      [
        "horse",
        "person"
      ],
      [
        "horse",
        "person"
      ],
      [
        "horse",
        "person"
      ],
      [
        "horse",
        "person"
      ],
      [
        "horse",
        "person"
      ],
      [
        "horse",
        "person"
      ],
      [
        "horse",
        "person"
      ],
      [],
      [],
      [],
      [],
      [],
      [],
      [],
      [],
      [],
      [],
      [],
      [],
      [],
      [],
      [
        "car"
      ],
      [],
      [],
      [],
      [
        "car"
      ],
      [],
      [],
      [
        "car"
      ],
      [],
      [
        "car"
      ],
      [
        "car"
      ],
      [],
      [],
      [],
      [],
      [],
      [],
      [],
      [],
      [],
      [],
      [],
      [],
      [],
      [],
      [],
      [],
      [],
      [],
      []
    ],
    "appearances": [
      {
        "object_class": "car",
        "first_appearance": 11.0,
        "last_appearance": 28.0,
        "frame_count": 15,
        "frequency": 0.05
      },
      {
        "object_class": "clock",
        "first_appearance": 15.700000000000001,
        "last_appearance": 16.8,
        "frame_count": 6,
        "frequency": 0.02
      },
      {
        "object_class": "person",
        "first_appearance": 15.9,
        "last_appearance": 25.5,
        "frame_count": 23,
        "frequency": 0.07666666666666666
      },
      {
        "object_class": "kite",
        "first_appearance": 18.6,
        "last_appearance": 19.5,
        "frame_count": 7,
        "frequency": 0.023333333333333334
      },
      {
        "object_class": "horse",
        "first_appearance": 23.700000000000003,
        "last_appearance": 25.5,
        "frame_count": 19,
        "frequency": 0.06333333333333334
      }
    ]
  },
  "atmosphere_signals": {
    "brightness_values": [
      0.0,
      0.0,
      0.0,
      0.0,
      0.0,
      0.0,
      0.0,
      0.0,
      0.0,
      0.0,
      0.0,
      0.00018229166666666667,
      0.00018229166666666667,
      0.00018229166666666667,
      0.00018229166666666667,
      0.00018229166666666667,
      0.0,
      0.0,
      0.0,
      0.0,
      6.5322905815972225,
      19.41109157986111,
      38.80096245659722,
      64.44607855902778,
      62.640697699652776,
      55.96846028645833,
      53.82793511284722,
      57.340648871527776,
      67.53669704861112,
      94.52202365451389,
      144.1328070746528,
      142.43925672743055,
      150.38117838541666,
      155.5943142361111,
      169.4771657986111,
      189.255224609375,
      188.27559027777778,
      182.96352756076388,
      181.82867513020832,
      186.17080620659723,
      243.05677625868054,
      86.30890082465278,
      85.83485894097223,
      85.33100911458334,
      84.81609917534722,
      84.0323220486111,
      83.39925672743055,
      83.08214301215278,
      82.74659505208334,
      82.27862521701388,
      82.08832356770833,
      81.49814344618055,
      80.81681206597223,
      80.39621961805555,
      79.95795572916667,
      78.96602430555555,
      77.7050607638889,
      76.23783637152778,
      75.26951714409722,
      73.64553493923611,
      72.36797309027777,
      71.57098307291666,
      71.0495486111111,
      155.90994791666665,
      150.01205837673612,
      141.4377267795139,
      131.18725368923612,
      131.5043240017361,
      132.8152907986111,
      133.00326171875,
      132.32609483506945,
      131.234580078125,
      131.7460698784722,
      133.74362630208333,
      138.1657248263889,
      141.83993598090277,
      146.48004991319445,
      150.9402094184028,
      154.81152235243056,
      159.82184461805556,
      163.61459743923612,
      166.3193891059028,
      165.10801106770833,
      165.15415690104166,
      165.21512152777777,
      165.00844618055555,
      164.86010850694444,
      165.0494259982639,
      165.03235785590277,
      164.5436252170139,
      164.0702734375,
      163.93888563368054,
      164.1942556423611,
      164.15732096354168,
      164.43989691840278,
      140.62666666666667,
      124.71283637152777,
      104.99177734375,
      87.8666015625,
      80.46442599826389,
      70.58360460069444,
      46.61972764756945,
      47.16668728298611,
      58.65685872395834,
      72.95340277777778,
      95.52931966145833,
      131.70582682291666,
      139.82578559027777,
      136.66645833333334,
      135.1865939670139,
      134.24774305555556,
      133.6552853732639,
      132.32507269965276,
      129.9997732204861,
      127.6122146267361,
      126.78503797743056,
      126.58394639756945,
      126.46540473090278,
      125.94392035590278,
      125.14651692708334,
      128.3203656684028,
      24.169036458333334,
      33.99929578993056,
      46.95138454861111,
      48.690361328125,
      33.01725911458333,
      31.962034505208333,
      42.37499348958333,
      33.93315863715278,
      51.597841796875,
      59.43521158854167,
      94.843232421875,
      139.35705837673612,
      155.25703776041667,
      156.039775390625,
      152.46876410590278,
      150.369296875,
      148.51589409722223,
      146.42610785590279,
      141.40629448784722,
      134.84103190104167,
      129.58307400173612,
      122.86011501736111,
      115.88482204861111,
      98.69845811631944,
      79.20586154513889,
      60.77725911458333,
      45.33325954861111,
      34.05716688368056,
      32.00347222222222,
      39.40552734375,
      37.548175998263886,
      39.17392578125,
      38.529306640625,
      38.696040581597224,
      38.771334635416665,
      47.30555121527778,
      54.358936631944445,
      54.067530381944444,
      54.26866861979167,
      54.350155164930555,
      53.740946180555554,
      54.45231770833333,
      53.56240776909722,
      54.51103841145834,
      54.850613064236114,
      54.19972873263889,
      53.717685546875,
      51.22765407986111,
      36.279026692708335,
      53.20217990451389,
      121.47067165798612,
      121.31422417534722,
      121.27595052083333,
      121.24887586805555,
      121.19215494791666,
      121.10370334201389,
      120.93128580729167,
      120.86443250868055,
      119.83306423611111,
      118.28297417534722,
      116.74606228298612,
      116.57167100694444,
      117.12884548611112,
      117.25326605902778,
      116.36667100694444,
      115.7226953125,
      115.20220920138888,
      115.3780837673611,
      115.62779839409723,
      115.10786892361111,
      114.38675564236111,
      114.51946614583333,
      114.56137586805555,
      114.78811740451388,
      116.81147569444444,
      175.29513454861112,
      220.83322374131944,
      50.925167100694445,
      50.43671332465278,
      49.905478515625,
      49.359715711805556,
      48.94951388888889,
      48.900986328125,
      48.400784505208335,
      47.92518120659722,
      47.55317708333333,
      47.51838107638889,
      47.894510633680554,
      47.88417100694444,
      47.757333984375,
      47.63219509548611,
      47.64123046875,
      48.12560872395834,
      48.72055013020833,
      49.545559895833335,
      50.77482530381945,
      51.813045789930555,
      52.578411458333335,
      53.05879340277778,
      53.592090928819445,
      54.50263997395833,
      55.482150607638886,
      56.35006727430556,
      56.799258897569445,
      53.74346245659722,
      52.79611111111111,
      51.220244140625,
      54.54931532118056,
      55.63842122395833,
      55.854411892361114,
      49.58852973090278,
      48.25016927083333,
      53.59091145833333,
      165.08654839409724,
      139.400556640625,
      124.43886067708333,
      111.89517035590278,
      102.73028645833334,
      95.802421875,
      96.051328125,
      96.42296657986111,
      99.10423936631945,
      99.77119574652778,
      99.65385308159722,
      99.26749131944445,
      98.73386067708333,
      98.69353841145833,
      99.26561089409722,
      99.9450217013889,
      100.05020399305556,
      99.42111436631944,
      98.43771592881944,
      97.85076605902778,
      98.10736328125,
      98.41344075520833,
      72.01964192708333,
      70.95285481770833,
      68.6386252170139,
      67.82240885416667,
      67.64530815972222,
      66.46982638888889,
      66.7573122829861,
      68.36150282118055,
      69.33375868055556,
      70.15078016493055,
      70.90865885416666,
      47.268299696180556,
      49.530856119791665,
      53.144765625,
      56.26676866319445,
      37.307698567708336,
      18.39919596354167,
      18.066320529513888,
      34.99453884548611,
      58.27870985243055,
      58.82123589409722,
      180.84801106770834,
      182.38631184895834,
      179.9210427517361,
      179.06161566840277,
      175.83857747395834,
      176.35999457465277,
      176.47700737847222,
      177.28023654513888,
      178.2714898003472,
      179.656552734375,
      182.775947265625,
      189.20167534722222,
      201.17772352430555,
      211.01133463541666,
      228.935751953125,
      250.49100477430557,
      251.04018771701388,
      245.50427300347224,
      244.34158420138888,
      241.8182660590278,
      228.5410036892361,
      214.3463259548611,
      201.31496419270835
    ],
    "brightness_mean": 96.31322700737847,
    "brightness_std": 57.270245919409106,
    "brightness_min": 0.0,
    "brightness_max": 251.04018771701388,
    "brightness_range": 251.04018771701388,
    "lighting_changes": [
      {
        "timestamp": 2.3000000000000003,
        "frame_index": 23,
        "brightness_before": 38.80096245659722,
        "brightness_after": 64.44607855902778,
        "magnitude": 25.645116102430563
      },
      {
        "timestamp": 2.9000000000000004,
        "frame_index": 29,
        "brightness_before": 67.53669704861112,
        "brightness_after": 94.52202365451389,
        "magnitude": 26.98532660590277
      },
      {
        "timestamp": 3.0,
        "frame_index": 30,
        "brightness_before": 94.52202365451389,
        "brightness_after": 144.1328070746528,
        "magnitude": 49.6107834201389
      },
      {
        "timestamp": 4.0,
        "frame_index": 40,
        "brightness_before": 186.17080620659723,
        "brightness_after": 243.05677625868054,
        "magnitude": 56.88597005208331
      },
      {
        "timestamp": 4.1000000000000005,
        "frame_index": 41,
        "brightness_before": 243.05677625868054,
        "brightness_after": 86.30890082465278,
        "magnitude": 156.74787543402778
      },
      {
        "timestamp": 6.300000000000001,
        "frame_index": 63,
        "brightness_before": 71.0495486111111,
        "brightness_after": 155.90994791666665,
        "magnitude": 84.86039930555555
      },
      {
        "timestamp": 9.5,
        "frame_index": 95,
        "brightness_before": 164.43989691840278,
        "brightness_after": 140.62666666666667,
        "magnitude": 23.813230251736115
      },
      {
        "timestamp": 10.100000000000001,
        "frame_index": 101,
        "brightness_before": 70.58360460069444,
        "brightness_after": 46.61972764756945,
        "magnitude": 23.963876953124995
      },
      {
        "timestamp": 10.5,
        "frame_index": 105,
        "brightness_before": 72.95340277777778,
        "brightness_after": 95.52931966145833,
        "magnitude": 22.57591688368055
      },
      {
        "timestamp": 10.600000000000001,
        "frame_index": 106,
        "brightness_before": 95.52931966145833,
        "brightness_after": 131.70582682291666,
        "magnitude": 36.17650716145833
      },
      {
        "timestamp": 12.100000000000001,
        "frame_index": 121,
        "brightness_before": 128.3203656684028,
        "brightness_after": 24.169036458333334,
        "magnitude": 104.15132921006945
      },
      {
        "timestamp": 13.100000000000001,
        "frame_index": 131,
        "brightness_before": 59.43521158854167,
        "brightness_after": 94.843232421875,
        "magnitude": 35.40802083333333
      },
      {
        "timestamp": 13.200000000000001,
        "frame_index": 132,
        "brightness_before": 94.843232421875,
        "brightness_after": 139.35705837673612,
        "magnitude": 44.51382595486112
      },
      {
        "timestamp": 17.1,
        "frame_index": 171,
        "brightness_before": 53.20217990451389,
        "brightness_after": 121.47067165798612,
        "magnitude": 68.26849175347223
      },
      {
        "timestamp": 19.6,
        "frame_index": 196,
        "brightness_before": 116.81147569444444,
        "brightness_after": 175.29513454861112,
        "magnitude": 58.48365885416668
      },
      {
        "timestamp": 19.700000000000003,
        "frame_index": 197,
        "brightness_before": 175.29513454861112,
        "brightness_after": 220.83322374131944,
        "magnitude": 45.53808919270833
      },
      {
        "timestamp": 19.8,
        "frame_index": 198,
        "brightness_before": 220.83322374131944,
        "brightness_after": 50.925167100694445,
        "magnitude": 169.908056640625
      },
      {
        "timestamp": 23.400000000000002,
        "frame_index": 234,
        "brightness_before": 53.59091145833333,
        "brightness_after": 165.08654839409724,
        "magnitude": 111.49563693576391
      },
      {
        "timestamp": 23.5,
        "frame_index": 235,
        "brightness_before": 165.08654839409724,
        "brightness_after": 139.400556640625,
        "magnitude": 25.685991753472223
      },
      {
        "timestamp": 25.6,
        "frame_index": 256,
        "brightness_before": 98.41344075520833,
        "brightness_after": 72.01964192708333,
        "magnitude": 26.393798828125
      },
      {
        "timestamp": 26.700000000000003,
        "frame_index": 267,
        "brightness_before": 70.90865885416666,
        "brightness_after": 47.268299696180556,
        "magnitude": 23.640359157986104
      },
      {
        "timestamp": 27.5,
        "frame_index": 275,
        "brightness_before": 34.99453884548611,
        "brightness_after": 58.27870985243055,
        "magnitude": 23.28417100694444
      },
      {
        "timestamp": 27.700000000000003,
        "frame_index": 277,
        "brightness_before": 58.82123589409722,
        "brightness_after": 180.84801106770834,
        "magnitude": 122.02677517361113
      },
      {
        "timestamp": 29.200000000000003,
        "frame_index": 292,
        "brightness_before": 228.935751953125,
        "brightness_after": 250.49100477430557,
        "magnitude": 21.555252821180574
      }
    ],
    "lighting_change_count": 24,
    "setting_type": "indoor",
    "dominant_colors_rgb": [
      [
        "105",
        "93",
        "87"
      ],
      [
        "53",
        "38",
        "33"
      ],
      [
        "17",
        "9",
        "8"
      ]
    ],
    "dominant_colors": [
      "brown",
      "brown",
      "black"
    ]
  },
  "action_signals": {
    "intensity_timeline": [
      0.0,
      0.0,
      0.0,
      0.0,
      0.0,
      0.0,
      0.0,
      0.0,
      0.0,
      0.0,
      0.0,
      2.5380181511991396e-10,
      0.0,
      0.0,
      0.0,
      0.0,
      2.5380174406564037e-10,
      0.0,
      0.0,
      0.0,
      0.0005608319491147995,
      0.002103891223669052,
      0.0019511021673679352,
      0.0050380492210388185,
      0.005393173694610596,
      0.0050387442111969,
      0.004827888607978821,
      0.00491817831993103,
      0.007454190254211426,
      0.004762437641620636,
      0.1578122329711914,
      0.14940985679626465,
      0.27026140213012695,
      0.2459286308288574,
      0.1553075885772705,
      0.16252683639526366,
      0.152257719039917,
      0.21024251937866212,
      0.20348787307739258,
      0.22397859573364257,
      0.23316417694091796,
      0.10594853401184082,
      0.054298081398010255,
      0.048768811225891114,
      0.049902882575988766,
      0.07044445991516113,
      0.06818044662475586,
      0.06456026554107666,
      0.058318405151367186,
      0.0637501573562622,
      0.04144810199737549,
      0.08129372596740722,
      0.09443171501159668,
      0.08262955665588378,
      0.11265572547912597,
      0.15598052978515625,
      0.1750679397583008,
      0.14734614372253418,
      0.14478182792663574,
      0.13854774475097656,
      0.11477606773376464,
      0.09748842239379883,
      0.08564696311950684,
      0.1151240348815918,
      0.07680887222290039,
      0.1165038776397705,
      0.15477675437927246,
      0.1590803623199463,
      0.20265199661254882,
      0.15141600608825684,
      0.17596399307250976,
      0.23937503814697267,
      0.15314509391784667,
      0.20730972290039062,
      0.2009417724609375,
      0.17753320693969726,
      0.16471710205078124,
      0.18582670211791993,
      0.17605865478515625,
      0.1254897689819336,
      0.11106300354003906,
      0.11323333740234375,
      0.13230179786682128,
      0.0163909113407135,
      0.02414919137954712,
      0.02191096782684326,
      0.013844091892242432,
      0.016923829317092895,
      0.013883808851242066,
      0.016520884037017822,
      0.01646914839744568,
      0.009890912771224976,
      0.011080158948898315,
      0.006284570693969727,
      0.021331930160522462,
      0.03169783353805542,
      0.018714792728424072,
      0.039739007949829104,
      0.06798242092132568,
      0.06060701847076416,
      0.0686775541305542,
      0.05689212322235107,
      0.05477890491485596,
      0.09700815200805664,
      0.06428036689758301,
      0.01619769334793091,
      0.023289880752563476,
      0.07290907859802247,
      0.10428482055664062,
      0.09132589340209961,
      0.023818836212158204,
      0.03347276210784912,
      0.06725951194763184,
      0.08756767272949219,
      0.09051003456115722,
      0.02257477045059204,
      0.04339748382568359,
      0.027100274562835692,
      0.01879024028778076,
      0.02973651170730591,
      0.0330749773979187,
      0.06600870609283448,
      0.04934506416320801,
      0.05485659122467041,
      0.058746542930603024,
      0.05047598361968994,
      0.044576401710510256,
      0.016792997121810913,
      0.01990586757659912,
      0.010396926403045655,
      0.010793104171752929,
      0.08202441215515137,
      0.10647050857543945,
      0.09204833030700683,
      0.054970316886901856,
      0.052474684715270996,
      0.05261892795562744,
      0.05760676383972168,
      0.07345083713531494,
      0.10810412406921387,
      0.1276622200012207,
      0.131715726852417,
      0.1037683391571045,
      0.0856475830078125,
      0.06508567810058594,
      0.053865156173706054,
      0.03490015745162964,
      0.016102277040481568,
      0.018625253438949586,
      0.007997571229934693,
      0.07351035118103028,
      0.09689867973327637,
      0.0992926025390625,
      0.12889815330505372,
      0.08431808471679687,
      0.10073668479919434,
      0.15672165870666505,
      0.07592593669891358,
      0.05459991455078125,
      0.032131364345550535,
      0.06680763721466064,
      0.06792819976806641,
      0.06024256229400635,
      0.09401123046875,
      0.04471870899200439,
      0.06517329216003417,
      0.07179456233978271,
      0.06951894760131835,
      0.03564826488494873,
      0.08012966156005859,
      0.07069005012512207,
      0.15386588096618653,
      0.019856432676315306,
      0.02364062547683716,
      0.01892711877822876,
      0.020075600147247314,
      0.017711683511734008,
      0.02180046558380127,
      0.019559515714645384,
      0.03175722360610962,
      0.04362668991088867,
      0.042339186668396,
      0.025282108783721925,
      0.021802113056182862,
      0.01933334708213806,
      0.02844200849533081,
      0.02384021282196045,
      0.028751630783081055,
      0.02220905065536499,
      0.01768106460571289,
      0.026342856884002685,
      0.02645267724990845,
      0.015124679803848266,
      0.017547733783721924,
      0.01792449116706848,
      0.026340928077697754,
      0.026144559383392333,
      0.05427737236022949,
      0.07271815299987792,
      0.15885693550109864,
      0.14957590103149415,
      0.1668933868408203,
      0.17719480514526367,
      0.17210979461669923,
      0.1674930953979492,
      0.15086844444274902,
      0.15976194381713868,
      0.14460453987121583,
      0.14189043045043945,
      0.13397665023803712,
      0.12716964721679688,
      0.13683165550231935,
      0.13867433547973632,
      0.13071890830993652,
      0.13660558700561523,
      0.13065892219543457,
      0.12854846000671385,
      0.11726195335388184,
      0.11704897880554199,
      0.11322231292724609,
      0.11688040733337403,
      0.12074443817138672,
      0.13136757850646974,
      0.13228631973266602,
      0.10916349411010742,
      0.10715657234191894,
      0.07231840133666992,
      0.03602805376052856,
      0.09335064888000488,
      0.06435909748077392,
      0.04636415958404541,
      0.12564731597900392,
      0.02456745386123657,
      0.06871460437774658,
      0.12376675605773926,
      0.0965849494934082,
      0.037576060295104984,
      0.04407695293426514,
      0.023170371055603028,
      0.022839126586914064,
      0.01380473494529724,
      0.019879064559936523,
      0.07518177032470703,
      0.026800856590270997,
      0.00725259780883789,
      0.020598080158233643,
      0.029293789863586425,
      0.00866764783859253,
      0.02091423511505127,
      0.031710898876190184,
      0.007933050990104676,
      0.03266090154647827,
      0.05246141910552979,
      0.03148642539978028,
      0.019856016635894775,
      0.015453743934631347,
      0.09101340293884277,
      0.06619631767272949,
      0.07216026306152344,
      0.04548417091369629,
      0.03358039855957031,
      0.027613306045532228,
      0.01767366409301758,
      0.022788381576538085,
      0.013202792406082154,
      0.026223974227905275,
      0.025759992599487306,
      0.16399856567382812,
      0.30971851348876955,
      0.20434999465942383,
      0.14212054252624512,
      0.029549341201782226,
      0.0026700636744499207,
      0.004540134072303772,
      0.03117600440979004,
      0.0910045051574707,
      0.017524844408035277,
      0.13316666603088378,
      0.3137009811401367,
      0.23109895706176758,
      0.0744035768508911,
      0.07763742923736572,
      0.08546648025512696,
      0.08260563850402831,
      0.07652266502380371,
      0.07358110427856446,
      0.07914523124694824,
      0.08574767112731933,
      0.11488685607910157,
      0.08269750595092773,
      0.09385297775268554,
      0.10327174186706543,
      0.04388771533966065,
      0.0017772884666919708,
      0.001552949994802475,
      7.45263323187828e-05,
      0.005561143159866333,
      0.05812036514282227,
      0.045678596496582034,
      0.09069393157958984
    ],
    "intensity_mean": 0.07186952472361749,
    "intensity_std": 0.06229654909688636,
    "intensity_min": 0.0,
    "intensity_max": 0.3137009811401367,
    "intensity_trend": "stable",
    "peak_moments": [
      {
        "timestamp": 3.2,
        "frame_index": 32,
        "intensity": 0.27026140213012695,
        "moment_type": "peak"
      },
      {
        "timestamp": 7.1000000000000005,
        "frame_index": 71,
        "intensity": 0.23937503814697267,
        "moment_type": "peak"
      },
      {
        "timestamp": 14.100000000000001,
        "frame_index": 141,
        "intensity": 0.131715726852417,
        "moment_type": "peak"
      },
      {
        "timestamp": 15.600000000000001,
        "frame_index": 156,
        "intensity": 0.15672165870666505,
        "moment_type": "peak"
      },
      {
        "timestamp": 17.1,
        "frame_index": 171,
        "intensity": 0.15386588096618653,
        "moment_type": "peak"
      },
      {
        "timestamp": 20.200000000000003,
        "frame_index": 202,
        "intensity": 0.17719480514526367,
        "moment_type": "peak"
      },
      {
        "timestamp": 26.8,
        "frame_index": 268,
        "intensity": 0.30971851348876955,
        "moment_type": "peak"
      },
      {
        "timestamp": 27.8,
        "frame_index": 278,
        "intensity": 0.3137009811401367,
        "moment_type": "peak"
      }
    ],
    "valley_moments": [
      {
        "timestamp": 5.0,
        "frame_index": 50,
        "intensity": 0.04144810199737549,
        "moment_type": "valley"
      },
      {
        "timestamp": 9.3,
        "frame_index": 93,
        "intensity": 0.006284570693969727,
        "moment_type": "valley"
      },
      {
        "timestamp": 14.9,
        "frame_index": 149,
        "intensity": 0.007997571229934693,
        "moment_type": "valley"
      },
      {
        "timestamp": 15.9,
        "frame_index": 159,
        "intensity": 0.032131364345550535,
        "moment_type": "valley"
      },
      {
        "timestamp": 19.200000000000003,
        "frame_index": 192,
        "intensity": 0.015124679803848266,
        "moment_type": "valley"
      },
      {
        "timestamp": 24.400000000000002,
        "frame_index": 244,
        "intensity": 0.00725259780883789,
        "moment_type": "valley"
      },
      {
        "timestamp": 27.200000000000003,
        "frame_index": 272,
        "intensity": 0.0026700636744499207,
        "moment_type": "valley"
      }
    ],
    "peak_timestamps": [
      3.2,
      7.1000000000000005,
      14.100000000000001,
      15.600000000000001,
      17.1,
      20.200000000000003,
      26.8,
      27.8
    ],
    "valley_timestamps": [
      5.0,
      9.3,
      14.9,
      15.9,
      19.200000000000003,
      24.400000000000002,
      27.200000000000003
    ],
    "peak_count": 8,
    "valley_count": 7,
    "action_variance": 0.003880860029380773
  },
  "temporal_signals": {
    "frame_change_scores": [
      0.0,
      0.0,
      0.0,
      0.0,
      0.0,
      0.0,
      0.0,
      0.0,
      0.0,
      0.0,
      0.0,
      4.1739041337640614e-06,
      0.0,
      0.0,
      0.0,
      0.0,
      4.1739041337640614e-06,
      0.0,
      0.0,
      0.0,
      0.08162374624662472,
      0.2754876655513685,
      0.4202028638411329,
      0.6455396253444692,
      0.5618148392126368,
      0.5348959084822922,
      0.5293279124905794,
      0.48531738744034514,
      0.47562171199288705,
      0.47003613093416563,
      0.6566277859783911,
      0.3864167782930801,
      0.5216465741747961,
      0.4617234174020072,
      0.4633523541138135,
      0.4704442599518138,
      0.26360709739828414,
      0.4008809833115421,
      0.3392827323143319,
      0.4110109491286492,
      0.4418967137023456,
      0.7125785635049627,
      0.26053091195962963,
      0.2449461742312582,
      0.23902082919792167,
      0.31141290275566946,
      0.31530158829825605,
      0.3077681840960258,
      0.25528365932943964,
      0.2821822865107769,
      0.18727520388885732,
      0.3351194803104568,
      0.40488090739815175,
      0.3903580953792031,
      0.4599537797671355,
      0.47055966415004047,
      0.4762580466968622,
      0.5071294503618129,
      0.49305142579173533,
      0.501147793823797,
      0.49510656370858974,
      0.4602240267517287,
      0.43357153809247306,
      0.7835644147736162,
      0.49849939210426697,
      0.5469724369679726,
      0.5983848899314059,
      0.6244161716476516,
      0.678666657455814,
      0.700766406042709,
      0.7187785792575931,
      0.6990568083037065,
      0.6561508965414409,
      0.7175937709528952,
      0.7562177290737514,
      0.6926117234181257,
      0.6610549968424638,
      0.618769468705763,
      0.5684881339893951,
      0.49343762013915693,
      0.47772225601326435,
      0.40763094442023773,
      0.46129450301496744,
      0.07433786266185916,
      0.12321031770455348,
      0.11553484341793929,
      0.06991443263443609,
      0.08389153232892499,
      0.07280163159206487,
      0.09289897851581963,
      0.09177461682023291,
      0.04288014657244699,
      0.05068222378649989,
      0.01983486577675031,
      0.10884209109154186,
      0.2607355865329085,
      0.2157142489819437,
      0.3144314998559681,
      0.3644429463309733,
      0.31488167745259077,
      0.37715536713335784,
      0.5626284905493932,
      0.5955342408802269,
      0.5007132844937404,
      0.4412411364260147,
      0.4291278262802405,
      0.5140054650934038,
      0.370533029520715,
      0.301691666623102,
      0.2521123445092265,
      0.1377727715636694,
      0.16186383811344185,
      0.25695200402717266,
      0.30754420120018067,
      0.3151908763327015,
      0.12099288778976891,
      0.14037901854322643,
      0.14674479024634624,
      0.12787074175788649,
      0.18896762606030748,
      0.15577354981326097,
      0.8445949828373394,
      0.7734667275212572,
      0.7383742777413569,
      0.7655055937544184,
      0.8569740552209262,
      0.7877129827944142,
      0.7473804803703248,
      0.7303668442759392,
      0.692485241464905,
      0.6104444155493376,
      0.7185011124319078,
      0.652894576764077,
      0.44943971914776426,
      0.1790786093659571,
      0.19934743662112386,
      0.19420504874249933,
      0.21435526450976505,
      0.23644584179461892,
      0.37022686798284277,
      0.48324823995487587,
      0.4942817342693605,
      0.46259947646942545,
      0.40976466387692245,
      0.4089583711644349,
      0.36718940390972654,
      0.36585427976543805,
      0.4887455365607387,
      0.5995257042065242,
      0.5322258227798995,
      0.7325650480526222,
      0.7499723422061717,
      0.8175695221486359,
      0.7978230993123404,
      0.7666095742307103,
      0.781483542504266,
      0.7708025798934961,
      0.6058152934273933,
      0.27540526282445377,
      0.12949653797621885,
      0.3549433265811057,
      0.2968015035180329,
      0.3208833931470967,
      0.4601237390766376,
      0.1654732522677591,
      0.33934414922066614,
      0.36167013439081985,
      0.34662603527520963,
      0.1933295444406845,
      0.4849592596203295,
      0.43616868703879574,
      0.8404445568174688,
      0.12125661310874791,
      0.15114708873552296,
      0.1329536232907369,
      0.1285656601257933,
      0.1276878592354438,
      0.1533873426345922,
      0.12419323820002293,
      0.2109915438656308,
      0.2552553993447463,
      0.25433862884516945,
      0.1691609111540292,
      0.16651182023449307,
      0.12406126266961937,
      0.17444428129624623,
      0.15630672143410207,
      0.1741988814494254,
      0.14721063383688449,
      0.13699970228552016,
      0.20179714656437286,
      0.21762569612688498,
      0.11918532587421293,
      0.14337603721360026,
      0.13771874265194917,
      0.16699089434004866,
      0.24352179408562502,
      0.3319175305717016,
      0.8426129710484621,
      0.5778559700999484,
      0.5444058364135633,
      0.5529005446833812,
      0.5632672502281519,
      0.5722903109065778,
      0.5863073481395935,
      0.5764291653622116,
      0.5804332293563231,
      0.5732863942609732,
      0.5850514358457612,
      0.5715454195933725,
      0.5353282009698306,
      0.5333115113572824,
      0.5521003269962503,
      0.557682246378149,
      0.5557420657705656,
      0.5755462499166568,
      0.5835533422101492,
      0.5715399239800785,
      0.543156075882604,
      0.541111842075981,
      0.5418463391160672,
      0.5690131128560314,
      0.5854563669876809,
      0.597916359420084,
      0.5768569576618199,
      0.8887689943257876,
      0.44689923684985045,
      0.33741399973665154,
      0.5025216926319276,
      0.37903632030559575,
      0.311135241019568,
      0.5661822360842594,
      0.21111665929203005,
      0.3898399699673214,
      0.9204598611246257,
      0.5190971778080755,
      0.20487344510815908,
      0.1987073334961179,
      0.1155080980192571,
      0.10639811899621843,
      0.033575703930157075,
      0.06901300072850103,
      0.3961642840536094,
      0.10023898063149828,
      0.012381652913352914,
      0.0749130988778155,
      0.13930446984121547,
      0.018957154850213653,
      0.07885437172973109,
      0.14139424542056767,
      0.011719261395261693,
      0.1665774419834818,
      0.3119352293465959,
      0.1532553760284905,
      0.055641165890039423,
      0.039000822301670124,
      0.793145667135841,
      0.35996195592127134,
      0.3666092677166637,
      0.24176109244324862,
      0.29913327213605023,
      0.35925660066452414,
      0.1799317805076288,
      0.2527190511351052,
      0.16945138938401805,
      0.25620462356072315,
      0.30522736052683175,
      0.9033934073319877,
      0.669349367986944,
      0.6282380229134574,
      0.64327073699026,
      0.7034386735113645,
      0.5824176669616385,
      0.4160946758364623,
      0.6434990023114298,
      0.7036387767416487,
      0.4505725186207217,
      0.6782162144025012,
      0.35668691428917987,
      0.3003765250831292,
      0.2547708443036527,
      0.2987951678634998,
      0.2819619552756739,
      0.27258010743175176,
      0.31085802188308354,
      0.29815369713144124,
      0.33201564459626587,
      0.3663429527655465,
      0.3588983838141264,
      0.37595246325663434,
      0.33358971805663507,
      0.3146723492951097,
      0.2122611905584565,
      0.007631741192366093,
      0.018577645666254528,
      0.018476034196669433,
      0.06601939407625124,
      0.16524483684871205,
      0.2310370069910046,
      0.2857990883107423
    ],
    "change_score_mean": 0.364696938815185,
    "change_score_std": 0.2346844983598173,
    "change_score_max": 0.9204598611246257,
    "temporal_gaps": [
      {
        "start_time": 0.0,
        "end_time": 1.9000000000000001,
        "duration": 1.9000000000000001,
        "start_frame": 0,
        "end_frame": 19,
        "avg_change": 4.1739041337640617e-07
      }
    ],
    "temporal_gap_count": 1,
    "temporal_gap_total_duration": 1.9000000000000001,
    "transition_similarity_scores": [
      0.5797971361588671,
      0.3544603746555308,
      0.5299638690658344,
      0.34337221402160895,
      0.5581032862976544,
      0.28742143649503726,
      0.21643558522638381,
      0.5387054969850326,
      0.7392644134670915,
      0.4859945349065962,
      0.629466970479285,
      0.1554050171626607,
      0.2814988875680922,
      0.347105423235923,
      0.4004742957934758,
      0.46777417722010045,
      0.2674349519473778,
      0.3941847065726067,
      0.1595554431825312,
      0.756478205914375,
      0.6680824694282984,
      0.1573870289515379,
      0.11123100567421244,
      0.07954013887537423,
      0.7951265548918409,
      0.8012926665038821,
      0.09660659266801233,
      0.29636122325835135,
      0.9814223543337455,
      0.834755163151288
    ],
    "transition_similarity_mean": 0.4438233874697535,
    "temporal_density": 8.595317725752508
  },
  "metadata": {
    "video_path": "/vol/videos/core/produced_digital/commercials/mYsFUFgOEmM.mp4",
    "dataset": "produced_digital/commercials",
    "tier": "produced_digital",
    "study_type": "core",
    "source_fps": 29.97002997002997,
    "source_width": 1280,
    "source_height": 720,
    "experiment_version": "3.3",
    "batch": "1-retry",
    "retry_id": "20251226_182920"
  }
}