{
  "video_id": "owGykVbfgUE",
  "fps": 1.0,
  "duration": 29.0,
  "frame_count": 30,
  "scene_signals": {
    "transition_count": 7,
    "transition_timestamps": [
      12.0,
      13.0,
      17.0,
      18.0,
      23.0,
      24.0,
      25.0
    ],
    "transition_types": [
      "soft_cut",
      "hard_cut",
      "soft_cut",
      "hard_cut",
      "hard_cut",
      "hard_cut",
      "soft_cut"
    ],
    "transition_magnitudes": [
      78.19746173751669,
      211.7375574794175,
      35.9393851221446,
      556.6508155487904,
      96.95980444382852,
      195.9073912234425,
      33.529691709834985
    ],
    "scene_count": 8,
    "scene_durations": [
      12.0,
      1.0,
      4.0,
      1.0,
      5.0,
      1.0,
      1.0,
      4.0
    ],
    "scene_duration_mean": 3.625,
    "scene_duration_std": 3.5333235062756425,
    "scene_duration_min": 1.0,
    "scene_duration_max": 12.0,
    "scene_types": [
      "unknown",
      "unknown",
      "unknown",
      "unknown",
      "unknown",
      "unknown",
      "unknown",
      "unknown"
    ],
    "transitions": [
      {
        "timestamp": 12.0,
        "frame_index": 12,
        "transition_type": "soft_cut",
        "magnitude": 78.19746173751669
      },
      {
        "timestamp": 13.0,
        "frame_index": 13,
        "transition_type": "hard_cut",
        "magnitude": 211.7375574794175
      },
      {
        "timestamp": 17.0,
        "frame_index": 17,
        "transition_type": "soft_cut",
        "magnitude": 35.9393851221446
      },
      {
        "timestamp": 18.0,
        "frame_index": 18,
        "transition_type": "hard_cut",
        "magnitude": 556.6508155487904
      },
      {
        "timestamp": 23.0,
        "frame_index": 23,
        "transition_type": "hard_cut",
        "magnitude": 96.95980444382852
      },
      {
        "timestamp": 24.0,
        "frame_index": 24,
        "transition_type": "hard_cut",
        "magnitude": 195.9073912234425
      },
      {
        "timestamp": 25.0,
        "frame_index": 25,
        "transition_type": "soft_cut",
        "magnitude": 33.529691709834985
      }
    ],
    "scenes": [
      {
        "start_time": 0.0,
        "end_time": 12.0,
        "duration": 12.0,
        "scene_type": "unknown",
        "start_frame": 0,
        "end_frame": 11
      },
      {
        "start_time": 12.0,
        "end_time": 13.0,
        "duration": 1.0,
        "scene_type": "unknown",
        "start_frame": 12,
        "end_frame": 12
      },
      {
        "start_time": 13.0,
        "end_time": 17.0,
        "duration": 4.0,
        "scene_type": "unknown",
        "start_frame": 13,
        "end_frame": 16
      },
      {
        "start_time": 17.0,
        "end_time": 18.0,
        "duration": 1.0,
        "scene_type": "unknown",
        "start_frame": 17,
        "end_frame": 17
      },
      {
        "start_time": 18.0,
        "end_time": 23.0,
        "duration": 5.0,
        "scene_type": "unknown",
        "start_frame": 18,
        "end_frame": 22
      },
      {
        "start_time": 23.0,
        "end_time": 24.0,
        "duration": 1.0,
        "scene_type": "unknown",
        "start_frame": 23,
        "end_frame": 23
      },
      {
        "start_time": 24.0,
        "end_time": 25.0,
        "duration": 1.0,
        "scene_type": "unknown",
        "start_frame": 24,
        "end_frame": 24
      },
      {
        "start_time": 25.0,
        "end_time": 29.0,
        "duration": 4.0,
        "scene_type": "unknown",
        "start_frame": 25,
        "end_frame": 29
      }
    ]
  },
  "character_signals": {
    "person_counts_per_frame": [
      0,
      1,
      1,
      1,
      1,
      1,
      1,
      1,
      1,
      1,
      1,
      1,
      1,
      1,
      1,
      1,
      1,
      1,
      1,
      1,
      1,
      1,
      1,
      1,
      1,
      1,
      1,
      1,
      1,
      1
    ],
    "person_count_mode": 1,
    "person_count_mean": 0.9666666666666667,
    "person_count_std": 0.1795054935711501,
    "person_count_min": 0,
    "person_count_max": 1,
    "person_count_distribution": {
      "0": 1,
      "1": 29
    },
    "character_consistency": 0.9666666666666667,
    "entry_events": [
      {
        "timestamp": 1.0,
        "frame_index": 1,
        "event_type": "entry",
        "count_before": 0,
        "count_after": 1
      }
    ],
    "exit_events": [],
    "entry_count": 1,
    "exit_count": 0,
    "entry_exit_total": 1,
    "entry_timestamps": [
      1.0
    ],
    "exit_timestamps": []
  },
  "visual_signals": {
    "unique_objects": [
      "person",
      "sink",
      "bird"
    ],
    "unique_object_count": 3,
    "persistent_objects": [
      "person"
    ],
    "persistent_object_count": 1,
    "transient_objects": [
      "sink",
      "bird"
    ],
    "transient_object_count": 2,
    "object_frequency": {
      "person": 0.9666666666666667,
      "sink": 0.16666666666666666,
      "bird": 0.03333333333333333
    },
    "object_frame_counts": {
      "person": 29,
      "sink": 5,
      "bird": 1
    },
    "object_first_appearance": {
      "person": 1.0,
      "sink": 1.0,
      "bird": 21.0
    },
    "object_last_appearance": {
      "person": 29.0,
      "sink": 5.0,
      "bird": 21.0
    },
    "objects_per_frame": [
      [],
      [
        "person",
        "sink"
      ],
      [
        "person",
        "sink"
      ],
      [
        "person",
        "sink"
      ],
      [
        "person",
        "sink"
      ],
      [
        "person",
        "sink"
      ],
      [
        "person"
      ],
      [
        "person"
      ],
      [
        "person"
      ],
      [
        "person"
      ],
      [
        "person"
      ],
      [
        "person"
      ],
      [
        "person"
      ],
      [
        "person"
      ],
      [
        "person"
      ],
      [
        "person"
      ],
      [
        "person"
      ],
      [
        "person"
      ],
      [
        "person"
      ],
      [
        "person"
      ],
      [
        "person"
      ],
      [
        "bird",
        "person"
      ],
      [
        "person"
      ],
      [
        "person"
      ],
      [
        "person"
      ],
      [
        "person"
      ],
      [
        "person"
      ],
      [
        "person"
      ],
      [
        "person"
      ],
      [
        "person"
      ]
    ],
    "appearances": [
      {
        "object_class": "person",
        "first_appearance": 1.0,
        "last_appearance": 29.0,
        "frame_count": 29,
        "frequency": 0.9666666666666667
      },
      {
        "object_class": "sink",
        "first_appearance": 1.0,
        "last_appearance": 5.0,
        "frame_count": 5,
        "frequency": 0.16666666666666666
      },
      {
        "object_class": "bird",
        "first_appearance": 21.0,
        "last_appearance": 21.0,
        "frame_count": 1,
        "frequency": 0.03333333333333333
      }
    ]
  },
  "atmosphere_signals": {
    "brightness_values": [
      0.0,
      133.30452582465279,
      130.98835286458333,
      129.86916883680556,
      128.95480360243056,
      127.40946723090278,
      127.07233506944445,
      128.6695724826389,
      128.57212022569445,
      127.03281792534722,
      125.19454969618056,
      125.12043185763889,
      126.1067849392361,
      170.47940972222221,
      172.75234592013888,
      187.64750651041666,
      171.8062890625,
      180.1379155815972,
      174.87564995659721,
      162.22664605034723,
      162.7697970920139,
      165.89010091145835,
      166.68608289930555,
      170.68017144097223,
      171.14225911458334,
      175.26953233506944,
      170.33625434027778,
      178.53498589409722,
      183.3921365017361,
      178.25917534722223
    ],
    "brightness_mean": 149.3727063078704,
    "brightness_std": 35.64383671527714,
    "brightness_min": 0.0,
    "brightness_max": 187.64750651041666,
    "brightness_range": 187.64750651041666,
    "lighting_changes": [
      {
        "timestamp": 1.0,
        "frame_index": 1,
        "brightness_before": 0.0,
        "brightness_after": 133.30452582465279,
        "magnitude": 133.30452582465279
      },
      {
        "timestamp": 13.0,
        "frame_index": 13,
        "brightness_before": 126.1067849392361,
        "brightness_after": 170.47940972222221,
        "magnitude": 44.37262478298611
      }
    ],
    "lighting_change_count": 2,
    "setting_type": "nature",
    "dominant_colors_rgb": [
      [
        "218",
        "229",
        "220"
      ],
      [
        "174",
        "177",
        "170"
      ],
      [
        "80",
        "55",
        "42"
      ]
    ],
    "dominant_colors": [
      "white",
      "green",
      "brown"
    ]
  },
  "action_signals": {
    "intensity_timeline": [
      0.0,
      0.07771676540374756,
      0.17895017623901366,
      0.17924375534057618,
      0.23941234588623048,
      0.17007999420166015,
      0.3476483154296875,
      0.22650747299194335,
      0.10470149993896484,
      0.18946636199951172,
      0.6086457824707031,
      0.10688309669494629,
      0.0629958438873291,
      0.11285269737243653,
      0.16018474578857422,
      0.13904074668884278,
      0.07468214511871338,
      0.06179631233215332,
      0.07685123920440674,
      0.06805306434631347,
      0.08988306045532227,
      0.08012028694152833,
      0.0939843463897705,
      0.1471504783630371,
      0.07821720600128174,
      0.07956718444824219,
      0.09871216773986817,
      0.10206903457641602,
      0.11336766242980957,
      0.157593469619751
    ],
    "intensity_mean": 0.1408792419433594,
    "intensity_std": 0.10936778406535815,
    "intensity_min": 0.0,
    "intensity_max": 0.6086457824707031,
    "intensity_trend": "stable",
    "peak_moments": [
      {
        "timestamp": 6.0,
        "frame_index": 6,
        "intensity": 0.3476483154296875,
        "moment_type": "peak"
      },
      {
        "timestamp": 10.0,
        "frame_index": 10,
        "intensity": 0.6086457824707031,
        "moment_type": "peak"
      }
    ],
    "valley_moments": [
      {
        "timestamp": 8.0,
        "frame_index": 8,
        "intensity": 0.10470149993896484,
        "moment_type": "valley"
      }
    ],
    "peak_timestamps": [
      6.0,
      10.0
    ],
    "valley_timestamps": [
      8.0
    ],
    "peak_count": 2,
    "valley_count": 1,
    "action_variance": 0.011961312191366806
  },
  "temporal_signals": {
    "frame_change_scores": [
      0.0,
      0.9973693774300241,
      0.5571129746563306,
      0.6028576914023642,
      0.6176801679264783,
      0.596135931319056,
      0.6050347970359755,
      0.6227560848992796,
      0.5640019821504034,
      0.564217986833083,
      0.5975061490616125,
      0.5404215819175198,
      0.5245242804009261,
      0.6190377632835345,
      0.5393364620025032,
      0.5256037164698135,
      0.41413673241164584,
      0.4984074497971762,
      0.33864041976003834,
      0.39659931182077535,
      0.342922747859997,
      0.31482338771142404,
      0.38880192851660633,
      0.3543622014172403,
      0.26726364960985716,
      0.4040179525331603,
      0.43831424887773907,
      0.47579137169744123,
      0.49639826443364854,
      0.5516043252183753
    ],
    "change_score_mean": 0.4918560312818011,
    "change_score_std": 0.16348748880521394,
    "change_score_max": 0.9973693774300241,
    "temporal_gaps": [],
    "temporal_gap_count": 0,
    "temporal_gap_total_duration": 0.0,
    "transition_similarity_scores": [
      0.47547571959907386,
      0.38096223671646545,
      0.5015925502028238,
      0.6613595802399617,
      0.6456377985827597,
      0.7327363503901428,
      0.5959820474668397
    ],
    "transition_similarity_mean": 0.5705351833140095,
    "temporal_density": 1.0
  },
  "metadata": {
    "video_path": "/vol/videos/core/produced_digital/commercials/owGykVbfgUE.mp4",
    "dataset": "produced_digital/commercials",
    "tier": "produced_digital",
    "study_type": "core",
    "source_fps": 24.0,
    "source_width": 1280,
    "source_height": 720,
    "experiment_version": "3.3",
    "batch": "1-retry",
    "retry_id": "20251226_182920"
  }
}