{
  "video_id": "QDRfGh83DPQ",
  "fps": 3.0,
  "duration": 29.666666666666664,
  "frame_count": 90,
  "scene_signals": {
    "transition_count": 7,
    "transition_timestamps": [
      3.0,
      3.6666666666666665,
      4.333333333333333,
      5.333333333333333,
      12.666666666666666,
      15.333333333333332,
      25.666666666666664
    ],
    "transition_types": [
      "soft_cut",
      "soft_cut",
      "soft_cut",
      "hard_cut",
      "hard_cut",
      "hard_cut",
      "soft_cut"
    ],
    "transition_magnitudes": [
      27.954199113656088,
      57.27262914414023,
      36.03545831609628,
      1261.3485260813059,
      194.20271893601273,
      102.51050852838844,
      51.51173881734383
    ],
    "scene_count": 8,
    "scene_durations": [
      3.0,
      0.6666666666666665,
      0.6666666666666665,
      1.0,
      7.333333333333333,
      2.666666666666666,
      10.333333333333332,
      4.0
    ],
    "scene_duration_mean": 3.708333333333333,
    "scene_duration_std": 3.2508011832982544,
    "scene_duration_min": 0.6666666666666665,
    "scene_duration_max": 10.333333333333332,
    "scene_types": [
      "unknown",
      "unknown",
      "unknown",
      "unknown",
      "unknown",
      "unknown",
      "unknown",
      "unknown"
    ],
    "transitions": [
      {
        "timestamp": 3.0,
        "frame_index": 9,
        "transition_type": "soft_cut",
        "magnitude": 27.954199113656088
      },
      {
        "timestamp": 3.6666666666666665,
        "frame_index": 11,
        "transition_type": "soft_cut",
        "magnitude": 57.27262914414023
      },
      {
        "timestamp": 4.333333333333333,
        "frame_index": 13,
        "transition_type": "soft_cut",
        "magnitude": 36.03545831609628
      },
      {
        "timestamp": 5.333333333333333,
        "frame_index": 16,
        "transition_type": "hard_cut",
        "magnitude": 1261.3485260813059
      },
      {
        "timestamp": 12.666666666666666,
        "frame_index": 38,
        "transition_type": "hard_cut",
        "magnitude": 194.20271893601273
      },
      {
        "timestamp": 15.333333333333332,
        "frame_index": 46,
        "transition_type": "hard_cut",
        "magnitude": 102.51050852838844
      },
      {
        "timestamp": 25.666666666666664,
        "frame_index": 77,
        "transition_type": "soft_cut",
        "magnitude": 51.51173881734383
      }
    ],
    "scenes": [
      {
        "start_time": 0.0,
        "end_time": 3.0,
        "duration": 3.0,
        "scene_type": "unknown",
        "start_frame": 0,
        "end_frame": 8
      },
      {
        "start_time": 3.0,
        "end_time": 3.6666666666666665,
        "duration": 0.6666666666666665,
        "scene_type": "unknown",
        "start_frame": 9,
        "end_frame": 10
      },
      {
        "start_time": 3.6666666666666665,
        "end_time": 4.333333333333333,
        "duration": 0.6666666666666665,
        "scene_type": "unknown",
        "start_frame": 11,
        "end_frame": 12
      },
      {
        "start_time": 4.333333333333333,
        "end_time": 5.333333333333333,
        "duration": 1.0,
        "scene_type": "unknown",
        "start_frame": 13,
        "end_frame": 15
      },
      {
        "start_time": 5.333333333333333,
        "end_time": 12.666666666666666,
        "duration": 7.333333333333333,
        "scene_type": "unknown",
        "start_frame": 16,
        "end_frame": 37
      },
      {
        "start_time": 12.666666666666666,
        "end_time": 15.333333333333332,
        "duration": 2.666666666666666,
        "scene_type": "unknown",
        "start_frame": 38,
        "end_frame": 45
      },
      {
        "start_time": 15.333333333333332,
        "end_time": 25.666666666666664,
        "duration": 10.333333333333332,
        "scene_type": "unknown",
        "start_frame": 46,
        "end_frame": 76
      },
      {
        "start_time": 25.666666666666664,
        "end_time": 29.666666666666664,
        "duration": 4.0,
        "scene_type": "unknown",
        "start_frame": 77,
        "end_frame": 89
      }
    ]
  },
  "character_signals": {
    "person_counts_per_frame": [
      1,
      1,
      1,
      1,
      1,
      1,
      1,
      1,
      1,
      1,
      1,
      1,
      1,
      0,
      0,
      0,
      1,
      1,
      1,
      1,
      1,
      2,
      1,
      1,
      1,
      0,
      0,
      0,
      1,
      1,
      1,
      1,
      1,
      2,
      2,
      2,
      2,
      2,
      2,
      0,
      1,
      1,
      1,
      1,
      1,
      1,
      1,
      0,
      1,
      2,
      1,
      1,
      2,
      2,
      2,
      2,
      2,
      0,
      0,
      0,
      1,
      1,
      1,
      1,
      1,
      1,
      1,
      1,
      1,
      1,
      2,
      3,
      2,
      2,
      3,
      1,
      1,
      1,
      1,
      1,
      1,
      1,
      1,
      1,
      1,
      0,
      0,
      0,
      0,
      0
    ],
    "person_count_mode": 1,
    "person_count_mean": 1.0444444444444445,
    "person_count_std": 0.6651835354264785,
    "person_count_min": 0,
    "person_count_max": 3,
    "person_count_distribution": {
      "1": 56,
      "0": 16,
      "2": 16,
      "3": 2
    },
    "character_consistency": 0.6222222222222222,
    "entry_events": [
      {
        "timestamp": 5.333333333333333,
        "frame_index": 16,
        "event_type": "entry",
        "count_before": 0,
        "count_after": 1
      },
      {
        "timestamp": 7.0,
        "frame_index": 21,
        "event_type": "entry",
        "count_before": 1,
        "count_after": 2
      },
      {
        "timestamp": 9.333333333333332,
        "frame_index": 28,
        "event_type": "entry",
        "count_before": 0,
        "count_after": 1
      },
      {
        "timestamp": 11.0,
        "frame_index": 33,
        "event_type": "entry",
        "count_before": 1,
        "count_after": 2
      },
      {
        "timestamp": 13.333333333333332,
        "frame_index": 40,
        "event_type": "entry",
        "count_before": 0,
        "count_after": 1
      },
      {
        "timestamp": 16.0,
        "frame_index": 48,
        "event_type": "entry",
        "count_before": 0,
        "count_after": 1
      },
      {
        "timestamp": 16.333333333333332,
        "frame_index": 49,
        "event_type": "entry",
        "count_before": 1,
        "count_after": 2
      },
      {
        "timestamp": 17.333333333333332,
        "frame_index": 52,
        "event_type": "entry",
        "count_before": 1,
        "count_after": 2
      },
      {
        "timestamp": 20.0,
        "frame_index": 60,
        "event_type": "entry",
        "count_before": 0,
        "count_after": 1
      },
      {
        "timestamp": 23.333333333333332,
        "frame_index": 70,
        "event_type": "entry",
        "count_before": 1,
        "count_after": 2
      },
      {
        "timestamp": 23.666666666666664,
        "frame_index": 71,
        "event_type": "entry",
        "count_before": 2,
        "count_after": 3
      },
      {
        "timestamp": 24.666666666666664,
        "frame_index": 74,
        "event_type": "entry",
        "count_before": 2,
        "count_after": 3
      }
    ],
    "exit_events": [
      {
        "timestamp": 4.333333333333333,
        "frame_index": 13,
        "event_type": "exit",
        "count_before": 1,
        "count_after": 0
      },
      {
        "timestamp": 7.333333333333333,
        "frame_index": 22,
        "event_type": "exit",
        "count_before": 2,
        "count_after": 1
      },
      {
        "timestamp": 8.333333333333332,
        "frame_index": 25,
        "event_type": "exit",
        "count_before": 1,
        "count_after": 0
      },
      {
        "timestamp": 13.0,
        "frame_index": 39,
        "event_type": "exit",
        "count_before": 2,
        "count_after": 0
      },
      {
        "timestamp": 15.666666666666666,
        "frame_index": 47,
        "event_type": "exit",
        "count_before": 1,
        "count_after": 0
      },
      {
        "timestamp": 16.666666666666664,
        "frame_index": 50,
        "event_type": "exit",
        "count_before": 2,
        "count_after": 1
      },
      {
        "timestamp": 19.0,
        "frame_index": 57,
        "event_type": "exit",
        "count_before": 2,
        "count_after": 0
      },
      {
        "timestamp": 24.0,
        "frame_index": 72,
        "event_type": "exit",
        "count_before": 3,
        "count_after": 2
      },
      {
        "timestamp": 25.0,
        "frame_index": 75,
        "event_type": "exit",
        "count_before": 3,
        "count_after": 1
      },
      {
        "timestamp": 28.333333333333332,
        "frame_index": 85,
        "event_type": "exit",
        "count_before": 1,
        "count_after": 0
      }
    ],
    "entry_count": 12,
    "exit_count": 10,
    "entry_exit_total": 22,
    "entry_timestamps": [
      5.333333333333333,
      7.0,
      9.333333333333332,
      11.0,
      13.333333333333332,
      16.0,
      16.333333333333332,
      17.333333333333332,
      20.0,
      23.333333333333332,
      23.666666666666664,
      24.666666666666664
    ],
    "exit_timestamps": [
      4.333333333333333,
      7.333333333333333,
      8.333333333333332,
      13.0,
      15.666666666666666,
      16.666666666666664,
      19.0,
      24.0,
      25.0,
      28.333333333333332
    ]
  },
  "visual_signals": {
    "unique_objects": [
      "person",
      "bowl",
      "car",
      "vase",
      "potted plant",
      "truck",
      "bottle",
      "dog",
      "cup",
      "chair",
      "dining table",
      "backpack",
      "scissors"
    ],
    "unique_object_count": 13,
    "persistent_objects": [
      "person"
    ],
    "persistent_object_count": 1,
    "transient_objects": [
      "bowl",
      "car",
      "vase",
      "potted plant",
      "truck",
      "bottle",
      "dog",
      "cup",
      "chair",
      "dining table",
      "backpack",
      "scissors"
    ],
    "transient_object_count": 12,
    "object_frequency": {
      "person": 0.8222222222222222,
      "bowl": 0.1,
      "car": 0.044444444444444446,
      "vase": 0.03333333333333333,
      "potted plant": 0.03333333333333333,
      "truck": 0.03333333333333333,
      "bottle": 0.08888888888888889,
      "dog": 0.14444444444444443,
      "cup": 0.15555555555555556,
      "chair": 0.12222222222222222,
      "dining table": 0.011111111111111112,
      "backpack": 0.011111111111111112,
      "scissors": 0.011111111111111112
    },
    "object_frame_counts": {
      "person": 74,
      "bowl": 9,
      "car": 4,
      "vase": 3,
      "potted plant": 3,
      "truck": 3,
      "bottle": 8,
      "dog": 13,
      "cup": 14,
      "chair": 11,
      "dining table": 1,
      "backpack": 1,
      "scissors": 1
    },
    "object_first_appearance": {
      "person": 0.0,
      "bowl": 0.3333333333333333,
      "car": 1.6666666666666665,
      "vase": 8.0,
      "potted plant": 8.333333333333332,
      "truck": 9.666666666666666,
      "bottle": 15.333333333333332,
      "dog": 16.0,
      "cup": 16.0,
      "chair": 16.0,
      "dining table": 19.666666666666664,
      "backpack": 24.666666666666664,
      "scissors": 29.0
    },
    "object_last_appearance": {
      "person": 28.0,
      "bowl": 19.666666666666664,
      "car": 11.0,
      "vase": 8.666666666666666,
      "potted plant": 9.0,
      "truck": 11.0,
      "bottle": 22.333333333333332,
      "dog": 21.0,
      "cup": 21.0,
      "chair": 21.0,
      "dining table": 19.666666666666664,
      "backpack": 24.666666666666664,
      "scissors": 29.0
    },
    "objects_per_frame": [
      [
        "person"
      ],
      [
        "bowl",
        "person"
      ],
      [
        "person"
      ],
      [
        "person"
      ],
      [
        "person"
      ],
      [
        "person",
        "car"
      ],
      [
        "person"
      ],
      [
        "person"
      ],
      [
        "person"
      ],
      [
        "person"
      ],
      [
        "person"
      ],
      [
        "person"
      ],
      [
        "person"
      ],
      [],
      [],
      [],
      [
        "person"
      ],
      [
        "person"
      ],
      [
        "person"
      ],
      [
        "person"
      ],
      [
        "person"
      ],
      [
        "person"
      ],
      [
        "person"
      ],
      [
        "person"
      ],
      [
        "person",
        "vase"
      ],
      [
        "potted plant",
        "vase"
      ],
      [
        "potted plant",
        "vase"
      ],
      [
        "potted plant"
      ],
      [
        "person"
      ],
      [
        "truck",
        "person"
      ],
      [
        "person"
      ],
      [
        "truck",
        "person",
        "car"
      ],
      [
        "person",
        "car"
      ],
      [
        "truck",
        "person",
        "car"
      ],
      [
        "person"
      ],
      [
        "person"
      ],
      [
        "person"
      ],
      [
        "person"
      ],
      [
        "person"
      ],
      [],
      [
        "person"
      ],
      [
        "person"
      ],
      [
        "person"
      ],
      [
        "person"
      ],
      [
        "person"
      ],
      [
        "person"
      ],
      [
        "bottle",
        "person"
      ],
      [],
      [
        "dog",
        "cup",
        "chair",
        "person"
      ],
      [
        "bottle",
        "chair",
        "dog",
        "cup",
        "person"
      ],
      [
        "bowl",
        "dog",
        "cup",
        "person"
      ],
      [
        "chair",
        "bowl",
        "dog",
        "cup",
        "person"
      ],
      [
        "bowl",
        "dog",
        "cup",
        "person"
      ],
      [
        "bottle",
        "chair",
        "dog",
        "cup",
        "person"
      ],
      [
        "chair",
        "bowl",
        "dog",
        "cup",
        "person"
      ],
      [
        "chair",
        "bowl",
        "dog",
        "cup",
        "person"
      ],
      [
        "bottle",
        "chair",
        "dog",
        "cup",
        "person"
      ],
      [
        "bowl"
      ],
      [
        "bowl",
        "cup"
      ],
      [
        "dining table",
        "bowl"
      ],
      [
        "bottle",
        "chair",
        "dog",
        "person",
        "cup"
      ],
      [
        "bottle",
        "chair",
        "dog",
        "person",
        "cup"
      ],
      [
        "bottle",
        "chair",
        "dog",
        "person",
        "cup"
      ],
      [
        "dog",
        "chair",
        "person",
        "cup"
      ],
      [
        "person"
      ],
      [
        "person"
      ],
      [
        "person"
      ],
      [
        "bottle",
        "person"
      ],
      [
        "person"
      ],
      [
        "person"
      ],
      [
        "person"
      ],
      [
        "person"
      ],
      [
        "person"
      ],
      [
        "person"
      ],
      [
        "backpack",
        "person"
      ],
      [
        "person"
      ],
      [
        "person"
      ],
      [
        "person"
      ],
      [
        "person"
      ],
      [
        "person"
      ],
      [
        "person"
      ],
      [
        "person"
      ],
      [
        "person"
      ],
      [
        "person"
      ],
      [
        "person"
      ],
      [],
      [],
      [
        "scissors"
      ],
      [],
      []
    ],
    "appearances": [
      {
        "object_class": "person",
        "first_appearance": 0.0,
        "last_appearance": 28.0,
        "frame_count": 74,
        "frequency": 0.8222222222222222
      },
      {
        "object_class": "bowl",
        "first_appearance": 0.3333333333333333,
        "last_appearance": 19.666666666666664,
        "frame_count": 9,
        "frequency": 0.1
      },
      {
        "object_class": "car",
        "first_appearance": 1.6666666666666665,
        "last_appearance": 11.0,
        "frame_count": 4,
        "frequency": 0.044444444444444446
      },
      {
        "object_class": "vase",
        "first_appearance": 8.0,
        "last_appearance": 8.666666666666666,
        "frame_count": 3,
        "frequency": 0.03333333333333333
      },
      {
        "object_class": "potted plant",
        "first_appearance": 8.333333333333332,
        "last_appearance": 9.0,
        "frame_count": 3,
        "frequency": 0.03333333333333333
      },
      {
        "object_class": "truck",
        "first_appearance": 9.666666666666666,
        "last_appearance": 11.0,
        "frame_count": 3,
        "frequency": 0.03333333333333333
      },
      {
        "object_class": "bottle",
        "first_appearance": 15.333333333333332,
        "last_appearance": 22.333333333333332,
        "frame_count": 8,
        "frequency": 0.08888888888888889
      },
      {
        "object_class": "dog",
        "first_appearance": 16.0,
        "last_appearance": 21.0,
        "frame_count": 13,
        "frequency": 0.14444444444444443
      },
      {
        "object_class": "cup",
        "first_appearance": 16.0,
        "last_appearance": 21.0,
        "frame_count": 14,
        "frequency": 0.15555555555555556
      },
      {
        "object_class": "chair",
        "first_appearance": 16.0,
        "last_appearance": 21.0,
        "frame_count": 11,
        "frequency": 0.12222222222222222
      },
      {
        "object_class": "dining table",
        "first_appearance": 19.666666666666664,
        "last_appearance": 19.666666666666664,
        "frame_count": 1,
        "frequency": 0.011111111111111112
      },
      {
        "object_class": "backpack",
        "first_appearance": 24.666666666666664,
        "last_appearance": 24.666666666666664,
        "frame_count": 1,
        "frequency": 0.011111111111111112
      },
      {
        "object_class": "scissors",
        "first_appearance": 29.0,
        "last_appearance": 29.0,
        "frame_count": 1,
        "frequency": 0.011111111111111112
      }
    ]
  },
  "atmosphere_signals": {
    "brightness_values": [
      105.4476638454861,
      106.84724717881944,
      107.56774956597222,
      112.74310329861112,
      118.536220703125,
      122.59738823784723,
      125.81164171006944,
      126.52760633680556,
      120.75993272569444,
      115.46710394965278,
      112.28237196180555,
      110.00994900173612,
      103.82287000868055,
      147.70033094618054,
      147.74469075520832,
      146.9364236111111,
      105.08857313368055,
      105.51339409722222,
      117.37837782118055,
      108.02520399305556,
      114.87485677083333,
      105.85975477430556,
      110.43734375,
      117.41624565972222,
      132.1073578559028,
      146.6911838107639,
      157.50219943576388,
      158.8898513454861,
      108.81411783854166,
      108.06846137152777,
      107.61425455729167,
      106.81994683159722,
      107.37611762152778,
      107.57671983506944,
      96.64315212673611,
      91.82089301215278,
      89.29028645833333,
      97.45355794270833,
      94.27498697916667,
      93.1201953125,
      91.20984917534722,
      93.59151584201389,
      93.08863932291666,
      92.20985568576388,
      91.73362413194444,
      91.33664171006944,
      69.33811848958334,
      76.43394639756944,
      106.81104383680555,
      115.53043836805556,
      116.332548828125,
      117.21115559895833,
      117.96424479166667,
      118.01688042534722,
      118.28354709201389,
      118.52297092013889,
      118.2943359375,
      122.08861545138889,
      120.04191623263888,
      123.46661349826388,
      118.34074978298611,
      118.09183159722222,
      117.57059136284722,
      117.90682725694444,
      91.71176432291666,
      92.13199327256945,
      92.40187825520833,
      92.29445963541667,
      92.485048828125,
      128.41247395833332,
      124.75511284722222,
      120.98198350694445,
      114.94304036458334,
      110.82613715277778,
      107.12946506076389,
      107.45713541666667,
      114.4894552951389,
      126.47224717881944,
      125.6134299045139,
      124.96340060763889,
      124.78175238715278,
      140.8869216579861,
      139.94837890625,
      139.2428559027778,
      136.79458550347223,
      116.88532986111112,
      118.3643771701389,
      128.08772894965279,
      129.16108506944445,
      129.08927842881945
    ],
    "brightness_mean": 114.14652385947146,
    "brightness_std": 16.90213731830211,
    "brightness_min": 69.33811848958334,
    "brightness_max": 158.8898513454861,
    "brightness_range": 89.55173285590277,
    "lighting_changes": [
      {
        "timestamp": 4.333333333333333,
        "frame_index": 13,
        "brightness_before": 103.82287000868055,
        "brightness_after": 147.70033094618054,
        "magnitude": 43.87746093749999
      },
      {
        "timestamp": 5.333333333333333,
        "frame_index": 16,
        "brightness_before": 146.9364236111111,
        "brightness_after": 105.08857313368055,
        "magnitude": 41.847850477430555
      },
      {
        "timestamp": 9.333333333333332,
        "frame_index": 28,
        "brightness_before": 158.8898513454861,
        "brightness_after": 108.81411783854166,
        "magnitude": 50.075733506944445
      },
      {
        "timestamp": 15.333333333333332,
        "frame_index": 46,
        "brightness_before": 91.33664171006944,
        "brightness_after": 69.33811848958334,
        "magnitude": 21.998523220486106
      },
      {
        "timestamp": 16.0,
        "frame_index": 48,
        "brightness_before": 76.43394639756944,
        "brightness_after": 106.81104383680555,
        "magnitude": 30.37709743923611
      },
      {
        "timestamp": 21.333333333333332,
        "frame_index": 64,
        "brightness_before": 117.90682725694444,
        "brightness_after": 91.71176432291666,
        "magnitude": 26.195062934027774
      },
      {
        "timestamp": 23.0,
        "frame_index": 69,
        "brightness_before": 92.485048828125,
        "brightness_after": 128.41247395833332,
        "magnitude": 35.92742513020832
      }
    ],
    "lighting_change_count": 7,
    "setting_type": "indoor",
    "dominant_colors_rgb": [
      [
        "150",
        "141",
        "124"
      ],
      [
        "101",
        "94",
        "78"
      ],
      [
        "64",
        "59",
        "48"
      ]
    ],
    "dominant_colors": [
      "brown",
      "brown",
      "brown"
    ]
  },
  "action_signals": {
    "intensity_timeline": [
      0.0,
      0.0936121940612793,
      0.08329249382019042,
      0.08773103713989258,
      0.06317787647247314,
      0.058949451446533206,
      0.056991229057312014,
      0.0366409969329834,
      0.04817612648010254,
      0.06720494270324708,
      0.04159047126770019,
      0.04161922454833984,
      0.04818942070007324,
      0.059628868103027345,
      0.013867946863174439,
      0.024816555976867674,
      0.026354351043701173,
      0.017998522520065306,
      0.0328479528427124,
      0.0424718713760376,
      0.06672167301177978,
      0.10056165695190429,
      0.118578462600708,
      0.10225271224975586,
      0.0760877275466919,
      0.10852579116821288,
      0.15282902717590333,
      0.04417245388031006,
      0.10272308349609376,
      0.09974437713623047,
      0.1213606357574463,
      0.08651165962219239,
      0.10803705215454101,
      0.06814303874969482,
      0.0800821304321289,
      0.04423252105712891,
      0.07476425170898438,
      0.0569834041595459,
      0.061004714965820314,
      0.09316797256469726,
      0.09727578163146973,
      0.08286208152770996,
      0.12276527404785156,
      0.11631775856018066,
      0.07348274707794189,
      0.09686772346496582,
      0.07778999328613281,
      0.0439725399017334,
      0.053600406646728514,
      0.10421577453613282,
      0.11271466255187988,
      0.12107680320739746,
      0.08979316711425782,
      0.06761931419372559,
      0.05609076499938965,
      0.04267999649047852,
      0.030983014106750487,
      0.08079148292541503,
      0.041971292495727536,
      0.02769826889038086,
      0.07645614147186279,
      0.09334320068359375,
      0.06859776496887207,
      0.03643330574035644,
      0.11547935485839844,
      0.04526659488677978,
      0.07037000179290771,
      0.06564070224761963,
      0.045152869224548337,
      0.1067022705078125,
      0.04950519561767578,
      0.18235481262207032,
      0.1224073600769043,
      0.11072118759155274,
      0.09568948745727539,
      0.074407958984375,
      0.05764862060546875,
      0.05933565616607666,
      0.042006487846374514,
      0.052759690284729,
      0.016050037145614624,
      0.06910479545593262,
      0.07074682235717773,
      0.06268606662750244,
      0.06433144092559814,
      0.06997187614440918,
      0.06193542003631592,
      0.10033997535705566,
      0.09443792343139648,
      0.07013725757598877
    ],
    "intensity_mean": 0.07224705562326643,
    "intensity_std": 0.03197558138949059,
    "intensity_min": 0.0,
    "intensity_max": 0.18235481262207032,
    "intensity_trend": "stable",
    "peak_moments": [
      {
        "timestamp": 8.666666666666666,
        "frame_index": 26,
        "intensity": 0.15282902717590333,
        "moment_type": "peak"
      },
      {
        "timestamp": 23.666666666666664,
        "frame_index": 71,
        "intensity": 0.18235481262207032,
        "moment_type": "peak"
      }
    ],
    "valley_moments": [
      {
        "timestamp": 19.666666666666664,
        "frame_index": 59,
        "intensity": 0.02769826889038086,
        "moment_type": "valley"
      }
    ],
    "peak_timestamps": [
      8.666666666666666,
      23.666666666666664
    ],
    "valley_timestamps": [
      19.666666666666664
    ],
    "peak_count": 2,
    "valley_count": 1,
    "action_variance": 0.001022437805195937
  },
  "temporal_signals": {
    "frame_change_scores": [
      0.0,
      0.3858266485644124,
      0.4223021134370176,
      0.6695725242967666,
      0.6010276936386352,
      0.5560117385638459,
      0.563879881733242,
      0.4000963990403744,
      0.5538741391175461,
      0.5991599517772259,
      0.5144721249676245,
      0.6188081357171944,
      0.6658181039958487,
      0.6490559021905816,
      0.10836195173455687,
      0.19338209932148498,
      0.5540535255695564,
      0.6035314194009602,
      0.6223991432164824,
      0.6416822409701393,
      0.6487768233968525,
      0.6348439427830148,
      0.6327220857639242,
      0.6232472489747156,
      0.6314428163798005,
      0.5254287479833815,
      0.5592150566344816,
      0.23768584027105788,
      0.7197836583429099,
      0.34560975922353265,
      0.5235598857909463,
      0.3969723755565264,
      0.460016137089475,
      0.40186851445796656,
      0.6375038491969875,
      0.5391977831089857,
      0.46215993745670736,
      0.5349730633888504,
      0.5983512058302327,
      0.60827115070842,
      0.570727339745918,
      0.524850458442189,
      0.44992914328239486,
      0.5440748549728718,
      0.5401839537608623,
      0.5193672248056876,
      0.5664343753511338,
      0.6198369889687426,
      0.6347352885245723,
      0.5704044114108344,
      0.5451839200883599,
      0.541553754654295,
      0.45089793267310063,
      0.3645491939882559,
      0.29677576601312405,
      0.21685537990469006,
      0.14967555076720118,
      0.712895299767391,
      0.3386393737585587,
      0.2817680878211365,
      0.715879821677478,
      0.4656250189349712,
      0.34936490923296526,
      0.16056026040616422,
      0.7755334949634761,
      0.2541595761074579,
      0.431962886102884,
      0.3181484050066731,
      0.1917108942819742,
      0.7767602265159091,
      0.31703338045885276,
      0.7357526400938408,
      0.7757150458740869,
      0.7401053833558271,
      0.7233059666615687,
      0.6711419670434442,
      0.6238675842681335,
      0.4686712375162796,
      0.2417618790273528,
      0.22422386748385037,
      0.08398815610858545,
      0.6748196732278713,
      0.3373406442986141,
      0.3555253393448813,
      0.2768924672559081,
      0.5598819006828333,
      0.355748511192008,
      0.4810101005960059,
      0.42358557906161687,
      0.3532696312558051
    ],
    "change_score_mean": 0.48830700407034333,
    "change_score_std": 0.17559537173718823,
    "change_score_max": 0.7767602265159091,
    "temporal_gaps": [],
    "temporal_gap_count": 0,
    "temporal_gap_total_duration": 0.0,
    "transition_similarity_scores": [
      0.40084004822277414,
      0.38119186428280566,
      0.3509440978094184,
      0.4459464744304435,
      0.40164879416976734,
      0.43356562464886617,
      0.5313287624837204
    ],
    "transition_similarity_mean": 0.42078080943539936,
    "temporal_density": 2.966292134831461
  },
  "metadata": {
    "video_path": "/vol/videos/core/produced_digital/commercials/QDRfGh83DPQ.mp4",
    "dataset": "produced_digital/commercials",
    "tier": "produced_digital",
    "study_type": "core",
    "source_fps": 25.0,
    "experiment_version": "3.2"
  }
}