{
  "video_id": "QYwl-cA9d8Y",
  "fps": 10.0,
  "duration": 29.900000000000002,
  "frame_count": 300,
  "scene_signals": {
    "transition_count": 6,
    "transition_timestamps": [
      1.9000000000000001,
      3.2,
      11.600000000000001,
      18.1,
      20.6,
      22.900000000000002
    ],
    "transition_types": [
      "hard_cut",
      "hard_cut",
      "hard_cut",
      "hard_cut",
      "hard_cut",
      "hard_cut"
    ],
    "transition_magnitudes": [
      102.4099269545124,
      124.91812790909556,
      201.6054704306519,
      83.10373746677324,
      273.8989717011753,
      433.28850636410175
    ],
    "scene_count": 7,
    "scene_durations": [
      1.9000000000000001,
      1.3,
      8.400000000000002,
      6.5,
      2.5,
      2.3000000000000007,
      7.0
    ],
    "scene_duration_mean": 4.271428571428571,
    "scene_duration_std": 2.6974666875815623,
    "scene_duration_min": 1.3,
    "scene_duration_max": 8.400000000000002,
    "scene_types": [
      "unknown",
      "unknown",
      "unknown",
      "unknown",
      "unknown",
      "unknown",
      "unknown"
    ],
    "transitions": [
      {
        "timestamp": 1.9000000000000001,
        "frame_index": 19,
        "transition_type": "hard_cut",
        "magnitude": 102.4099269545124
      },
      {
        "timestamp": 3.2,
        "frame_index": 32,
        "transition_type": "hard_cut",
        "magnitude": 124.91812790909556
      },
      {
        "timestamp": 11.600000000000001,
        "frame_index": 116,
        "transition_type": "hard_cut",
        "magnitude": 201.6054704306519
      },
      {
        "timestamp": 18.1,
        "frame_index": 181,
        "transition_type": "hard_cut",
        "magnitude": 83.10373746677324
      },
      {
        "timestamp": 20.6,
        "frame_index": 206,
        "transition_type": "hard_cut",
        "magnitude": 273.8989717011753
      },
      {
        "timestamp": 22.900000000000002,
        "frame_index": 229,
        "transition_type": "hard_cut",
        "magnitude": 433.28850636410175
      }
    ],
    "scenes": [
      {
        "start_time": 0.0,
        "end_time": 1.9000000000000001,
        "duration": 1.9000000000000001,
        "scene_type": "unknown",
        "start_frame": 0,
        "end_frame": 18
      },
      {
        "start_time": 1.9000000000000001,
        "end_time": 3.2,
        "duration": 1.3,
        "scene_type": "unknown",
        "start_frame": 19,
        "end_frame": 31
      },
      {
        "start_time": 3.2,
        "end_time": 11.600000000000001,
        "duration": 8.400000000000002,
        "scene_type": "unknown",
        "start_frame": 32,
        "end_frame": 115
      },
      {
        "start_time": 11.600000000000001,
        "end_time": 18.1,
        "duration": 6.5,
        "scene_type": "unknown",
        "start_frame": 116,
        "end_frame": 180
      },
      {
        "start_time": 18.1,
        "end_time": 20.6,
        "duration": 2.5,
        "scene_type": "unknown",
        "start_frame": 181,
        "end_frame": 205
      },
      {
        "start_time": 20.6,
        "end_time": 22.900000000000002,
        "duration": 2.3000000000000007,
        "scene_type": "unknown",
        "start_frame": 206,
        "end_frame": 228
      },
      {
        "start_time": 22.900000000000002,
        "end_time": 29.900000000000002,
        "duration": 7.0,
        "scene_type": "unknown",
        "start_frame": 229,
        "end_frame": 299
      }
    ]
  },
  "character_signals": {
    "person_counts_per_frame": [
      0,
      0,
      0,
      2,
      2,
      2,
      2,
      2,
      2,
      2,
      1,
      2,
      2,
      2,
      2,
      2,
      2,
      2,
      2,
      0,
      0,
      0,
      0,
      0,
      0,
      0,
      0,
      0,
      0,
      0,
      0,
      0,
      1,
      1,
      1,
      1,
      1,
      1,
      1,
      1,
      1,
      1,
      1,
      1,
      1,
      1,
      1,
      1,
      1,
      1,
      1,
      1,
      1,
      1,
      1,
      1,
      1,
      2,
      2,
      2,
      2,
      2,
      2,
      2,
      2,
      2,
      2,
      2,
      2,
      2,
      2,
      2,
      2,
      2,
      2,
      2,
      2,
      2,
      2,
      2,
      2,
      2,
      2,
      2,
      2,
      3,
      3,
      3,
      3,
      3,
      3,
      3,
      3,
      3,
      3,
      3,
      3,
      3,
      3,
      3,
      1,
      1,
      1,
      1,
      1,
      1,
      1,
      1,
      1,
      1,
      1,
      1,
      1,
      1,
      1,
      1,
      1,
      1,
      1,
      1,
      1,
      1,
      1,
      1,
      0,
      0,
      0,
      0,
      0,
      0,
      1,
      1,
      1,
      0,
      0,
      0,
      1,
      3,
      3,
      3,
      2,
      3,
      3,
      3,
      3,
      3,
      3,
      3,
      3,
      3,
      3,
      3,
      3,
      2,
      0,
      0,
      0,
      0,
      0,
      0,
      0,
      0,
      0,
      0,
      0,
      0,
      0,
      0,
      0,
      0,
      0,
      0,
      1,
      1,
      1,
      1,
      1,
      1,
      1,
      1,
      1,
      2,
      2,
      2,
      2,
      2,
      2,
      2,
      2,
      2,
      2,
      2,
      2,
      2,
      2,
      2,
      2,
      2,
      2,
      2,
      2,
      2,
      2,
      2,
      2,
      2,
      0,
      1,
      0,
      0,
      1,
      0,
      0,
      0,
      0,
      0,
      0,
      0,
      0,
      0,
      0,
      1,
      1,
      1,
      1,
      1,
      1,
      1,
      1,
      3,
      3,
      3,
      3,
      3,
      3,
      3,
      3,
      3,
      2,
      2,
      2,
      3,
      2,
      3,
      3,
      3,
      3,
      3,
      3,
      3,
      1,
      1,
      1,
      1,
      1,
      1,
      2,
      1,
      1,
      0,
      0,
      0,
      0,
      1,
      1,
      1,
      1,
      1,
      1,
      1,
      1,
      0,
      0,
      2,
      2,
      2,
      2,
      2,
      2,
      2,
      2,
      2,
      2,
      2,
      2,
      2,
      0,
      0,
      0,
      0,
      0,
      0,
      0,
      0,
      0,
      0,
      0,
      0,
      0,
      0
    ],
    "person_count_mode": 1,
    "person_count_mean": 1.3533333333333333,
    "person_count_std": 1.0239574643943414,
    "person_count_min": 0,
    "person_count_max": 3,
    "person_count_distribution": {
      "0": 76,
      "2": 88,
      "1": 89,
      "3": 47
    },
    "character_consistency": 0.2966666666666667,
    "entry_events": [
      {
        "timestamp": 0.30000000000000004,
        "frame_index": 3,
        "event_type": "entry",
        "count_before": 0,
        "count_after": 2
      },
      {
        "timestamp": 1.1,
        "frame_index": 11,
        "event_type": "entry",
        "count_before": 1,
        "count_after": 2
      },
      {
        "timestamp": 3.2,
        "frame_index": 32,
        "event_type": "entry",
        "count_before": 0,
        "count_after": 1
      },
      {
        "timestamp": 5.7,
        "frame_index": 57,
        "event_type": "entry",
        "count_before": 1,
        "count_after": 2
      },
      {
        "timestamp": 8.5,
        "frame_index": 85,
        "event_type": "entry",
        "count_before": 2,
        "count_after": 3
      },
      {
        "timestamp": 13.0,
        "frame_index": 130,
        "event_type": "entry",
        "count_before": 0,
        "count_after": 1
      },
      {
        "timestamp": 13.600000000000001,
        "frame_index": 136,
        "event_type": "entry",
        "count_before": 0,
        "count_after": 1
      },
      {
        "timestamp": 13.700000000000001,
        "frame_index": 137,
        "event_type": "entry",
        "count_before": 1,
        "count_after": 3
      },
      {
        "timestamp": 14.100000000000001,
        "frame_index": 141,
        "event_type": "entry",
        "count_before": 2,
        "count_after": 3
      },
      {
        "timestamp": 17.2,
        "frame_index": 172,
        "event_type": "entry",
        "count_before": 0,
        "count_after": 1
      },
      {
        "timestamp": 18.1,
        "frame_index": 181,
        "event_type": "entry",
        "count_before": 1,
        "count_after": 2
      },
      {
        "timestamp": 20.700000000000003,
        "frame_index": 207,
        "event_type": "entry",
        "count_before": 0,
        "count_after": 1
      },
      {
        "timestamp": 21.0,
        "frame_index": 210,
        "event_type": "entry",
        "count_before": 0,
        "count_after": 1
      },
      {
        "timestamp": 22.1,
        "frame_index": 221,
        "event_type": "entry",
        "count_before": 0,
        "count_after": 1
      },
      {
        "timestamp": 22.900000000000002,
        "frame_index": 229,
        "event_type": "entry",
        "count_before": 1,
        "count_after": 3
      },
      {
        "timestamp": 24.1,
        "frame_index": 241,
        "event_type": "entry",
        "count_before": 2,
        "count_after": 3
      },
      {
        "timestamp": 24.3,
        "frame_index": 243,
        "event_type": "entry",
        "count_before": 2,
        "count_after": 3
      },
      {
        "timestamp": 25.6,
        "frame_index": 256,
        "event_type": "entry",
        "count_before": 1,
        "count_after": 2
      },
      {
        "timestamp": 26.3,
        "frame_index": 263,
        "event_type": "entry",
        "count_before": 0,
        "count_after": 1
      },
      {
        "timestamp": 27.3,
        "frame_index": 273,
        "event_type": "entry",
        "count_before": 0,
        "count_after": 2
      }
    ],
    "exit_events": [
      {
        "timestamp": 1.0,
        "frame_index": 10,
        "event_type": "exit",
        "count_before": 2,
        "count_after": 1
      },
      {
        "timestamp": 1.9000000000000001,
        "frame_index": 19,
        "event_type": "exit",
        "count_before": 2,
        "count_after": 0
      },
      {
        "timestamp": 10.0,
        "frame_index": 100,
        "event_type": "exit",
        "count_before": 3,
        "count_after": 1
      },
      {
        "timestamp": 12.4,
        "frame_index": 124,
        "event_type": "exit",
        "count_before": 1,
        "count_after": 0
      },
      {
        "timestamp": 13.3,
        "frame_index": 133,
        "event_type": "exit",
        "count_before": 1,
        "count_after": 0
      },
      {
        "timestamp": 14.0,
        "frame_index": 140,
        "event_type": "exit",
        "count_before": 3,
        "count_after": 2
      },
      {
        "timestamp": 15.3,
        "frame_index": 153,
        "event_type": "exit",
        "count_before": 3,
        "count_after": 2
      },
      {
        "timestamp": 15.4,
        "frame_index": 154,
        "event_type": "exit",
        "count_before": 2,
        "count_after": 0
      },
      {
        "timestamp": 20.6,
        "frame_index": 206,
        "event_type": "exit",
        "count_before": 2,
        "count_after": 0
      },
      {
        "timestamp": 20.8,
        "frame_index": 208,
        "event_type": "exit",
        "count_before": 1,
        "count_after": 0
      },
      {
        "timestamp": 21.1,
        "frame_index": 211,
        "event_type": "exit",
        "count_before": 1,
        "count_after": 0
      },
      {
        "timestamp": 23.8,
        "frame_index": 238,
        "event_type": "exit",
        "count_before": 3,
        "count_after": 2
      },
      {
        "timestamp": 24.200000000000003,
        "frame_index": 242,
        "event_type": "exit",
        "count_before": 3,
        "count_after": 2
      },
      {
        "timestamp": 25.0,
        "frame_index": 250,
        "event_type": "exit",
        "count_before": 3,
        "count_after": 1
      },
      {
        "timestamp": 25.700000000000003,
        "frame_index": 257,
        "event_type": "exit",
        "count_before": 2,
        "count_after": 1
      },
      {
        "timestamp": 25.900000000000002,
        "frame_index": 259,
        "event_type": "exit",
        "count_before": 1,
        "count_after": 0
      },
      {
        "timestamp": 27.1,
        "frame_index": 271,
        "event_type": "exit",
        "count_before": 1,
        "count_after": 0
      },
      {
        "timestamp": 28.6,
        "frame_index": 286,
        "event_type": "exit",
        "count_before": 2,
        "count_after": 0
      }
    ],
    "entry_count": 20,
    "exit_count": 18,
    "entry_exit_total": 38,
    "entry_timestamps": [
      0.30000000000000004,
      1.1,
      3.2,
      5.7,
      8.5,
      13.0,
      13.600000000000001,
      13.700000000000001,
      14.100000000000001,
      17.2,
      18.1,
      20.700000000000003,
      21.0,
      22.1,
      22.900000000000002,
      24.1,
      24.3,
      25.6,
      26.3,
      27.3
    ],
    "exit_timestamps": [
      1.0,
      1.9000000000000001,
      10.0,
      12.4,
      13.3,
      14.0,
      15.3,
      15.4,
      20.6,
      20.8,
      21.1,
      23.8,
      24.200000000000003,
      25.0,
      25.700000000000003,
      25.900000000000002,
      27.1,
      28.6
    ]
  },
  "visual_signals": {
    "unique_objects": [
      "person",
      "tie",
      "tv",
      "bottle",
      "chair",
      "cell phone"
    ],
    "unique_object_count": 6,
    "persistent_objects": [],
    "persistent_object_count": 0,
    "transient_objects": [
      "tie",
      "chair",
      "cell phone"
    ],
    "transient_object_count": 3,
    "object_frequency": {
      "person": 0.7466666666666667,
      "tie": 0.02,
      "tv": 0.3933333333333333,
      "bottle": 0.27,
      "chair": 0.05333333333333334,
      "cell phone": 0.01
    },
    "object_frame_counts": {
      "person": 224,
      "tie": 6,
      "tv": 118,
      "bottle": 81,
      "chair": 16,
      "cell phone": 3
    },
    "object_first_appearance": {
      "person": 0.30000000000000004,
      "tie": 0.7000000000000001,
      "tv": 1.9000000000000001,
      "bottle": 1.9000000000000001,
      "chair": 6.800000000000001,
      "cell phone": 24.3
    },
    "object_last_appearance": {
      "person": 28.5,
      "tie": 27.700000000000003,
      "tv": 26.5,
      "bottle": 26.5,
      "chair": 26.6,
      "cell phone": 24.5
    },
    "objects_per_frame": [
      [],
      [],
      [],
      [
        "person"
      ],
      [
        "person"
      ],
      [
        "person"
      ],
      [
        "person"
      ],
      [
        "person",
        "tie"
      ],
      [
        "person"
      ],
      [
        "person"
      ],
      [
        "person"
      ],
      [
        "person"
      ],
      [
        "person"
      ],
      [
        "person"
      ],
      [
        "person"
      ],
      [
        "person"
      ],
      [
        "person"
      ],
      [
        "person"
      ],
      [
        "person"
      ],
      [
        "tv",
        "bottle"
      ],
      [
        "tv",
        "bottle"
      ],
      [
        "tv",
        "bottle"
      ],
      [
        "tv",
        "bottle"
      ],
      [
        "tv",
        "bottle"
      ],
      [
        "tv",
        "bottle"
      ],
      [
        "tv",
        "bottle"
      ],
      [
        "tv",
        "bottle"
      ],
      [
        "tv",
        "bottle"
      ],
      [
        "tv",
        "bottle"
      ],
      [
        "tv",
        "bottle"
      ],
      [
        "tv",
        "bottle"
      ],
      [
        "tv",
        "bottle"
      ],
      [
        "person"
      ],
      [
        "person"
      ],
      [
        "person"
      ],
      [
        "person"
      ],
      [
        "person"
      ],
      [
        "person"
      ],
      [
        "person"
      ],
      [
        "person"
      ],
      [
        "person"
      ],
      [
        "person"
      ],
      [
        "person"
      ],
      [
        "person"
      ],
      [
        "person"
      ],
      [
        "person"
      ],
      [
        "person"
      ],
      [
        "person"
      ],
      [
        "person"
      ],
      [
        "person"
      ],
      [
        "person"
      ],
      [
        "person"
      ],
      [
        "person"
      ],
      [
        "person"
      ],
      [
        "person"
      ],
      [
        "person"
      ],
      [
        "person"
      ],
      [
        "person"
      ],
      [
        "person"
      ],
      [
        "person"
      ],
      [
        "person"
      ],
      [
        "person"
      ],
      [
        "person"
      ],
      [
        "person"
      ],
      [
        "person"
      ],
      [
        "person"
      ],
      [
        "person"
      ],
      [
        "person"
      ],
      [
        "chair",
        "person"
      ],
      [
        "chair",
        "person"
      ],
      [
        "chair",
        "person"
      ],
      [
        "chair",
        "person"
      ],
      [
        "chair",
        "person"
      ],
      [
        "chair",
        "person"
      ],
      [
        "chair",
        "person"
      ],
      [
        "chair",
        "person"
      ],
      [
        "chair",
        "person"
      ],
      [
        "chair",
        "person"
      ],
      [
        "chair",
        "person"
      ],
      [
        "chair",
        "person"
      ],
      [
        "chair",
        "person"
      ],
      [
        "chair",
        "person"
      ],
      [
        "person"
      ],
      [
        "person"
      ],
      [
        "chair",
        "person"
      ],
      [
        "person",
        "bottle"
      ],
      [
        "person",
        "bottle"
      ],
      [
        "person",
        "bottle"
      ],
      [
        "person",
        "bottle"
      ],
      [
        "person"
      ],
      [
        "person"
      ],
      [
        "person",
        "bottle"
      ],
      [
        "person"
      ],
      [
        "person"
      ],
      [
        "person"
      ],
      [
        "person"
      ],
      [
        "person",
        "bottle"
      ],
      [
        "person",
        "bottle"
      ],
      [
        "person"
      ],
      [
        "person"
      ],
      [
        "person"
      ],
      [
        "person"
      ],
      [
        "person"
      ],
      [
        "person"
      ],
      [
        "person"
      ],
      [
        "person"
      ],
      [
        "person"
      ],
      [
        "person"
      ],
      [
        "person"
      ],
      [
        "person"
      ],
      [
        "person"
      ],
      [
        "person"
      ],
      [
        "person"
      ],
      [
        "person"
      ],
      [
        "person"
      ],
      [
        "person"
      ],
      [
        "person",
        "tv",
        "bottle"
      ],
      [
        "person",
        "tv",
        "bottle"
      ],
      [
        "person",
        "tv",
        "bottle"
      ],
      [
        "person",
        "tv",
        "bottle"
      ],
      [
        "person",
        "tv",
        "bottle"
      ],
      [
        "person",
        "tv",
        "bottle"
      ],
      [
        "person",
        "tv",
        "bottle"
      ],
      [
        "person",
        "tv",
        "bottle"
      ],
      [
        "tv",
        "bottle"
      ],
      [
        "tv",
        "bottle"
      ],
      [
        "tv",
        "bottle"
      ],
      [
        "tv",
        "bottle"
      ],
      [
        "tv",
        "bottle"
      ],
      [
        "tv",
        "bottle"
      ],
      [
        "person",
        "tv",
        "bottle"
      ],
      [
        "person",
        "tv",
        "bottle"
      ],
      [
        "person",
        "tv",
        "bottle"
      ],
      [
        "tv",
        "bottle"
      ],
      [
        "tv",
        "bottle"
      ],
      [
        "tv",
        "bottle"
      ],
      [
        "person",
        "tv",
        "bottle"
      ],
      [
        "person",
        "tv"
      ],
      [
        "person",
        "tv"
      ],
      [
        "person",
        "tv"
      ],
      [
        "person",
        "tv"
      ],
      [
        "person",
        "tv"
      ],
      [
        "person",
        "tv"
      ],
      [
        "person",
        "tv"
      ],
      [
        "person",
        "tv"
      ],
      [
        "person",
        "tv"
      ],
      [
        "person",
        "tv"
      ],
      [
        "person",
        "tv"
      ],
      [
        "person",
        "tv"
      ],
      [
        "person",
        "tv"
      ],
      [
        "person",
        "tv"
      ],
      [
        "person",
        "tv"
      ],
      [
        "person",
        "tv"
      ],
      [
        "person",
        "tv"
      ],
      [
        "tv",
        "bottle"
      ],
      [
        "tv",
        "bottle"
      ],
      [
        "tv",
        "bottle"
      ],
      [
        "tv",
        "bottle"
      ],
      [
        "tv",
        "bottle"
      ],
      [
        "tv",
        "bottle"
      ],
      [
        "tv",
        "bottle"
      ],
      [
        "tv",
        "bottle"
      ],
      [
        "tv",
        "bottle"
      ],
      [
        "tv",
        "bottle"
      ],
      [
        "tv",
        "bottle"
      ],
      [
        "tv",
        "bottle"
      ],
      [
        "tv",
        "bottle"
      ],
      [
        "tv",
        "bottle"
      ],
      [
        "tv",
        "bottle"
      ],
      [
        "tv",
        "bottle"
      ],
      [
        "tv",
        "bottle"
      ],
      [
        "tv"
      ],
      [
        "person"
      ],
      [
        "person"
      ],
      [
        "person"
      ],
      [
        "person"
      ],
      [
        "person"
      ],
      [
        "person"
      ],
      [
        "person"
      ],
      [
        "person"
      ],
      [
        "person"
      ],
      [
        "person"
      ],
      [
        "person",
        "tv"
      ],
      [
        "person",
        "tv"
      ],
      [
        "person"
      ],
      [
        "person"
      ],
      [
        "person"
      ],
      [
        "person"
      ],
      [
        "person"
      ],
      [
        "person"
      ],
      [
        "person"
      ],
      [
        "person"
      ],
      [
        "person"
      ],
      [
        "person"
      ],
      [
        "person"
      ],
      [
        "person"
      ],
      [
        "person",
        "tv"
      ],
      [
        "person"
      ],
      [
        "person",
        "tv"
      ],
      [
        "person",
        "tv"
      ],
      [
        "person",
        "tv"
      ],
      [
        "person",
        "tv"
      ],
      [
        "person",
        "tv"
      ],
      [
        "person",
        "tv"
      ],
      [
        "person",
        "tv"
      ],
      [
        "person"
      ],
      [
        "tv",
        "bottle"
      ],
      [
        "person",
        "tv",
        "bottle"
      ],
      [
        "tv",
        "bottle"
      ],
      [
        "tv",
        "bottle"
      ],
      [
        "person",
        "tv",
        "bottle"
      ],
      [
        "tv",
        "bottle"
      ],
      [
        "tv",
        "bottle"
      ],
      [
        "tv",
        "bottle"
      ],
      [
        "tv",
        "bottle"
      ],
      [
        "tv",
        "bottle"
      ],
      [
        "tv",
        "bottle"
      ],
      [
        "tv",
        "bottle"
      ],
      [
        "tv",
        "bottle"
      ],
      [
        "tv",
        "bottle"
      ],
      [
        "tv",
        "bottle"
      ],
      [
        "person"
      ],
      [
        "person",
        "tv"
      ],
      [
        "person",
        "tv"
      ],
      [
        "person",
        "tv"
      ],
      [
        "person"
      ],
      [
        "person"
      ],
      [
        "person"
      ],
      [
        "person"
      ],
      [
        "person",
        "tv"
      ],
      [
        "person",
        "tv"
      ],
      [
        "person",
        "tv"
      ],
      [
        "person",
        "tv"
      ],
      [
        "person",
        "tv"
      ],
      [
        "person",
        "tv"
      ],
      [
        "person",
        "tv"
      ],
      [
        "person",
        "tv"
      ],
      [
        "person",
        "tv"
      ],
      [
        "person",
        "tv"
      ],
      [
        "person",
        "tv"
      ],
      [
        "person",
        "tv"
      ],
      [
        "person",
        "tv"
      ],
      [
        "person",
        "tv"
      ],
      [
        "person",
        "cell phone"
      ],
      [
        "person",
        "cell phone"
      ],
      [
        "person",
        "cell phone"
      ],
      [
        "person"
      ],
      [
        "person"
      ],
      [
        "person",
        "bottle"
      ],
      [
        "person"
      ],
      [
        "person"
      ],
      [
        "person"
      ],
      [
        "person"
      ],
      [
        "person"
      ],
      [
        "person"
      ],
      [
        "person"
      ],
      [
        "person"
      ],
      [
        "person"
      ],
      [
        "person"
      ],
      [
        "tv",
        "bottle"
      ],
      [
        "tv",
        "bottle"
      ],
      [
        "tv",
        "bottle"
      ],
      [
        "tv",
        "bottle"
      ],
      [
        "person",
        "tv",
        "bottle"
      ],
      [
        "person",
        "tv",
        "bottle"
      ],
      [
        "person",
        "tv",
        "bottle"
      ],
      [
        "chair",
        "person"
      ],
      [
        "person"
      ],
      [
        "person"
      ],
      [
        "person"
      ],
      [
        "person"
      ],
      [],
      [],
      [
        "person",
        "tie"
      ],
      [
        "person",
        "tie"
      ],
      [
        "person",
        "tie"
      ],
      [
        "person",
        "tie"
      ],
      [
        "person",
        "tie"
      ],
      [
        "person"
      ],
      [
        "person"
      ],
      [
        "person"
      ],
      [
        "person"
      ],
      [
        "person"
      ],
      [
        "person"
      ],
      [
        "person"
      ],
      [
        "person"
      ],
      [],
      [],
      [],
      [],
      [],
      [],
      [],
      [],
      [],
      [],
      [],
      [],
      [],
      []
    ],
    "appearances": [
      {
        "object_class": "person",
        "first_appearance": 0.30000000000000004,
        "last_appearance": 28.5,
        "frame_count": 224,
        "frequency": 0.7466666666666667
      },
      {
        "object_class": "tie",
        "first_appearance": 0.7000000000000001,
        "last_appearance": 27.700000000000003,
        "frame_count": 6,
        "frequency": 0.02
      },
      {
        "object_class": "tv",
        "first_appearance": 1.9000000000000001,
        "last_appearance": 26.5,
        "frame_count": 118,
        "frequency": 0.3933333333333333
      },
      {
        "object_class": "bottle",
        "first_appearance": 1.9000000000000001,
        "last_appearance": 26.5,
        "frame_count": 81,
        "frequency": 0.27
      },
      {
        "object_class": "chair",
        "first_appearance": 6.800000000000001,
        "last_appearance": 26.6,
        "frame_count": 16,
        "frequency": 0.05333333333333334
      },
      {
        "object_class": "cell phone",
        "first_appearance": 24.3,
        "last_appearance": 24.5,
        "frame_count": 3,
        "frequency": 0.01
      }
    ]
  },
  "atmosphere_signals": {
    "brightness_values": [
      0.0,
      0.0,
      0.0,
      118.26822482638889,
      115.96997395833333,
      114.43825520833333,
      112.99701063368056,
      110.77221571180556,
      109.17308268229166,
      107.57971896701389,
      106.56551649305555,
      105.68749891493056,
      105.62801215277777,
      105.59115885416666,
      105.58346245659722,
      105.53977213541667,
      105.62187934027777,
      105.58695095486111,
      105.3083203125,
      94.98047417534723,
      94.67908094618056,
      94.48435221354167,
      94.32624131944445,
      94.29945638020833,
      94.23670464409722,
      94.04085828993055,
      94.13989800347223,
      94.26081597222222,
      94.24922309027778,
      94.30384331597222,
      94.317177734375,
      94.27898328993055,
      122.52716254340278,
      122.65855794270833,
      122.56789930555556,
      122.444072265625,
      122.42377061631944,
      122.44793511284722,
      122.47851236979167,
      122.34529622395833,
      122.12323567708333,
      121.960625,
      121.82326497395833,
      121.99065104166667,
      122.03574652777777,
      121.48594401041667,
      121.28697157118056,
      120.67125651041667,
      120.07342447916666,
      120.21806966145833,
      120.19360894097223,
      120.524619140625,
      120.76850694444444,
      121.09890299479167,
      121.55230685763888,
      121.53316731770833,
      121.57032009548611,
      96.58736762152778,
      96.9262814670139,
      97.19197808159723,
      96.74803602430555,
      96.36103407118055,
      96.46082682291667,
      96.5063943142361,
      96.52776801215278,
      96.53303819444444,
      96.59422309027778,
      96.62185004340277,
      96.65051866319445,
      96.751005859375,
      96.82129991319445,
      96.87557725694444,
      96.80079644097222,
      96.70832465277778,
      96.65461371527778,
      96.65053276909723,
      96.62915690104167,
      96.5436111111111,
      96.55808268229167,
      96.50464301215278,
      96.49243381076388,
      96.53553168402777,
      96.50920464409722,
      96.5358713107639,
      96.39271158854167,
      112.58356770833333,
      112.97245768229166,
      113.11966471354167,
      113.15346028645833,
      113.14766167534722,
      113.11149848090278,
      113.050390625,
      113.02714952256945,
      113.03144965277778,
      112.96150716145833,
      112.93253580729167,
      112.96737630208334,
      113.0384787326389,
      113.03721788194444,
      113.00403971354167,
      103.46557074652777,
      103.38301106770834,
      103.43131076388889,
      103.50791558159722,
      103.38664605034722,
      103.20262912326389,
      103.01447591145833,
      102.93609483506944,
      103.03924479166666,
      103.0808279079861,
      103.13515299479167,
      103.10679253472222,
      103.046162109375,
      103.0814453125,
      103.11991319444445,
      103.07204318576389,
      86.43529405381945,
      86.80494791666666,
      87.16867404513889,
      87.31955186631944,
      87.51221028645833,
      87.63677300347223,
      87.80709309895833,
      88.36283420138889,
      91.21450303819445,
      94.08049587673611,
      95.64111002604167,
      93.63766927083333,
      94.3814377170139,
      95.79457248263888,
      96.10740342881944,
      95.95526584201389,
      95.71383897569444,
      95.6768771701389,
      95.636513671875,
      95.55696723090277,
      95.31362847222222,
      112.12495551215278,
      112.07107096354167,
      111.93365559895834,
      112.05328342013888,
      112.30157009548611,
      112.50950520833334,
      112.65356553819444,
      112.74157009548611,
      112.85314453125,
      112.9396017795139,
      113.09167860243056,
      113.01444444444445,
      112.95719401041667,
      113.05552300347222,
      113.02214518229167,
      112.88172634548611,
      112.21917751736112,
      91.46090603298612,
      92.94698350694445,
      93.1836111111111,
      93.23646592881944,
      92.86712999131944,
      92.26904513888888,
      92.152958984375,
      92.11171657986111,
      92.10386067708333,
      91.79747612847223,
      91.41904513888889,
      91.51474500868055,
      91.20035264756945,
      90.0923318142361,
      90.03337890625,
      89.98301432291667,
      89.74313042534722,
      89.72234375,
      102.05707790798611,
      102.14675998263888,
      102.61365342881945,
      102.77481011284722,
      102.78393446180556,
      103.03467664930555,
      103.04146158854167,
      102.58492513020833,
      101.21305447048611,
      94.10188910590277,
      94.32865342881945,
      94.45766927083334,
      94.41672200520833,
      94.40395399305555,
      94.56039930555555,
      94.74217339409722,
      94.75302625868055,
      94.76093098958333,
      94.69754231770834,
      94.53802517361112,
      94.51943467881945,
      94.51037000868055,
      94.49181532118055,
      94.5005859375,
      94.34023220486111,
      94.20112196180555,
      94.13727647569445,
      94.10565538194444,
      94.14428059895833,
      94.03473741319445,
      93.92501953125,
      93.79440972222223,
      94.30506184895833,
      95.02930555555555,
      92.80659071180555,
      102.302099609375,
      102.88015190972222,
      103.81436848958333,
      104.95829427083333,
      102.139072265625,
      100.32785481770833,
      99.55553385416667,
      98.87813802083333,
      98.90246636284722,
      99.13916775173611,
      99.23229926215278,
      99.48875542534722,
      99.77447808159722,
      99.59115017361111,
      100.0075390625,
      100.73577799479166,
      101.06036024305556,
      101.76013563368056,
      102.03631510416666,
      101.71118923611111,
      100.00087890625,
      99.72660047743055,
      115.48430989583333,
      115.68774197048612,
      115.17446723090278,
      115.75083550347222,
      116.62268229166666,
      117.98716688368056,
      118.8997482638889,
      118.64990776909723,
      119.381455078125,
      119.25829752604167,
      119.0052517361111,
      118.79225260416666,
      118.70458658854167,
      118.53620442708333,
      112.27595377604166,
      112.25541015625,
      112.45270182291667,
      112.42385633680556,
      112.36366970486111,
      112.3728515625,
      112.33987738715278,
      122.30545572916667,
      122.32214518229166,
      122.32936089409722,
      122.31292426215278,
      122.40292317708334,
      122.49397894965277,
      122.48834852430555,
      122.62549045138888,
      122.43296875,
      95.53349283854166,
      95.46280164930556,
      96.93857313368055,
      97.09942165798611,
      95.96093641493056,
      96.377353515625,
      93.04952365451389,
      127.18167100694444,
      129.89272135416667,
      130.35626627604168,
      131.0029416232639,
      131.30556206597223,
      131.82953776041666,
      132.01288194444444,
      122.27615559895834,
      122.57786024305555,
      122.74494900173612,
      120.141396484375,
      120.05845377604167,
      120.23332899305555,
      120.1528786892361,
      98.95111653645833,
      99.22802842881944,
      98.76805989583333,
      99.56344075520833,
      99.36436957465278,
      98.98952473958333,
      7.433473307291667,
      8.731571180555555,
      10.175517578125,
      11.168860677083334,
      12.080997178819445,
      12.571153428819445,
      12.779727647569445,
      13.091629774305556,
      14.557112630208334,
      14.867166883680556,
      14.8850390625,
      14.603234592013889,
      14.464459635416667,
      14.572768012152778
    ],
    "brightness_mean": 99.62533671151621,
    "brightness_std": 24.506133910200887,
    "brightness_min": 0.0,
    "brightness_max": 132.01288194444444,
    "brightness_range": 132.01288194444444,
    "lighting_changes": [
      {
        "timestamp": 0.30000000000000004,
        "frame_index": 3,
        "brightness_before": 0.0,
        "brightness_after": 118.26822482638889,
        "magnitude": 118.26822482638889
      },
      {
        "timestamp": 3.2,
        "frame_index": 32,
        "brightness_before": 94.27898328993055,
        "brightness_after": 122.52716254340278,
        "magnitude": 28.24817925347223
      },
      {
        "timestamp": 5.7,
        "frame_index": 57,
        "brightness_before": 121.57032009548611,
        "brightness_after": 96.58736762152778,
        "magnitude": 24.982952473958335
      },
      {
        "timestamp": 15.4,
        "frame_index": 154,
        "brightness_before": 112.21917751736112,
        "brightness_after": 91.46090603298612,
        "magnitude": 20.758271484375
      },
      {
        "timestamp": 25.900000000000002,
        "frame_index": 259,
        "brightness_before": 122.43296875,
        "brightness_after": 95.53349283854166,
        "magnitude": 26.89947591145834
      },
      {
        "timestamp": 26.6,
        "frame_index": 266,
        "brightness_before": 93.04952365451389,
        "brightness_after": 127.18167100694444,
        "magnitude": 34.13214735243055
      },
      {
        "timestamp": 28.0,
        "frame_index": 280,
        "brightness_before": 120.1528786892361,
        "brightness_after": 98.95111653645833,
        "magnitude": 21.201762152777775
      },
      {
        "timestamp": 28.6,
        "frame_index": 286,
        "brightness_before": 98.98952473958333,
        "brightness_after": 7.433473307291667,
        "magnitude": 91.55605143229167
      }
    ],
    "lighting_change_count": 8,
    "setting_type": "indoor",
    "dominant_colors_rgb": [
      [
        "65",
        "74",
        "63"
      ],
      [
        "242",
        "244",
        "233"
      ],
      [
        "135",
        "147",
        "135"
      ]
    ],
    "dominant_colors": [
      "green",
      "white",
      "green"
    ]
  },
  "action_signals": {
    "intensity_timeline": [
      0.0,
      0.0,
      0.0,
      0.003120494782924652,
      0.025033674240112304,
      0.03789771556854248,
      0.043021502494812014,
      0.04930938720703125,
      0.050800929069519045,
      0.04809157371520996,
      0.04402990341186523,
      0.04863236427307129,
      0.02581756830215454,
      0.015219192504882812,
      0.004099824726581574,
      0.0012850989401340484,
      0.0015310271084308625,
      0.004007270634174347,
      0.005991674661636352,
      0.11187685966491699,
      0.005720598101615906,
      0.006678197383880615,
      0.007014120817184448,
      0.007391698956489563,
      0.009935155510902405,
      0.004825936555862427,
      0.00629650354385376,
      0.005473576188087463,
      0.004349207282066345,
      0.005476415157318115,
      0.006632941961288452,
      0.008788428306579589,
      0.07889945030212403,
      0.003024294674396515,
      0.005468310117721558,
      0.0041455796360969546,
      0.00354869544506073,
      0.006574215292930603,
      0.0071252334117889405,
      0.00847514808177948,
      0.011217769384384155,
      0.018118226528167726,
      0.018385660648345948,
      0.013627470731735229,
      0.021294798851013184,
      0.008418612480163574,
      0.006935862898826599,
      0.007686587572097778,
      0.00642461895942688,
      0.005188308954238892,
      0.004605630040168762,
      0.005340865254402161,
      0.005202416181564331,
      0.005012699961662292,
      0.006715883612632752,
      0.001011047586798668,
      0.002418639063835144,
      0.07122284412384033,
      0.009970857501029969,
      0.010317537784576416,
      0.00570426344871521,
      0.01120360016822815,
      0.005183917284011841,
      0.007714173197746277,
      0.006105566620826721,
      0.004886794984340668,
      0.005151607394218445,
      0.0051457035541534425,
      0.004470718801021576,
      0.0033725714683532715,
      0.002834734618663788,
      0.006719380617141724,
      0.009339039921760559,
      0.008538463711738586,
      0.008628923296928406,
      0.0035120791196823122,
      0.0035988155007362368,
      0.0055545693635940556,
      0.005637553334236145,
      0.0033272182941436767,
      0.004449880421161651,
      0.006727791428565979,
      0.0039099487662315364,
      0.003591163158416748,
      0.0051583582162857055,
      0.13581796646118163,
      0.005748384594917297,
      0.004600227177143097,
      0.0031708112359046937,
      0.0027714818716049194,
      0.0025474905967712404,
      0.005734526515007019,
      0.004156226515769959,
      0.004356261491775513,
      0.006907240748405457,
      0.004807356297969818,
      0.0034192463755607604,
      0.0060353600978851315,
      0.003792206943035126,
      0.0016050216555595397,
      0.11738960266113281,
      0.007192968130111694,
      0.006122199892997742,
      0.0053210508823394774,
      0.016956336498260498,
      0.01379233479499817,
      0.014699786901473999,
      0.016163820028305055,
      0.011912813186645508,
      0.010038262605667115,
      0.010951547622680665,
      0.006522363424301148,
      0.0015515908598899841,
      0.0034126624464988708,
      0.007292951941490173,
      0.004068584740161895,
      0.09253381729125977,
      0.008383351564407348,
      0.006345425844192505,
      0.003589351773262024,
      0.005512670874595642,
      0.004196024835109711,
      0.002646872401237488,
      0.0030275464057922365,
      0.00693489134311676,
      0.003923896253108978,
      0.011708049774169922,
      0.011760145425796509,
      0.013201086521148682,
      0.01691706299781799,
      0.02264164686203003,
      0.014672870635986329,
      0.005230266451835632,
      0.004105525016784668,
      0.00687156617641449,
      0.003049865663051605,
      0.002756042778491974,
      0.11075319290161133,
      0.011978720426559447,
      0.025094027519226073,
      0.024354536533355713,
      0.028590712547302246,
      0.020791902542114257,
      0.014815785884857179,
      0.012574963569641114,
      0.005976763367652893,
      0.007598673701286316,
      0.004720039963722229,
      0.0037392207980155943,
      0.008002620935440064,
      0.00998507797718048,
      0.014067699909210205,
      0.018837342262268065,
      0.027484169006347658,
      0.10614365577697754,
      0.015815898180007934,
      0.010260399580001831,
      0.016417927742004394,
      0.016007506847381593,
      0.01880594253540039,
      0.009181976914405823,
      0.007742387652397156,
      0.003404434323310852,
      0.007738639712333679,
      0.018855246305465697,
      0.012077949047088622,
      0.01775730848312378,
      0.018269357681274415,
      0.009524384140968322,
      0.009387773275375367,
      0.003607308268547058,
      0.010920615196228027,
      0.07360485553741455,
      0.006749415397644043,
      0.012097889184951782,
      0.008858840465545654,
      0.009638583660125733,
      0.00914121687412262,
      0.009889611601829528,
      0.0043721705675125126,
      0.004303318858146668,
      0.04845832347869873,
      0.020595622062683106,
      0.03655855655670166,
      0.048057389259338376,
      0.021922056674957276,
      0.019541507959365843,
      0.021901957988739014,
      0.01573851704597473,
      0.008498486876487733,
      0.006901320815086365,
      0.002727787494659424,
      0.003444269597530365,
      0.003563694655895233,
      0.008675302267074586,
      0.00832777976989746,
      0.011427584886550903,
      0.024645984172821045,
      0.05087319850921631,
      0.034507896900177,
      0.029147138595581056,
      0.025086700916290283,
      0.009506146907806396,
      0.013321834802627563,
      0.06059463024139404,
      0.03938373565673828,
      0.06818043231964112,
      0.030114898681640623,
      0.02180119276046753,
      0.02241307735443115,
      0.02135855197906494,
      0.020806965827941896,
      0.020057804584503174,
      0.01482952356338501,
      0.02395076274871826,
      0.005137596726417542,
      0.0033233046531677248,
      0.005879402756690979,
      0.004666695892810821,
      0.004310965240001678,
      0.003869173526763916,
      0.08931108474731446,
      0.08106985092163085,
      0.09511898040771484,
      0.04896195888519287,
      0.05400371551513672,
      0.053484807014465334,
      0.05000343799591064,
      0.0324552845954895,
      0.08490839958190918,
      0.012169466018676758,
      0.021701469421386718,
      0.023727405071258544,
      0.0261134934425354,
      0.04065542221069336,
      0.025457119941711424,
      0.0256860876083374,
      0.05572020530700684,
      0.0474211597442627,
      0.04634346961975098,
      0.04792303085327149,
      0.04333676815032959,
      0.016162036657333373,
      0.14821590423583986,
      0.0061693906784057615,
      0.005327495336532592,
      0.007872066497802734,
      0.007376316785812378,
      0.0031681373715400697,
      0.0019229237735271453,
      0.09952313423156739,
      0.004827839732170105,
      0.00396224170923233,
      0.004899827539920807,
      0.005678092837333679,
      0.002103722095489502,
      0.0042455211281776425,
      0.005203747749328613,
      0.005750648975372315,
      0.09487430572509765,
      0.012973564863204955,
      0.010121694803237914,
      0.006436499953269959,
      0.009062215685844421,
      0.018659552335739137,
      0.011200686693191528,
      0.08852448463439941,
      0.032733855247497556,
      0.014252798557281494,
      0.011276440620422363,
      0.01272676944732666,
      0.014528021812438965,
      0.008431894779205322,
      0.07096304893493652,
      0.03558908939361572,
      0.01622979521751404,
      0.039289178848266604,
      0.02484318733215332,
      0.016525319814682006,
      0.0064830052852630615,
      0.08602972984313965,
      0.06162925243377686,
      0.06434924602508545,
      0.06422579288482666,
      0.06038022041320801,
      0.07958457946777343,
      0.05097833156585693,
      0.0059131687879562375,
      0.0034888219833374024,
      0.005314342379570007,
      0.004273136854171753,
      0.003915186524391174,
      0.0019146625697612763,
      0.0016556428372859954,
      0.013856980800628662,
      0.011475210189819335,
      0.001770920306444168,
      0.0007047885656356811,
      0.0005916120484471321,
      0.00044309727847576143
    ],
    "intensity_mean": 0.019514364131415884,
    "intensity_std": 0.025328696244130155,
    "intensity_min": 0.0,
    "intensity_max": 0.14821590423583986,
    "intensity_trend": "stable",
    "peak_moments": [
      {
        "timestamp": 1.9000000000000001,
        "frame_index": 19,
        "intensity": 0.11187685966491699,
        "moment_type": "peak"
      },
      {
        "timestamp": 8.5,
        "frame_index": 85,
        "intensity": 0.13581796646118163,
        "moment_type": "peak"
      },
      {
        "timestamp": 10.0,
        "frame_index": 100,
        "intensity": 0.11738960266113281,
        "moment_type": "peak"
      },
      {
        "timestamp": 13.700000000000001,
        "frame_index": 137,
        "intensity": 0.11075319290161133,
        "moment_type": "peak"
      },
      {
        "timestamp": 15.4,
        "frame_index": 154,
        "intensity": 0.10614365577697754,
        "moment_type": "peak"
      },
      {
        "timestamp": 24.3,
        "frame_index": 243,
        "intensity": 0.14821590423583986,
        "moment_type": "peak"
      }
    ],
    "valley_moments": [
      {
        "timestamp": 5.5,
        "frame_index": 55,
        "intensity": 0.001011047586798668,
        "moment_type": "valley"
      },
      {
        "timestamp": 9.9,
        "frame_index": 99,
        "intensity": 0.0016050216555595397,
        "moment_type": "valley"
      },
      {
        "timestamp": 11.200000000000001,
        "frame_index": 112,
        "intensity": 0.0015515908598899841,
        "moment_type": "valley"
      },
      {
        "timestamp": 14.8,
        "frame_index": 148,
        "intensity": 0.0037392207980155943,
        "moment_type": "valley"
      },
      {
        "timestamp": 19.1,
        "frame_index": 191,
        "intensity": 0.002727787494659424,
        "moment_type": "valley"
      }
    ],
    "peak_timestamps": [
      1.9000000000000001,
      8.5,
      10.0,
      13.700000000000001,
      15.4,
      24.3
    ],
    "valley_timestamps": [
      5.5,
      9.9,
      11.200000000000001,
      14.8,
      19.1
    ],
    "peak_count": 6,
    "valley_count": 5,
    "action_variance": 0.0006415428534274131
  },
  "temporal_signals": {
    "frame_change_scores": [
      0.0,
      0.0,
      0.0,
      0.9637258293733194,
      0.49502185731485615,
      0.3838884648061973,
      0.38163698263256807,
      0.4198216770221451,
      0.334936630694597,
      0.3088214126909533,
      0.27263596754492403,
      0.2759686484939533,
      0.13404158492811025,
      0.06365762523649576,
      0.006966100133060205,
      0.0012869998222698742,
      0.0037746392869735246,
      0.010888115251562525,
      0.0186885623041132,
      0.7506906873431468,
      0.017245119034100198,
      0.019693079963731486,
      0.019951585849067754,
      0.018006877962971846,
      0.03573239329155298,
      0.011231168417930704,
      0.02026161183620634,
      0.02187676259403648,
      0.007627396625492722,
      0.011475793793696676,
      0.016962574038555833,
      0.027483580484043313,
      0.6750954725659233,
      0.011880072681061393,
      0.02364593986490926,
      0.014961389513499013,
      0.013921758984392851,
      0.03217688749469083,
      0.034323913075256174,
      0.04300997103334048,
      0.05932136669800869,
      0.09619359081316214,
      0.10876956810223204,
      0.08472617231384283,
      0.12902454772396887,
      0.045372794724453214,
      0.024544500953910142,
      0.03896666289006112,
      0.03432378997276353,
      0.01973445567221055,
      0.015213360992226033,
      0.023307804329163462,
      0.020499585613525495,
      0.019360908426610424,
      0.04443600953366933,
      0.0014896042657448483,
      0.0042226546521922925,
      0.6762425337750408,
      0.027650445483154318,
      0.027205661332188158,
      0.024601703631868532,
      0.056122864331013655,
      0.019153497160684263,
      0.030587406933818673,
      0.02040201885211379,
      0.015075737349385276,
      0.015821298930224215,
      0.019447253684700017,
      0.013913785860671712,
      0.007923358505434575,
      0.007133636114458275,
      0.01959620870345724,
      0.02904399543592795,
      0.027997490651860524,
      0.04211933345705088,
      0.015540635457003571,
      0.01645742630824587,
      0.021902978960990915,
      0.018946062587022583,
      0.010386715002949853,
      0.01681931871260145,
      0.027231099268004266,
      0.013679190636353478,
      0.008979992814067916,
      0.02038730129295796,
      0.7504216452178226,
      0.021428483423905242,
      0.017888457683151837,
      0.007494005958312289,
      0.005279188580723959,
      0.004207504082081037,
      0.018715017130237044,
      0.010227952857480127,
      0.011870624041226074,
      0.021477320059245186,
      0.013034286573874954,
      0.009671143399894278,
      0.016114070924500457,
      0.008605217006756205,
      0.00288071368814935,
      0.6613987178009529,
      0.0334725464287966,
      0.02644732564410468,
      0.026096398647769914,
      0.08868140084413256,
      0.06996239435672313,
      0.08058426542305819,
      0.0990290751341033,
      0.056482668436754646,
      0.0465515556539694,
      0.05163465751287488,
      0.02639630064960663,
      0.0021633276888541886,
      0.008247989709727066,
      0.022817819259138394,
      0.007440659900498914,
      0.6326346134166647,
      0.03762478433000771,
      0.02751348046151869,
      0.010702047235927492,
      0.020884037792499144,
      0.01090118045249222,
      0.008340867483467296,
      0.021236347401285327,
      0.0802047483371543,
      0.0809676016167371,
      0.09476747727197687,
      0.1667547944827399,
      0.14967241043351898,
      0.12988367453915095,
      0.11645814807236421,
      0.07798768699123626,
      0.021350385693442497,
      0.013119526724770458,
      0.022764653470989993,
      0.006525186416224127,
      0.008863984538023062,
      0.7558697411346895,
      0.031707200593607654,
      0.07731236861147317,
      0.08499559394820455,
      0.12053624954468234,
      0.07636887238480661,
      0.05160558269656146,
      0.03879952382077245,
      0.015102331102828992,
      0.017429765700431754,
      0.013387503666326905,
      0.0073331499044815285,
      0.022213747968760522,
      0.02922111623095547,
      0.04676975741847689,
      0.06595479492674383,
      0.08179805871037249,
      0.7302820500747493,
      0.13454863942733386,
      0.06621918964560403,
      0.06819369128390429,
      0.07535662752617855,
      0.07039860930479758,
      0.039997355284684066,
      0.03372924436474534,
      0.01277244789531684,
      0.054219925838210226,
      0.15314899882580735,
      0.08669977271423168,
      0.1474033310655598,
      0.14125319999597852,
      0.08861206271341138,
      0.06566807761325577,
      0.013943999352965752,
      0.05695007457123025,
      0.6022157646003719,
      0.06271042076209343,
      0.09466174034097874,
      0.05876885022811196,
      0.05688745346523705,
      0.04862875964751234,
      0.05652915704952921,
      0.03891555589029916,
      0.10286886396410666,
      0.6646275606137233,
      0.09490960399195791,
      0.16031835964114327,
      0.20680785571985694,
      0.1029399240832537,
      0.09383668277119961,
      0.10505726965412321,
      0.0653880861545213,
      0.026713172374178584,
      0.02101203627899939,
      0.0064555539418270635,
      0.006904119729043368,
      0.007781733757714959,
      0.03270665805237438,
      0.028965814591361716,
      0.045498471556584597,
      0.13229112441397783,
      0.2338811605511173,
      0.18065206765630226,
      0.15947647279297106,
      0.13050109733354398,
      0.03456193564053389,
      0.05540578254460915,
      0.25468989080309656,
      0.2132403035016197,
      0.6843029104180416,
      0.25902705726128716,
      0.16349655229602977,
      0.10883184228553755,
      0.13258832961843747,
      0.1411923506691476,
      0.10041275893501844,
      0.08149800168160748,
      0.12256469610097087,
      0.024459725263429766,
      0.021856334555893198,
      0.031070323815931,
      0.01704767314117317,
      0.015276722667517673,
      0.0077980713500476195,
      0.7042996120688519,
      0.271850780146051,
      0.30651413662144444,
      0.3375513218442664,
      0.3194606858441317,
      0.3123758039965755,
      0.325684269251892,
      0.1708623932828397,
      0.6908188363341459,
      0.05304813515174822,
      0.08630986284386533,
      0.08207848019267905,
      0.10649078259134948,
      0.19250943709539314,
      0.10140277491219973,
      0.12532580196480847,
      0.24467397517696032,
      0.20733485287336073,
      0.20490757328032516,
      0.2013002915206229,
      0.17972751550505606,
      0.05397989314100626,
      0.7622430219385825,
      0.022054179179609723,
      0.015500702363015595,
      0.025285655664093132,
      0.021314250520687583,
      0.00555211491038099,
      0.0031639069174494994,
      0.7164831149509359,
      0.015427596196943227,
      0.00929284330417901,
      0.011460909002772302,
      0.016333160470884844,
      0.004585463234008991,
      0.015003003936888137,
      0.017719150779167858,
      0.024742394916347,
      0.6926762034834761,
      0.07862475419697701,
      0.06551471459143954,
      0.026783546517724854,
      0.07005843014681812,
      0.11378242786805404,
      0.08557460452834031,
      0.6773920408893028,
      0.20446558745462529,
      0.09778043603013409,
      0.09195621127100773,
      0.08006686722851541,
      0.07344778818210751,
      0.04380920957988477,
      0.6775098629521963,
      0.19724820700267254,
      0.09750892731011196,
      0.24305168527183485,
      0.15188571494348657,
      0.10955835800672464,
      0.02175407873668389,
      0.6720089540277118,
      0.23750521745143194,
      0.2545625146450432,
      0.2293285368378658,
      0.24766752621405597,
      0.28701768956021034,
      0.894915208614085,
      0.04415020819205473,
      0.041178508645767,
      0.03363065591966985,
      0.02393103082263759,
      0.01974455882750592,
      0.00855846297428442,
      0.00810011674025024,
      0.060790811295075686,
      0.04283297077944159,
      0.006025505811538934,
      0.009996989448209037,
      0.007957236190114125,
      0.003918280085988712
    ],
    "change_score_mean": 0.11853915488998662,
    "change_score_std": 0.18542824760506718,
    "change_score_max": 0.9637258293733194,
    "temporal_gaps": [
      {
        "start_time": 6.5,
        "end_time": 7.1000000000000005,
        "duration": 0.6000000000000005,
        "start_frame": 65,
        "end_frame": 71,
        "avg_change": 0.014130182735475902
      },
      {
        "start_time": 8.700000000000001,
        "end_time": 9.3,
        "duration": 0.5999999999999996,
        "start_frame": 87,
        "end_frame": 93,
        "avg_change": 0.010811821476173196
      },
      {
        "start_time": 25.1,
        "end_time": 25.700000000000003,
        "duration": 0.6000000000000014,
        "start_frame": 251,
        "end_frame": 257,
        "avg_change": 0.01283173241783491
      }
    ],
    "temporal_gap_count": 3,
    "temporal_gap_total_duration": 1.8000000000000016,
    "transition_similarity_scores": [
      0.24930931265685322,
      0.3249045274340767,
      0.3673653865833353,
      0.33537243938627664,
      0.31569708958195836,
      0.3091811636658542
    ],
    "transition_similarity_mean": 0.31697165321805904,
    "temporal_density": 2.9096989966555182
  },
  "metadata": {
    "video_path": "/vol/videos/core/produced_digital/commercials/QYwl-cA9d8Y.mp4",
    "dataset": "produced_digital/commercials",
    "tier": "produced_digital",
    "study_type": "core",
    "source_fps": 29.97002997002997,
    "experiment_version": "3.2"
  }
}