{
  "video_id": "rE1lIdtDs2g",
  "fps": 10.0,
  "duration": 29.900000000000002,
  "frame_count": 300,
  "scene_signals": {
    "transition_count": 8,
    "transition_timestamps": [
      17.1,
      19.400000000000002,
      21.0,
      22.400000000000002,
      22.8,
      24.8,
      26.6,
      28.6
    ],
    "transition_types": [
      "soft_cut",
      "hard_cut",
      "hard_cut",
      "soft_cut",
      "soft_cut",
      "soft_cut",
      "hard_cut",
      "hard_cut"
    ],
    "transition_magnitudes": [
      73.54854481567006,
      685.1429370906304,
      315.32675898889505,
      70.38590820189272,
      67.60877789234735,
      34.672510089853205,
      142.6449148379461,
      96.64656387677033
    ],
    "scene_count": 9,
    "scene_durations": [
      17.1,
      2.3000000000000007,
      1.5999999999999979,
      1.4000000000000021,
      0.3999999999999986,
      2.0,
      1.8000000000000007,
      2.0,
      1.3000000000000007
    ],
    "scene_duration_mean": 3.3222222222222224,
    "scene_duration_std": 4.898702272093834,
    "scene_duration_min": 0.3999999999999986,
    "scene_duration_max": 17.1,
    "scene_types": [
      "unknown",
      "unknown",
      "unknown",
      "unknown",
      "unknown",
      "unknown",
      "unknown",
      "unknown",
      "unknown"
    ],
    "transitions": [
      {
        "timestamp": 17.1,
        "frame_index": 171,
        "transition_type": "soft_cut",
        "magnitude": 73.54854481567006
      },
      {
        "timestamp": 19.400000000000002,
        "frame_index": 194,
        "transition_type": "hard_cut",
        "magnitude": 685.1429370906304
      },
      {
        "timestamp": 21.0,
        "frame_index": 210,
        "transition_type": "hard_cut",
        "magnitude": 315.32675898889505
      },
      {
        "timestamp": 22.400000000000002,
        "frame_index": 224,
        "transition_type": "soft_cut",
        "magnitude": 70.38590820189272
      },
      {
        "timestamp": 22.8,
        "frame_index": 228,
        "transition_type": "soft_cut",
        "magnitude": 67.60877789234735
      },
      {
        "timestamp": 24.8,
        "frame_index": 248,
        "transition_type": "soft_cut",
        "magnitude": 34.672510089853205
      },
      {
        "timestamp": 26.6,
        "frame_index": 266,
        "transition_type": "hard_cut",
        "magnitude": 142.6449148379461
      },
      {
        "timestamp": 28.6,
        "frame_index": 286,
        "transition_type": "hard_cut",
        "magnitude": 96.64656387677033
      }
    ],
    "scenes": [
      {
        "start_time": 0.0,
        "end_time": 17.1,
        "duration": 17.1,
        "scene_type": "unknown",
        "start_frame": 0,
        "end_frame": 170
      },
      {
        "start_time": 17.1,
        "end_time": 19.400000000000002,
        "duration": 2.3000000000000007,
        "scene_type": "unknown",
        "start_frame": 171,
        "end_frame": 193
      },
      {
        "start_time": 19.400000000000002,
        "end_time": 21.0,
        "duration": 1.5999999999999979,
        "scene_type": "unknown",
        "start_frame": 194,
        "end_frame": 209
      },
      {
        "start_time": 21.0,
        "end_time": 22.400000000000002,
        "duration": 1.4000000000000021,
        "scene_type": "unknown",
        "start_frame": 210,
        "end_frame": 223
      },
      {
        "start_time": 22.400000000000002,
        "end_time": 22.8,
        "duration": 0.3999999999999986,
        "scene_type": "unknown",
        "start_frame": 224,
        "end_frame": 227
      },
      {
        "start_time": 22.8,
        "end_time": 24.8,
        "duration": 2.0,
        "scene_type": "unknown",
        "start_frame": 228,
        "end_frame": 247
      },
      {
        "start_time": 24.8,
        "end_time": 26.6,
        "duration": 1.8000000000000007,
        "scene_type": "unknown",
        "start_frame": 248,
        "end_frame": 265
      },
      {
        "start_time": 26.6,
        "end_time": 28.6,
        "duration": 2.0,
        "scene_type": "unknown",
        "start_frame": 266,
        "end_frame": 285
      },
      {
        "start_time": 28.6,
        "end_time": 29.900000000000002,
        "duration": 1.3000000000000007,
        "scene_type": "unknown",
        "start_frame": 286,
        "end_frame": 299
      }
    ]
  },
  "character_signals": {
    "person_counts_per_frame": [
      0,
      0,
      0,
      0,
      0,
      0,
      0,
      0,
      0,
      0,
      1,
      1,
      1,
      1,
      1,
      1,
      1,
      1,
      1,
      1,
      1,
      1,
      1,
      1,
      1,
      1,
      1,
      1,
      1,
      0,
      1,
      1,
      1,
      1,
      1,
      1,
      1,
      1,
      1,
      1,
      1,
      1,
      1,
      1,
      1,
      1,
      1,
      1,
      1,
      1,
      1,
      1,
      1,
      1,
      1,
      1,
      1,
      1,
      1,
      0,
      0,
      1,
      0,
      1,
      0,
      0,
      1,
      1,
      1,
      1,
      1,
      1,
      1,
      1,
      1,
      1,
      1,
      1,
      1,
      1,
      1,
      1,
      1,
      1,
      1,
      1,
      1,
      1,
      1,
      1,
      1,
      1,
      1,
      1,
      1,
      1,
      1,
      1,
      1,
      1,
      1,
      1,
      1,
      1,
      1,
      1,
      1,
      1,
      1,
      1,
      1,
      1,
      1,
      1,
      1,
      1,
      1,
      1,
      1,
      1,
      1,
      1,
      1,
      1,
      1,
      1,
      1,
      1,
      1,
      1,
      1,
      1,
      1,
      1,
      1,
      1,
      1,
      1,
      1,
      1,
      1,
      1,
      1,
      1,
      1,
      1,
      1,
      1,
      1,
      1,
      1,
      1,
      1,
      1,
      1,
      1,
      1,
      1,
      1,
      1,
      1,
      1,
      1,
      1,
      1,
      1,
      1,
      1,
      1,
      1,
      1,
      2,
      3,
      2,
      2,
      3,
      2,
      2,
      2,
      1,
      1,
      1,
      0,
      0,
      0,
      0,
      0,
      1,
      0,
      0,
      0,
      0,
      0,
      0,
      2,
      2,
      2,
      2,
      1,
      2,
      1,
      1,
      2,
      1,
      2,
      2,
      2,
      2,
      4,
      4,
      0,
      0,
      0,
      0,
      0,
      0,
      0,
      0,
      0,
      0,
      1,
      1,
      0,
      0,
      0,
      0,
      0,
      0,
      0,
      0,
      0,
      1,
      0,
      0,
      1,
      0,
      0,
      0,
      0,
      0,
      1,
      1,
      0,
      0,
      0,
      0,
      0,
      0,
      0,
      0,
      0,
      0,
      0,
      0,
      0,
      0,
      0,
      0,
      0,
      0,
      0,
      0,
      0,
      0,
      0,
      0,
      0,
      0,
      0,
      0,
      0,
      0,
      0,
      0,
      1,
      1,
      2,
      2,
      2,
      1,
      2,
      2,
      1,
      1,
      1,
      1,
      0,
      0,
      0,
      0,
      0,
      1,
      0,
      0,
      0,
      0,
      1,
      0,
      0,
      0
    ],
    "person_count_mode": 1,
    "person_count_mean": 0.78,
    "person_count_std": 0.6569627082262737,
    "person_count_min": 0,
    "person_count_max": 4,
    "person_count_distribution": {
      "0": 97,
      "1": 178,
      "2": 21,
      "3": 2,
      "4": 2
    },
    "character_consistency": 0.5933333333333334,
    "entry_events": [
      {
        "timestamp": 1.0,
        "frame_index": 10,
        "event_type": "entry",
        "count_before": 0,
        "count_after": 1
      },
      {
        "timestamp": 3.0,
        "frame_index": 30,
        "event_type": "entry",
        "count_before": 0,
        "count_after": 1
      },
      {
        "timestamp": 6.1000000000000005,
        "frame_index": 61,
        "event_type": "entry",
        "count_before": 0,
        "count_after": 1
      },
      {
        "timestamp": 6.300000000000001,
        "frame_index": 63,
        "event_type": "entry",
        "count_before": 0,
        "count_after": 1
      },
      {
        "timestamp": 6.6000000000000005,
        "frame_index": 66,
        "event_type": "entry",
        "count_before": 0,
        "count_after": 1
      },
      {
        "timestamp": 17.1,
        "frame_index": 171,
        "event_type": "entry",
        "count_before": 1,
        "count_after": 2
      },
      {
        "timestamp": 17.2,
        "frame_index": 172,
        "event_type": "entry",
        "count_before": 2,
        "count_after": 3
      },
      {
        "timestamp": 17.5,
        "frame_index": 175,
        "event_type": "entry",
        "count_before": 2,
        "count_after": 3
      },
      {
        "timestamp": 18.7,
        "frame_index": 187,
        "event_type": "entry",
        "count_before": 0,
        "count_after": 1
      },
      {
        "timestamp": 19.400000000000002,
        "frame_index": 194,
        "event_type": "entry",
        "count_before": 0,
        "count_after": 2
      },
      {
        "timestamp": 19.900000000000002,
        "frame_index": 199,
        "event_type": "entry",
        "count_before": 1,
        "count_after": 2
      },
      {
        "timestamp": 20.200000000000003,
        "frame_index": 202,
        "event_type": "entry",
        "count_before": 1,
        "count_after": 2
      },
      {
        "timestamp": 20.400000000000002,
        "frame_index": 204,
        "event_type": "entry",
        "count_before": 1,
        "count_after": 2
      },
      {
        "timestamp": 20.8,
        "frame_index": 208,
        "event_type": "entry",
        "count_before": 2,
        "count_after": 4
      },
      {
        "timestamp": 22.0,
        "frame_index": 220,
        "event_type": "entry",
        "count_before": 0,
        "count_after": 1
      },
      {
        "timestamp": 23.1,
        "frame_index": 231,
        "event_type": "entry",
        "count_before": 0,
        "count_after": 1
      },
      {
        "timestamp": 23.400000000000002,
        "frame_index": 234,
        "event_type": "entry",
        "count_before": 0,
        "count_after": 1
      },
      {
        "timestamp": 24.0,
        "frame_index": 240,
        "event_type": "entry",
        "count_before": 0,
        "count_after": 1
      },
      {
        "timestamp": 27.400000000000002,
        "frame_index": 274,
        "event_type": "entry",
        "count_before": 0,
        "count_after": 1
      },
      {
        "timestamp": 27.6,
        "frame_index": 276,
        "event_type": "entry",
        "count_before": 1,
        "count_after": 2
      },
      {
        "timestamp": 28.0,
        "frame_index": 280,
        "event_type": "entry",
        "count_before": 1,
        "count_after": 2
      },
      {
        "timestamp": 29.1,
        "frame_index": 291,
        "event_type": "entry",
        "count_before": 0,
        "count_after": 1
      },
      {
        "timestamp": 29.6,
        "frame_index": 296,
        "event_type": "entry",
        "count_before": 0,
        "count_after": 1
      }
    ],
    "exit_events": [
      {
        "timestamp": 2.9000000000000004,
        "frame_index": 29,
        "event_type": "exit",
        "count_before": 1,
        "count_after": 0
      },
      {
        "timestamp": 5.9,
        "frame_index": 59,
        "event_type": "exit",
        "count_before": 1,
        "count_after": 0
      },
      {
        "timestamp": 6.2,
        "frame_index": 62,
        "event_type": "exit",
        "count_before": 1,
        "count_after": 0
      },
      {
        "timestamp": 6.4,
        "frame_index": 64,
        "event_type": "exit",
        "count_before": 1,
        "count_after": 0
      },
      {
        "timestamp": 17.3,
        "frame_index": 173,
        "event_type": "exit",
        "count_before": 3,
        "count_after": 2
      },
      {
        "timestamp": 17.6,
        "frame_index": 176,
        "event_type": "exit",
        "count_before": 3,
        "count_after": 2
      },
      {
        "timestamp": 17.900000000000002,
        "frame_index": 179,
        "event_type": "exit",
        "count_before": 2,
        "count_after": 1
      },
      {
        "timestamp": 18.2,
        "frame_index": 182,
        "event_type": "exit",
        "count_before": 1,
        "count_after": 0
      },
      {
        "timestamp": 18.8,
        "frame_index": 188,
        "event_type": "exit",
        "count_before": 1,
        "count_after": 0
      },
      {
        "timestamp": 19.8,
        "frame_index": 198,
        "event_type": "exit",
        "count_before": 2,
        "count_after": 1
      },
      {
        "timestamp": 20.0,
        "frame_index": 200,
        "event_type": "exit",
        "count_before": 2,
        "count_after": 1
      },
      {
        "timestamp": 20.3,
        "frame_index": 203,
        "event_type": "exit",
        "count_before": 2,
        "count_after": 1
      },
      {
        "timestamp": 21.0,
        "frame_index": 210,
        "event_type": "exit",
        "count_before": 4,
        "count_after": 0
      },
      {
        "timestamp": 22.200000000000003,
        "frame_index": 222,
        "event_type": "exit",
        "count_before": 1,
        "count_after": 0
      },
      {
        "timestamp": 23.200000000000003,
        "frame_index": 232,
        "event_type": "exit",
        "count_before": 1,
        "count_after": 0
      },
      {
        "timestamp": 23.5,
        "frame_index": 235,
        "event_type": "exit",
        "count_before": 1,
        "count_after": 0
      },
      {
        "timestamp": 24.200000000000003,
        "frame_index": 242,
        "event_type": "exit",
        "count_before": 1,
        "count_after": 0
      },
      {
        "timestamp": 27.900000000000002,
        "frame_index": 279,
        "event_type": "exit",
        "count_before": 2,
        "count_after": 1
      },
      {
        "timestamp": 28.200000000000003,
        "frame_index": 282,
        "event_type": "exit",
        "count_before": 2,
        "count_after": 1
      },
      {
        "timestamp": 28.6,
        "frame_index": 286,
        "event_type": "exit",
        "count_before": 1,
        "count_after": 0
      },
      {
        "timestamp": 29.200000000000003,
        "frame_index": 292,
        "event_type": "exit",
        "count_before": 1,
        "count_after": 0
      },
      {
        "timestamp": 29.700000000000003,
        "frame_index": 297,
        "event_type": "exit",
        "count_before": 1,
        "count_after": 0
      }
    ],
    "entry_count": 23,
    "exit_count": 22,
    "entry_exit_total": 45,
    "entry_timestamps": [
      1.0,
      3.0,
      6.1000000000000005,
      6.300000000000001,
      6.6000000000000005,
      17.1,
      17.2,
      17.5,
      18.7,
      19.400000000000002,
      19.900000000000002,
      20.200000000000003,
      20.400000000000002,
      20.8,
      22.0,
      23.1,
      23.400000000000002,
      24.0,
      27.400000000000002,
      27.6,
      28.0,
      29.1,
      29.6
    ],
    "exit_timestamps": [
      2.9000000000000004,
      5.9,
      6.2,
      6.4,
      17.3,
      17.6,
      17.900000000000002,
      18.2,
      18.8,
      19.8,
      20.0,
      20.3,
      21.0,
      22.200000000000003,
      23.200000000000003,
      23.5,
      24.200000000000003,
      27.900000000000002,
      28.200000000000003,
      28.6,
      29.200000000000003,
      29.700000000000003
    ]
  },
  "visual_signals": {
    "unique_objects": [
      "person",
      "dog",
      "surfboard",
      "airplane",
      "horse",
      "cell phone"
    ],
    "unique_object_count": 6,
    "persistent_objects": [],
    "persistent_object_count": 0,
    "transient_objects": [
      "dog",
      "surfboard",
      "airplane",
      "horse",
      "cell phone"
    ],
    "transient_object_count": 5,
    "object_frequency": {
      "person": 0.6766666666666666,
      "dog": 0.03333333333333333,
      "surfboard": 0.023333333333333334,
      "airplane": 0.02,
      "horse": 0.0033333333333333335,
      "cell phone": 0.0033333333333333335
    },
    "object_frame_counts": {
      "person": 203,
      "dog": 10,
      "surfboard": 7,
      "airplane": 6,
      "horse": 1,
      "cell phone": 1
    },
    "object_first_appearance": {
      "person": 1.0,
      "dog": 2.9000000000000004,
      "surfboard": 17.900000000000002,
      "airplane": 18.1,
      "horse": 19.200000000000003,
      "cell phone": 29.900000000000002
    },
    "object_last_appearance": {
      "person": 29.6,
      "dog": 9.1,
      "surfboard": 28.3,
      "airplane": 27.400000000000002,
      "horse": 19.200000000000003,
      "cell phone": 29.900000000000002
    },
    "objects_per_frame": [
      [],
      [],
      [],
      [],
      [],
      [],
      [],
      [],
      [],
      [],
      [
        "person"
      ],
      [
        "person"
      ],
      [
        "person"
      ],
      [
        "person"
      ],
      [
        "person"
      ],
      [
        "person"
      ],
      [
        "person"
      ],
      [
        "person"
      ],
      [
        "person"
      ],
      [
        "person"
      ],
      [
        "person"
      ],
      [
        "person"
      ],
      [
        "person"
      ],
      [
        "person"
      ],
      [
        "person"
      ],
      [
        "person"
      ],
      [
        "person"
      ],
      [
        "person"
      ],
      [
        "person"
      ],
      [
        "dog"
      ],
      [
        "person"
      ],
      [
        "person"
      ],
      [
        "person"
      ],
      [
        "person"
      ],
      [
        "person"
      ],
      [
        "person"
      ],
      [
        "person"
      ],
      [
        "person"
      ],
      [
        "person"
      ],
      [
        "person"
      ],
      [
        "person"
      ],
      [
        "person"
      ],
      [
        "person"
      ],
      [
        "person"
      ],
      [
        "person"
      ],
      [
        "person"
      ],
      [
        "person"
      ],
      [
        "person"
      ],
      [
        "person"
      ],
      [
        "person"
      ],
      [
        "person"
      ],
      [
        "person"
      ],
      [
        "person"
      ],
      [
        "person"
      ],
      [
        "person"
      ],
      [
        "person"
      ],
      [
        "person"
      ],
      [
        "person"
      ],
      [
        "dog",
        "person"
      ],
      [
        "dog"
      ],
      [
        "dog"
      ],
      [
        "person"
      ],
      [
        "dog"
      ],
      [
        "dog",
        "person"
      ],
      [
        "dog"
      ],
      [],
      [
        "person"
      ],
      [
        "dog",
        "person"
      ],
      [
        "person"
      ],
      [
        "person"
      ],
      [
        "person"
      ],
      [
        "person"
      ],
      [
        "person"
      ],
      [
        "person"
      ],
      [
        "person"
      ],
      [
        "person"
      ],
      [
        "dog",
        "person"
      ],
      [
        "person"
      ],
      [
        "person"
      ],
      [
        "person"
      ],
      [
        "person"
      ],
      [
        "person"
      ],
      [
        "person"
      ],
      [
        "person"
      ],
      [
        "person"
      ],
      [
        "person"
      ],
      [
        "person"
      ],
      [
        "person"
      ],
      [
        "person"
      ],
      [
        "person"
      ],
      [
        "person"
      ],
      [
        "dog",
        "person"
      ],
      [
        "person"
      ],
      [
        "person"
      ],
      [
        "person"
      ],
      [
        "person"
      ],
      [
        "person"
      ],
      [
        "person"
      ],
      [
        "person"
      ],
      [
        "person"
      ],
      [
        "person"
      ],
      [
        "person"
      ],
      [
        "person"
      ],
      [
        "person"
      ],
      [
        "person"
      ],
      [
        "person"
      ],
      [
        "person"
      ],
      [
        "person"
      ],
      [
        "person"
      ],
      [
        "person"
      ],
      [
        "person"
      ],
      [
        "person"
      ],
      [
        "person"
      ],
      [
        "person"
      ],
      [
        "person"
      ],
      [
        "person"
      ],
      [
        "person"
      ],
      [
        "person"
      ],
      [
        "person"
      ],
      [
        "person"
      ],
      [
        "person"
      ],
      [
        "person"
      ],
      [
        "person"
      ],
      [
        "person"
      ],
      [
        "person"
      ],
      [
        "person"
      ],
      [
        "person"
      ],
      [
        "person"
      ],
      [
        "person"
      ],
      [
        "person"
      ],
      [
        "person"
      ],
      [
        "person"
      ],
      [
        "person"
      ],
      [
        "person"
      ],
      [
        "person"
      ],
      [
        "person"
      ],
      [
        "person"
      ],
      [
        "person"
      ],
      [
        "person"
      ],
      [
        "person"
      ],
      [
        "person"
      ],
      [
        "person"
      ],
      [
        "person"
      ],
      [
        "person"
      ],
      [
        "person"
      ],
      [
        "person"
      ],
      [
        "person"
      ],
      [
        "person"
      ],
      [
        "person"
      ],
      [
        "person"
      ],
      [
        "person"
      ],
      [
        "person"
      ],
      [
        "person"
      ],
      [
        "person"
      ],
      [
        "person"
      ],
      [
        "person"
      ],
      [
        "person"
      ],
      [
        "person"
      ],
      [
        "person"
      ],
      [
        "person"
      ],
      [
        "person"
      ],
      [
        "person"
      ],
      [
        "person"
      ],
      [
        "person"
      ],
      [
        "person"
      ],
      [
        "person"
      ],
      [
        "person"
      ],
      [
        "person"
      ],
      [
        "person"
      ],
      [
        "person"
      ],
      [
        "person"
      ],
      [
        "person"
      ],
      [
        "person"
      ],
      [
        "person"
      ],
      [
        "person"
      ],
      [
        "person"
      ],
      [
        "person"
      ],
      [
        "person"
      ],
      [
        "person"
      ],
      [
        "person",
        "surfboard"
      ],
      [
        "person"
      ],
      [
        "person",
        "airplane"
      ],
      [],
      [],
      [
        "airplane"
      ],
      [
        "airplane"
      ],
      [],
      [
        "person"
      ],
      [],
      [],
      [],
      [
        "airplane"
      ],
      [
        "horse"
      ],
      [],
      [
        "person"
      ],
      [
        "person"
      ],
      [
        "person",
        "surfboard"
      ],
      [
        "person"
      ],
      [
        "person"
      ],
      [
        "person",
        "surfboard"
      ],
      [
        "person"
      ],
      [
        "person"
      ],
      [
        "person"
      ],
      [
        "person"
      ],
      [
        "person"
      ],
      [
        "person"
      ],
      [
        "person"
      ],
      [
        "person"
      ],
      [
        "person"
      ],
      [
        "person"
      ],
      [],
      [],
      [],
      [],
      [],
      [],
      [],
      [],
      [],
      [],
      [
        "person"
      ],
      [
        "person"
      ],
      [],
      [],
      [],
      [],
      [],
      [],
      [],
      [],
      [],
      [
        "person"
      ],
      [],
      [
        "airplane"
      ],
      [
        "person"
      ],
      [],
      [],
      [],
      [],
      [],
      [
        "person",
        "surfboard"
      ],
      [
        "person",
        "surfboard"
      ],
      [],
      [],
      [],
      [],
      [],
      [],
      [],
      [],
      [],
      [],
      [],
      [],
      [],
      [],
      [],
      [],
      [],
      [],
      [],
      [],
      [],
      [],
      [],
      [],
      [],
      [],
      [],
      [],
      [],
      [],
      [],
      [],
      [
        "person",
        "airplane"
      ],
      [
        "person"
      ],
      [
        "person"
      ],
      [
        "person",
        "surfboard"
      ],
      [
        "person"
      ],
      [
        "person"
      ],
      [
        "person"
      ],
      [
        "person"
      ],
      [
        "person"
      ],
      [
        "person",
        "surfboard"
      ],
      [
        "person"
      ],
      [
        "person"
      ],
      [],
      [],
      [],
      [],
      [],
      [
        "person"
      ],
      [],
      [],
      [],
      [],
      [
        "person"
      ],
      [],
      [],
      [
        "cell phone"
      ]
    ],
    "appearances": [
      {
        "object_class": "person",
        "first_appearance": 1.0,
        "last_appearance": 29.6,
        "frame_count": 203,
        "frequency": 0.6766666666666666
      },
      {
        "object_class": "dog",
        "first_appearance": 2.9000000000000004,
        "last_appearance": 9.1,
        "frame_count": 10,
        "frequency": 0.03333333333333333
      },
      {
        "object_class": "surfboard",
        "first_appearance": 17.900000000000002,
        "last_appearance": 28.3,
        "frame_count": 7,
        "frequency": 0.023333333333333334
      },
      {
        "object_class": "airplane",
        "first_appearance": 18.1,
        "last_appearance": 27.400000000000002,
        "frame_count": 6,
        "frequency": 0.02
      },
      {
        "object_class": "horse",
        "first_appearance": 19.200000000000003,
        "last_appearance": 19.200000000000003,
        "frame_count": 1,
        "frequency": 0.0033333333333333335
      },
      {
        "object_class": "cell phone",
        "first_appearance": 29.900000000000002,
        "last_appearance": 29.900000000000002,
        "frame_count": 1,
        "frequency": 0.0033333333333333335
      }
    ]
  },
  "atmosphere_signals": {
    "brightness_values": [
      0.0011002604166666667,
      0.0011002604166666667,
      0.0011002604166666667,
      0.0011002604166666667,
      0.0011002604166666667,
      0.0011002604166666667,
      0.0011002604166666667,
      0.0011002604166666667,
      0.0011002604166666667,
      0.0011002604166666667,
      84.42045572916666,
      84.78405924479166,
      84.99256510416667,
      85.09986979166666,
      85.17370768229166,
      85.07001302083333,
      85.12117838541667,
      85.15558919270833,
      85.11504557291667,
      84.99923177083333,
      85.05696614583333,
      84.90414388020834,
      84.72725911458333,
      84.83377604166667,
      84.782431640625,
      84.846318359375,
      84.88155598958333,
      84.72341796875,
      84.6240625,
      84.77230143229167,
      84.69095703125,
      84.70399088541667,
      84.63431966145833,
      84.579091796875,
      84.694814453125,
      84.70180338541667,
      84.649208984375,
      84.66201171875,
      84.34556640625,
      84.39618489583333,
      84.39341471354167,
      84.25146809895833,
      84.31652018229167,
      84.36768229166667,
      84.432099609375,
      84.57197916666667,
      84.46465494791667,
      84.46101888020833,
      84.833369140625,
      84.66652669270833,
      84.653349609375,
      84.76749348958333,
      84.754765625,
      84.73346354166667,
      84.57543294270833,
      84.513544921875,
      84.48561848958333,
      84.6303515625,
      84.62571614583334,
      84.6553125,
      84.64941731770833,
      84.588583984375,
      84.63056966145834,
      84.72650390625,
      84.63758463541667,
      84.68689453125,
      84.66494140625,
      84.681630859375,
      84.56748372395833,
      84.447265625,
      84.46201497395833,
      84.65572916666666,
      84.73379557291666,
      84.70912109375,
      84.8199609375,
      84.78462890625,
      84.7073828125,
      84.73320963541667,
      84.67656575520833,
      84.635693359375,
      84.83552083333333,
      84.71318033854166,
      84.71502278645833,
      84.84348307291667,
      84.86647135416666,
      84.87709635416667,
      84.72573893229166,
      84.75667643229167,
      84.70174153645833,
      84.80335611979167,
      84.86223307291667,
      84.870302734375,
      84.89097330729167,
      84.88272786458333,
      84.99220377604166,
      85.03251302083333,
      85.24063151041666,
      85.29254231770834,
      85.353037109375,
      85.25370768229166,
      85.14586263020833,
      85.14630208333334,
      85.15309895833333,
      85.24589518229166,
      85.29776041666666,
      85.198046875,
      85.37230794270833,
      85.41161783854167,
      85.521181640625,
      85.65034505208334,
      85.732705078125,
      85.62463541666666,
      85.56333984375,
      85.61140950520833,
      85.58138020833333,
      85.551865234375,
      85.658271484375,
      85.56789713541667,
      85.55202473958333,
      85.54534505208333,
      85.69953776041666,
      85.88783528645833,
      86.03817708333334,
      86.05299479166666,
      86.18634114583334,
      86.29306640625,
      86.2491015625,
      86.30473958333333,
      86.28076171875,
      86.26177734375,
      86.18853841145834,
      86.22203125,
      86.18769856770834,
      86.1396875,
      85.91505208333334,
      85.97089518229167,
      85.92855794270834,
      85.93948567708334,
      86.00016927083334,
      85.803388671875,
      85.79253255208333,
      85.8409375,
      85.725986328125,
      85.6837890625,
      85.64972981770833,
      85.59543619791667,
      85.62742838541666,
      85.728916015625,
      85.86049479166667,
      85.91760091145834,
      85.91040364583333,
      85.77641276041666,
      85.943095703125,
      86.10158854166667,
      86.069638671875,
      85.97440755208333,
      85.92805013020833,
      85.89058919270833,
      85.95565755208334,
      85.97636067708333,
      86.13253255208333,
      86.2279296875,
      86.24885416666666,
      86.16457356770833,
      86.07898111979166,
      86.19885091145834,
      86.178583984375,
      86.26173177083334,
      86.28606119791667,
      86.19639322916667,
      86.10948893229167,
      86.66775716145834,
      86.51899088541667,
      86.5683984375,
      86.60302408854167,
      86.77232421875,
      87.205361328125,
      87.13185872395833,
      87.1412890625,
      87.24161783854167,
      87.156083984375,
      86.94775065104167,
      86.921103515625,
      87.076796875,
      87.47896484375,
      87.65572916666666,
      88.23056640625,
      88.40765299479166,
      88.990166015625,
      89.821416015625,
      91.18328125,
      92.18963216145833,
      93.47811197916667,
      94.18895182291666,
      192.56951822916668,
      192.39970377604166,
      183.450185546875,
      192.53842447916668,
      195.67290364583334,
      188.96739908854167,
      200.62424153645833,
      197.35545572916666,
      192.86747395833333,
      202.11783854166666,
      198.08839518229166,
      198.93581705729167,
      202.21417643229168,
      199.653349609375,
      196.3881640625,
      195.63583984375,
      89.15169921875,
      82.84699544270833,
      77.87477864583333,
      75.034248046875,
      74.25705078125,
      74.10446940104167,
      73.548564453125,
      72.82093098958333,
      70.20543619791667,
      68.461689453125,
      68.07280924479167,
      66.54694986979166,
      66.29728841145834,
      66.90336588541666,
      109.41190755208333,
      105.204833984375,
      94.13213541666667,
      89.165673828125,
      79.93481119791667,
      74.7245703125,
      73.82715494791667,
      57.068004557291665,
      57.242763671875,
      57.35283203125,
      57.66560546875,
      57.74393229166667,
      57.762340494791665,
      57.79681640625,
      57.50011393229167,
      57.534098307291664,
      57.54466145833333,
      57.608815104166666,
      57.881145833333335,
      58.06308919270833,
      58.22818684895833,
      58.13287434895833,
      57.93287760416667,
      58.114772135416665,
      54.07550130208333,
      54.22755859375,
      54.356754557291666,
      54.39059244791667,
      54.49607096354167,
      54.618463541666664,
      54.75772135416667,
      54.84651041666667,
      55.020576171875,
      55.11875325520833,
      55.2546484375,
      55.334049479166666,
      55.44728515625,
      55.530986328125,
      55.528212890625,
      55.622975260416666,
      55.73424479166667,
      55.80394856770833,
      86.02166015625,
      84.8121875,
      82.03625325520834,
      81.61731119791666,
      81.16286458333333,
      81.041943359375,
      82.83667317708333,
      83.55786458333333,
      83.97560221354166,
      85.112392578125,
      86.664453125,
      87.55816080729167,
      88.97472981770834,
      89.84731119791667,
      90.75931315104167,
      91.402333984375,
      91.720732421875,
      92.11761393229166,
      92.21995768229166,
      92.45369466145833,
      101.56154296875,
      101.200888671875,
      98.993916015625,
      98.76815104166667,
      98.62935221354167,
      99.33732096354167,
      80.67561197916666,
      81.143359375,
      82.69867838541667,
      83.59954752604166,
      84.43766927083334,
      84.74611979166667,
      85.46077799479167,
      86.14703125
    ],
    "brightness_mean": 85.03647623697917,
    "brightness_std": 31.790550875712224,
    "brightness_min": 0.0011002604166666667,
    "brightness_max": 202.21417643229168,
    "brightness_range": 202.213076171875,
    "lighting_changes": [
      {
        "timestamp": 1.0,
        "frame_index": 10,
        "brightness_before": 0.0011002604166666667,
        "brightness_after": 84.42045572916666,
        "magnitude": 84.41935546875
      },
      {
        "timestamp": 19.400000000000002,
        "frame_index": 194,
        "brightness_before": 94.18895182291666,
        "brightness_after": 192.56951822916668,
        "magnitude": 98.38056640625001
      },
      {
        "timestamp": 21.0,
        "frame_index": 210,
        "brightness_before": 195.63583984375,
        "brightness_after": 89.15169921875,
        "magnitude": 106.48414062500001
      },
      {
        "timestamp": 22.400000000000002,
        "frame_index": 224,
        "brightness_before": 66.90336588541666,
        "brightness_after": 109.41190755208333,
        "magnitude": 42.50854166666667
      },
      {
        "timestamp": 26.6,
        "frame_index": 266,
        "brightness_before": 55.80394856770833,
        "brightness_after": 86.02166015625,
        "magnitude": 30.21771158854166
      }
    ],
    "lighting_change_count": 5,
    "setting_type": "mixed",
    "dominant_colors_rgb": [
      [
        "139",
        "139",
        "139"
      ],
      [
        "98",
        "98",
        "98"
      ],
      [
        "53",
        "53",
        "53"
      ]
    ],
    "dominant_colors": [
      "gray",
      "gray",
      "gray"
    ]
  },
  "action_signals": {
    "intensity_timeline": [
      0.0,
      0.0,
      0.0,
      0.0,
      0.0,
      0.0,
      0.0,
      0.0,
      0.0,
      0.0,
      0.035582616329193115,
      0.017874255180358886,
      0.022641751766204834,
      0.02329488754272461,
      0.037185835838317874,
      0.04551304340362549,
      0.0408398962020874,
      0.014166018962860107,
      0.022156212329864502,
      0.005470902323722839,
      0.023398170471191405,
      0.006397486925125122,
      0.01521124005317688,
      0.007300876379013062,
      0.007816108465194703,
      0.005163077712059021,
      0.016418226957321168,
      0.013853695392608643,
      0.03931525468826294,
      0.020459585189819336,
      0.01938058018684387,
      0.0078743976354599,
      0.018098052740097046,
      0.01831231713294983,
      0.04376163482666016,
      0.016771903038024904,
      0.005910127162933349,
      0.004789137244224548,
      0.009130125641822815,
      0.00543290913105011,
      0.01369536280632019,
      0.007889047861099244,
      0.014969331026077271,
      0.0060962122678756715,
      0.004763510227203369,
      0.004008857607841492,
      0.014246728420257568,
      0.0179859721660614,
      0.015826374292373657,
      0.010016391277313233,
      0.016642560958862306,
      0.009739358425140381,
      0.011929821968078614,
      0.00914280116558075,
      0.009128555059432983,
      0.007006105780601501,
      0.015512046813964843,
      0.014906681776046753,
      0.012595847845077515,
      0.017607501745223998,
      0.01712530255317688,
      0.011680356264114379,
      0.018969855308532714,
      0.014427038431167603,
      0.007741889953613281,
      0.009249220490455628,
      0.023424832820892333,
      0.02418344259262085,
      0.01189322829246521,
      0.004308124780654907,
      0.030737645626068115,
      0.018671256303787232,
      0.03037604808807373,
      0.013547881841659545,
      0.028640851974487305,
      0.01243342161178589,
      0.02058676242828369,
      0.019173983335494995,
      0.017102131843566893,
      0.014935653209686279,
      0.01067976713180542,
      0.01711188316345215,
      0.007864881157875061,
      0.011562401056289673,
      0.02657569408416748,
      0.02086069345474243,
      0.029663374423980714,
      0.00556176483631134,
      0.015565282106399536,
      0.02445873022079468,
      0.03018097400665283,
      0.01839707612991333,
      0.015116665363311767,
      0.008165293335914613,
      0.01583926558494568,
      0.015000032186508179,
      0.02731086015701294,
      0.008475719094276428,
      0.01262670636177063,
      0.010065017938613892,
      0.013276764154434205,
      0.005422099828720093,
      0.007459917068481445,
      0.010500749349594116,
      0.007902718186378478,
      0.01112903118133545,
      0.01962829828262329,
      0.020776596069335938,
      0.0395203161239624,
      0.0347805380821228,
      0.03164151191711426,
      0.009539905786514282,
      0.02155796766281128,
      0.018717106580734253,
      0.0238881778717041,
      0.01034451961517334,
      0.009247230291366577,
      0.012883445024490356,
      0.007778611183166504,
      0.01670429825782776,
      0.017878057956695555,
      0.03055373430252075,
      0.04026630401611328,
      0.00454065203666687,
      0.00833752155303955,
      0.021229310035705565,
      0.03566299200057983,
      0.0075358951091766355,
      0.01734052538871765,
      0.017887181043624877,
      0.04284226417541504,
      0.03441743135452271,
      0.045454249382019044,
      0.02412006139755249,
      0.022052865028381347,
      0.016330233812332152,
      0.005560842752456665,
      0.01335120677947998,
      0.014728473424911499,
      0.02563433885574341,
      0.017955089807510375,
      0.006960806846618653,
      0.028376729488372804,
      0.032996687889099124,
      0.042887363433837894,
      0.02281475305557251,
      0.01934332013130188,
      0.010381112098693848,
      0.0162957501411438,
      0.009417687058448792,
      0.011542351245880126,
      0.012084712982177734,
      0.03467761754989624,
      0.019643672704696656,
      0.019420125484466554,
      0.007243165373802185,
      0.012972397804260254,
      0.01949228286743164,
      0.006777324080467224,
      0.011477574110031127,
      0.019899418354034425,
      0.013702371120452882,
      0.01955965757369995,
      0.010624452829360961,
      0.023500607013702393,
      0.02182666540145874,
      0.03543341398239136,
      0.004100967347621918,
      0.00606201171875,
      0.009773786664009094,
      0.025589587688446044,
      0.14959311485290527,
      0.0021673347055912017,
      0.0014142899215221405,
      0.002308034747838974,
      0.002400544285774231,
      0.007651751041412354,
      0.006782690286636353,
      0.008967259526252746,
      0.009758493900299071,
      0.013758901357650757,
      0.015056780576705932,
      0.03761412382125855,
      0.04523516654968262,
      0.07713974475860595,
      0.06183220863342285,
      0.10008401870727539,
      0.07754958629608154,
      0.10992925643920898,
      0.08253024101257324,
      0.11265190124511719,
      0.08487167358398437,
      0.10619536399841309,
      0.09182677268981934,
      0.12303014755249024,
      0.09870202064514161,
      0.15730188369750978,
      0.2008981513977051,
      0.06634214401245117,
      0.18248508453369142,
      0.1441175937652588,
      0.10176442146301269,
      0.10989901542663574,
      0.08792210578918457,
      0.09379908561706543,
      0.07538870334625244,
      0.17538089752197267,
      0.1888763427734375,
      0.23865993499755858,
      0.095043363571167,
      0.1575554370880127,
      0.1017070484161377,
      0.12342888832092286,
      0.11282686233520507,
      0.14667153358459473,
      0.11044628143310548,
      0.09716756820678711,
      0.11550057411193848,
      0.11524250984191894,
      0.08984988212585449,
      0.09139145851135254,
      0.07504037857055663,
      0.08846715927124023,
      0.07349116325378419,
      0.0780017328262329,
      0.01764306902885437,
      0.013101862668991089,
      0.03846392869949341,
      0.034204857349395754,
      0.057064995765686036,
      0.06524393081665039,
      0.0695850419998169,
      0.007754162549972534,
      0.005338709950447083,
      0.007761482000350952,
      0.006599688529968261,
      0.0073526716232299805,
      0.006832553744316101,
      0.01179120659828186,
      0.005518230795860291,
      0.006018587350845337,
      0.003743520379066467,
      0.007623764276504516,
      0.00478001207113266,
      0.007983087301254273,
      0.006671023964881897,
      0.008009620904922486,
      0.004812699854373932,
      0.13793609619140626,
      0.0011942951381206511,
      0.0013001127541065216,
      0.0007051062583923339,
      0.0017474560439586638,
      0.0013008733093738557,
      0.001380189061164856,
      0.0008101237565279007,
      0.0032054853439331056,
      0.0011300778388977052,
      0.001750691533088684,
      0.0008851172029972076,
      0.001380559206008911,
      0.0009770835191011428,
      0.0026749974489212037,
      0.0013544584810733795,
      0.0012641304731369019,
      0.0008006522804498672,
      0.06611987590789795,
      0.04610396862030029,
      0.055163426399230955,
      0.03600245714187622,
      0.028474860191345215,
      0.038191304206848145,
      0.04265947818756104,
      0.04309027671813965,
      0.048554396629333495,
      0.05501826763153076,
      0.049330406188964844,
      0.04368235111236572,
      0.053742413520812986,
      0.03072281360626221,
      0.038278968334198,
      0.02250469207763672,
      0.029293899536132813,
      0.014741696119308471,
      0.020639269351959227,
      0.015797961950302124,
      0.052260522842407224,
      0.04088061809539795,
      0.10248271942138672,
      0.11193539619445801,
      0.07361146450042724,
      0.09707810401916504,
      0.14212238311767578,
      0.04522494792938232,
      0.05902279376983643,
      0.05081912040710449,
      0.07078265190124512,
      0.06884353160858155,
      0.08777083396911621,
      0.060649027824401854
    ],
    "intensity_mean": 0.033819298509011664,
    "intensity_std": 0.04056441683608667,
    "intensity_min": 0.0,
    "intensity_max": 0.23865993499755858,
    "intensity_trend": "stable",
    "peak_moments": [
      {
        "timestamp": 17.1,
        "frame_index": 171,
        "intensity": 0.14959311485290527,
        "moment_type": "peak"
      },
      {
        "timestamp": 19.700000000000003,
        "frame_index": 197,
        "intensity": 0.2008981513977051,
        "moment_type": "peak"
      },
      {
        "timestamp": 19.900000000000002,
        "frame_index": 199,
        "intensity": 0.18248508453369142,
        "moment_type": "peak"
      },
      {
        "timestamp": 20.8,
        "frame_index": 208,
        "intensity": 0.23865993499755858,
        "moment_type": "peak"
      },
      {
        "timestamp": 24.8,
        "frame_index": 248,
        "intensity": 0.13793609619140626,
        "moment_type": "peak"
      }
    ],
    "valley_moments": [
      {
        "timestamp": 17.3,
        "frame_index": 173,
        "intensity": 0.0014142899215221405,
        "moment_type": "valley"
      },
      {
        "timestamp": 19.8,
        "frame_index": 198,
        "intensity": 0.06634214401245117,
        "moment_type": "valley"
      },
      {
        "timestamp": 20.5,
        "frame_index": 205,
        "intensity": 0.07538870334625244,
        "moment_type": "valley"
      },
      {
        "timestamp": 24.1,
        "frame_index": 241,
        "intensity": 0.003743520379066467,
        "moment_type": "valley"
      },
      {
        "timestamp": 25.1,
        "frame_index": 251,
        "intensity": 0.0007051062583923339,
        "moment_type": "valley"
      }
    ],
    "peak_timestamps": [
      17.1,
      19.700000000000003,
      19.900000000000002,
      20.8,
      24.8
    ],
    "valley_timestamps": [
      17.3,
      19.8,
      20.5,
      24.1,
      25.1
    ],
    "peak_count": 5,
    "valley_count": 5,
    "action_variance": 0.0016454719132517918
  },
  "temporal_signals": {
    "frame_change_scores": [
      0.0,
      0.0,
      0.0,
      0.0,
      0.0,
      0.0,
      0.0,
      0.0,
      0.0,
      0.0,
      0.998286947612014,
      0.07912782749063763,
      0.10142223285544427,
      0.09058130483200866,
      0.1459508970236867,
      0.17233883220848334,
      0.16581625899655117,
      0.035140836073204285,
      0.09304979411575709,
      0.008884948596133424,
      0.10243217056356801,
      0.012765708242646223,
      0.04144915020328688,
      0.017416492521458604,
      0.01668777187937176,
      0.009009256165397828,
      0.06569629183978754,
      0.04692391665369067,
      0.18107745906131711,
      0.08537286343352757,
      0.08300880817967271,
      0.021697607716272826,
      0.08066337314318195,
      0.06725002577872241,
      0.1927655617466998,
      0.0624059587816147,
      0.01135408856156006,
      0.00675094141941035,
      0.026461442442615057,
      0.0079356063146645,
      0.036280037374460616,
      0.013487234273913296,
      0.052802813855160946,
      0.009933399103110196,
      0.007468185563716534,
      0.00554364508318117,
      0.055723458157792116,
      0.08854308908625952,
      0.05909322629998448,
      0.02270039274025848,
      0.06516079231282812,
      0.029690434862368997,
      0.028063745174241483,
      0.01778369475576791,
      0.021178738837739686,
      0.015811072191244224,
      0.06251246620364659,
      0.04024529597637394,
      0.04556430933631073,
      0.05630102506062373,
      0.04672230097354846,
      0.02906101215053436,
      0.0696654361138096,
      0.05626415472041957,
      0.03558446785684477,
      0.019988331065899367,
      0.09093309923439652,
      0.08843188410145508,
      0.03316501288906881,
      0.007025226457766265,
      0.1332594305828123,
      0.05767912610141479,
      0.10134886248694086,
      0.041323426674090946,
      0.11707582550066431,
      0.02629886857855579,
      0.06118359475970847,
      0.0576075079995334,
      0.04409827017912149,
      0.04974662839807309,
      0.03414552564518336,
      0.058246534502863656,
      0.01926649941147207,
      0.028856724729717453,
      0.08400044142027363,
      0.060550699560037224,
      0.09647392564358515,
      0.00877933418384158,
      0.03808229800488705,
      0.07631199464155469,
      0.09923517719888464,
      0.04793559092941568,
      0.0351374746126365,
      0.0186839939844351,
      0.03730875186848592,
      0.036970664233795913,
      0.10852096488208962,
      0.015701554200020507,
      0.02899419461564101,
      0.020829067629703046,
      0.037257674510920546,
      0.008586288779191875,
      0.01398881174097355,
      0.027284923406037276,
      0.017685436606313942,
      0.028195342333761086,
      0.07542168371142888,
      0.06009435473827096,
      0.15192683969728737,
      0.11622494193125454,
      0.10206723501119119,
      0.021891984690841415,
      0.07706829259130643,
      0.052415974598282844,
      0.07075284768276502,
      0.02481110373954354,
      0.019286786154490643,
      0.0414311845493982,
      0.017786573533278727,
      0.0608899562248324,
      0.04986152727117199,
      0.0978182947357703,
      0.15705543117141085,
      0.00668934751915129,
      0.01766671297100464,
      0.07621421843937137,
      0.1453895026493025,
      0.012584710404577648,
      0.07648356926750943,
      0.05146905820575609,
      0.15727151894336944,
      0.12058875463407837,
      0.1908856252980612,
      0.0801682013212941,
      0.07256953146402123,
      0.05806045896792622,
      0.011151077180821312,
      0.042127570494187694,
      0.04105220158989498,
      0.10225545041746531,
      0.06568439534724035,
      0.011713736611099868,
      0.11516357178789038,
      0.12281677799211954,
      0.16560776945666722,
      0.08617867243558108,
      0.06848992882069016,
      0.022752450411195557,
      0.04260884336191262,
      0.017713220478011604,
      0.03246302705030224,
      0.03326800083917392,
      0.1314430231529775,
      0.06098466882951792,
      0.054173772917522456,
      0.011636164448954212,
      0.05224807873374493,
      0.08982152915281527,
      0.013742860746795094,
      0.025697088076528707,
      0.06374440182674235,
      0.03250134298790586,
      0.06002462564824618,
      0.021948921237844976,
      0.09365136710893396,
      0.08205899726625343,
      0.14419497948970272,
      0.005648559225623462,
      0.011124086055474325,
      0.024804254001796533,
      0.09072754807563832,
      0.6751441592650561,
      0.009747495540019635,
      0.00448472108672715,
      0.007081028660258948,
      0.007472632591937423,
      0.03557944582912653,
      0.024069636534726047,
      0.040944734930942306,
      0.047173883864387145,
      0.0579284122446132,
      0.05608393308947024,
      0.14087889443436097,
      0.16122906506679047,
      0.2512627226196644,
      0.21056422482834247,
      0.2748045650835833,
      0.2373624195638877,
      0.2576805289841956,
      0.23656815059878356,
      0.26624744190310967,
      0.22656967218040236,
      0.25451518865830036,
      0.22469557119641648,
      0.7061256408083812,
      0.42482346072899413,
      0.6096940719736554,
      0.5609965595942195,
      0.3806577621386896,
      0.5386756015031363,
      0.5833294431844311,
      0.4438670475124801,
      0.5154291004749421,
      0.5301250564685511,
      0.500265440305793,
      0.4152452374095753,
      0.5374490127904679,
      0.5500975020844792,
      0.61501090837352,
      0.4018787656335605,
      0.7124005193894258,
      0.3633963188383159,
      0.3810047318912192,
      0.3421281330418464,
      0.368074906379917,
      0.33667266772163584,
      0.3506121444662359,
      0.3091706494631984,
      0.3315532138082913,
      0.3185844199947896,
      0.3680241576115636,
      0.3443767761008705,
      0.37345411521872207,
      0.32620259469150414,
      0.5062286186329524,
      0.2477681587991819,
      0.3141313000959153,
      0.32229963159540054,
      0.41207321002911046,
      0.4441251569784036,
      0.44186560405019426,
      0.4327915175045062,
      0.0212670704193908,
      0.014276292402503388,
      0.03064782363447982,
      0.018222793158942374,
      0.021654402128264527,
      0.026384250405625753,
      0.0670015033306397,
      0.020981498988237424,
      0.026782750662319832,
      0.010534891543863223,
      0.03060005683121292,
      0.016475378011850506,
      0.03515188924660251,
      0.027767649079774026,
      0.0338773919792722,
      0.016875702889747934,
      0.37317592888129314,
      0.0024891398884951954,
      0.00274699616375218,
      0.0009520446586723796,
      0.003488009191534691,
      0.0026370183810522363,
      0.0029235242663570027,
      0.0017766542567927424,
      0.025466569462514466,
      0.0020803724580508165,
      0.0038142882115073107,
      0.0013021307824123696,
      0.002675543257230073,
      0.0016702867723059622,
      0.007756727146236209,
      0.002987997683554955,
      0.002230315218126444,
      0.0013489809255321505,
      0.4147617680714212,
      0.22723267992274365,
      0.23253465854929367,
      0.18085338838934473,
      0.2007498010301919,
      0.18607177661173457,
      0.23890284261230543,
      0.21277045524880744,
      0.24497056751494695,
      0.21071619216156856,
      0.2307652780904993,
      0.17256936161320757,
      0.19320202644647855,
      0.15100561535365353,
      0.17194522040048177,
      0.1263114691585394,
      0.1515899532381626,
      0.09742416065458726,
      0.12375260666595234,
      0.09531491654115642,
      0.4960037771735444,
      0.34335204414665144,
      0.48849465949263204,
      0.4894852157630891,
      0.3738508486897454,
      0.4674447706219719,
      0.6604359784853083,
      0.2213935564818268,
      0.27582758944279295,
      0.2342930584537779,
      0.3376036073921682,
      0.2960917884505687,
      0.37945853119648265,
      0.29228933899400966
    ],
    "change_score_mean": 0.13593121344532647,
    "change_score_std": 0.1677509562141335,
    "change_score_max": 0.998286947612014,
    "temporal_gaps": [
      {
        "start_time": 0.0,
        "end_time": 0.9,
        "duration": 0.9,
        "start_frame": 0,
        "end_frame": 9,
        "avg_change": 0.0
      },
      {
        "start_time": 24.900000000000002,
        "end_time": 25.5,
        "duration": 0.5999999999999979,
        "start_frame": 249,
        "end_frame": 255,
        "avg_change": 0.002430483829522347
      },
      {
        "start_time": 25.700000000000003,
        "end_time": 26.5,
        "duration": 0.7999999999999972,
        "start_frame": 257,
        "end_frame": 265,
        "avg_change": 0.0028740713838840324
      }
    ],
    "temporal_gap_count": 3,
    "temporal_gap_total_duration": 2.299999999999995,
    "transition_similarity_scores": [
      0.3248558407349439,
      0.29387435919161875,
      0.2875994806105742,
      0.49377138136704757,
      0.5879267899708895,
      0.6268240711187069,
      0.5852382319285788,
      0.5039962228264556
    ],
    "transition_similarity_mean": 0.46301079721860194,
    "temporal_density": 3.6789297658862874
  },
  "metadata": {
    "video_path": "/vol/videos/core/produced_digital/commercials/rE1lIdtDs2g.mp4",
    "dataset": "produced_digital/commercials",
    "tier": "produced_digital",
    "study_type": "core",
    "source_fps": 25.0,
    "experiment_version": "3.2"
  }
}