{
  "video_id": "rE1lIdtDs2g",
  "fps": 1.0,
  "duration": 29.0,
  "frame_count": 30,
  "scene_signals": {
    "transition_count": 6,
    "transition_timestamps": [
      18.0,
      20.0,
      21.0,
      22.0,
      25.0,
      27.0
    ],
    "transition_types": [
      "soft_cut",
      "hard_cut",
      "hard_cut",
      "hard_cut",
      "soft_cut",
      "hard_cut"
    ],
    "transition_magnitudes": [
      73.64016669164502,
      3562.3117653354147,
      193.4326433576943,
      299.8396299449138,
      30.89205902682985,
      168.16851476843289
    ],
    "scene_count": 7,
    "scene_durations": [
      18.0,
      2.0,
      1.0,
      1.0,
      3.0,
      2.0,
      2.0
    ],
    "scene_duration_mean": 4.142857142857143,
    "scene_duration_std": 5.692816812906079,
    "scene_duration_min": 1.0,
    "scene_duration_max": 18.0,
    "scene_types": [
      "unknown",
      "unknown",
      "unknown",
      "unknown",
      "unknown",
      "unknown",
      "unknown"
    ],
    "transitions": [
      {
        "timestamp": 18.0,
        "frame_index": 18,
        "transition_type": "soft_cut",
        "magnitude": 73.64016669164502
      },
      {
        "timestamp": 20.0,
        "frame_index": 20,
        "transition_type": "hard_cut",
        "magnitude": 3562.3117653354147
      },
      {
        "timestamp": 21.0,
        "frame_index": 21,
        "transition_type": "hard_cut",
        "magnitude": 193.4326433576943
      },
      {
        "timestamp": 22.0,
        "frame_index": 22,
        "transition_type": "hard_cut",
        "magnitude": 299.8396299449138
      },
      {
        "timestamp": 25.0,
        "frame_index": 25,
        "transition_type": "soft_cut",
        "magnitude": 30.89205902682985
      },
      {
        "timestamp": 27.0,
        "frame_index": 27,
        "transition_type": "hard_cut",
        "magnitude": 168.16851476843289
      }
    ],
    "scenes": [
      {
        "start_time": 0.0,
        "end_time": 18.0,
        "duration": 18.0,
        "scene_type": "unknown",
        "start_frame": 0,
        "end_frame": 17
      },
      {
        "start_time": 18.0,
        "end_time": 20.0,
        "duration": 2.0,
        "scene_type": "unknown",
        "start_frame": 18,
        "end_frame": 19
      },
      {
        "start_time": 20.0,
        "end_time": 21.0,
        "duration": 1.0,
        "scene_type": "unknown",
        "start_frame": 20,
        "end_frame": 20
      },
      {
        "start_time": 21.0,
        "end_time": 22.0,
        "duration": 1.0,
        "scene_type": "unknown",
        "start_frame": 21,
        "end_frame": 21
      },
      {
        "start_time": 22.0,
        "end_time": 25.0,
        "duration": 3.0,
        "scene_type": "unknown",
        "start_frame": 22,
        "end_frame": 24
      },
      {
        "start_time": 25.0,
        "end_time": 27.0,
        "duration": 2.0,
        "scene_type": "unknown",
        "start_frame": 25,
        "end_frame": 26
      },
      {
        "start_time": 27.0,
        "end_time": 29.0,
        "duration": 2.0,
        "scene_type": "unknown",
        "start_frame": 27,
        "end_frame": 29
      }
    ]
  },
  "character_signals": {
    "person_counts_per_frame": [
      0,
      1,
      1,
      1,
      1,
      1,
      0,
      1,
      1,
      1,
      1,
      1,
      1,
      1,
      1,
      1,
      1,
      1,
      1,
      0,
      1,
      0,
      1,
      0,
      1,
      0,
      0,
      0,
      2,
      0
    ],
    "person_count_mode": 1,
    "person_count_mean": 0.7333333333333333,
    "person_count_std": 0.5120763831912405,
    "person_count_min": 0,
    "person_count_max": 2,
    "person_count_distribution": {
      "0": 9,
      "1": 20,
      "2": 1
    },
    "character_consistency": 0.6666666666666666,
    "entry_events": [
      {
        "timestamp": 1.0,
        "frame_index": 1,
        "event_type": "entry",
        "count_before": 0,
        "count_after": 1
      },
      {
        "timestamp": 7.0,
        "frame_index": 7,
        "event_type": "entry",
        "count_before": 0,
        "count_after": 1
      },
      {
        "timestamp": 20.0,
        "frame_index": 20,
        "event_type": "entry",
        "count_before": 0,
        "count_after": 1
      },
      {
        "timestamp": 22.0,
        "frame_index": 22,
        "event_type": "entry",
        "count_before": 0,
        "count_after": 1
      },
      {
        "timestamp": 24.0,
        "frame_index": 24,
        "event_type": "entry",
        "count_before": 0,
        "count_after": 1
      },
      {
        "timestamp": 28.0,
        "frame_index": 28,
        "event_type": "entry",
        "count_before": 0,
        "count_after": 2
      }
    ],
    "exit_events": [
      {
        "timestamp": 6.0,
        "frame_index": 6,
        "event_type": "exit",
        "count_before": 1,
        "count_after": 0
      },
      {
        "timestamp": 19.0,
        "frame_index": 19,
        "event_type": "exit",
        "count_before": 1,
        "count_after": 0
      },
      {
        "timestamp": 21.0,
        "frame_index": 21,
        "event_type": "exit",
        "count_before": 1,
        "count_after": 0
      },
      {
        "timestamp": 23.0,
        "frame_index": 23,
        "event_type": "exit",
        "count_before": 1,
        "count_after": 0
      },
      {
        "timestamp": 25.0,
        "frame_index": 25,
        "event_type": "exit",
        "count_before": 1,
        "count_after": 0
      },
      {
        "timestamp": 29.0,
        "frame_index": 29,
        "event_type": "exit",
        "count_before": 2,
        "count_after": 0
      }
    ],
    "entry_count": 6,
    "exit_count": 6,
    "entry_exit_total": 12,
    "entry_timestamps": [
      1.0,
      7.0,
      20.0,
      22.0,
      24.0,
      28.0
    ],
    "exit_timestamps": [
      6.0,
      19.0,
      21.0,
      23.0,
      25.0,
      29.0
    ]
  },
  "visual_signals": {
    "unique_objects": [
      "person",
      "dog",
      "surfboard"
    ],
    "unique_object_count": 3,
    "persistent_objects": [],
    "persistent_object_count": 0,
    "transient_objects": [
      "dog",
      "surfboard"
    ],
    "transient_object_count": 2,
    "object_frequency": {
      "person": 0.7,
      "dog": 0.03333333333333333,
      "surfboard": 0.03333333333333333
    },
    "object_frame_counts": {
      "person": 21,
      "dog": 1,
      "surfboard": 1
    },
    "object_first_appearance": {
      "person": 1.0,
      "dog": 6.0,
      "surfboard": 24.0
    },
    "object_last_appearance": {
      "person": 28.0,
      "dog": 6.0,
      "surfboard": 24.0
    },
    "objects_per_frame": [
      [],
      [
        "person"
      ],
      [
        "person"
      ],
      [
        "person"
      ],
      [
        "person"
      ],
      [
        "person"
      ],
      [
        "dog"
      ],
      [
        "person"
      ],
      [
        "person"
      ],
      [
        "person"
      ],
      [
        "person"
      ],
      [
        "person"
      ],
      [
        "person"
      ],
      [
        "person"
      ],
      [
        "person"
      ],
      [
        "person"
      ],
      [
        "person"
      ],
      [
        "person"
      ],
      [
        "person"
      ],
      [],
      [
        "person"
      ],
      [],
      [
        "person"
      ],
      [],
      [
        "surfboard",
        "person"
      ],
      [],
      [],
      [],
      [
        "person"
      ],
      []
    ],
    "appearances": [
      {
        "object_class": "person",
        "first_appearance": 1.0,
        "last_appearance": 28.0,
        "frame_count": 21,
        "frequency": 0.7
      },
      {
        "object_class": "dog",
        "first_appearance": 6.0,
        "last_appearance": 6.0,
        "frame_count": 1,
        "frequency": 0.03333333333333333
      },
      {
        "object_class": "surfboard",
        "first_appearance": 24.0,
        "last_appearance": 24.0,
        "frame_count": 1,
        "frequency": 0.03333333333333333
      }
    ]
  },
  "atmosphere_signals": {
    "brightness_values": [
      0.0011002604166666667,
      84.42045572916666,
      85.05696614583333,
      84.69095703125,
      84.39341471354167,
      84.653349609375,
      84.64941731770833,
      84.46201497395833,
      84.83552083333333,
      84.86223307291667,
      85.14586263020833,
      85.732705078125,
      85.69953776041666,
      86.18853841145834,
      85.79253255208333,
      85.91040364583333,
      86.13253255208333,
      86.10948893229167,
      87.156083984375,
      91.18328125,
      200.62424153645833,
      89.15169921875,
      68.07280924479167,
      73.82715494791667,
      57.54466145833333,
      54.356754557291666,
      55.44728515625,
      81.16286458333333,
      90.75931315104167,
      98.62935221354167
    ],
    "brightness_mean": 83.22175108506946,
    "brightness_std": 28.153167369622803,
    "brightness_min": 0.0011002604166666667,
    "brightness_max": 200.62424153645833,
    "brightness_range": 200.62314127604165,
    "lighting_changes": [
      {
        "timestamp": 1.0,
        "frame_index": 1,
        "brightness_before": 0.0011002604166666667,
        "brightness_after": 84.42045572916666,
        "magnitude": 84.41935546875
      },
      {
        "timestamp": 20.0,
        "frame_index": 20,
        "brightness_before": 91.18328125,
        "brightness_after": 200.62424153645833,
        "magnitude": 109.44096028645833
      },
      {
        "timestamp": 21.0,
        "frame_index": 21,
        "brightness_before": 200.62424153645833,
        "brightness_after": 89.15169921875,
        "magnitude": 111.47254231770833
      },
      {
        "timestamp": 22.0,
        "frame_index": 22,
        "brightness_before": 89.15169921875,
        "brightness_after": 68.07280924479167,
        "magnitude": 21.078889973958326
      },
      {
        "timestamp": 27.0,
        "frame_index": 27,
        "brightness_before": 55.44728515625,
        "brightness_after": 81.16286458333333,
        "magnitude": 25.715579427083334
      }
    ],
    "lighting_change_count": 5,
    "setting_type": "mixed",
    "dominant_colors_rgb": [
      [
        "139",
        "139",
        "139"
      ],
      [
        "98",
        "98",
        "98"
      ],
      [
        "53",
        "53",
        "53"
      ]
    ],
    "dominant_colors": [
      "gray",
      "gray",
      "gray"
    ]
  },
  "action_signals": {
    "intensity_timeline": [
      0.0,
      0.035582616329193115,
      0.129327974319458,
      0.07426485061645507,
      0.0870131015777588,
      0.02354757785797119,
      0.08251894950866699,
      0.05104681968688965,
      0.023801188468933105,
      0.0336076283454895,
      0.026344656944274902,
      0.11958754539489747,
      0.06750830173492432,
      0.05921963214874268,
      0.11439534187316895,
      0.08412883758544921,
      0.04717020511627197,
      0.06037514209747315,
      0.1556883907318115,
      0.11920290946960449,
      0.10772086143493652,
      0.1041628074645996,
      0.10720778465270996,
      0.07797246932983398,
      0.06687814235687256,
      0.14025022506713866,
      0.011445988416671753,
      0.05946144104003906,
      0.04635927677154541,
      0.07151665210723877
    ],
    "intensity_mean": 0.07291024394830067,
    "intensity_std": 0.03911904664859051,
    "intensity_min": 0.0,
    "intensity_max": 0.1556883907318115,
    "intensity_trend": "stable",
    "peak_moments": [
      {
        "timestamp": 2.0,
        "frame_index": 2,
        "intensity": 0.129327974319458,
        "moment_type": "peak"
      },
      {
        "timestamp": 18.0,
        "frame_index": 18,
        "intensity": 0.1556883907318115,
        "moment_type": "peak"
      }
    ],
    "valley_moments": [
      {
        "timestamp": 5.0,
        "frame_index": 5,
        "intensity": 0.02354757785797119,
        "moment_type": "valley"
      }
    ],
    "peak_timestamps": [
      2.0,
      18.0
    ],
    "valley_timestamps": [
      5.0
    ],
    "peak_count": 2,
    "valley_count": 1,
    "action_variance": 0.0015302998106946004
  },
  "temporal_signals": {
    "frame_change_scores": [
      0.0,
      0.998286947612014,
      0.40968809420552443,
      0.30147243476843333,
      0.3282579902151914,
      0.09381483738254381,
      0.29688301792169836,
      0.18809533517924748,
      0.11086020540961283,
      0.1287236404467641,
      0.11616770439382673,
      0.3704773356162814,
      0.26166711041957846,
      0.2520286613007947,
      0.379292398130634,
      0.323802025546128,
      0.1937879925877598,
      0.23070829584473007,
      0.6749336033362553,
      0.3900487536853866,
      0.7035703024503293,
      0.641845650118581,
      0.5002695653309627,
      0.48898334745549576,
      0.43251900602448456,
      0.3788113078887856,
      0.06830057637410358,
      0.38694673066228924,
      0.30417764105781575,
      0.5278535487469078
    ],
    "change_score_mean": 0.34940913533707196,
    "change_score_std": 0.2116606442875247,
    "change_score_max": 0.998286947612014,
    "temporal_gaps": [],
    "temporal_gap_count": 0,
    "temporal_gap_total_duration": 0.0,
    "transition_similarity_scores": [
      0.3250663966637447,
      0.29642969754967075,
      0.3581543498814191,
      0.4997304346690373,
      0.6211886921112144,
      0.6130532693377108
    ],
    "transition_similarity_mean": 0.45227047336879944,
    "temporal_density": 0.9310344827586207
  },
  "metadata": {
    "video_path": "/vol/videos/core/produced_digital/commercials/rE1lIdtDs2g.mp4",
    "dataset": "produced_digital/commercials",
    "tier": "produced_digital",
    "study_type": "core",
    "source_fps": 25.0,
    "experiment_version": "3.2"
  }
}