{
  "video_id": "tqh9pI89GuE",
  "fps": 5.0,
  "duration": 29.8,
  "frame_count": 150,
  "scene_signals": {
    "transition_count": 16,
    "transition_timestamps": [
      1.2000000000000002,
      3.4000000000000004,
      4.800000000000001,
      7.6000000000000005,
      11.4,
      13.4,
      16.6,
      17.8,
      19.8,
      21.6,
      23.6,
      24.8,
      25.0,
      25.200000000000003,
      26.8,
      28.200000000000003
    ],
    "transition_types": [
      "hard_cut",
      "soft_cut",
      "hard_cut",
      "hard_cut",
      "hard_cut",
      "hard_cut",
      "soft_cut",
      "soft_cut",
      "hard_cut",
      "soft_cut",
      "hard_cut",
      "hard_cut",
      "soft_cut",
      "soft_cut",
      "hard_cut",
      "soft_cut"
    ],
    "transition_magnitudes": [
      574.0162115362681,
      51.12308494163466,
      434.9684409721569,
      304.5397467782883,
      118.15542094328227,
      671.2604687288563,
      69.36830293857332,
      54.06933012925386,
      6422.639545772519,
      47.48845331427069,
      3269.814489586636,
      675.4217627097961,
      77.03726440277735,
      34.90721163670333,
      120.93164983239448,
      69.38628800925044
    ],
    "scene_count": 17,
    "scene_durations": [
      1.2000000000000002,
      2.2,
      1.4000000000000004,
      2.8,
      3.8,
      2.0,
      3.200000000000001,
      1.1999999999999993,
      2.0,
      1.8000000000000007,
      2.0,
      1.1999999999999993,
      0.1999999999999993,
      0.20000000000000284,
      1.5999999999999979,
      1.4000000000000021,
      1.5999999999999979
    ],
    "scene_duration_mean": 1.7529411764705882,
    "scene_duration_std": 0.9010566653584285,
    "scene_duration_min": 0.1999999999999993,
    "scene_duration_max": 3.8,
    "scene_types": [
      "unknown",
      "unknown",
      "unknown",
      "unknown",
      "unknown",
      "unknown",
      "unknown",
      "unknown",
      "unknown",
      "unknown",
      "unknown",
      "unknown",
      "unknown",
      "unknown",
      "unknown",
      "unknown",
      "unknown"
    ],
    "transitions": [
      {
        "timestamp": 1.2000000000000002,
        "frame_index": 6,
        "transition_type": "hard_cut",
        "magnitude": 574.0162115362681
      },
      {
        "timestamp": 3.4000000000000004,
        "frame_index": 17,
        "transition_type": "soft_cut",
        "magnitude": 51.12308494163466
      },
      {
        "timestamp": 4.800000000000001,
        "frame_index": 24,
        "transition_type": "hard_cut",
        "magnitude": 434.9684409721569
      },
      {
        "timestamp": 7.6000000000000005,
        "frame_index": 38,
        "transition_type": "hard_cut",
        "magnitude": 304.5397467782883
      },
      {
        "timestamp": 11.4,
        "frame_index": 57,
        "transition_type": "hard_cut",
        "magnitude": 118.15542094328227
      },
      {
        "timestamp": 13.4,
        "frame_index": 67,
        "transition_type": "hard_cut",
        "magnitude": 671.2604687288563
      },
      {
        "timestamp": 16.6,
        "frame_index": 83,
        "transition_type": "soft_cut",
        "magnitude": 69.36830293857332
      },
      {
        "timestamp": 17.8,
        "frame_index": 89,
        "transition_type": "soft_cut",
        "magnitude": 54.06933012925386
      },
      {
        "timestamp": 19.8,
        "frame_index": 99,
        "transition_type": "hard_cut",
        "magnitude": 6422.639545772519
      },
      {
        "timestamp": 21.6,
        "frame_index": 108,
        "transition_type": "soft_cut",
        "magnitude": 47.48845331427069
      },
      {
        "timestamp": 23.6,
        "frame_index": 118,
        "transition_type": "hard_cut",
        "magnitude": 3269.814489586636
      },
      {
        "timestamp": 24.8,
        "frame_index": 124,
        "transition_type": "hard_cut",
        "magnitude": 675.4217627097961
      },
      {
        "timestamp": 25.0,
        "frame_index": 125,
        "transition_type": "soft_cut",
        "magnitude": 77.03726440277735
      },
      {
        "timestamp": 25.200000000000003,
        "frame_index": 126,
        "transition_type": "soft_cut",
        "magnitude": 34.90721163670333
      },
      {
        "timestamp": 26.8,
        "frame_index": 134,
        "transition_type": "hard_cut",
        "magnitude": 120.93164983239448
      },
      {
        "timestamp": 28.200000000000003,
        "frame_index": 141,
        "transition_type": "soft_cut",
        "magnitude": 69.38628800925044
      }
    ],
    "scenes": [
      {
        "start_time": 0.0,
        "end_time": 1.2000000000000002,
        "duration": 1.2000000000000002,
        "scene_type": "unknown",
        "start_frame": 0,
        "end_frame": 5
      },
      {
        "start_time": 1.2000000000000002,
        "end_time": 3.4000000000000004,
        "duration": 2.2,
        "scene_type": "unknown",
        "start_frame": 6,
        "end_frame": 16
      },
      {
        "start_time": 3.4000000000000004,
        "end_time": 4.800000000000001,
        "duration": 1.4000000000000004,
        "scene_type": "unknown",
        "start_frame": 17,
        "end_frame": 23
      },
      {
        "start_time": 4.800000000000001,
        "end_time": 7.6000000000000005,
        "duration": 2.8,
        "scene_type": "unknown",
        "start_frame": 24,
        "end_frame": 37
      },
      {
        "start_time": 7.6000000000000005,
        "end_time": 11.4,
        "duration": 3.8,
        "scene_type": "unknown",
        "start_frame": 38,
        "end_frame": 56
      },
      {
        "start_time": 11.4,
        "end_time": 13.4,
        "duration": 2.0,
        "scene_type": "unknown",
        "start_frame": 57,
        "end_frame": 66
      },
      {
        "start_time": 13.4,
        "end_time": 16.6,
        "duration": 3.200000000000001,
        "scene_type": "unknown",
        "start_frame": 67,
        "end_frame": 82
      },
      {
        "start_time": 16.6,
        "end_time": 17.8,
        "duration": 1.1999999999999993,
        "scene_type": "unknown",
        "start_frame": 83,
        "end_frame": 88
      },
      {
        "start_time": 17.8,
        "end_time": 19.8,
        "duration": 2.0,
        "scene_type": "unknown",
        "start_frame": 89,
        "end_frame": 98
      },
      {
        "start_time": 19.8,
        "end_time": 21.6,
        "duration": 1.8000000000000007,
        "scene_type": "unknown",
        "start_frame": 99,
        "end_frame": 107
      },
      {
        "start_time": 21.6,
        "end_time": 23.6,
        "duration": 2.0,
        "scene_type": "unknown",
        "start_frame": 108,
        "end_frame": 117
      },
      {
        "start_time": 23.6,
        "end_time": 24.8,
        "duration": 1.1999999999999993,
        "scene_type": "unknown",
        "start_frame": 118,
        "end_frame": 123
      },
      {
        "start_time": 24.8,
        "end_time": 25.0,
        "duration": 0.1999999999999993,
        "scene_type": "unknown",
        "start_frame": 124,
        "end_frame": 124
      },
      {
        "start_time": 25.0,
        "end_time": 25.200000000000003,
        "duration": 0.20000000000000284,
        "scene_type": "unknown",
        "start_frame": 125,
        "end_frame": 125
      },
      {
        "start_time": 25.200000000000003,
        "end_time": 26.8,
        "duration": 1.5999999999999979,
        "scene_type": "unknown",
        "start_frame": 126,
        "end_frame": 133
      },
      {
        "start_time": 26.8,
        "end_time": 28.200000000000003,
        "duration": 1.4000000000000021,
        "scene_type": "unknown",
        "start_frame": 134,
        "end_frame": 140
      },
      {
        "start_time": 28.200000000000003,
        "end_time": 29.8,
        "duration": 1.5999999999999979,
        "scene_type": "unknown",
        "start_frame": 141,
        "end_frame": 149
      }
    ]
  },
  "character_signals": {
    "person_counts_per_frame": [
      2,
      1,
      1,
      2,
      3,
      3,
      2,
      2,
      2,
      3,
      3,
      2,
      3,
      3,
      3,
      3,
      3,
      0,
      0,
      0,
      0,
      0,
      0,
      0,
      0,
      0,
      0,
      0,
      0,
      0,
      0,
      0,
      0,
      0,
      3,
      1,
      3,
      2,
      1,
      1,
      1,
      1,
      1,
      1,
      0,
      1,
      0,
      0,
      5,
      6,
      7,
      6,
      6,
      6,
      5,
      7,
      5,
      0,
      0,
      0,
      0,
      1,
      2,
      2,
      3,
      3,
      2,
      2,
      1,
      2,
      1,
      2,
      1,
      3,
      3,
      1,
      2,
      1,
      2,
      0,
      0,
      1,
      4,
      3,
      4,
      3,
      3,
      3,
      2,
      3,
      2,
      2,
      2,
      1,
      1,
      1,
      2,
      2,
      3,
      4,
      4,
      4,
      4,
      2,
      4,
      3,
      2,
      2,
      4,
      4,
      5,
      3,
      3,
      0,
      2,
      2,
      2,
      1,
      4,
      6,
      7,
      7,
      5,
      5,
      4,
      3,
      2,
      4,
      5,
      4,
      5,
      4,
      4,
      4,
      3,
      4,
      5,
      5,
      5,
      5,
      5,
      3,
      3,
      2,
      2,
      2,
      2,
      2,
      2,
      2
    ],
    "person_count_mode": 2,
    "person_count_mean": 2.44,
    "person_count_std": 1.8128430709799457,
    "person_count_min": 0,
    "person_count_max": 7,
    "person_count_distribution": {
      "2": 35,
      "1": 21,
      "3": 28,
      "0": 27,
      "5": 13,
      "6": 5,
      "7": 4,
      "4": 17
    },
    "character_consistency": 0.23333333333333334,
    "entry_events": [
      {
        "timestamp": 0.6000000000000001,
        "frame_index": 3,
        "event_type": "entry",
        "count_before": 1,
        "count_after": 2
      },
      {
        "timestamp": 0.8,
        "frame_index": 4,
        "event_type": "entry",
        "count_before": 2,
        "count_after": 3
      },
      {
        "timestamp": 1.8,
        "frame_index": 9,
        "event_type": "entry",
        "count_before": 2,
        "count_after": 3
      },
      {
        "timestamp": 2.4000000000000004,
        "frame_index": 12,
        "event_type": "entry",
        "count_before": 2,
        "count_after": 3
      },
      {
        "timestamp": 6.800000000000001,
        "frame_index": 34,
        "event_type": "entry",
        "count_before": 0,
        "count_after": 3
      },
      {
        "timestamp": 7.2,
        "frame_index": 36,
        "event_type": "entry",
        "count_before": 1,
        "count_after": 3
      },
      {
        "timestamp": 9.0,
        "frame_index": 45,
        "event_type": "entry",
        "count_before": 0,
        "count_after": 1
      },
      {
        "timestamp": 9.600000000000001,
        "frame_index": 48,
        "event_type": "entry",
        "count_before": 0,
        "count_after": 5
      },
      {
        "timestamp": 9.8,
        "frame_index": 49,
        "event_type": "entry",
        "count_before": 5,
        "count_after": 6
      },
      {
        "timestamp": 10.0,
        "frame_index": 50,
        "event_type": "entry",
        "count_before": 6,
        "count_after": 7
      },
      {
        "timestamp": 11.0,
        "frame_index": 55,
        "event_type": "entry",
        "count_before": 5,
        "count_after": 7
      },
      {
        "timestamp": 12.200000000000001,
        "frame_index": 61,
        "event_type": "entry",
        "count_before": 0,
        "count_after": 1
      },
      {
        "timestamp": 12.4,
        "frame_index": 62,
        "event_type": "entry",
        "count_before": 1,
        "count_after": 2
      },
      {
        "timestamp": 12.8,
        "frame_index": 64,
        "event_type": "entry",
        "count_before": 2,
        "count_after": 3
      },
      {
        "timestamp": 13.8,
        "frame_index": 69,
        "event_type": "entry",
        "count_before": 1,
        "count_after": 2
      },
      {
        "timestamp": 14.200000000000001,
        "frame_index": 71,
        "event_type": "entry",
        "count_before": 1,
        "count_after": 2
      },
      {
        "timestamp": 14.600000000000001,
        "frame_index": 73,
        "event_type": "entry",
        "count_before": 1,
        "count_after": 3
      },
      {
        "timestamp": 15.200000000000001,
        "frame_index": 76,
        "event_type": "entry",
        "count_before": 1,
        "count_after": 2
      },
      {
        "timestamp": 15.600000000000001,
        "frame_index": 78,
        "event_type": "entry",
        "count_before": 1,
        "count_after": 2
      },
      {
        "timestamp": 16.2,
        "frame_index": 81,
        "event_type": "entry",
        "count_before": 0,
        "count_after": 1
      },
      {
        "timestamp": 16.400000000000002,
        "frame_index": 82,
        "event_type": "entry",
        "count_before": 1,
        "count_after": 4
      },
      {
        "timestamp": 16.8,
        "frame_index": 84,
        "event_type": "entry",
        "count_before": 3,
        "count_after": 4
      },
      {
        "timestamp": 17.8,
        "frame_index": 89,
        "event_type": "entry",
        "count_before": 2,
        "count_after": 3
      },
      {
        "timestamp": 19.200000000000003,
        "frame_index": 96,
        "event_type": "entry",
        "count_before": 1,
        "count_after": 2
      },
      {
        "timestamp": 19.6,
        "frame_index": 98,
        "event_type": "entry",
        "count_before": 2,
        "count_after": 3
      },
      {
        "timestamp": 19.8,
        "frame_index": 99,
        "event_type": "entry",
        "count_before": 3,
        "count_after": 4
      },
      {
        "timestamp": 20.8,
        "frame_index": 104,
        "event_type": "entry",
        "count_before": 2,
        "count_after": 4
      },
      {
        "timestamp": 21.6,
        "frame_index": 108,
        "event_type": "entry",
        "count_before": 2,
        "count_after": 4
      },
      {
        "timestamp": 22.0,
        "frame_index": 110,
        "event_type": "entry",
        "count_before": 4,
        "count_after": 5
      },
      {
        "timestamp": 22.8,
        "frame_index": 114,
        "event_type": "entry",
        "count_before": 0,
        "count_after": 2
      },
      {
        "timestamp": 23.6,
        "frame_index": 118,
        "event_type": "entry",
        "count_before": 1,
        "count_after": 4
      },
      {
        "timestamp": 23.8,
        "frame_index": 119,
        "event_type": "entry",
        "count_before": 4,
        "count_after": 6
      },
      {
        "timestamp": 24.0,
        "frame_index": 120,
        "event_type": "entry",
        "count_before": 6,
        "count_after": 7
      },
      {
        "timestamp": 25.400000000000002,
        "frame_index": 127,
        "event_type": "entry",
        "count_before": 2,
        "count_after": 4
      },
      {
        "timestamp": 25.6,
        "frame_index": 128,
        "event_type": "entry",
        "count_before": 4,
        "count_after": 5
      },
      {
        "timestamp": 26.0,
        "frame_index": 130,
        "event_type": "entry",
        "count_before": 4,
        "count_after": 5
      },
      {
        "timestamp": 27.0,
        "frame_index": 135,
        "event_type": "entry",
        "count_before": 3,
        "count_after": 4
      },
      {
        "timestamp": 27.200000000000003,
        "frame_index": 136,
        "event_type": "entry",
        "count_before": 4,
        "count_after": 5
      }
    ],
    "exit_events": [
      {
        "timestamp": 0.2,
        "frame_index": 1,
        "event_type": "exit",
        "count_before": 2,
        "count_after": 1
      },
      {
        "timestamp": 1.2000000000000002,
        "frame_index": 6,
        "event_type": "exit",
        "count_before": 3,
        "count_after": 2
      },
      {
        "timestamp": 2.2,
        "frame_index": 11,
        "event_type": "exit",
        "count_before": 3,
        "count_after": 2
      },
      {
        "timestamp": 3.4000000000000004,
        "frame_index": 17,
        "event_type": "exit",
        "count_before": 3,
        "count_after": 0
      },
      {
        "timestamp": 7.0,
        "frame_index": 35,
        "event_type": "exit",
        "count_before": 3,
        "count_after": 1
      },
      {
        "timestamp": 7.4,
        "frame_index": 37,
        "event_type": "exit",
        "count_before": 3,
        "count_after": 2
      },
      {
        "timestamp": 7.6000000000000005,
        "frame_index": 38,
        "event_type": "exit",
        "count_before": 2,
        "count_after": 1
      },
      {
        "timestamp": 8.8,
        "frame_index": 44,
        "event_type": "exit",
        "count_before": 1,
        "count_after": 0
      },
      {
        "timestamp": 9.200000000000001,
        "frame_index": 46,
        "event_type": "exit",
        "count_before": 1,
        "count_after": 0
      },
      {
        "timestamp": 10.200000000000001,
        "frame_index": 51,
        "event_type": "exit",
        "count_before": 7,
        "count_after": 6
      },
      {
        "timestamp": 10.8,
        "frame_index": 54,
        "event_type": "exit",
        "count_before": 6,
        "count_after": 5
      },
      {
        "timestamp": 11.200000000000001,
        "frame_index": 56,
        "event_type": "exit",
        "count_before": 7,
        "count_after": 5
      },
      {
        "timestamp": 11.4,
        "frame_index": 57,
        "event_type": "exit",
        "count_before": 5,
        "count_after": 0
      },
      {
        "timestamp": 13.200000000000001,
        "frame_index": 66,
        "event_type": "exit",
        "count_before": 3,
        "count_after": 2
      },
      {
        "timestamp": 13.600000000000001,
        "frame_index": 68,
        "event_type": "exit",
        "count_before": 2,
        "count_after": 1
      },
      {
        "timestamp": 14.0,
        "frame_index": 70,
        "event_type": "exit",
        "count_before": 2,
        "count_after": 1
      },
      {
        "timestamp": 14.4,
        "frame_index": 72,
        "event_type": "exit",
        "count_before": 2,
        "count_after": 1
      },
      {
        "timestamp": 15.0,
        "frame_index": 75,
        "event_type": "exit",
        "count_before": 3,
        "count_after": 1
      },
      {
        "timestamp": 15.4,
        "frame_index": 77,
        "event_type": "exit",
        "count_before": 2,
        "count_after": 1
      },
      {
        "timestamp": 15.8,
        "frame_index": 79,
        "event_type": "exit",
        "count_before": 2,
        "count_after": 0
      },
      {
        "timestamp": 16.6,
        "frame_index": 83,
        "event_type": "exit",
        "count_before": 4,
        "count_after": 3
      },
      {
        "timestamp": 17.0,
        "frame_index": 85,
        "event_type": "exit",
        "count_before": 4,
        "count_after": 3
      },
      {
        "timestamp": 17.6,
        "frame_index": 88,
        "event_type": "exit",
        "count_before": 3,
        "count_after": 2
      },
      {
        "timestamp": 18.0,
        "frame_index": 90,
        "event_type": "exit",
        "count_before": 3,
        "count_after": 2
      },
      {
        "timestamp": 18.6,
        "frame_index": 93,
        "event_type": "exit",
        "count_before": 2,
        "count_after": 1
      },
      {
        "timestamp": 20.6,
        "frame_index": 103,
        "event_type": "exit",
        "count_before": 4,
        "count_after": 2
      },
      {
        "timestamp": 21.0,
        "frame_index": 105,
        "event_type": "exit",
        "count_before": 4,
        "count_after": 3
      },
      {
        "timestamp": 21.200000000000003,
        "frame_index": 106,
        "event_type": "exit",
        "count_before": 3,
        "count_after": 2
      },
      {
        "timestamp": 22.200000000000003,
        "frame_index": 111,
        "event_type": "exit",
        "count_before": 5,
        "count_after": 3
      },
      {
        "timestamp": 22.6,
        "frame_index": 113,
        "event_type": "exit",
        "count_before": 3,
        "count_after": 0
      },
      {
        "timestamp": 23.400000000000002,
        "frame_index": 117,
        "event_type": "exit",
        "count_before": 2,
        "count_after": 1
      },
      {
        "timestamp": 24.400000000000002,
        "frame_index": 122,
        "event_type": "exit",
        "count_before": 7,
        "count_after": 5
      },
      {
        "timestamp": 24.8,
        "frame_index": 124,
        "event_type": "exit",
        "count_before": 5,
        "count_after": 4
      },
      {
        "timestamp": 25.0,
        "frame_index": 125,
        "event_type": "exit",
        "count_before": 4,
        "count_after": 3
      },
      {
        "timestamp": 25.200000000000003,
        "frame_index": 126,
        "event_type": "exit",
        "count_before": 3,
        "count_after": 2
      },
      {
        "timestamp": 25.8,
        "frame_index": 129,
        "event_type": "exit",
        "count_before": 5,
        "count_after": 4
      },
      {
        "timestamp": 26.200000000000003,
        "frame_index": 131,
        "event_type": "exit",
        "count_before": 5,
        "count_after": 4
      },
      {
        "timestamp": 26.8,
        "frame_index": 134,
        "event_type": "exit",
        "count_before": 4,
        "count_after": 3
      },
      {
        "timestamp": 28.200000000000003,
        "frame_index": 141,
        "event_type": "exit",
        "count_before": 5,
        "count_after": 3
      },
      {
        "timestamp": 28.6,
        "frame_index": 143,
        "event_type": "exit",
        "count_before": 3,
        "count_after": 2
      }
    ],
    "entry_count": 38,
    "exit_count": 40,
    "entry_exit_total": 78,
    "entry_timestamps": [
      0.6000000000000001,
      0.8,
      1.8,
      2.4000000000000004,
      6.800000000000001,
      7.2,
      9.0,
      9.600000000000001,
      9.8,
      10.0,
      11.0,
      12.200000000000001,
      12.4,
      12.8,
      13.8,
      14.200000000000001,
      14.600000000000001,
      15.200000000000001,
      15.600000000000001,
      16.2,
      16.400000000000002,
      16.8,
      17.8,
      19.200000000000003,
      19.6,
      19.8,
      20.8,
      21.6,
      22.0,
      22.8,
      23.6,
      23.8,
      24.0,
      25.400000000000002,
      25.6,
      26.0,
      27.0,
      27.200000000000003
    ],
    "exit_timestamps": [
      0.2,
      1.2000000000000002,
      2.2,
      3.4000000000000004,
      7.0,
      7.4,
      7.6000000000000005,
      8.8,
      9.200000000000001,
      10.200000000000001,
      10.8,
      11.200000000000001,
      11.4,
      13.200000000000001,
      13.600000000000001,
      14.0,
      14.4,
      15.0,
      15.4,
      15.8,
      16.6,
      17.0,
      17.6,
      18.0,
      18.6,
      20.6,
      21.0,
      21.200000000000003,
      22.200000000000003,
      22.6,
      23.400000000000002,
      24.400000000000002,
      24.8,
      25.0,
      25.200000000000003,
      25.8,
      26.200000000000003,
      26.8,
      28.200000000000003,
      28.6
    ]
  },
  "visual_signals": {
    "unique_objects": [
      "person",
      "chair",
      "cell phone",
      "train",
      "sports ball",
      "cat",
      "fork",
      "backpack"
    ],
    "unique_object_count": 8,
    "persistent_objects": [
      "person"
    ],
    "persistent_object_count": 1,
    "transient_objects": [
      "chair",
      "cell phone",
      "train",
      "sports ball",
      "cat",
      "fork",
      "backpack"
    ],
    "transient_object_count": 7,
    "object_frequency": {
      "person": 0.82,
      "chair": 0.03333333333333333,
      "cell phone": 0.006666666666666667,
      "train": 0.006666666666666667,
      "sports ball": 0.03333333333333333,
      "cat": 0.006666666666666667,
      "fork": 0.006666666666666667,
      "backpack": 0.006666666666666667
    },
    "object_frame_counts": {
      "person": 123,
      "chair": 5,
      "cell phone": 1,
      "train": 1,
      "sports ball": 5,
      "cat": 1,
      "fork": 1,
      "backpack": 1
    },
    "object_first_appearance": {
      "person": 0.0,
      "chair": 0.4,
      "cell phone": 1.8,
      "train": 5.6000000000000005,
      "sports ball": 6.800000000000001,
      "cat": 15.8,
      "fork": 22.8,
      "backpack": 25.0
    },
    "object_last_appearance": {
      "person": 29.8,
      "chair": 27.0,
      "cell phone": 1.8,
      "train": 5.6000000000000005,
      "sports ball": 11.0,
      "cat": 15.8,
      "fork": 22.8,
      "backpack": 25.0
    },
    "objects_per_frame": [
      [
        "person"
      ],
      [
        "person"
      ],
      [
        "person",
        "chair"
      ],
      [
        "person",
        "chair"
      ],
      [
        "person"
      ],
      [
        "person"
      ],
      [
        "person"
      ],
      [
        "person"
      ],
      [
        "person"
      ],
      [
        "person",
        "cell phone"
      ],
      [
        "person"
      ],
      [
        "person"
      ],
      [
        "person"
      ],
      [
        "person"
      ],
      [
        "person"
      ],
      [
        "person"
      ],
      [
        "person"
      ],
      [],
      [],
      [],
      [],
      [],
      [],
      [],
      [],
      [],
      [],
      [],
      [
        "train"
      ],
      [],
      [],
      [],
      [],
      [],
      [
        "sports ball",
        "person"
      ],
      [
        "sports ball",
        "person"
      ],
      [
        "sports ball",
        "person"
      ],
      [
        "sports ball",
        "person"
      ],
      [
        "person"
      ],
      [
        "person"
      ],
      [
        "person"
      ],
      [
        "person"
      ],
      [
        "person"
      ],
      [
        "person"
      ],
      [],
      [
        "person"
      ],
      [],
      [],
      [
        "person"
      ],
      [
        "person"
      ],
      [
        "person"
      ],
      [
        "person"
      ],
      [
        "person"
      ],
      [
        "person"
      ],
      [
        "person"
      ],
      [
        "sports ball",
        "person"
      ],
      [
        "person"
      ],
      [],
      [],
      [],
      [],
      [
        "person"
      ],
      [
        "person"
      ],
      [
        "person"
      ],
      [
        "person"
      ],
      [
        "person"
      ],
      [
        "person"
      ],
      [
        "person"
      ],
      [
        "person"
      ],
      [
        "person"
      ],
      [
        "person"
      ],
      [
        "person"
      ],
      [
        "person"
      ],
      [
        "person"
      ],
      [
        "person"
      ],
      [
        "person"
      ],
      [
        "person"
      ],
      [
        "person"
      ],
      [
        "person"
      ],
      [
        "cat"
      ],
      [],
      [
        "person"
      ],
      [
        "person"
      ],
      [
        "person"
      ],
      [
        "person"
      ],
      [
        "person"
      ],
      [
        "person"
      ],
      [
        "person"
      ],
      [
        "person"
      ],
      [
        "person"
      ],
      [
        "person"
      ],
      [
        "person"
      ],
      [
        "person"
      ],
      [
        "person"
      ],
      [
        "person"
      ],
      [
        "person"
      ],
      [
        "person"
      ],
      [
        "person"
      ],
      [
        "person"
      ],
      [
        "person"
      ],
      [
        "person"
      ],
      [
        "person"
      ],
      [
        "person"
      ],
      [
        "person"
      ],
      [
        "person"
      ],
      [
        "person"
      ],
      [
        "person"
      ],
      [
        "person"
      ],
      [
        "person"
      ],
      [
        "person"
      ],
      [
        "person"
      ],
      [
        "person"
      ],
      [
        "person"
      ],
      [],
      [
        "person",
        "fork"
      ],
      [
        "person"
      ],
      [
        "person"
      ],
      [
        "person"
      ],
      [
        "person",
        "chair"
      ],
      [
        "person"
      ],
      [
        "person"
      ],
      [
        "person"
      ],
      [
        "person"
      ],
      [
        "person"
      ],
      [
        "person"
      ],
      [
        "person",
        "backpack"
      ],
      [
        "person"
      ],
      [
        "person"
      ],
      [
        "person"
      ],
      [
        "person"
      ],
      [
        "person"
      ],
      [
        "person"
      ],
      [
        "person"
      ],
      [
        "person"
      ],
      [
        "person",
        "chair"
      ],
      [
        "person",
        "chair"
      ],
      [
        "person"
      ],
      [
        "person"
      ],
      [
        "person"
      ],
      [
        "person"
      ],
      [
        "person"
      ],
      [
        "person"
      ],
      [
        "person"
      ],
      [
        "person"
      ],
      [
        "person"
      ],
      [
        "person"
      ],
      [
        "person"
      ],
      [
        "person"
      ],
      [
        "person"
      ],
      [
        "person"
      ]
    ],
    "appearances": [
      {
        "object_class": "person",
        "first_appearance": 0.0,
        "last_appearance": 29.8,
        "frame_count": 123,
        "frequency": 0.82
      },
      {
        "object_class": "chair",
        "first_appearance": 0.4,
        "last_appearance": 27.0,
        "frame_count": 5,
        "frequency": 0.03333333333333333
      },
      {
        "object_class": "cell phone",
        "first_appearance": 1.8,
        "last_appearance": 1.8,
        "frame_count": 1,
        "frequency": 0.006666666666666667
      },
      {
        "object_class": "train",
        "first_appearance": 5.6000000000000005,
        "last_appearance": 5.6000000000000005,
        "frame_count": 1,
        "frequency": 0.006666666666666667
      },
      {
        "object_class": "sports ball",
        "first_appearance": 6.800000000000001,
        "last_appearance": 11.0,
        "frame_count": 5,
        "frequency": 0.03333333333333333
      },
      {
        "object_class": "cat",
        "first_appearance": 15.8,
        "last_appearance": 15.8,
        "frame_count": 1,
        "frequency": 0.006666666666666667
      },
      {
        "object_class": "fork",
        "first_appearance": 22.8,
        "last_appearance": 22.8,
        "frame_count": 1,
        "frequency": 0.006666666666666667
      },
      {
        "object_class": "backpack",
        "first_appearance": 25.0,
        "last_appearance": 25.0,
        "frame_count": 1,
        "frequency": 0.006666666666666667
      }
    ]
  },
  "atmosphere_signals": {
    "brightness_values": [
      50.68705186631944,
      50.53416015625,
      50.328419053819445,
      50.20840277777778,
      49.756565755208335,
      49.24767035590278,
      63.240179036458336,
      65.7426638454861,
      63.883330078125,
      61.38692274305556,
      58.86647786458333,
      57.568774956597224,
      57.32963650173611,
      57.89546115451389,
      59.037418619791666,
      62.179820963541665,
      59.96470811631944,
      101.87870442708333,
      102.01903971354167,
      102.26834526909722,
      102.33616536458334,
      102.53086263020833,
      102.61927734375,
      102.69669270833333,
      65.42995768229167,
      65.69654622395834,
      79.21335720486111,
      77.08525499131945,
      78.97984266493056,
      78.48012586805555,
      79.05180121527778,
      80.10847005208333,
      80.52710177951388,
      80.54593424479167,
      58.200113932291664,
      58.43445746527778,
      60.267391493055555,
      61.22020616319445,
      57.20056857638889,
      57.6646484375,
      57.61972113715278,
      58.038256293402775,
      58.229565972222225,
      58.26814453125,
      58.41675998263889,
      58.461002604166666,
      58.646800130208334,
      58.741916232638886,
      54.458642578125,
      55.18493706597222,
      54.655302734375,
      53.668307291666665,
      53.56108072916667,
      53.27052951388889,
      53.410526258680555,
      53.62847981770833,
      53.68202799479167,
      72.45830078125,
      72.68033854166667,
      72.82439127604167,
      73.51363064236111,
      74.11901150173611,
      55.53144314236111,
      55.681285807291665,
      55.96910915798611,
      57.27650499131944,
      57.87026909722222,
      55.16408745659722,
      58.184873046875,
      64.56743272569445,
      70.32822265625,
      69.47977105034722,
      73.472998046875,
      47.77355034722222,
      47.528003472222224,
      47.70192057291667,
      38.706051432291666,
      33.27539279513889,
      38.72900390625,
      63.47583984375,
      63.85611762152778,
      61.36683159722222,
      53.31961154513889,
      59.727307942708336,
      37.40513020833333,
      42.15514431423611,
      43.90301649305555,
      44.125897352430556,
      45.77814019097222,
      51.83251085069445,
      57.35780924479167,
      57.415233289930555,
      57.62355685763889,
      56.68267903645833,
      63.369106987847225,
      63.07622829861111,
      62.32336697048611,
      62.44904405381944,
      63.69431423611111,
      58.178074001736114,
      58.56246419270833,
      58.93005967881945,
      58.32201388888889,
      57.25159613715278,
      56.14000108506944,
      62.13449001736111,
      60.21288302951389,
      59.96282335069444,
      64.98906358506945,
      71.29539388020834,
      72.17597439236111,
      74.35076497395833,
      73.03722222222223,
      41.31397243923611,
      39.91309461805555,
      41.688741319444446,
      38.72638888888889,
      38.62153428819445,
      75.97614691840278,
      99.80962131076389,
      126.02260850694445,
      129.67822699652777,
      128.27861653645834,
      126.61892578125,
      116.00907009548611,
      98.44978407118056,
      92.00589735243055,
      91.97349826388889,
      84.03049479166667,
      85.68001410590277,
      87.94467122395834,
      90.21938259548611,
      90.18620659722222,
      88.44546549479166,
      87.90727213541666,
      87.37949435763889,
      72.82077365451389,
      72.89948893229166,
      73.0417578125,
      72.99273654513888,
      73.07271484375,
      52.93890842013889,
      52.52325954861111,
      52.51064887152778,
      52.78381401909722,
      53.14098090277778,
      51.75697374131944,
      51.72332573784722,
      51.57601996527778,
      51.766826171875
    ],
    "brightness_mean": 65.7733146122685,
    "brightness_std": 18.95693923877243,
    "brightness_min": 33.27539279513889,
    "brightness_max": 129.67822699652777,
    "brightness_range": 96.40283420138888,
    "lighting_changes": [
      {
        "timestamp": 3.4000000000000004,
        "frame_index": 17,
        "brightness_before": 59.96470811631944,
        "brightness_after": 101.87870442708333,
        "magnitude": 41.91399631076389
      },
      {
        "timestamp": 4.800000000000001,
        "frame_index": 24,
        "brightness_before": 102.69669270833333,
        "brightness_after": 65.42995768229167,
        "magnitude": 37.26673502604166
      },
      {
        "timestamp": 6.800000000000001,
        "frame_index": 34,
        "brightness_before": 80.54593424479167,
        "brightness_after": 58.200113932291664,
        "magnitude": 22.345820312500003
      },
      {
        "timestamp": 14.600000000000001,
        "frame_index": 73,
        "brightness_before": 73.472998046875,
        "brightness_after": 47.77355034722222,
        "magnitude": 25.699447699652787
      },
      {
        "timestamp": 15.8,
        "frame_index": 79,
        "brightness_before": 38.72900390625,
        "brightness_after": 63.47583984375,
        "magnitude": 24.746835937500002
      },
      {
        "timestamp": 16.8,
        "frame_index": 84,
        "brightness_before": 59.727307942708336,
        "brightness_after": 37.40513020833333,
        "magnitude": 22.322177734375003
      },
      {
        "timestamp": 22.6,
        "frame_index": 113,
        "brightness_before": 73.03722222222223,
        "brightness_after": 41.31397243923611,
        "magnitude": 31.723249782986116
      },
      {
        "timestamp": 23.6,
        "frame_index": 118,
        "brightness_before": 38.62153428819445,
        "brightness_after": 75.97614691840278,
        "magnitude": 37.35461263020833
      },
      {
        "timestamp": 23.8,
        "frame_index": 119,
        "brightness_before": 75.97614691840278,
        "brightness_after": 99.80962131076389,
        "magnitude": 23.83347439236111
      },
      {
        "timestamp": 24.0,
        "frame_index": 120,
        "brightness_before": 99.80962131076389,
        "brightness_after": 126.02260850694445,
        "magnitude": 26.212987196180563
      },
      {
        "timestamp": 28.200000000000003,
        "frame_index": 141,
        "brightness_before": 73.07271484375,
        "brightness_after": 52.93890842013889,
        "magnitude": 20.13380642361112
      }
    ],
    "lighting_change_count": 11,
    "setting_type": "indoor",
    "dominant_colors_rgb": [
      [
        "70",
        "68",
        "52"
      ],
      [
        "18",
        "22",
        "19"
      ],
      [
        "160",
        "160",
        "119"
      ]
    ],
    "dominant_colors": [
      "brown",
      "black",
      "gray"
    ]
  },
  "action_signals": {
    "intensity_timeline": [
      0.0,
      0.06669270992279053,
      0.062439589500427245,
      0.05855016231536865,
      0.051669955253601074,
      0.04135292053222656,
      0.17778173446655274,
      0.05892232418060303,
      0.06176316261291504,
      0.051916584968566895,
      0.05583298683166504,
      0.0561870002746582,
      0.03214680671691895,
      0.030466902256011962,
      0.061200270652771,
      0.05657757759094238,
      0.04632835388183594,
      0.2099992561340332,
      0.020299129486083985,
      0.020830833911895753,
      0.017811992168426515,
      0.02201383113861084,
      0.020734071731567383,
      0.02004371404647827,
      0.14316561698913574,
      0.024418773651123046,
      0.2025846290588379,
      0.06076355934143066,
      0.056746234893798826,
      0.030931441783905028,
      0.03454852819442749,
      0.030041162967681886,
      0.01236531138420105,
      0.010222254991531373,
      0.3691308212280273,
      0.06066068172454834,
      0.08116390228271485,
      0.08266533851623535,
      0.15617618560791016,
      0.041525750160217284,
      0.03351719617843628,
      0.04160387516021728,
      0.04112015724182129,
      0.041502556800842284,
      0.033287503719329835,
      0.040872931480407715,
      0.04074795246124267,
      0.039487712383270264,
      0.18619123458862305,
      0.04438654899597168,
      0.05297435283660889,
      0.04489636421203613,
      0.05120168685913086,
      0.046419472694396974,
      0.033996250629425045,
      0.044205183982849124,
      0.04140735626220703,
      0.15373841285705567,
      0.02627711057662964,
      0.017771387100219728,
      0.02674443006515503,
      0.03436684608459473,
      0.09542806625366211,
      0.038463094234466554,
      0.02810059309005737,
      0.03772325038909912,
      0.033648483753204346,
      0.143941707611084,
      0.13301401138305663,
      0.09871525764465332,
      0.08724308013916016,
      0.076903076171875,
      0.06971179008483887,
      0.1463432502746582,
      0.0558909273147583,
      0.07433608531951905,
      0.07833690643310547,
      0.08249650955200195,
      0.08594039916992187,
      0.13919615745544434,
      0.056314120292663576,
      0.12296544075012207,
      0.10223151206970214,
      0.09277924537658691,
      0.18762083053588868,
      0.06748382091522216,
      0.0761402416229248,
      0.0630152702331543,
      0.0796375560760498,
      0.07062126636505127,
      0.12559696197509765,
      0.04047354221343994,
      0.041663436889648436,
      0.06792877197265625,
      0.10449905395507812,
      0.07236993312835693,
      0.08991952896118165,
      0.07640571594238281,
      0.09381951332092285,
      0.15992921829223633,
      0.04711799144744873,
      0.043065423965454104,
      0.04531761169433594,
      0.026873390674591064,
      0.041079621315002444,
      0.1633440399169922,
      0.1036446475982666,
      0.08267193794250488,
      0.16486204147338868,
      0.1031942081451416,
      0.08431369781494141,
      0.09660730361938477,
      0.10207179069519043,
      0.112756986618042,
      0.04254886627197266,
      0.06587835788726806,
      0.06665542602539062,
      0.04114408493041992,
      0.17475526809692382,
      0.161947021484375,
      0.19650592803955078,
      0.17886220932006835,
      0.15830281257629394,
      0.11312166213989258,
      0.09080748558044434,
      0.11470404624938965,
      0.12892745018005372,
      0.12870992660522462,
      0.13181137084960937,
      0.14443531036376953,
      0.1895843505859375,
      0.09808624267578125,
      0.03754584074020386,
      0.050625367164611815,
      0.04906893253326416,
      0.038879313468933106,
      0.21421054840087891,
      0.008176421523094177,
      0.009943639636039734,
      0.008071145415306092,
      0.014279460906982422,
      0.1820662498474121,
      0.038139543533325194,
      0.04792728900909424,
      0.06429924488067627,
      0.03510461091995239,
      0.14529917716979981,
      0.019787250757217406,
      0.014487442970275878,
      0.011197898387908935
    ],
    "intensity_mean": 0.07696702735821406,
    "intensity_std": 0.05632340021986279,
    "intensity_min": 0.0,
    "intensity_max": 0.3691308212280273,
    "intensity_trend": "stable",
    "peak_moments": [
      {
        "timestamp": 1.2000000000000002,
        "frame_index": 6,
        "intensity": 0.17778173446655274,
        "moment_type": "peak"
      },
      {
        "timestamp": 3.4000000000000004,
        "frame_index": 17,
        "intensity": 0.2099992561340332,
        "moment_type": "peak"
      },
      {
        "timestamp": 4.800000000000001,
        "frame_index": 24,
        "intensity": 0.14316561698913574,
        "moment_type": "peak"
      },
      {
        "timestamp": 5.2,
        "frame_index": 26,
        "intensity": 0.2025846290588379,
        "moment_type": "peak"
      },
      {
        "timestamp": 6.800000000000001,
        "frame_index": 34,
        "intensity": 0.3691308212280273,
        "moment_type": "peak"
      },
      {
        "timestamp": 9.600000000000001,
        "frame_index": 48,
        "intensity": 0.18619123458862305,
        "moment_type": "peak"
      },
      {
        "timestamp": 11.4,
        "frame_index": 57,
        "intensity": 0.15373841285705567,
        "moment_type": "peak"
      },
      {
        "timestamp": 16.8,
        "frame_index": 84,
        "intensity": 0.18762083053588868,
        "moment_type": "peak"
      },
      {
        "timestamp": 19.8,
        "frame_index": 99,
        "intensity": 0.15992921829223633,
        "moment_type": "peak"
      },
      {
        "timestamp": 21.6,
        "frame_index": 108,
        "intensity": 0.16486204147338868,
        "moment_type": "peak"
      },
      {
        "timestamp": 24.0,
        "frame_index": 120,
        "intensity": 0.19650592803955078,
        "moment_type": "peak"
      },
      {
        "timestamp": 27.200000000000003,
        "frame_index": 136,
        "intensity": 0.21421054840087891,
        "moment_type": "peak"
      },
      {
        "timestamp": 28.200000000000003,
        "frame_index": 141,
        "intensity": 0.1820662498474121,
        "moment_type": "peak"
      },
      {
        "timestamp": 29.200000000000003,
        "frame_index": 146,
        "intensity": 0.14529917716979981,
        "moment_type": "peak"
      }
    ],
    "valley_moments": [
      {
        "timestamp": 2.6,
        "frame_index": 13,
        "intensity": 0.030466902256011962,
        "moment_type": "valley"
      },
      {
        "timestamp": 4.0,
        "frame_index": 20,
        "intensity": 0.017811992168426515,
        "moment_type": "valley"
      },
      {
        "timestamp": 5.0,
        "frame_index": 25,
        "intensity": 0.024418773651123046,
        "moment_type": "valley"
      },
      {
        "timestamp": 6.6000000000000005,
        "frame_index": 33,
        "intensity": 0.010222254991531373,
        "moment_type": "valley"
      },
      {
        "timestamp": 8.8,
        "frame_index": 44,
        "intensity": 0.033287503719329835,
        "moment_type": "valley"
      },
      {
        "timestamp": 10.8,
        "frame_index": 54,
        "intensity": 0.033996250629425045,
        "moment_type": "valley"
      },
      {
        "timestamp": 11.8,
        "frame_index": 59,
        "intensity": 0.017771387100219728,
        "moment_type": "valley"
      },
      {
        "timestamp": 18.2,
        "frame_index": 91,
        "intensity": 0.04047354221343994,
        "moment_type": "valley"
      },
      {
        "timestamp": 20.6,
        "frame_index": 103,
        "intensity": 0.026873390674591064,
        "moment_type": "valley"
      },
      {
        "timestamp": 23.400000000000002,
        "frame_index": 117,
        "intensity": 0.04114408493041992,
        "moment_type": "valley"
      },
      {
        "timestamp": 26.400000000000002,
        "frame_index": 132,
        "intensity": 0.03754584074020386,
        "moment_type": "valley"
      },
      {
        "timestamp": 27.8,
        "frame_index": 139,
        "intensity": 0.008071145415306092,
        "moment_type": "valley"
      },
      {
        "timestamp": 29.0,
        "frame_index": 145,
        "intensity": 0.03510461091995239,
        "moment_type": "valley"
      }
    ],
    "peak_timestamps": [
      1.2000000000000002,
      3.4000000000000004,
      4.800000000000001,
      5.2,
      6.800000000000001,
      9.600000000000001,
      11.4,
      16.8,
      19.8,
      21.6,
      24.0,
      27.200000000000003,
      28.200000000000003,
      29.200000000000003
    ],
    "valley_timestamps": [
      2.6,
      4.0,
      5.0,
      6.6000000000000005,
      8.8,
      10.8,
      11.8,
      18.2,
      20.6,
      23.400000000000002,
      26.400000000000002,
      27.8,
      29.0
    ],
    "peak_count": 14,
    "valley_count": 13,
    "action_variance": 0.0031723254123268395
  },
  "temporal_signals": {
    "frame_change_scores": [
      0.0,
      0.2938024881480523,
      0.2953681231788585,
      0.30736415024244546,
      0.2858985031351119,
      0.23075094838438737,
      0.7642354329421233,
      0.264268321752829,
      0.2913138397974053,
      0.24568636101318975,
      0.22249371704674714,
      0.22731076620345636,
      0.1295835622941176,
      0.12767860734032976,
      0.2460332147325608,
      0.3150623913232392,
      0.2627920966550835,
      0.8687139314344239,
      0.09507872997823186,
      0.10144256432079046,
      0.06382618338329948,
      0.09820253156058723,
      0.08642088868233955,
      0.08374818755361235,
      0.8378318978816791,
      0.121559208088172,
      0.8110988530766227,
      0.2831505046917455,
      0.2599680650615662,
      0.13230831158097756,
      0.13907778190806896,
      0.13187804953821214,
      0.06999034809697924,
      0.05861148074178446,
      0.8242779595157999,
      0.24732755363469328,
      0.34898520549181544,
      0.39109881330081164,
      0.8057789418692018,
      0.24605396738561325,
      0.19471325597691624,
      0.24871574917346317,
      0.24642948417639576,
      0.24715404729669244,
      0.19622132625580702,
      0.24456266933278814,
      0.2409473345862152,
      0.23339565169982246,
      0.8297756723184277,
      0.24469546128486608,
      0.28720339160308084,
      0.27080873849177667,
      0.28595518092326955,
      0.2733000652582682,
      0.21116679400104776,
      0.25166702969757226,
      0.2429446128832936,
      0.7421463797520209,
      0.1631391634201973,
      0.09522244814919345,
      0.13705187442379407,
      0.19387768167831898,
      0.6758177412280737,
      0.18664365987129328,
      0.13799719055922965,
      0.19692526469989924,
      0.1839720921303667,
      0.768731641206233,
      0.6521536945025472,
      0.5092931137011748,
      0.48301476181958825,
      0.41587104533453134,
      0.3757490522191501,
      0.7892988223703015,
      0.3797339484594472,
      0.48170697314160715,
      0.492358915766378,
      0.4754954832577092,
      0.4998255251458593,
      0.7181949400648378,
      0.41542290275081317,
      0.7470220607886733,
      0.47832247423926977,
      0.5045909574947219,
      0.8003377969114291,
      0.39060288710445856,
      0.47120398631486204,
      0.49914800507472223,
      0.4758014796256568,
      0.47229012687214456,
      0.7275310798655303,
      0.19521926905048526,
      0.25958837494108833,
      0.3945021298709306,
      0.7383115177581735,
      0.5460841419438394,
      0.5166658866135765,
      0.45194936391062546,
      0.41602657594415404,
      0.7607490621370014,
      0.25192613660419594,
      0.23348668511024617,
      0.23198029593724556,
      0.1440589546944685,
      0.1840896815757641,
      0.8125905939766012,
      0.3681807883411825,
      0.3142839479960289,
      0.7657176234535416,
      0.44459376298615916,
      0.4233034354014036,
      0.43351428980301243,
      0.48548083011684673,
      0.7300873433415791,
      0.38646702152413326,
      0.4298069555282322,
      0.383153624602252,
      0.3062579148986405,
      0.7486224854485946,
      0.5969309976249216,
      0.6461195119908191,
      0.6005251510642616,
      0.536380632178689,
      0.4393959135914919,
      0.48890685275426193,
      0.5394242674741279,
      0.5911905866294229,
      0.5187451149938038,
      0.44722948975906185,
      0.41595986947567276,
      0.4409342251837792,
      0.3845999882252731,
      0.14070497542735116,
      0.18632512528425793,
      0.19654671066896656,
      0.15793124198822261,
      0.8773649593717251,
      0.0168987729415514,
      0.027228645796290585,
      0.020214554581775013,
      0.04646415444053431,
      0.8356560386031462,
      0.12225606512088749,
      0.17235804412192446,
      0.22449250545347232,
      0.12608197051965409,
      0.7225081492023224,
      0.11222967839175824,
      0.07661812317098993,
      0.06316579956215596
    ],
    "change_score_mean": 0.3682020728464885,
    "change_score_std": 0.23049489991159075,
    "change_score_max": 0.8773649593717251,
    "temporal_gaps": [],
    "temporal_gap_count": 0,
    "temporal_gap_total_duration": 0.0,
    "transition_similarity_scores": [
      0.2357645670578767,
      0.13128606856557606,
      0.16216810211832092,
      0.19422105813079812,
      0.25785362024797903,
      0.231268358793767,
      0.49540904250527806,
      0.5277098731278554,
      0.2392509378629985,
      0.23428237654645842,
      0.2513775145514054,
      0.5110931472457381,
      0.4605757325258721,
      0.4088094133705771,
      0.8034532893310334,
      0.1643439613968538
    ],
    "transition_similarity_mean": 0.33180419146114926,
    "temporal_density": 4.530201342281879
  },
  "metadata": {
    "video_path": "/vol/videos/core/produced_digital/commercials/tqh9pI89GuE.mp4",
    "dataset": "produced_digital/commercials",
    "tier": "produced_digital",
    "study_type": "core",
    "source_fps": 23.976023976023978,
    "experiment_version": "3.2"
  }
}