{
  "video_id": "tqh9pI89GuE",
  "fps": 10.0,
  "duration": 29.900000000000002,
  "frame_count": 300,
  "scene_signals": {
    "transition_count": 15,
    "transition_timestamps": [
      1.2000000000000002,
      3.3000000000000003,
      4.7,
      7.6000000000000005,
      11.3,
      13.4,
      17.7,
      19.700000000000003,
      21.5,
      23.5,
      24.700000000000003,
      24.8,
      25.1,
      26.700000000000003,
      28.200000000000003
    ],
    "transition_types": [
      "hard_cut",
      "soft_cut",
      "hard_cut",
      "hard_cut",
      "hard_cut",
      "hard_cut",
      "soft_cut",
      "hard_cut",
      "soft_cut",
      "hard_cut",
      "hard_cut",
      "hard_cut",
      "soft_cut",
      "soft_cut",
      "soft_cut"
    ],
    "transition_magnitudes": [
      676.8835483482707,
      51.1252850080131,
      372.2873712796958,
      699.2884190890348,
      114.1577548295453,
      562.6253938540154,
      34.67162171055675,
      6544.082174190673,
      70.85356864947677,
      4879.251789718128,
      619.5417883982026,
      933.0396914771358,
      29.268323816930977,
      48.85485844010281,
      66.27322600237208
    ],
    "scene_count": 16,
    "scene_durations": [
      1.2000000000000002,
      2.1,
      1.4,
      2.9000000000000004,
      3.7,
      2.0999999999999996,
      4.299999999999999,
      2.0000000000000036,
      1.7999999999999972,
      2.0,
      1.2000000000000028,
      0.09999999999999787,
      0.3000000000000007,
      1.6000000000000014,
      1.5,
      1.6999999999999993
    ],
    "scene_duration_mean": 1.8687500000000001,
    "scene_duration_std": 1.043263359607726,
    "scene_duration_min": 0.09999999999999787,
    "scene_duration_max": 4.299999999999999,
    "scene_types": [
      "unknown",
      "unknown",
      "unknown",
      "unknown",
      "unknown",
      "unknown",
      "unknown",
      "unknown",
      "unknown",
      "unknown",
      "unknown",
      "unknown",
      "unknown",
      "unknown",
      "unknown",
      "unknown"
    ],
    "transitions": [
      {
        "timestamp": 1.2000000000000002,
        "frame_index": 12,
        "transition_type": "hard_cut",
        "magnitude": 676.8835483482707
      },
      {
        "timestamp": 3.3000000000000003,
        "frame_index": 33,
        "transition_type": "soft_cut",
        "magnitude": 51.1252850080131
      },
      {
        "timestamp": 4.7,
        "frame_index": 47,
        "transition_type": "hard_cut",
        "magnitude": 372.2873712796958
      },
      {
        "timestamp": 7.6000000000000005,
        "frame_index": 76,
        "transition_type": "hard_cut",
        "magnitude": 699.2884190890348
      },
      {
        "timestamp": 11.3,
        "frame_index": 113,
        "transition_type": "hard_cut",
        "magnitude": 114.1577548295453
      },
      {
        "timestamp": 13.4,
        "frame_index": 134,
        "transition_type": "hard_cut",
        "magnitude": 562.6253938540154
      },
      {
        "timestamp": 17.7,
        "frame_index": 177,
        "transition_type": "soft_cut",
        "magnitude": 34.67162171055675
      },
      {
        "timestamp": 19.700000000000003,
        "frame_index": 197,
        "transition_type": "hard_cut",
        "magnitude": 6544.082174190673
      },
      {
        "timestamp": 21.5,
        "frame_index": 215,
        "transition_type": "soft_cut",
        "magnitude": 70.85356864947677
      },
      {
        "timestamp": 23.5,
        "frame_index": 235,
        "transition_type": "hard_cut",
        "magnitude": 4879.251789718128
      },
      {
        "timestamp": 24.700000000000003,
        "frame_index": 247,
        "transition_type": "hard_cut",
        "magnitude": 619.5417883982026
      },
      {
        "timestamp": 24.8,
        "frame_index": 248,
        "transition_type": "hard_cut",
        "magnitude": 933.0396914771358
      },
      {
        "timestamp": 25.1,
        "frame_index": 251,
        "transition_type": "soft_cut",
        "magnitude": 29.268323816930977
      },
      {
        "timestamp": 26.700000000000003,
        "frame_index": 267,
        "transition_type": "soft_cut",
        "magnitude": 48.85485844010281
      },
      {
        "timestamp": 28.200000000000003,
        "frame_index": 282,
        "transition_type": "soft_cut",
        "magnitude": 66.27322600237208
      }
    ],
    "scenes": [
      {
        "start_time": 0.0,
        "end_time": 1.2000000000000002,
        "duration": 1.2000000000000002,
        "scene_type": "unknown",
        "start_frame": 0,
        "end_frame": 11
      },
      {
        "start_time": 1.2000000000000002,
        "end_time": 3.3000000000000003,
        "duration": 2.1,
        "scene_type": "unknown",
        "start_frame": 12,
        "end_frame": 32
      },
      {
        "start_time": 3.3000000000000003,
        "end_time": 4.7,
        "duration": 1.4,
        "scene_type": "unknown",
        "start_frame": 33,
        "end_frame": 46
      },
      {
        "start_time": 4.7,
        "end_time": 7.6000000000000005,
        "duration": 2.9000000000000004,
        "scene_type": "unknown",
        "start_frame": 47,
        "end_frame": 75
      },
      {
        "start_time": 7.6000000000000005,
        "end_time": 11.3,
        "duration": 3.7,
        "scene_type": "unknown",
        "start_frame": 76,
        "end_frame": 112
      },
      {
        "start_time": 11.3,
        "end_time": 13.4,
        "duration": 2.0999999999999996,
        "scene_type": "unknown",
        "start_frame": 113,
        "end_frame": 133
      },
      {
        "start_time": 13.4,
        "end_time": 17.7,
        "duration": 4.299999999999999,
        "scene_type": "unknown",
        "start_frame": 134,
        "end_frame": 176
      },
      {
        "start_time": 17.7,
        "end_time": 19.700000000000003,
        "duration": 2.0000000000000036,
        "scene_type": "unknown",
        "start_frame": 177,
        "end_frame": 196
      },
      {
        "start_time": 19.700000000000003,
        "end_time": 21.5,
        "duration": 1.7999999999999972,
        "scene_type": "unknown",
        "start_frame": 197,
        "end_frame": 214
      },
      {
        "start_time": 21.5,
        "end_time": 23.5,
        "duration": 2.0,
        "scene_type": "unknown",
        "start_frame": 215,
        "end_frame": 234
      },
      {
        "start_time": 23.5,
        "end_time": 24.700000000000003,
        "duration": 1.2000000000000028,
        "scene_type": "unknown",
        "start_frame": 235,
        "end_frame": 246
      },
      {
        "start_time": 24.700000000000003,
        "end_time": 24.8,
        "duration": 0.09999999999999787,
        "scene_type": "unknown",
        "start_frame": 247,
        "end_frame": 247
      },
      {
        "start_time": 24.8,
        "end_time": 25.1,
        "duration": 0.3000000000000007,
        "scene_type": "unknown",
        "start_frame": 248,
        "end_frame": 250
      },
      {
        "start_time": 25.1,
        "end_time": 26.700000000000003,
        "duration": 1.6000000000000014,
        "scene_type": "unknown",
        "start_frame": 251,
        "end_frame": 266
      },
      {
        "start_time": 26.700000000000003,
        "end_time": 28.200000000000003,
        "duration": 1.5,
        "scene_type": "unknown",
        "start_frame": 267,
        "end_frame": 281
      },
      {
        "start_time": 28.200000000000003,
        "end_time": 29.900000000000002,
        "duration": 1.6999999999999993,
        "scene_type": "unknown",
        "start_frame": 282,
        "end_frame": 299
      }
    ]
  },
  "character_signals": {
    "person_counts_per_frame": [
      2,
      3,
      1,
      2,
      1,
      2,
      2,
      3,
      3,
      2,
      3,
      3,
      2,
      2,
      2,
      2,
      2,
      3,
      3,
      3,
      3,
      2,
      2,
      3,
      3,
      3,
      3,
      4,
      3,
      3,
      3,
      3,
      3,
      0,
      0,
      0,
      0,
      0,
      0,
      0,
      0,
      0,
      0,
      0,
      0,
      0,
      0,
      1,
      0,
      0,
      0,
      1,
      0,
      0,
      0,
      0,
      0,
      0,
      0,
      0,
      0,
      0,
      0,
      0,
      0,
      0,
      0,
      0,
      3,
      3,
      1,
      4,
      3,
      3,
      2,
      3,
      1,
      1,
      1,
      1,
      1,
      1,
      1,
      1,
      1,
      1,
      1,
      1,
      0,
      1,
      1,
      1,
      0,
      0,
      0,
      0,
      5,
      6,
      6,
      7,
      7,
      7,
      6,
      6,
      6,
      6,
      6,
      4,
      5,
      6,
      7,
      5,
      5,
      1,
      0,
      1,
      0,
      1,
      0,
      0,
      0,
      0,
      1,
      2,
      2,
      2,
      2,
      3,
      3,
      2,
      3,
      2,
      2,
      2,
      2,
      2,
      1,
      2,
      2,
      1,
      1,
      3,
      2,
      2,
      1,
      1,
      3,
      3,
      3,
      2,
      1,
      1,
      2,
      3,
      1,
      2,
      2,
      0,
      0,
      2,
      0,
      2,
      1,
      3,
      4,
      3,
      3,
      3,
      4,
      3,
      3,
      5,
      3,
      4,
      3,
      3,
      2,
      3,
      3,
      2,
      2,
      2,
      2,
      2,
      2,
      2,
      1,
      1,
      1,
      1,
      1,
      1,
      2,
      3,
      2,
      4,
      3,
      4,
      4,
      4,
      4,
      4,
      4,
      4,
      4,
      4,
      2,
      3,
      4,
      2,
      3,
      2,
      2,
      2,
      2,
      3,
      4,
      4,
      4,
      4,
      5,
      4,
      3,
      2,
      3,
      2,
      0,
      1,
      2,
      2,
      2,
      2,
      2,
      1,
      1,
      4,
      4,
      5,
      6,
      5,
      7,
      6,
      7,
      5,
      5,
      4,
      5,
      4,
      4,
      3,
      3,
      3,
      2,
      3,
      4,
      4,
      5,
      4,
      4,
      4,
      5,
      5,
      4,
      5,
      4,
      4,
      4,
      3,
      3,
      3,
      4,
      4,
      5,
      5,
      5,
      5,
      5,
      5,
      5,
      5,
      5,
      5,
      3,
      4,
      3,
      3,
      2,
      2,
      2,
      2,
      2,
      2,
      2,
      2,
      2,
      2,
      2,
      2,
      2,
      2
    ],
    "person_count_mode": 2,
    "person_count_mean": 2.48,
    "person_count_std": 1.7463103962354458,
    "person_count_min": 0,
    "person_count_max": 7,
    "person_count_distribution": {
      "2": 71,
      "3": 59,
      "1": 42,
      "4": 39,
      "0": 48,
      "5": 25,
      "6": 10,
      "7": 6
    },
    "character_consistency": 0.23666666666666666,
    "entry_events": [
      {
        "timestamp": 0.1,
        "frame_index": 1,
        "event_type": "entry",
        "count_before": 2,
        "count_after": 3
      },
      {
        "timestamp": 0.30000000000000004,
        "frame_index": 3,
        "event_type": "entry",
        "count_before": 1,
        "count_after": 2
      },
      {
        "timestamp": 0.5,
        "frame_index": 5,
        "event_type": "entry",
        "count_before": 1,
        "count_after": 2
      },
      {
        "timestamp": 0.7000000000000001,
        "frame_index": 7,
        "event_type": "entry",
        "count_before": 2,
        "count_after": 3
      },
      {
        "timestamp": 1.0,
        "frame_index": 10,
        "event_type": "entry",
        "count_before": 2,
        "count_after": 3
      },
      {
        "timestamp": 1.7000000000000002,
        "frame_index": 17,
        "event_type": "entry",
        "count_before": 2,
        "count_after": 3
      },
      {
        "timestamp": 2.3000000000000003,
        "frame_index": 23,
        "event_type": "entry",
        "count_before": 2,
        "count_after": 3
      },
      {
        "timestamp": 2.7,
        "frame_index": 27,
        "event_type": "entry",
        "count_before": 3,
        "count_after": 4
      },
      {
        "timestamp": 4.7,
        "frame_index": 47,
        "event_type": "entry",
        "count_before": 0,
        "count_after": 1
      },
      {
        "timestamp": 5.1000000000000005,
        "frame_index": 51,
        "event_type": "entry",
        "count_before": 0,
        "count_after": 1
      },
      {
        "timestamp": 6.800000000000001,
        "frame_index": 68,
        "event_type": "entry",
        "count_before": 0,
        "count_after": 3
      },
      {
        "timestamp": 7.1000000000000005,
        "frame_index": 71,
        "event_type": "entry",
        "count_before": 1,
        "count_after": 4
      },
      {
        "timestamp": 7.5,
        "frame_index": 75,
        "event_type": "entry",
        "count_before": 2,
        "count_after": 3
      },
      {
        "timestamp": 8.9,
        "frame_index": 89,
        "event_type": "entry",
        "count_before": 0,
        "count_after": 1
      },
      {
        "timestamp": 9.600000000000001,
        "frame_index": 96,
        "event_type": "entry",
        "count_before": 0,
        "count_after": 5
      },
      {
        "timestamp": 9.700000000000001,
        "frame_index": 97,
        "event_type": "entry",
        "count_before": 5,
        "count_after": 6
      },
      {
        "timestamp": 9.9,
        "frame_index": 99,
        "event_type": "entry",
        "count_before": 6,
        "count_after": 7
      },
      {
        "timestamp": 10.8,
        "frame_index": 108,
        "event_type": "entry",
        "count_before": 4,
        "count_after": 5
      },
      {
        "timestamp": 10.9,
        "frame_index": 109,
        "event_type": "entry",
        "count_before": 5,
        "count_after": 6
      },
      {
        "timestamp": 11.0,
        "frame_index": 110,
        "event_type": "entry",
        "count_before": 6,
        "count_after": 7
      },
      {
        "timestamp": 11.5,
        "frame_index": 115,
        "event_type": "entry",
        "count_before": 0,
        "count_after": 1
      },
      {
        "timestamp": 11.700000000000001,
        "frame_index": 117,
        "event_type": "entry",
        "count_before": 0,
        "count_after": 1
      },
      {
        "timestamp": 12.200000000000001,
        "frame_index": 122,
        "event_type": "entry",
        "count_before": 0,
        "count_after": 1
      },
      {
        "timestamp": 12.3,
        "frame_index": 123,
        "event_type": "entry",
        "count_before": 1,
        "count_after": 2
      },
      {
        "timestamp": 12.700000000000001,
        "frame_index": 127,
        "event_type": "entry",
        "count_before": 2,
        "count_after": 3
      },
      {
        "timestamp": 13.0,
        "frame_index": 130,
        "event_type": "entry",
        "count_before": 2,
        "count_after": 3
      },
      {
        "timestamp": 13.700000000000001,
        "frame_index": 137,
        "event_type": "entry",
        "count_before": 1,
        "count_after": 2
      },
      {
        "timestamp": 14.100000000000001,
        "frame_index": 141,
        "event_type": "entry",
        "count_before": 1,
        "count_after": 3
      },
      {
        "timestamp": 14.600000000000001,
        "frame_index": 146,
        "event_type": "entry",
        "count_before": 1,
        "count_after": 3
      },
      {
        "timestamp": 15.200000000000001,
        "frame_index": 152,
        "event_type": "entry",
        "count_before": 1,
        "count_after": 2
      },
      {
        "timestamp": 15.3,
        "frame_index": 153,
        "event_type": "entry",
        "count_before": 2,
        "count_after": 3
      },
      {
        "timestamp": 15.5,
        "frame_index": 155,
        "event_type": "entry",
        "count_before": 1,
        "count_after": 2
      },
      {
        "timestamp": 15.9,
        "frame_index": 159,
        "event_type": "entry",
        "count_before": 0,
        "count_after": 2
      },
      {
        "timestamp": 16.1,
        "frame_index": 161,
        "event_type": "entry",
        "count_before": 0,
        "count_after": 2
      },
      {
        "timestamp": 16.3,
        "frame_index": 163,
        "event_type": "entry",
        "count_before": 1,
        "count_after": 3
      },
      {
        "timestamp": 16.400000000000002,
        "frame_index": 164,
        "event_type": "entry",
        "count_before": 3,
        "count_after": 4
      },
      {
        "timestamp": 16.8,
        "frame_index": 168,
        "event_type": "entry",
        "count_before": 3,
        "count_after": 4
      },
      {
        "timestamp": 17.1,
        "frame_index": 171,
        "event_type": "entry",
        "count_before": 3,
        "count_after": 5
      },
      {
        "timestamp": 17.3,
        "frame_index": 173,
        "event_type": "entry",
        "count_before": 3,
        "count_after": 4
      },
      {
        "timestamp": 17.7,
        "frame_index": 177,
        "event_type": "entry",
        "count_before": 2,
        "count_after": 3
      },
      {
        "timestamp": 19.200000000000003,
        "frame_index": 192,
        "event_type": "entry",
        "count_before": 1,
        "count_after": 2
      },
      {
        "timestamp": 19.3,
        "frame_index": 193,
        "event_type": "entry",
        "count_before": 2,
        "count_after": 3
      },
      {
        "timestamp": 19.5,
        "frame_index": 195,
        "event_type": "entry",
        "count_before": 2,
        "count_after": 4
      },
      {
        "timestamp": 19.700000000000003,
        "frame_index": 197,
        "event_type": "entry",
        "count_before": 3,
        "count_after": 4
      },
      {
        "timestamp": 20.700000000000003,
        "frame_index": 207,
        "event_type": "entry",
        "count_before": 2,
        "count_after": 3
      },
      {
        "timestamp": 20.8,
        "frame_index": 208,
        "event_type": "entry",
        "count_before": 3,
        "count_after": 4
      },
      {
        "timestamp": 21.0,
        "frame_index": 210,
        "event_type": "entry",
        "count_before": 2,
        "count_after": 3
      },
      {
        "timestamp": 21.5,
        "frame_index": 215,
        "event_type": "entry",
        "count_before": 2,
        "count_after": 3
      },
      {
        "timestamp": 21.6,
        "frame_index": 216,
        "event_type": "entry",
        "count_before": 3,
        "count_after": 4
      },
      {
        "timestamp": 22.0,
        "frame_index": 220,
        "event_type": "entry",
        "count_before": 4,
        "count_after": 5
      },
      {
        "timestamp": 22.400000000000002,
        "frame_index": 224,
        "event_type": "entry",
        "count_before": 2,
        "count_after": 3
      },
      {
        "timestamp": 22.700000000000003,
        "frame_index": 227,
        "event_type": "entry",
        "count_before": 0,
        "count_after": 1
      },
      {
        "timestamp": 22.8,
        "frame_index": 228,
        "event_type": "entry",
        "count_before": 1,
        "count_after": 2
      },
      {
        "timestamp": 23.5,
        "frame_index": 235,
        "event_type": "entry",
        "count_before": 1,
        "count_after": 4
      },
      {
        "timestamp": 23.700000000000003,
        "frame_index": 237,
        "event_type": "entry",
        "count_before": 4,
        "count_after": 5
      },
      {
        "timestamp": 23.8,
        "frame_index": 238,
        "event_type": "entry",
        "count_before": 5,
        "count_after": 6
      },
      {
        "timestamp": 24.0,
        "frame_index": 240,
        "event_type": "entry",
        "count_before": 5,
        "count_after": 7
      },
      {
        "timestamp": 24.200000000000003,
        "frame_index": 242,
        "event_type": "entry",
        "count_before": 6,
        "count_after": 7
      },
      {
        "timestamp": 24.6,
        "frame_index": 246,
        "event_type": "entry",
        "count_before": 4,
        "count_after": 5
      },
      {
        "timestamp": 25.3,
        "frame_index": 253,
        "event_type": "entry",
        "count_before": 2,
        "count_after": 3
      },
      {
        "timestamp": 25.400000000000002,
        "frame_index": 254,
        "event_type": "entry",
        "count_before": 3,
        "count_after": 4
      },
      {
        "timestamp": 25.6,
        "frame_index": 256,
        "event_type": "entry",
        "count_before": 4,
        "count_after": 5
      },
      {
        "timestamp": 26.0,
        "frame_index": 260,
        "event_type": "entry",
        "count_before": 4,
        "count_after": 5
      },
      {
        "timestamp": 26.3,
        "frame_index": 263,
        "event_type": "entry",
        "count_before": 4,
        "count_after": 5
      },
      {
        "timestamp": 27.0,
        "frame_index": 270,
        "event_type": "entry",
        "count_before": 3,
        "count_after": 4
      },
      {
        "timestamp": 27.200000000000003,
        "frame_index": 272,
        "event_type": "entry",
        "count_before": 4,
        "count_after": 5
      },
      {
        "timestamp": 28.3,
        "frame_index": 283,
        "event_type": "entry",
        "count_before": 3,
        "count_after": 4
      }
    ],
    "exit_events": [
      {
        "timestamp": 0.2,
        "frame_index": 2,
        "event_type": "exit",
        "count_before": 3,
        "count_after": 1
      },
      {
        "timestamp": 0.4,
        "frame_index": 4,
        "event_type": "exit",
        "count_before": 2,
        "count_after": 1
      },
      {
        "timestamp": 0.9,
        "frame_index": 9,
        "event_type": "exit",
        "count_before": 3,
        "count_after": 2
      },
      {
        "timestamp": 1.2000000000000002,
        "frame_index": 12,
        "event_type": "exit",
        "count_before": 3,
        "count_after": 2
      },
      {
        "timestamp": 2.1,
        "frame_index": 21,
        "event_type": "exit",
        "count_before": 3,
        "count_after": 2
      },
      {
        "timestamp": 2.8000000000000003,
        "frame_index": 28,
        "event_type": "exit",
        "count_before": 4,
        "count_after": 3
      },
      {
        "timestamp": 3.3000000000000003,
        "frame_index": 33,
        "event_type": "exit",
        "count_before": 3,
        "count_after": 0
      },
      {
        "timestamp": 4.800000000000001,
        "frame_index": 48,
        "event_type": "exit",
        "count_before": 1,
        "count_after": 0
      },
      {
        "timestamp": 5.2,
        "frame_index": 52,
        "event_type": "exit",
        "count_before": 1,
        "count_after": 0
      },
      {
        "timestamp": 7.0,
        "frame_index": 70,
        "event_type": "exit",
        "count_before": 3,
        "count_after": 1
      },
      {
        "timestamp": 7.2,
        "frame_index": 72,
        "event_type": "exit",
        "count_before": 4,
        "count_after": 3
      },
      {
        "timestamp": 7.4,
        "frame_index": 74,
        "event_type": "exit",
        "count_before": 3,
        "count_after": 2
      },
      {
        "timestamp": 7.6000000000000005,
        "frame_index": 76,
        "event_type": "exit",
        "count_before": 3,
        "count_after": 1
      },
      {
        "timestamp": 8.8,
        "frame_index": 88,
        "event_type": "exit",
        "count_before": 1,
        "count_after": 0
      },
      {
        "timestamp": 9.200000000000001,
        "frame_index": 92,
        "event_type": "exit",
        "count_before": 1,
        "count_after": 0
      },
      {
        "timestamp": 10.200000000000001,
        "frame_index": 102,
        "event_type": "exit",
        "count_before": 7,
        "count_after": 6
      },
      {
        "timestamp": 10.700000000000001,
        "frame_index": 107,
        "event_type": "exit",
        "count_before": 6,
        "count_after": 4
      },
      {
        "timestamp": 11.100000000000001,
        "frame_index": 111,
        "event_type": "exit",
        "count_before": 7,
        "count_after": 5
      },
      {
        "timestamp": 11.3,
        "frame_index": 113,
        "event_type": "exit",
        "count_before": 5,
        "count_after": 1
      },
      {
        "timestamp": 11.4,
        "frame_index": 114,
        "event_type": "exit",
        "count_before": 1,
        "count_after": 0
      },
      {
        "timestamp": 11.600000000000001,
        "frame_index": 116,
        "event_type": "exit",
        "count_before": 1,
        "count_after": 0
      },
      {
        "timestamp": 11.8,
        "frame_index": 118,
        "event_type": "exit",
        "count_before": 1,
        "count_after": 0
      },
      {
        "timestamp": 12.9,
        "frame_index": 129,
        "event_type": "exit",
        "count_before": 3,
        "count_after": 2
      },
      {
        "timestamp": 13.100000000000001,
        "frame_index": 131,
        "event_type": "exit",
        "count_before": 3,
        "count_after": 2
      },
      {
        "timestamp": 13.600000000000001,
        "frame_index": 136,
        "event_type": "exit",
        "count_before": 2,
        "count_after": 1
      },
      {
        "timestamp": 13.9,
        "frame_index": 139,
        "event_type": "exit",
        "count_before": 2,
        "count_after": 1
      },
      {
        "timestamp": 14.200000000000001,
        "frame_index": 142,
        "event_type": "exit",
        "count_before": 3,
        "count_after": 2
      },
      {
        "timestamp": 14.4,
        "frame_index": 144,
        "event_type": "exit",
        "count_before": 2,
        "count_after": 1
      },
      {
        "timestamp": 14.9,
        "frame_index": 149,
        "event_type": "exit",
        "count_before": 3,
        "count_after": 2
      },
      {
        "timestamp": 15.0,
        "frame_index": 150,
        "event_type": "exit",
        "count_before": 2,
        "count_after": 1
      },
      {
        "timestamp": 15.4,
        "frame_index": 154,
        "event_type": "exit",
        "count_before": 3,
        "count_after": 1
      },
      {
        "timestamp": 15.700000000000001,
        "frame_index": 157,
        "event_type": "exit",
        "count_before": 2,
        "count_after": 0
      },
      {
        "timestamp": 16.0,
        "frame_index": 160,
        "event_type": "exit",
        "count_before": 2,
        "count_after": 0
      },
      {
        "timestamp": 16.2,
        "frame_index": 162,
        "event_type": "exit",
        "count_before": 2,
        "count_after": 1
      },
      {
        "timestamp": 16.5,
        "frame_index": 165,
        "event_type": "exit",
        "count_before": 4,
        "count_after": 3
      },
      {
        "timestamp": 16.900000000000002,
        "frame_index": 169,
        "event_type": "exit",
        "count_before": 4,
        "count_after": 3
      },
      {
        "timestamp": 17.2,
        "frame_index": 172,
        "event_type": "exit",
        "count_before": 5,
        "count_after": 3
      },
      {
        "timestamp": 17.400000000000002,
        "frame_index": 174,
        "event_type": "exit",
        "count_before": 4,
        "count_after": 3
      },
      {
        "timestamp": 17.6,
        "frame_index": 176,
        "event_type": "exit",
        "count_before": 3,
        "count_after": 2
      },
      {
        "timestamp": 17.900000000000002,
        "frame_index": 179,
        "event_type": "exit",
        "count_before": 3,
        "count_after": 2
      },
      {
        "timestamp": 18.6,
        "frame_index": 186,
        "event_type": "exit",
        "count_before": 2,
        "count_after": 1
      },
      {
        "timestamp": 19.400000000000002,
        "frame_index": 194,
        "event_type": "exit",
        "count_before": 3,
        "count_after": 2
      },
      {
        "timestamp": 19.6,
        "frame_index": 196,
        "event_type": "exit",
        "count_before": 4,
        "count_after": 3
      },
      {
        "timestamp": 20.6,
        "frame_index": 206,
        "event_type": "exit",
        "count_before": 4,
        "count_after": 2
      },
      {
        "timestamp": 20.900000000000002,
        "frame_index": 209,
        "event_type": "exit",
        "count_before": 4,
        "count_after": 2
      },
      {
        "timestamp": 21.1,
        "frame_index": 211,
        "event_type": "exit",
        "count_before": 3,
        "count_after": 2
      },
      {
        "timestamp": 22.1,
        "frame_index": 221,
        "event_type": "exit",
        "count_before": 5,
        "count_after": 4
      },
      {
        "timestamp": 22.200000000000003,
        "frame_index": 222,
        "event_type": "exit",
        "count_before": 4,
        "count_after": 3
      },
      {
        "timestamp": 22.3,
        "frame_index": 223,
        "event_type": "exit",
        "count_before": 3,
        "count_after": 2
      },
      {
        "timestamp": 22.5,
        "frame_index": 225,
        "event_type": "exit",
        "count_before": 3,
        "count_after": 2
      },
      {
        "timestamp": 22.6,
        "frame_index": 226,
        "event_type": "exit",
        "count_before": 2,
        "count_after": 0
      },
      {
        "timestamp": 23.3,
        "frame_index": 233,
        "event_type": "exit",
        "count_before": 2,
        "count_after": 1
      },
      {
        "timestamp": 23.900000000000002,
        "frame_index": 239,
        "event_type": "exit",
        "count_before": 6,
        "count_after": 5
      },
      {
        "timestamp": 24.1,
        "frame_index": 241,
        "event_type": "exit",
        "count_before": 7,
        "count_after": 6
      },
      {
        "timestamp": 24.3,
        "frame_index": 243,
        "event_type": "exit",
        "count_before": 7,
        "count_after": 5
      },
      {
        "timestamp": 24.5,
        "frame_index": 245,
        "event_type": "exit",
        "count_before": 5,
        "count_after": 4
      },
      {
        "timestamp": 24.700000000000003,
        "frame_index": 247,
        "event_type": "exit",
        "count_before": 5,
        "count_after": 4
      },
      {
        "timestamp": 24.900000000000002,
        "frame_index": 249,
        "event_type": "exit",
        "count_before": 4,
        "count_after": 3
      },
      {
        "timestamp": 25.200000000000003,
        "frame_index": 252,
        "event_type": "exit",
        "count_before": 3,
        "count_after": 2
      },
      {
        "timestamp": 25.700000000000003,
        "frame_index": 257,
        "event_type": "exit",
        "count_before": 5,
        "count_after": 4
      },
      {
        "timestamp": 26.200000000000003,
        "frame_index": 262,
        "event_type": "exit",
        "count_before": 5,
        "count_after": 4
      },
      {
        "timestamp": 26.400000000000002,
        "frame_index": 264,
        "event_type": "exit",
        "count_before": 5,
        "count_after": 4
      },
      {
        "timestamp": 26.700000000000003,
        "frame_index": 267,
        "event_type": "exit",
        "count_before": 4,
        "count_after": 3
      },
      {
        "timestamp": 28.200000000000003,
        "frame_index": 282,
        "event_type": "exit",
        "count_before": 5,
        "count_after": 3
      },
      {
        "timestamp": 28.400000000000002,
        "frame_index": 284,
        "event_type": "exit",
        "count_before": 4,
        "count_after": 3
      },
      {
        "timestamp": 28.6,
        "frame_index": 286,
        "event_type": "exit",
        "count_before": 3,
        "count_after": 2
      }
    ],
    "entry_count": 67,
    "exit_count": 66,
    "entry_exit_total": 133,
    "entry_timestamps": [
      0.1,
      0.30000000000000004,
      0.5,
      0.7000000000000001,
      1.0,
      1.7000000000000002,
      2.3000000000000003,
      2.7,
      4.7,
      5.1000000000000005,
      6.800000000000001,
      7.1000000000000005,
      7.5,
      8.9,
      9.600000000000001,
      9.700000000000001,
      9.9,
      10.8,
      10.9,
      11.0,
      11.5,
      11.700000000000001,
      12.200000000000001,
      12.3,
      12.700000000000001,
      13.0,
      13.700000000000001,
      14.100000000000001,
      14.600000000000001,
      15.200000000000001,
      15.3,
      15.5,
      15.9,
      16.1,
      16.3,
      16.400000000000002,
      16.8,
      17.1,
      17.3,
      17.7,
      19.200000000000003,
      19.3,
      19.5,
      19.700000000000003,
      20.700000000000003,
      20.8,
      21.0,
      21.5,
      21.6,
      22.0,
      22.400000000000002,
      22.700000000000003,
      22.8,
      23.5,
      23.700000000000003,
      23.8,
      24.0,
      24.200000000000003,
      24.6,
      25.3,
      25.400000000000002,
      25.6,
      26.0,
      26.3,
      27.0,
      27.200000000000003,
      28.3
    ],
    "exit_timestamps": [
      0.2,
      0.4,
      0.9,
      1.2000000000000002,
      2.1,
      2.8000000000000003,
      3.3000000000000003,
      4.800000000000001,
      5.2,
      7.0,
      7.2,
      7.4,
      7.6000000000000005,
      8.8,
      9.200000000000001,
      10.200000000000001,
      10.700000000000001,
      11.100000000000001,
      11.3,
      11.4,
      11.600000000000001,
      11.8,
      12.9,
      13.100000000000001,
      13.600000000000001,
      13.9,
      14.200000000000001,
      14.4,
      14.9,
      15.0,
      15.4,
      15.700000000000001,
      16.0,
      16.2,
      16.5,
      16.900000000000002,
      17.2,
      17.400000000000002,
      17.6,
      17.900000000000002,
      18.6,
      19.400000000000002,
      19.6,
      20.6,
      20.900000000000002,
      21.1,
      22.1,
      22.200000000000003,
      22.3,
      22.5,
      22.6,
      23.3,
      23.900000000000002,
      24.1,
      24.3,
      24.5,
      24.700000000000003,
      24.900000000000002,
      25.200000000000003,
      25.700000000000003,
      26.200000000000003,
      26.400000000000002,
      26.700000000000003,
      28.200000000000003,
      28.400000000000002,
      28.6
    ]
  },
  "visual_signals": {
    "unique_objects": [
      "person",
      "chair",
      "cell phone",
      "train",
      "sports ball",
      "bottle",
      "cat",
      "fork",
      "backpack"
    ],
    "unique_object_count": 9,
    "persistent_objects": [
      "person"
    ],
    "persistent_object_count": 1,
    "transient_objects": [
      "chair",
      "cell phone",
      "train",
      "sports ball",
      "bottle",
      "cat",
      "fork",
      "backpack"
    ],
    "transient_object_count": 8,
    "object_frequency": {
      "person": 0.84,
      "chair": 0.04,
      "cell phone": 0.006666666666666667,
      "train": 0.01,
      "sports ball": 0.03333333333333333,
      "bottle": 0.0033333333333333335,
      "cat": 0.0033333333333333335,
      "fork": 0.0033333333333333335,
      "backpack": 0.006666666666666667
    },
    "object_frame_counts": {
      "person": 252,
      "chair": 12,
      "cell phone": 2,
      "train": 3,
      "sports ball": 10,
      "bottle": 1,
      "cat": 1,
      "fork": 1,
      "backpack": 2
    },
    "object_first_appearance": {
      "person": 0.0,
      "chair": 0.30000000000000004,
      "cell phone": 1.7000000000000002,
      "train": 5.5,
      "sports ball": 6.800000000000001,
      "bottle": 9.1,
      "cat": 15.8,
      "fork": 22.8,
      "backpack": 25.0
    },
    "object_last_appearance": {
      "person": 29.900000000000002,
      "chair": 27.1,
      "cell phone": 1.8,
      "train": 5.7,
      "sports ball": 11.0,
      "bottle": 9.1,
      "cat": 15.8,
      "fork": 22.8,
      "backpack": 25.1
    },
    "objects_per_frame": [
      [
        "person"
      ],
      [
        "person"
      ],
      [
        "person"
      ],
      [
        "chair",
        "person"
      ],
      [
        "chair",
        "person"
      ],
      [
        "chair",
        "person"
      ],
      [
        "chair",
        "person"
      ],
      [
        "person"
      ],
      [
        "person"
      ],
      [
        "person"
      ],
      [
        "person"
      ],
      [
        "person"
      ],
      [
        "person"
      ],
      [
        "person"
      ],
      [
        "person"
      ],
      [
        "person"
      ],
      [
        "person"
      ],
      [
        "person",
        "cell phone"
      ],
      [
        "person",
        "cell phone"
      ],
      [
        "person"
      ],
      [
        "person"
      ],
      [
        "person"
      ],
      [
        "person"
      ],
      [
        "person"
      ],
      [
        "person"
      ],
      [
        "person"
      ],
      [
        "person"
      ],
      [
        "person"
      ],
      [
        "person"
      ],
      [
        "person"
      ],
      [
        "person"
      ],
      [
        "person"
      ],
      [
        "person"
      ],
      [],
      [],
      [],
      [],
      [],
      [],
      [],
      [],
      [],
      [],
      [],
      [],
      [],
      [],
      [
        "person"
      ],
      [],
      [],
      [],
      [
        "person"
      ],
      [],
      [],
      [],
      [
        "train"
      ],
      [
        "train"
      ],
      [
        "train"
      ],
      [],
      [],
      [],
      [],
      [],
      [],
      [],
      [],
      [],
      [],
      [
        "sports ball",
        "person"
      ],
      [
        "sports ball",
        "person"
      ],
      [
        "sports ball",
        "person"
      ],
      [
        "sports ball",
        "person"
      ],
      [
        "sports ball",
        "person"
      ],
      [
        "sports ball",
        "person"
      ],
      [
        "sports ball",
        "person"
      ],
      [
        "sports ball",
        "person"
      ],
      [
        "person"
      ],
      [
        "person"
      ],
      [
        "person"
      ],
      [
        "person"
      ],
      [
        "person"
      ],
      [
        "person"
      ],
      [
        "person"
      ],
      [
        "person"
      ],
      [
        "person"
      ],
      [
        "person"
      ],
      [
        "person"
      ],
      [
        "person"
      ],
      [],
      [
        "person"
      ],
      [
        "person"
      ],
      [
        "person",
        "bottle"
      ],
      [],
      [],
      [],
      [],
      [
        "person"
      ],
      [
        "person"
      ],
      [
        "person"
      ],
      [
        "person"
      ],
      [
        "person"
      ],
      [
        "person"
      ],
      [
        "person"
      ],
      [
        "person"
      ],
      [
        "person"
      ],
      [
        "person"
      ],
      [
        "person"
      ],
      [
        "person"
      ],
      [
        "person"
      ],
      [
        "sports ball",
        "person"
      ],
      [
        "sports ball",
        "person"
      ],
      [
        "person"
      ],
      [
        "person"
      ],
      [
        "person"
      ],
      [],
      [
        "person"
      ],
      [],
      [
        "person"
      ],
      [],
      [],
      [],
      [],
      [
        "person"
      ],
      [
        "person"
      ],
      [
        "person"
      ],
      [
        "person"
      ],
      [
        "person"
      ],
      [
        "person"
      ],
      [
        "person"
      ],
      [
        "person"
      ],
      [
        "person"
      ],
      [
        "person"
      ],
      [
        "person"
      ],
      [
        "person"
      ],
      [
        "person"
      ],
      [
        "person"
      ],
      [
        "person"
      ],
      [
        "person"
      ],
      [
        "person"
      ],
      [
        "person"
      ],
      [
        "person"
      ],
      [
        "person"
      ],
      [
        "person"
      ],
      [
        "person"
      ],
      [
        "person"
      ],
      [
        "person"
      ],
      [
        "person"
      ],
      [
        "person"
      ],
      [
        "person"
      ],
      [
        "person"
      ],
      [
        "person"
      ],
      [
        "person"
      ],
      [
        "person"
      ],
      [
        "person"
      ],
      [
        "person"
      ],
      [
        "person"
      ],
      [
        "person"
      ],
      [],
      [
        "cat"
      ],
      [
        "person"
      ],
      [],
      [
        "person"
      ],
      [
        "person"
      ],
      [
        "person"
      ],
      [
        "person"
      ],
      [
        "person"
      ],
      [
        "person"
      ],
      [
        "person"
      ],
      [
        "person"
      ],
      [
        "person"
      ],
      [
        "person"
      ],
      [
        "person"
      ],
      [
        "person"
      ],
      [
        "person"
      ],
      [
        "person"
      ],
      [
        "person"
      ],
      [
        "person"
      ],
      [
        "person"
      ],
      [
        "person"
      ],
      [
        "person"
      ],
      [
        "person"
      ],
      [
        "person"
      ],
      [
        "person"
      ],
      [
        "person"
      ],
      [
        "person"
      ],
      [
        "person"
      ],
      [
        "person"
      ],
      [
        "person"
      ],
      [
        "person"
      ],
      [
        "person"
      ],
      [
        "person"
      ],
      [
        "person"
      ],
      [
        "person"
      ],
      [
        "person"
      ],
      [
        "person"
      ],
      [
        "person"
      ],
      [
        "person"
      ],
      [
        "person"
      ],
      [
        "person"
      ],
      [
        "person"
      ],
      [
        "person"
      ],
      [
        "person"
      ],
      [
        "person"
      ],
      [
        "person"
      ],
      [
        "person"
      ],
      [
        "person"
      ],
      [
        "person"
      ],
      [
        "person"
      ],
      [
        "person"
      ],
      [
        "person"
      ],
      [
        "person"
      ],
      [
        "person"
      ],
      [
        "person"
      ],
      [
        "person"
      ],
      [
        "person"
      ],
      [
        "person"
      ],
      [
        "person"
      ],
      [
        "person"
      ],
      [
        "person"
      ],
      [
        "person"
      ],
      [
        "person"
      ],
      [
        "person"
      ],
      [
        "person"
      ],
      [
        "person"
      ],
      [
        "person"
      ],
      [
        "person"
      ],
      [],
      [
        "person"
      ],
      [
        "person",
        "fork"
      ],
      [
        "person"
      ],
      [
        "person"
      ],
      [
        "person"
      ],
      [
        "person"
      ],
      [
        "person"
      ],
      [
        "person"
      ],
      [
        "person"
      ],
      [
        "chair",
        "person"
      ],
      [
        "person"
      ],
      [
        "person"
      ],
      [
        "chair",
        "person"
      ],
      [
        "person"
      ],
      [
        "person"
      ],
      [
        "person"
      ],
      [
        "person"
      ],
      [
        "person"
      ],
      [
        "person"
      ],
      [
        "person"
      ],
      [
        "person"
      ],
      [
        "person"
      ],
      [
        "person"
      ],
      [
        "person",
        "backpack"
      ],
      [
        "person",
        "backpack"
      ],
      [
        "person"
      ],
      [
        "person"
      ],
      [
        "person"
      ],
      [
        "person"
      ],
      [
        "person"
      ],
      [
        "person"
      ],
      [
        "person"
      ],
      [
        "person"
      ],
      [
        "person"
      ],
      [
        "person"
      ],
      [
        "person"
      ],
      [
        "person"
      ],
      [
        "person"
      ],
      [
        "chair",
        "person"
      ],
      [
        "person"
      ],
      [
        "chair",
        "person"
      ],
      [
        "chair",
        "person"
      ],
      [
        "chair",
        "person"
      ],
      [
        "chair",
        "person"
      ],
      [
        "chair",
        "person"
      ],
      [
        "person"
      ],
      [
        "person"
      ],
      [
        "person"
      ],
      [
        "person"
      ],
      [
        "person"
      ],
      [
        "person"
      ],
      [
        "person"
      ],
      [
        "person"
      ],
      [
        "person"
      ],
      [
        "person"
      ],
      [
        "person"
      ],
      [
        "person"
      ],
      [
        "person"
      ],
      [
        "person"
      ],
      [
        "person"
      ],
      [
        "person"
      ],
      [
        "person"
      ],
      [
        "person"
      ],
      [
        "person"
      ],
      [
        "person"
      ],
      [
        "person"
      ],
      [
        "person"
      ],
      [
        "person"
      ],
      [
        "person"
      ],
      [
        "person"
      ],
      [
        "person"
      ],
      [
        "person"
      ],
      [
        "person"
      ]
    ],
    "appearances": [
      {
        "object_class": "person",
        "first_appearance": 0.0,
        "last_appearance": 29.900000000000002,
        "frame_count": 252,
        "frequency": 0.84
      },
      {
        "object_class": "chair",
        "first_appearance": 0.30000000000000004,
        "last_appearance": 27.1,
        "frame_count": 12,
        "frequency": 0.04
      },
      {
        "object_class": "cell phone",
        "first_appearance": 1.7000000000000002,
        "last_appearance": 1.8,
        "frame_count": 2,
        "frequency": 0.006666666666666667
      },
      {
        "object_class": "train",
        "first_appearance": 5.5,
        "last_appearance": 5.7,
        "frame_count": 3,
        "frequency": 0.01
      },
      {
        "object_class": "sports ball",
        "first_appearance": 6.800000000000001,
        "last_appearance": 11.0,
        "frame_count": 10,
        "frequency": 0.03333333333333333
      },
      {
        "object_class": "bottle",
        "first_appearance": 9.1,
        "last_appearance": 9.1,
        "frame_count": 1,
        "frequency": 0.0033333333333333335
      },
      {
        "object_class": "cat",
        "first_appearance": 15.8,
        "last_appearance": 15.8,
        "frame_count": 1,
        "frequency": 0.0033333333333333335
      },
      {
        "object_class": "fork",
        "first_appearance": 22.8,
        "last_appearance": 22.8,
        "frame_count": 1,
        "frequency": 0.0033333333333333335
      },
      {
        "object_class": "backpack",
        "first_appearance": 25.0,
        "last_appearance": 25.1,
        "frame_count": 2,
        "frequency": 0.006666666666666667
      }
    ]
  },
  "atmosphere_signals": {
    "brightness_values": [
      50.68705186631944,
      50.571039496527774,
      50.53416015625,
      50.44317816840278,
      50.328419053819445,
      50.180577256944446,
      50.20840277777778,
      50.145040147569446,
      49.756565755208335,
      49.55996744791667,
      49.24767035590278,
      49.08727105034722,
      63.240179036458336,
      65.06384114583334,
      65.7426638454861,
      65.58460177951389,
      63.883330078125,
      62.95620008680555,
      61.38692274305556,
      60.037371961805555,
      58.86647786458333,
      57.77070095486111,
      57.568774956597224,
      57.357218967013885,
      57.32963650173611,
      57.63171983506945,
      57.89546115451389,
      57.98947157118056,
      59.037418619791666,
      61.923597005208336,
      62.179820963541665,
      60.22077365451389,
      59.96470811631944,
      101.81696180555555,
      101.87870442708333,
      101.89818576388889,
      102.01903971354167,
      102.18356662326389,
      102.26834526909722,
      102.30424913194445,
      102.33616536458334,
      102.45301432291667,
      102.53086263020833,
      102.59530598958334,
      102.61927734375,
      102.61409830729167,
      102.69669270833333,
      64.44619032118055,
      65.42995768229167,
      65.88571506076389,
      65.69654622395834,
      65.58785373263889,
      79.21335720486111,
      76.582939453125,
      77.08525499131945,
      78.74299913194444,
      78.97984266493056,
      78.94136827256945,
      78.48012586805555,
      78.82120008680556,
      79.05180121527778,
      79.89156684027778,
      80.10847005208333,
      80.40110026041667,
      80.52710177951388,
      80.52621527777778,
      80.54593424479167,
      80.58346028645833,
      58.200113932291664,
      58.29288519965278,
      58.43445746527778,
      59.63581163194444,
      60.267391493055555,
      61.22743055555556,
      61.22020616319445,
      61.14858181423611,
      57.20056857638889,
      57.46123806423611,
      57.6646484375,
      57.69631727430556,
      57.61972113715278,
      57.798193359375,
      58.038256293402775,
      58.20810872395833,
      58.229565972222225,
      58.22725694444444,
      58.26814453125,
      58.371602647569446,
      58.41675998263889,
      58.513651258680554,
      58.461002604166666,
      58.51490668402778,
      58.646800130208334,
      58.705639105902776,
      58.741916232638886,
      58.765041232638886,
      54.458642578125,
      54.738076171875,
      55.18493706597222,
      54.90011827256944,
      54.655302734375,
      54.09524631076389,
      53.668307291666665,
      53.621028645833334,
      53.56108072916667,
      53.51365451388889,
      53.27052951388889,
      53.057026909722225,
      53.410526258680555,
      53.55155707465278,
      53.62847981770833,
      53.70417860243055,
      53.68202799479167,
      71.99119683159722,
      72.45830078125,
      72.41794704861111,
      72.68033854166667,
      72.71264539930556,
      72.82439127604167,
      73.78692274305556,
      73.51363064236111,
      73.75402018229167,
      74.11901150173611,
      55.896993272569446,
      55.53144314236111,
      55.54641927083333,
      55.681285807291665,
      55.784723307291664,
      55.96910915798611,
      56.75814019097222,
      57.27650499131944,
      57.813489583333336,
      57.87026909722222,
      57.63927517361111,
      55.16408745659722,
      55.35706922743056,
      58.184873046875,
      61.45275933159722,
      64.56743272569445,
      68.23199544270834,
      70.32822265625,
      70.9240625,
      69.47977105034722,
      65.34011610243056,
      73.472998046875,
      75.6497265625,
      47.77355034722222,
      47.194484592013886,
      47.528003472222224,
      47.843059895833335,
      47.70192057291667,
      41.46906141493056,
      38.706051432291666,
      34.22313802083333,
      33.27539279513889,
      37.12830946180556,
      38.72900390625,
      36.569011501736114,
      63.47583984375,
      54.86832248263889,
      63.85611762152778,
      61.28127278645833,
      61.36683159722222,
      56.94466362847222,
      53.31961154513889,
      51.36022352430555,
      59.727307942708336,
      65.795703125,
      37.40513020833333,
      40.936771918402776,
      42.15514431423611,
      44.280598958333336,
      43.90301649305555,
      44.129588758680555,
      44.125897352430556,
      45.54667860243055,
      45.77814019097222,
      49.818486328125,
      51.83251085069445,
      57.46510416666667,
      57.35780924479167,
      57.28912434895833,
      57.415233289930555,
      57.48547960069445,
      57.62355685763889,
      56.68949869791667,
      56.68267903645833,
      64.5884689670139,
      63.369106987847225,
      65.03958767361111,
      63.07622829861111,
      62.25819444444444,
      62.32336697048611,
      63.896474609375,
      62.44904405381944,
      62.316166449652776,
      63.69431423611111,
      58.199534505208334,
      58.178074001736114,
      58.301426866319446,
      58.56246419270833,
      58.891040581597224,
      58.93005967881945,
      58.782548828125,
      58.32201388888889,
      57.676181640625,
      57.25159613715278,
      56.436762152777774,
      56.14000108506944,
      62.848773871527776,
      62.13449001736111,
      61.291622178819445,
      60.21288302951389,
      59.789755859375,
      59.96282335069444,
      61.300945095486114,
      64.98906358506945,
      69.19789605034723,
      71.29539388020834,
      71.57341037326388,
      72.17597439236111,
      73.66736762152777,
      74.35076497395833,
      73.97476671006945,
      73.03722222222223,
      40.370440538194444,
      41.31397243923611,
      40.46073893229167,
      39.91309461805555,
      42.904609375,
      41.688741319444446,
      40.558353949652776,
      38.72638888888889,
      38.52044053819444,
      38.62153428819445,
      74.71325629340278,
      75.97614691840278,
      87.21310329861112,
      99.80962131076389,
      117.70355034722222,
      126.02260850694445,
      130.674052734375,
      129.67822699652777,
      129.72743055555554,
      128.27861653645834,
      129.44714735243056,
      126.61892578125,
      121.15556315104166,
      116.00907009548611,
      106.57050672743055,
      98.44978407118056,
      89.98078884548612,
      92.00589735243055,
      93.50215494791667,
      91.97349826388889,
      85.45380425347223,
      84.03049479166667,
      85.04445421006945,
      85.68001410590277,
      86.710087890625,
      87.94467122395834,
      88.88790907118056,
      90.21938259548611,
      90.52033420138889,
      90.18620659722222,
      88.95999348958334,
      88.44546549479166,
      87.87095052083333,
      87.90727213541666,
      87.68450303819445,
      87.37949435763889,
      87.1670703125,
      72.82077365451389,
      72.85048394097223,
      72.89948893229166,
      72.94771592881945,
      73.0417578125,
      72.94890299479167,
      72.99273654513888,
      73.07561306423611,
      73.07271484375,
      73.05559244791667,
      52.93890842013889,
      52.665545789930555,
      52.52325954861111,
      52.735836588541666,
      52.51064887152778,
      52.61039713541667,
      52.78381401909722,
      53.075824652777776,
      53.14098090277778,
      53.34152126736111,
      51.75697374131944,
      51.724055989583334,
      51.72332573784722,
      51.61447157118056,
      51.57601996527778,
      51.691128472222225,
      51.766826171875,
      51.81983615451389
    ],
    "brightness_mean": 65.89969494357639,
    "brightness_std": 18.97150426121604,
    "brightness_min": 33.27539279513889,
    "brightness_max": 130.674052734375,
    "brightness_range": 97.39865993923613,
    "lighting_changes": [
      {
        "timestamp": 3.3000000000000003,
        "frame_index": 33,
        "brightness_before": 59.96470811631944,
        "brightness_after": 101.81696180555555,
        "magnitude": 41.85225368923611
      },
      {
        "timestamp": 4.7,
        "frame_index": 47,
        "brightness_before": 102.69669270833333,
        "brightness_after": 64.44619032118055,
        "magnitude": 38.25050238715278
      },
      {
        "timestamp": 6.800000000000001,
        "frame_index": 68,
        "brightness_before": 80.58346028645833,
        "brightness_after": 58.200113932291664,
        "magnitude": 22.38334635416667
      },
      {
        "timestamp": 14.600000000000001,
        "frame_index": 146,
        "brightness_before": 75.6497265625,
        "brightness_after": 47.77355034722222,
        "magnitude": 27.876176215277788
      },
      {
        "timestamp": 15.8,
        "frame_index": 158,
        "brightness_before": 36.569011501736114,
        "brightness_after": 63.47583984375,
        "magnitude": 26.90682834201389
      },
      {
        "timestamp": 16.8,
        "frame_index": 168,
        "brightness_before": 65.795703125,
        "brightness_after": 37.40513020833333,
        "magnitude": 28.39057291666667
      },
      {
        "timestamp": 22.5,
        "frame_index": 225,
        "brightness_before": 73.03722222222223,
        "brightness_after": 40.370440538194444,
        "magnitude": 32.66678168402778
      },
      {
        "timestamp": 23.5,
        "frame_index": 235,
        "brightness_before": 38.62153428819445,
        "brightness_after": 74.71325629340278,
        "magnitude": 36.09172200520833
      },
      {
        "timestamp": 28.200000000000003,
        "frame_index": 282,
        "brightness_before": 73.05559244791667,
        "brightness_after": 52.93890842013889,
        "magnitude": 20.11668402777778
      }
    ],
    "lighting_change_count": 9,
    "setting_type": "indoor",
    "dominant_colors_rgb": [
      [
        "70",
        "68",
        "52"
      ],
      [
        "18",
        "22",
        "19"
      ],
      [
        "160",
        "160",
        "119"
      ]
    ],
    "dominant_colors": [
      "brown",
      "black",
      "gray"
    ]
  },
  "action_signals": {
    "intensity_timeline": [
      0.0,
      0.03708072423934936,
      0.031242740154266358,
      0.037851114273071286,
      0.024574763774871826,
      0.026580469608306886,
      0.033282883167266845,
      0.02397622585296631,
      0.032382924556732175,
      0.022779552936553954,
      0.0225215482711792,
      0.028331124782562257,
      0.18072298049926758,
      0.03631009817123413,
      0.036167075634002684,
      0.03973240613937378,
      0.05138278484344482,
      0.03332965850830078,
      0.03952749252319336,
      0.0421086311340332,
      0.039388303756713865,
      0.041886720657348636,
      0.02274108648300171,
      0.02045809268951416,
      0.015621112585067749,
      0.016653082370758056,
      0.01759291172027588,
      0.022380819320678712,
      0.0433821439743042,
      0.03337251901626587,
      0.03586987733840943,
      0.039451534748077395,
      0.01956102132797241,
      0.21355737686157228,
      0.008426687717437743,
      0.008787249326705932,
      0.01325500249862671,
      0.009785343408584595,
      0.01249808669090271,
      0.008606738448143005,
      0.009037456512451171,
      0.01315003514289856,
      0.009370024800300598,
      0.012410063743591309,
      0.008507164120674133,
      0.009096871614456176,
      0.01281086802482605,
      0.1497218132019043,
      0.027655701637268066,
      0.02502126693725586,
      0.005715852975845337,
      0.016385810375213625,
      0.2021152114868164,
      0.04227515697479248,
      0.04746522426605224,
      0.04402381420135498,
      0.034204156398773194,
      0.020310945510864258,
      0.031131768226623537,
      0.02385444164276123,
      0.020025193691253662,
      0.023580048084259033,
      0.012751158475875855,
      0.00753417432308197,
      0.008314990401268006,
      0.008690784573554993,
      0.005538691282272339,
      0.003773709237575531,
      0.36955406188964846,
      0.03479433298110962,
      0.044852070808410645,
      0.05704960823059082,
      0.051640615463256836,
      0.061672210693359375,
      0.059280176162719724,
      0.04915034770965576,
      0.15191289901733399,
      0.01731404781341553,
      0.025236361026763916,
      0.01687929391860962,
      0.017311755418777466,
      0.025681993961334228,
      0.01732445240020752,
      0.0252762770652771,
      0.01694199800491333,
      0.0172611665725708,
      0.02562560319900513,
      0.017356507778167725,
      0.016588462591171263,
      0.024952893257141114,
      0.016830623149871826,
      0.025032548904418944,
      0.017144463062286376,
      0.01605284571647644,
      0.024406514167785644,
      0.016610785722732543,
      0.18612424850463868,
      0.024273240566253663,
      0.028126790523529052,
      0.03474045991897583,
      0.022031874656677247,
      0.029098899364471437,
      0.022629489898681642,
      0.02151663064956665,
      0.038288841247558596,
      0.022652485370635987,
      0.03148545980453491,
      0.021921300888061525,
      0.019663361310958864,
      0.02615833520889282,
      0.01951233744621277,
      0.02590827465057373,
      0.017273405790328978,
      0.15359957695007323,
      0.016797484159469606,
      0.011829596757888795,
      0.025245845317840576,
      0.011027158498764037,
      0.009132813811302185,
      0.02219712972640991,
      0.014354618787765503,
      0.009480326771736144,
      0.03139250040054321,
      0.10390073776245118,
      0.052783083915710446,
      0.017079036235809326,
      0.025495662689208984,
      0.019704726934432985,
      0.014415085315704346,
      0.023441689014434816,
      0.026323280334472655,
      0.024587571620941162,
      0.015535577535629272,
      0.014592273235321045,
      0.14495500564575195,
      0.13417011260986328,
      0.09687760353088379,
      0.0981825065612793,
      0.11486813545227051,
      0.09288721084594727,
      0.08677519798278809,
      0.0707459020614624,
      0.06234094142913818,
      0.06456258773803711,
      0.06761102199554443,
      0.074435133934021,
      0.15715030670166016,
      0.05235954284667969,
      0.045642151832580566,
      0.062378277778625486,
      0.051490130424499514,
      0.08224145889282226,
      0.0790091371536255,
      0.06220938682556152,
      0.07233628273010254,
      0.08433379173278809,
      0.09274106025695801,
      0.0718236494064331,
      0.11940594673156739,
      0.059934959411621094,
      0.037230775356292725,
      0.127106409072876,
      0.0736156702041626,
      0.09201435089111328,
      0.08955422401428223,
      0.08875883102416993,
      0.1079749584197998,
      0.07693429946899415,
      0.1823434829711914,
      0.04929780960083008,
      0.045844740867614746,
      0.05790519714355469,
      0.07287313461303711,
      0.06631210803985596,
      0.0584330415725708,
      0.05356489181518555,
      0.07207468509674073,
      0.06274045467376708,
      0.05886257648468018,
      0.13104202270507812,
      0.0244411301612854,
      0.01698826551437378,
      0.03787228107452392,
      0.043247528076171875,
      0.06160388469696045,
      0.06568609714508057,
      0.02838266849517822,
      0.11510857582092285,
      0.07056663990020752,
      0.0681139326095581,
      0.07712652683258056,
      0.0864534854888916,
      0.09274704933166504,
      0.06812047004699708,
      0.10469088554382325,
      0.05470293521881103,
      0.06058152675628662,
      0.16274772644042967,
      0.018763153553009032,
      0.032683446407318115,
      0.01948206901550293,
      0.018310209512710573,
      0.027711760997772217,
      0.020009706020355223,
      0.026638669967651366,
      0.01977439522743225,
      0.01588325619697571,
      0.0238986873626709,
      0.016874933242797853,
      0.16499399185180663,
      0.07902642250061036,
      0.061961278915405274,
      0.07119675636291505,
      0.05427906513214111,
      0.05757360458374024,
      0.15126163482666016,
      0.051775879859924316,
      0.08256589889526367,
      0.06487144947052002,
      0.05333268165588379,
      0.07313660144805909,
      0.06073427677154541,
      0.08064859390258788,
      0.05815135955810547,
      0.09103443145751954,
      0.11310626029968261,
      0.038817203044891356,
      0.04805750846862793,
      0.053512554168701175,
      0.05116202354431152,
      0.061153101921081546,
      0.05835972309112549,
      0.05973146915435791,
      0.034567885398864746,
      0.03786057710647583,
      0.16702434539794922,
      0.05717731475830078,
      0.1062132740020752,
      0.07857388019561767,
      0.13207974433898925,
      0.10261870384216308,
      0.11858399391174317,
      0.1550992488861084,
      0.11006368637084961,
      0.14433614730834962,
      0.08967302322387695,
      0.077065749168396,
      0.09652501106262207,
      0.07493438243865967,
      0.08521168708801269,
      0.06906199932098389,
      0.08859278678894043,
      0.12210188865661621,
      0.08176275253295899,
      0.08671385765075684,
      0.1019901180267334,
      0.07555094718933106,
      0.08267773628234863,
      0.0648719882965088,
      0.08077780723571777,
      0.11797391891479492,
      0.05391960620880127,
      0.053234891891479494,
      0.025737743377685546,
      0.025191614627838133,
      0.03590986251831055,
      0.022993814945220948,
      0.033423848152160644,
      0.023756682872772217,
      0.019934587478637696,
      0.021311960220336913,
      0.013246942758560181,
      0.21393112182617188,
      0.005700147747993469,
      0.0034248676896095277,
      0.006011621356010437,
      0.0050688087940216064,
      0.007142536044120788,
      0.003486281633377075,
      0.006316443681716919,
      0.008595253229141236,
      0.004268046617507935,
      0.18273647308349608,
      0.018559415340423584,
      0.026022095680236817,
      0.03139595270156861,
      0.026523580551147462,
      0.038837571144104,
      0.031877875328063965,
      0.027811567783355712,
      0.023390011787414552,
      0.02980128526687622,
      0.1484491443634033,
      0.011997593641281128,
      0.010631011724472046,
      0.010275536775588989,
      0.007162837982177734,
      0.008980255126953125,
      0.004409539103507995,
      0.0036192953586578367
    ],
    "intensity_mean": 0.05217356130679449,
    "intensity_std": 0.04703110954150893,
    "intensity_min": 0.0,
    "intensity_max": 0.36955406188964846,
    "intensity_trend": "stable",
    "peak_moments": [
      {
        "timestamp": 1.2000000000000002,
        "frame_index": 12,
        "intensity": 0.18072298049926758,
        "moment_type": "peak"
      },
      {
        "timestamp": 3.3000000000000003,
        "frame_index": 33,
        "intensity": 0.21355737686157228,
        "moment_type": "peak"
      },
      {
        "timestamp": 4.7,
        "frame_index": 47,
        "intensity": 0.1497218132019043,
        "moment_type": "peak"
      },
      {
        "timestamp": 5.2,
        "frame_index": 52,
        "intensity": 0.2021152114868164,
        "moment_type": "peak"
      },
      {
        "timestamp": 6.800000000000001,
        "frame_index": 68,
        "intensity": 0.36955406188964846,
        "moment_type": "peak"
      },
      {
        "timestamp": 7.6000000000000005,
        "frame_index": 76,
        "intensity": 0.15191289901733399,
        "moment_type": "peak"
      },
      {
        "timestamp": 9.600000000000001,
        "frame_index": 96,
        "intensity": 0.18612424850463868,
        "moment_type": "peak"
      },
      {
        "timestamp": 11.3,
        "frame_index": 113,
        "intensity": 0.15359957695007323,
        "moment_type": "peak"
      },
      {
        "timestamp": 14.600000000000001,
        "frame_index": 146,
        "intensity": 0.15715030670166016,
        "moment_type": "peak"
      },
      {
        "timestamp": 16.8,
        "frame_index": 168,
        "intensity": 0.1823434829711914,
        "moment_type": "peak"
      },
      {
        "timestamp": 19.700000000000003,
        "frame_index": 197,
        "intensity": 0.16274772644042967,
        "moment_type": "peak"
      },
      {
        "timestamp": 20.900000000000002,
        "frame_index": 209,
        "intensity": 0.16499399185180663,
        "moment_type": "peak"
      },
      {
        "timestamp": 23.5,
        "frame_index": 235,
        "intensity": 0.16702434539794922,
        "moment_type": "peak"
      },
      {
        "timestamp": 27.200000000000003,
        "frame_index": 272,
        "intensity": 0.21393112182617188,
        "moment_type": "peak"
      },
      {
        "timestamp": 28.200000000000003,
        "frame_index": 282,
        "intensity": 0.18273647308349608,
        "moment_type": "peak"
      },
      {
        "timestamp": 29.200000000000003,
        "frame_index": 292,
        "intensity": 0.1484491443634033,
        "moment_type": "peak"
      }
    ],
    "valley_moments": [
      {
        "timestamp": 2.4000000000000004,
        "frame_index": 24,
        "intensity": 0.015621112585067749,
        "moment_type": "valley"
      },
      {
        "timestamp": 3.4000000000000004,
        "frame_index": 34,
        "intensity": 0.008426687717437743,
        "moment_type": "valley"
      },
      {
        "timestamp": 5.0,
        "frame_index": 50,
        "intensity": 0.005715852975845337,
        "moment_type": "valley"
      },
      {
        "timestamp": 6.7,
        "frame_index": 67,
        "intensity": 0.003773709237575531,
        "moment_type": "valley"
      },
      {
        "timestamp": 6.9,
        "frame_index": 69,
        "intensity": 0.03479433298110962,
        "moment_type": "valley"
      },
      {
        "timestamp": 9.3,
        "frame_index": 93,
        "intensity": 0.01605284571647644,
        "moment_type": "valley"
      },
      {
        "timestamp": 11.200000000000001,
        "frame_index": 112,
        "intensity": 0.017273405790328978,
        "moment_type": "valley"
      },
      {
        "timestamp": 11.8,
        "frame_index": 118,
        "intensity": 0.009132813811302185,
        "moment_type": "valley"
      },
      {
        "timestamp": 16.0,
        "frame_index": 160,
        "intensity": 0.037230775356292725,
        "moment_type": "valley"
      },
      {
        "timestamp": 18.1,
        "frame_index": 181,
        "intensity": 0.01698826551437378,
        "moment_type": "valley"
      },
      {
        "timestamp": 20.6,
        "frame_index": 206,
        "intensity": 0.01588325619697571,
        "moment_type": "valley"
      },
      {
        "timestamp": 23.3,
        "frame_index": 233,
        "intensity": 0.034567885398864746,
        "moment_type": "valley"
      },
      {
        "timestamp": 27.1,
        "frame_index": 271,
        "intensity": 0.013246942758560181,
        "moment_type": "valley"
      },
      {
        "timestamp": 27.400000000000002,
        "frame_index": 274,
        "intensity": 0.0034248676896095277,
        "moment_type": "valley"
      },
      {
        "timestamp": 28.3,
        "frame_index": 283,
        "intensity": 0.018559415340423584,
        "moment_type": "valley"
      }
    ],
    "peak_timestamps": [
      1.2000000000000002,
      3.3000000000000003,
      4.7,
      5.2,
      6.800000000000001,
      7.6000000000000005,
      9.600000000000001,
      11.3,
      14.600000000000001,
      16.8,
      19.700000000000003,
      20.900000000000002,
      23.5,
      27.200000000000003,
      28.200000000000003,
      29.200000000000003
    ],
    "valley_timestamps": [
      2.4000000000000004,
      3.4000000000000004,
      5.0,
      6.7,
      6.9,
      9.3,
      11.200000000000001,
      11.8,
      16.0,
      18.1,
      20.6,
      23.3,
      27.1,
      27.400000000000002,
      28.3
    ],
    "peak_count": 16,
    "valley_count": 15,
    "action_variance": 0.002211925264705412
  },
  "temporal_signals": {
    "frame_change_scores": [
      0.0,
      0.17123519762182737,
      0.14247936333885047,
      0.18528885697665598,
      0.1329024073262436,
      0.1488995111766297,
      0.19049623330738452,
      0.12504274871752274,
      0.1835932632104963,
      0.11463820299624228,
      0.11611144151282604,
      0.1540829601939553,
      0.7643056539942987,
      0.1800025748498928,
      0.20842757018199043,
      0.22174692535376384,
      0.23910988633123642,
      0.15633368286116966,
      0.20124699766941911,
      0.16020865836847964,
      0.1539656449182294,
      0.17921268618846353,
      0.10832053203229364,
      0.07502125011168503,
      0.07524747058331127,
      0.07740307441423788,
      0.07262915017109606,
      0.10292716714211647,
      0.2091105279743548,
      0.2220536630762655,
      0.22890958217988655,
      0.22457295222530127,
      0.10271750061914653,
      0.8686833033744743,
      0.021385784660078344,
      0.022268193155849048,
      0.04458920128139732,
      0.02558344472940932,
      0.04324682538394575,
      0.018831407934325473,
      0.021443890703621515,
      0.04346450749808428,
      0.025271374352445086,
      0.04118625822921396,
      0.018036837524570082,
      0.019704890720497747,
      0.038025603053548296,
      0.8380855774226271,
      0.15948496866405593,
      0.12639336315271865,
      0.024790554135050824,
      0.06680461209883037,
      0.8089058954790576,
      0.22784156688463375,
      0.2338359153439482,
      0.23401998028274162,
      0.13200900145618077,
      0.05067423604761612,
      0.11674196777136692,
      0.10229922682829518,
      0.09465259996953301,
      0.11152288113315956,
      0.06812361909141484,
      0.04273386000691903,
      0.05115689133426382,
      0.0486374837919864,
      0.0327676563453807,
      0.0264029265848319,
      0.8234919386012927,
      0.15018909609666997,
      0.19475902752648588,
      0.26510852612186064,
      0.2508399774994674,
      0.2821171221138824,
      0.3010365239729874,
      0.25607925208827687,
      0.8073040334367909,
      0.08365472015181896,
      0.13979071357025452,
      0.07902398763754892,
      0.08243359288067231,
      0.14463262706892455,
      0.08205431000228525,
      0.14271847850648733,
      0.07999546449283834,
      0.08577205560050827,
      0.14121238592918595,
      0.08401805594661271,
      0.07792009250085563,
      0.1376180349242785,
      0.07797560324261688,
      0.13624605041072235,
      0.07731677744634335,
      0.07388047645350693,
      0.12992606410311835,
      0.07530217858005561,
      0.8312845742732523,
      0.1343728695851858,
      0.13878190807332014,
      0.19754999200714096,
      0.12073700006242138,
      0.17624632863751,
      0.12078194702617517,
      0.12603252703472556,
      0.20159525446979687,
      0.12370683450541431,
      0.1843243384561032,
      0.11893103092009283,
      0.11043431152970196,
      0.16365748337522268,
      0.10525791845127197,
      0.15419625774965806,
      0.09824134816800756,
      0.7416434890673178,
      0.09149677978749737,
      0.06148661764437535,
      0.145833737072405,
      0.06119171068115603,
      0.051242483179664844,
      0.09295969694993333,
      0.07122638320628849,
      0.046325717198403504,
      0.1667011400578693,
      0.6775268736226978,
      0.2662768891507371,
      0.07649598855824546,
      0.12124318472464124,
      0.09572971420909648,
      0.060259042237358895,
      0.1236604460156745,
      0.12457989381010093,
      0.12679698329288325,
      0.07162259305648944,
      0.06395997813352694,
      0.7714026662595186,
      0.5171037821535285,
      0.5277898285461395,
      0.3768544613870465,
      0.3508971532480647,
      0.39484870025869867,
      0.32652546319469766,
      0.35264951025608415,
      0.30400618671441504,
      0.3187740625558745,
      0.3638786878997293,
      0.2927301540150484,
      0.7999052047681301,
      0.277124384786558,
      0.31639968817884445,
      0.43934541406615135,
      0.38858556192403826,
      0.4282896486684249,
      0.37531153935339856,
      0.3851357660973379,
      0.42797174739227106,
      0.40041163035978633,
      0.4843049877524499,
      0.3536539354764727,
      0.7042682592205265,
      0.3955877957469429,
      0.4271554816555194,
      0.7577875522463291,
      0.39324429593226684,
      0.35689726208828154,
      0.409313108677947,
      0.41937441488820804,
      0.49097461382030116,
      0.37078224534586657,
      0.8044696125269091,
      0.31690301763409,
      0.31491086218875264,
      0.3276017413002754,
      0.4009346960372496,
      0.3186229847445198,
      0.46228458248505633,
      0.3892904677781174,
      0.36096041486897257,
      0.39290635874378443,
      0.40684971653346236,
      0.7288170564229443,
      0.12298319166761085,
      0.06711473210571894,
      0.2024084939900791,
      0.29016893938770183,
      0.3110509065579433,
      0.37423822049436306,
      0.22153629427284405,
      0.70471879911283,
      0.5211579954409634,
      0.5327913939101798,
      0.4750990914593246,
      0.4185267462178206,
      0.41865721626191443,
      0.33377930297910097,
      0.39973003348033553,
      0.3063479787644383,
      0.29736661807424836,
      0.760691286837655,
      0.08555359299535725,
      0.17240481083264947,
      0.09424689338012104,
      0.09092215965682393,
      0.1490168463594086,
      0.09758168492117758,
      0.13680054590768487,
      0.07503254797053793,
      0.05843972316777024,
      0.09406350400316033,
      0.06830879195287709,
      0.80596266293644,
      0.2932979738195117,
      0.2426102984205879,
      0.29895549972832536,
      0.23486445208716122,
      0.2592471610333361,
      0.7521644657502393,
      0.31941115187543734,
      0.37198612417264254,
      0.31065048011809726,
      0.29670565792356685,
      0.330222490507345,
      0.2748513712520565,
      0.3792190922688474,
      0.29386001424177965,
      0.4000669068543279,
      0.723368777465966,
      0.29362191668905235,
      0.3758262174278453,
      0.35559660593389575,
      0.39222098077535106,
      0.28503254875626227,
      0.2735019600905547,
      0.30239469970539834,
      0.21559196047445595,
      0.24497939909024546,
      0.7475950166649976,
      0.28240627547297126,
      0.44201052550418596,
      0.40764762232411045,
      0.5202721019371119,
      0.42916523170825294,
      0.44482373942609854,
      0.5033145690470942,
      0.3886705274096923,
      0.4535873643111922,
      0.35872437998021367,
      0.33608638376611233,
      0.40405309633195374,
      0.34716926565679407,
      0.4107181309277692,
      0.34009587834014976,
      0.41109372772314146,
      0.4520701156413487,
      0.36884375537203296,
      0.3299617832793946,
      0.3477334476108225,
      0.2572669629651815,
      0.30307440819853637,
      0.23860359017141364,
      0.26565149145275946,
      0.3480319133220582,
      0.22879667076916532,
      0.24126838841374787,
      0.08558461958858343,
      0.08157096057623547,
      0.11956351939501098,
      0.07614267833116573,
      0.13272010734100415,
      0.07843342447517143,
      0.06914119661651175,
      0.0810288132712842,
      0.04020009847889072,
      0.8769101762739928,
      0.009876622066195662,
      0.004861283065412003,
      0.01379390057886265,
      0.011768994103066754,
      0.01592797162052173,
      0.007814665135487897,
      0.014382484447746036,
      0.019006093412232916,
      0.006310173016394249,
      0.8350687449594565,
      0.07529150944168672,
      0.08768342799376994,
      0.11922421155974794,
      0.11140072903744214,
      0.16492565394881964,
      0.13188701344653664,
      0.11547015011759365,
      0.09787680315243619,
      0.13112609602280867,
      0.7197158340868273,
      0.08114879207265024,
      0.060267969779477015,
      0.047867475439206664,
      0.037847962072700914,
      0.044615940564604606,
      0.02150960988074102,
      0.015203123693932175
    ],
    "change_score_mean": 0.24855783062497325,
    "change_score_std": 0.2063590806121976,
    "change_score_max": 0.8769101762739928,
    "temporal_gaps": [
      {
        "start_time": 27.3,
        "end_time": 28.1,
        "duration": 0.8000000000000007,
        "start_frame": 273,
        "end_frame": 281,
        "avg_change": 0.011526909716213321
      }
    ],
    "temporal_gap_count": 1,
    "temporal_gap_total_duration": 0.8000000000000007,
    "transition_similarity_scores": [
      0.23569434600570122,
      0.13131669662552564,
      0.16191442257737285,
      0.1926959665632091,
      0.25835651093268214,
      0.22859733374048147,
      0.6070936412562156,
      0.23930871316234506,
      0.24783553424976065,
      0.25240498333500233,
      0.5959469036680463,
      0.6528307343432059,
      0.5889062722768585,
      0.8672798926589959,
      0.16493125504054357
    ],
    "transition_similarity_mean": 0.3616742137623964,
    "temporal_density": 7.090301003344481
  },
  "metadata": {
    "video_path": "/vol/videos/core/produced_digital/commercials/tqh9pI89GuE.mp4",
    "dataset": "produced_digital/commercials",
    "tier": "produced_digital",
    "study_type": "core",
    "source_fps": 23.976023976023978,
    "experiment_version": "3.2"
  }
}