{
  "video_id": "w4XiaP-WhNw",
  "fps": 2.0,
  "duration": 29.5,
  "frame_count": 60,
  "scene_signals": {
    "transition_count": 0,
    "transition_timestamps": [],
    "transition_types": [],
    "transition_magnitudes": [],
    "scene_count": 1,
    "scene_durations": [
      29.5
    ],
    "scene_duration_mean": 29.5,
    "scene_duration_std": 0.0,
    "scene_duration_min": 29.5,
    "scene_duration_max": 29.5,
    "scene_types": [
      "unknown"
    ],
    "transitions": [],
    "scenes": [
      {
        "start_time": 0.0,
        "end_time": 29.5,
        "duration": 29.5,
        "scene_type": "unknown",
        "start_frame": 0,
        "end_frame": 59
      }
    ]
  },
  "character_signals": {
    "person_counts_per_frame": [
      0,
      0,
      0,
      0,
      0,
      0,
      0,
      0,
      0,
      0,
      0,
      0,
      0,
      0,
      0,
      0,
      0,
      0,
      0,
      0,
      0,
      0,
      0,
      0,
      0,
      0,
      0,
      0,
      0,
      0,
      0,
      0,
      0,
      0,
      0,
      0,
      0,
      0,
      0,
      0,
      0,
      0,
      0,
      0,
      0,
      0,
      0,
      0,
      0,
      0,
      0,
      0,
      0,
      0,
      0,
      0,
      0,
      0,
      0,
      0
    ],
    "person_count_mode": 0,
    "person_count_mean": 0.0,
    "person_count_std": 0.0,
    "person_count_min": 0,
    "person_count_max": 0,
    "person_count_distribution": {
      "0": 60
    },
    "character_consistency": 1.0,
    "entry_events": [],
    "exit_events": [],
    "entry_count": 0,
    "exit_count": 0,
    "entry_exit_total": 0,
    "entry_timestamps": [],
    "exit_timestamps": []
  },
  "visual_signals": {
    "unique_objects": [
      "clock",
      "sink",
      "suitcase",
      "airplane",
      "skateboard"
    ],
    "unique_object_count": 5,
    "persistent_objects": [],
    "persistent_object_count": 0,
    "transient_objects": [
      "clock",
      "sink",
      "suitcase",
      "airplane",
      "skateboard"
    ],
    "transient_object_count": 5,
    "object_frequency": {
      "clock": 0.016666666666666666,
      "sink": 0.03333333333333333,
      "suitcase": 0.016666666666666666,
      "airplane": 0.016666666666666666,
      "skateboard": 0.03333333333333333
    },
    "object_frame_counts": {
      "clock": 1,
      "sink": 2,
      "suitcase": 1,
      "airplane": 1,
      "skateboard": 2
    },
    "object_first_appearance": {
      "clock": 7.0,
      "sink": 22.0,
      "suitcase": 23.0,
      "airplane": 24.5,
      "skateboard": 28.0
    },
    "object_last_appearance": {
      "clock": 7.0,
      "sink": 22.5,
      "suitcase": 23.0,
      "airplane": 24.5,
      "skateboard": 28.5
    },
    "objects_per_frame": [
      [],
      [],
      [],
      [],
      [],
      [],
      [],
      [],
      [],
      [],
      [],
      [],
      [],
      [],
      [
        "clock"
      ],
      [],
      [],
      [],
      [],
      [],
      [],
      [],
      [],
      [],
      [],
      [],
      [],
      [],
      [],
      [],
      [],
      [],
      [],
      [],
      [],
      [],
      [],
      [],
      [],
      [],
      [],
      [],
      [],
      [],
      [
        "sink"
      ],
      [
        "sink"
      ],
      [
        "suitcase"
      ],
      [],
      [],
      [
        "airplane"
      ],
      [],
      [],
      [],
      [],
      [],
      [],
      [
        "skateboard"
      ],
      [
        "skateboard"
      ],
      [],
      []
    ],
    "appearances": [
      {
        "object_class": "clock",
        "first_appearance": 7.0,
        "last_appearance": 7.0,
        "frame_count": 1,
        "frequency": 0.016666666666666666
      },
      {
        "object_class": "sink",
        "first_appearance": 22.0,
        "last_appearance": 22.5,
        "frame_count": 2,
        "frequency": 0.03333333333333333
      },
      {
        "object_class": "suitcase",
        "first_appearance": 23.0,
        "last_appearance": 23.0,
        "frame_count": 1,
        "frequency": 0.016666666666666666
      },
      {
        "object_class": "airplane",
        "first_appearance": 24.5,
        "last_appearance": 24.5,
        "frame_count": 1,
        "frequency": 0.016666666666666666
      },
      {
        "object_class": "skateboard",
        "first_appearance": 28.0,
        "last_appearance": 28.5,
        "frame_count": 2,
        "frequency": 0.03333333333333333
      }
    ]
  },
  "atmosphere_signals": {
    "brightness_values": [
      0.0022222222222222222,
      101.27727756076389,
      101.21610243055555,
      100.05727864583334,
      101.12594835069444,
      104.46426106770834,
      105.07328233506945,
      107.15558919270833,
      110.08609700520833,
      111.44519639756945,
      111.04383572048611,
      112.15111436631945,
      113.52321180555556,
      113.3570529513889,
      112.712734375,
      110.66819444444444,
      108.29882052951389,
      106.29833441840277,
      104.91406032986112,
      104.92357638888889,
      106.55519205729166,
      109.538623046875,
      112.0077951388889,
      113.51583658854166,
      114.28212239583333,
      114.35579427083333,
      114.64970703125,
      114.447197265625,
      115.74121853298611,
      116.59563042534722,
      112.59644314236111,
      109.65516276041667,
      108.34231553819444,
      105.05736219618055,
      101.243662109375,
      100.188203125,
      100.03394639756945,
      98.86267035590278,
      97.98789930555556,
      98.844775390625,
      99.73958441840277,
      100.44879231770834,
      108.98596788194445,
      112.59516493055555,
      108.07046440972222,
      108.68145073784723,
      105.67219184027778,
      105.59062934027777,
      105.34962456597222,
      109.36325086805556,
      103.72775716145833,
      97.78649088541667,
      102.20359266493055,
      104.86385091145833,
      106.553232421875,
      105.78267686631945,
      110.69765950520834,
      113.07826388888888,
      116.32880099826389,
      118.63783311631944
    ],
    "brightness_mean": 105.80755045572917,
    "brightness_std": 14.792408747099783,
    "brightness_min": 0.0022222222222222222,
    "brightness_max": 118.63783311631944,
    "brightness_range": 118.63561089409723,
    "lighting_changes": [
      {
        "timestamp": 0.5,
        "frame_index": 1,
        "brightness_before": 0.0022222222222222222,
        "brightness_after": 101.27727756076389,
        "magnitude": 101.27505533854168
      }
    ],
    "lighting_change_count": 1,
    "setting_type": "indoor",
    "dominant_colors_rgb": [
      [
        "69",
        "63",
        "48"
      ],
      [
        "169",
        "171",
        "150"
      ],
      [
        "123",
        "117",
        "93"
      ]
    ],
    "dominant_colors": [
      "brown",
      "green",
      "brown"
    ]
  },
  "action_signals": {
    "intensity_timeline": [
      0.0,
      0.03297914028167725,
      0.014978615045547485,
      0.011351268291473388,
      0.01727528214454651,
      0.02169560670852661,
      0.02922471046447754,
      0.04016507625579834,
      0.04949784755706787,
      0.03634073972702026,
      0.041572799682617186,
      0.04350530624389649,
      0.048699383735656736,
      0.04940120220184326,
      0.04268930912017822,
      0.05703768253326416,
      0.06241832733154297,
      0.061187520027160644,
      0.06965722560882569,
      0.061627316474914554,
      0.07067308425903321,
      0.07966618537902832,
      0.08411712646484375,
      0.11073508262634277,
      0.10797797203063965,
      0.11212701797485351,
      0.11456697463989257,
      0.10839681625366211,
      0.09569427490234375,
      0.09064380645751953,
      0.08738607406616211,
      0.09713916778564453,
      0.07445345401763916,
      0.07265469074249267,
      0.07647684097290039,
      0.06454984188079833,
      0.08250711441040039,
      0.08751672744750977,
      0.08063495635986329,
      0.047669782638549804,
      0.049532389640808104,
      0.07758584499359131,
      0.27199766159057615,
      0.34372142791748045,
      0.15760249137878418,
      0.14818201065063477,
      0.1783185386657715,
      0.13741035461425782,
      0.12104063987731933,
      0.07919102191925048,
      0.06904248714447021,
      0.08840909004211425,
      0.12142616271972656,
      0.1360204029083252,
      0.1425057029724121,
      0.12760483741760253,
      0.12351596832275391,
      0.11774715423583984,
      0.16612497329711914,
      0.15336715698242187
    ],
    "intensity_mean": 0.08912062780062358,
    "intensity_std": 0.05797495009702602,
    "intensity_min": 0.0,
    "intensity_max": 0.34372142791748045,
    "intensity_trend": "escalating",
    "peak_moments": [
      {
        "timestamp": 21.5,
        "frame_index": 43,
        "intensity": 0.34372142791748045,
        "moment_type": "peak"
      }
    ],
    "valley_moments": [],
    "peak_timestamps": [
      21.5
    ],
    "valley_timestamps": [],
    "peak_count": 1,
    "valley_count": 0,
    "action_variance": 0.0033610948387526574
  },
  "temporal_signals": {
    "frame_change_scores": [
      0.0,
      0.9972047680208674,
      0.059580565633126525,
      0.11354093306480628,
      0.312572892486086,
      0.1971312396881879,
      0.2678291816986641,
      0.2896152779543322,
      0.30581149331530266,
      0.27905893834678885,
      0.332552205028224,
      0.3647792874607374,
      0.32508493389603665,
      0.35903746273335535,
      0.3586549593278887,
      0.391707797285864,
      0.4279390447767626,
      0.3931194329654495,
      0.40337996195275605,
      0.3905244352594519,
      0.412346451357234,
      0.42953514690959915,
      0.4815532622269326,
      0.4776570226714728,
      0.3965182802646562,
      0.41234768255268806,
      0.4996866663142272,
      0.4564943440662861,
      0.4457486536045785,
      0.40454326820091435,
      0.46323922606440093,
      0.4748815335262012,
      0.4398447022927853,
      0.37923361988812,
      0.3946481757472776,
      0.3707070879313541,
      0.3793502301982763,
      0.3663153606015258,
      0.33097853959417134,
      0.27077191115009025,
      0.31389490618683413,
      0.3862728095951419,
      0.5138013578797366,
      0.5392558619663788,
      0.5456319721013609,
      0.6216518334914845,
      0.6672727109141061,
      0.7065464904455234,
      0.667085854882826,
      0.49298112518187853,
      0.5511972748610345,
      0.5917673331996968,
      0.5939172616415023,
      0.6210018752486136,
      0.6148726371980264,
      0.622178730995081,
      0.6081938679116177,
      0.5367674810410055,
      0.46192459440415046,
      0.45543356329374585
    ],
    "change_score_mean": 0.4327862586416203,
    "change_score_std": 0.1580470477661049,
    "change_score_max": 0.9972047680208674,
    "temporal_gaps": [],
    "temporal_gap_count": 0,
    "temporal_gap_total_duration": 0.0,
    "transition_similarity_scores": [],
    "transition_similarity_mean": 0.0,
    "temporal_density": 1.9661016949152543
  },
  "metadata": {
    "video_path": "/vol/videos/core/produced_digital/commercials/w4XiaP-WhNw.mp4",
    "dataset": "produced_digital/commercials",
    "tier": "produced_digital",
    "study_type": "core",
    "source_fps": 25.0,
    "source_width": 1280,
    "source_height": 720,
    "experiment_version": "3.3",
    "batch": "1-retry",
    "retry_id": "20251226_182920"
  }
}