{
  "video_id": "wMl839M5hKc",
  "fps": 2.0,
  "duration": 29.5,
  "frame_count": 60,
  "scene_signals": {
    "transition_count": 1,
    "transition_timestamps": [
      29.5
    ],
    "transition_types": [
      "hard_cut"
    ],
    "transition_magnitudes": [
      229.58393175963062
    ],
    "scene_count": 2,
    "scene_durations": [
      29.5,
      0.0
    ],
    "scene_duration_mean": 14.75,
    "scene_duration_std": 14.75,
    "scene_duration_min": 0.0,
    "scene_duration_max": 29.5,
    "scene_types": [
      "unknown",
      "unknown"
    ],
    "transitions": [
      {
        "timestamp": 29.5,
        "frame_index": 59,
        "transition_type": "hard_cut",
        "magnitude": 229.58393175963062
      }
    ],
    "scenes": [
      {
        "start_time": 0.0,
        "end_time": 29.5,
        "duration": 29.5,
        "scene_type": "unknown",
        "start_frame": 0,
        "end_frame": 58
      },
      {
        "start_time": 29.5,
        "end_time": 29.5,
        "duration": 0.0,
        "scene_type": "unknown",
        "start_frame": 59,
        "end_frame": 59
      }
    ]
  },
  "character_signals": {
    "person_counts_per_frame": [
      0,
      2,
      2,
      2,
      2,
      2,
      2,
      2,
      2,
      2,
      2,
      2,
      2,
      2,
      2,
      2,
      2,
      2,
      2,
      2,
      2,
      2,
      2,
      1,
      1,
      1,
      2,
      2,
      2,
      2,
      2,
      2,
      2,
      2,
      2,
      2,
      2,
      2,
      2,
      2,
      2,
      2,
      2,
      2,
      2,
      2,
      2,
      2,
      2,
      2,
      0,
      0,
      0,
      3,
      0,
      0,
      0,
      0,
      0,
      0
    ],
    "person_count_mode": 2,
    "person_count_mean": 1.6333333333333333,
    "person_count_std": 0.7738791177495933,
    "person_count_min": 0,
    "person_count_max": 3,
    "person_count_distribution": {
      "0": 10,
      "2": 46,
      "1": 3,
      "3": 1
    },
    "character_consistency": 0.7666666666666667,
    "entry_events": [
      {
        "timestamp": 0.5,
        "frame_index": 1,
        "event_type": "entry",
        "count_before": 0,
        "count_after": 2
      },
      {
        "timestamp": 13.0,
        "frame_index": 26,
        "event_type": "entry",
        "count_before": 1,
        "count_after": 2
      },
      {
        "timestamp": 26.5,
        "frame_index": 53,
        "event_type": "entry",
        "count_before": 0,
        "count_after": 3
      }
    ],
    "exit_events": [
      {
        "timestamp": 11.5,
        "frame_index": 23,
        "event_type": "exit",
        "count_before": 2,
        "count_after": 1
      },
      {
        "timestamp": 25.0,
        "frame_index": 50,
        "event_type": "exit",
        "count_before": 2,
        "count_after": 0
      },
      {
        "timestamp": 27.0,
        "frame_index": 54,
        "event_type": "exit",
        "count_before": 3,
        "count_after": 0
      }
    ],
    "entry_count": 3,
    "exit_count": 3,
    "entry_exit_total": 6,
    "entry_timestamps": [
      0.5,
      13.0,
      26.5
    ],
    "exit_timestamps": [
      11.5,
      25.0,
      27.0
    ]
  },
  "visual_signals": {
    "unique_objects": [
      "chair",
      "person",
      "keyboard"
    ],
    "unique_object_count": 3,
    "persistent_objects": [
      "person"
    ],
    "persistent_object_count": 1,
    "transient_objects": [
      "keyboard"
    ],
    "transient_object_count": 1,
    "object_frequency": {
      "chair": 0.43333333333333335,
      "person": 0.8333333333333334,
      "keyboard": 0.03333333333333333
    },
    "object_frame_counts": {
      "chair": 26,
      "person": 50,
      "keyboard": 2
    },
    "object_first_appearance": {
      "chair": 0.5,
      "person": 0.5,
      "keyboard": 2.5
    },
    "object_last_appearance": {
      "chair": 21.5,
      "person": 26.5,
      "keyboard": 14.0
    },
    "objects_per_frame": [
      [],
      [
        "chair",
        "person"
      ],
      [
        "person"
      ],
      [
        "chair",
        "person"
      ],
      [
        "person"
      ],
      [
        "keyboard",
        "chair",
        "person"
      ],
      [
        "chair",
        "person"
      ],
      [
        "person"
      ],
      [
        "person"
      ],
      [
        "person"
      ],
      [
        "chair",
        "person"
      ],
      [
        "chair",
        "person"
      ],
      [
        "chair",
        "person"
      ],
      [
        "person"
      ],
      [
        "person"
      ],
      [
        "person"
      ],
      [
        "person"
      ],
      [
        "chair",
        "person"
      ],
      [
        "chair",
        "person"
      ],
      [
        "chair",
        "person"
      ],
      [
        "chair",
        "person"
      ],
      [
        "chair",
        "person"
      ],
      [
        "chair",
        "person"
      ],
      [
        "chair",
        "person"
      ],
      [
        "chair",
        "person"
      ],
      [
        "chair",
        "person"
      ],
      [
        "chair",
        "person"
      ],
      [
        "person"
      ],
      [
        "keyboard",
        "chair",
        "person"
      ],
      [
        "chair",
        "person"
      ],
      [
        "chair",
        "person"
      ],
      [
        "chair",
        "person"
      ],
      [
        "chair",
        "person"
      ],
      [
        "chair",
        "person"
      ],
      [
        "chair",
        "person"
      ],
      [
        "person"
      ],
      [
        "person"
      ],
      [
        "person"
      ],
      [
        "person"
      ],
      [
        "person"
      ],
      [
        "person"
      ],
      [
        "person"
      ],
      [
        "chair",
        "person"
      ],
      [
        "chair",
        "person"
      ],
      [
        "person"
      ],
      [
        "person"
      ],
      [
        "person"
      ],
      [
        "person"
      ],
      [
        "person"
      ],
      [
        "person"
      ],
      [],
      [],
      [],
      [
        "person"
      ],
      [],
      [],
      [],
      [],
      [],
      []
    ],
    "appearances": [
      {
        "object_class": "chair",
        "first_appearance": 0.5,
        "last_appearance": 21.5,
        "frame_count": 26,
        "frequency": 0.43333333333333335
      },
      {
        "object_class": "person",
        "first_appearance": 0.5,
        "last_appearance": 26.5,
        "frame_count": 50,
        "frequency": 0.8333333333333334
      },
      {
        "object_class": "keyboard",
        "first_appearance": 2.5,
        "last_appearance": 14.0,
        "frame_count": 2,
        "frequency": 0.03333333333333333
      }
    ]
  },
  "atmosphere_signals": {
    "brightness_values": [
      0.0,
      145.16868489583334,
      145.79203125,
      147.73236979166666,
      148.09907552083334,
      148.22390625,
      147.93412760416666,
      147.21020833333333,
      147.07665364583335,
      143.3669140625,
      144.6539453125,
      147.88596354166665,
      148.95134114583334,
      147.66501302083333,
      145.7078125,
      146.8276171875,
      145.81341145833332,
      145.74450520833332,
      146.88454427083335,
      145.97791666666666,
      145.88061197916667,
      144.73397135416667,
      144.85501302083333,
      146.18061197916666,
      147.98634114583334,
      146.7965625,
      145.6178125,
      146.26052083333335,
      146.2315625,
      147.04111979166666,
      146.2827734375,
      144.33712239583335,
      144.13180989583333,
      142.514765625,
      142.29796875,
      142.71600260416668,
      152.06651041666666,
      148.61640625,
      146.99954427083333,
      146.3375,
      152.24817708333333,
      154.16044270833333,
      152.80889322916667,
      150.39430989583335,
      148.944140625,
      147.39670572916665,
      147.23537760416667,
      147.80341145833333,
      148.930546875,
      149.90743489583335,
      189.25408854166668,
      191.75052083333333,
      201.34166666666667,
      237.670078125,
      239.55049479166667,
      239.529140625,
      243.10682291666666,
      240.56342447916666,
      240.5066015625,
      180.58177083333334
    ],
    "brightness_mean": 156.8047437065972,
    "brightness_std": 35.61189418450327,
    "brightness_min": 0.0,
    "brightness_max": 243.10682291666666,
    "brightness_range": 243.10682291666666,
    "lighting_changes": [
      {
        "timestamp": 0.5,
        "frame_index": 1,
        "brightness_before": 0.0,
        "brightness_after": 145.16868489583334,
        "magnitude": 145.16868489583334
      },
      {
        "timestamp": 25.0,
        "frame_index": 50,
        "brightness_before": 149.90743489583335,
        "brightness_after": 189.25408854166668,
        "magnitude": 39.34665364583333
      },
      {
        "timestamp": 26.5,
        "frame_index": 53,
        "brightness_before": 201.34166666666667,
        "brightness_after": 237.670078125,
        "magnitude": 36.328411458333335
      },
      {
        "timestamp": 29.5,
        "frame_index": 59,
        "brightness_before": 240.5066015625,
        "brightness_after": 180.58177083333334,
        "magnitude": 59.92483072916667
      }
    ],
    "lighting_change_count": 4,
    "setting_type": "outdoor",
    "dominant_colors_rgb": [
      [
        "231",
        "236",
        "239"
      ],
      [
        "50",
        "44",
        "39"
      ],
      [
        "140",
        "132",
        "129"
      ]
    ],
    "dominant_colors": [
      "white",
      "brown",
      "brown"
    ]
  },
  "action_signals": {
    "intensity_timeline": [
      0.0,
      0.16377031326293945,
      0.029885425567626953,
      0.03846322059631348,
      0.034830315113067625,
      0.03340127944946289,
      0.06157076358795166,
      0.05224105358123779,
      0.033907356262207033,
      0.04581589221954346,
      0.06463881969451904,
      0.041888070106506345,
      0.050830631256103515,
      0.05022546291351318,
      0.04338277816772461,
      0.035843570232391354,
      0.044517168998718264,
      0.015642607212066652,
      0.022437100410461427,
      0.027334868907928467,
      0.021164488792419434,
      0.038991146087646485,
      0.03699331760406494,
      0.027213585376739503,
      0.01812872052192688,
      0.021906516551971435,
      0.030188467502593994,
      0.026809577941894532,
      0.028264167308807372,
      0.03795087099075317,
      0.015119414329528808,
      0.04538968086242676,
      0.02520671844482422,
      0.07449481010437012,
      0.012259526252746582,
      0.012533961534500123,
      0.07052228927612304,
      0.08225486755371093,
      0.10016194343566895,
      0.06318477153778077,
      0.05109688758850098,
      0.07250561714172363,
      0.03530320644378662,
      0.04121933460235596,
      0.037659130096435546,
      0.04719850063323974,
      0.025397825241088866,
      0.03124204158782959,
      0.030296173095703125,
      0.021209416389465333,
      0.14831515312194823,
      0.062085080146789554,
      0.12135286331176758,
      0.08338306427001953,
      0.05451642513275146,
      0.03316925525665283,
      0.018520320653915404,
      0.009624905586242676,
      0.0006749781966209411,
      0.15105895042419434
    ],
    "intensity_mean": 0.04591991114119689,
    "intensity_std": 0.033680421433270685,
    "intensity_min": 0.0,
    "intensity_max": 0.16377031326293945,
    "intensity_trend": "stable",
    "peak_moments": [
      {
        "timestamp": 0.5,
        "frame_index": 1,
        "intensity": 0.16377031326293945,
        "moment_type": "peak"
      },
      {
        "timestamp": 25.0,
        "frame_index": 50,
        "intensity": 0.14831515312194823,
        "moment_type": "peak"
      }
    ],
    "valley_moments": [
      {
        "timestamp": 17.0,
        "frame_index": 34,
        "intensity": 0.012259526252746582,
        "moment_type": "valley"
      },
      {
        "timestamp": 29.0,
        "frame_index": 58,
        "intensity": 0.0006749781966209411,
        "moment_type": "valley"
      }
    ],
    "peak_timestamps": [
      0.5,
      25.0
    ],
    "valley_timestamps": [
      17.0,
      29.0
    ],
    "peak_count": 2,
    "valley_count": 2,
    "action_variance": 0.0011343707879227193
  },
  "temporal_signals": {
    "frame_change_scores": [
      0.0,
      0.9820781837801802,
      0.16745518619250144,
      0.18496091858142216,
      0.18565674168219337,
      0.16526477445043442,
      0.33357475622906296,
      0.3778402758439633,
      0.223986610450979,
      0.2926169069157134,
      0.3793672695389534,
      0.32211536118314343,
      0.3311081631243217,
      0.29445551799215375,
      0.2376188305531648,
      0.2303909417889629,
      0.2229680922170566,
      0.12560975137753716,
      0.1648733314308677,
      0.190158564600184,
      0.14189419894663036,
      0.23063938464573597,
      0.18503605113158283,
      0.15494426331880484,
      0.1285301071910523,
      0.1388743311809717,
      0.18038032117035085,
      0.17695628492406223,
      0.15363979044715403,
      0.23486388170070116,
      0.09231506791285005,
      0.24617117912609132,
      0.19253771383665086,
      0.33962184516376004,
      0.08547242218588935,
      0.08214765790208867,
      0.41712622911033226,
      0.32196193435264375,
      0.3016270943124628,
      0.30888185099316734,
      0.29790065777213337,
      0.3630081498713862,
      0.18356344626607024,
      0.2155663825887535,
      0.2227656677831069,
      0.23181015246015113,
      0.1790065410863565,
      0.2219421523887244,
      0.19290288150645107,
      0.13598950104517016,
      0.861625953652303,
      0.44384121630235795,
      0.5557522480134,
      0.44625396186496746,
      0.24419545955330946,
      0.09487920248124737,
      0.12917630486343468,
      0.06947425729818746,
      0.0023866377922147075,
      0.3249834847374258
    ],
    "change_score_mean": 0.2490457674468822,
    "change_score_std": 0.16498226655731668,
    "change_score_max": 0.9820781837801802,
    "temporal_gaps": [],
    "temporal_gap_count": 0,
    "temporal_gap_total_duration": 0.0,
    "transition_similarity_scores": [
      0.6750165152625742
    ],
    "transition_similarity_mean": 0.6750165152625742,
    "temporal_density": 1.7966101694915255
  },
  "metadata": {
    "video_path": "/vol/videos/core/produced_digital/commercials/wMl839M5hKc.mp4",
    "dataset": "produced_digital/commercials",
    "tier": "produced_digital",
    "study_type": "core",
    "source_fps": 29.97002997002997,
    "experiment_version": "3.2"
  }
}