{
  "video_id": "wMl839M5hKc",
  "fps": 8.0,
  "duration": 29.875,
  "frame_count": 240,
  "scene_signals": {
    "transition_count": 1,
    "transition_timestamps": [
      29.375
    ],
    "transition_types": [
      "soft_cut"
    ],
    "transition_magnitudes": [
      37.13795271976797
    ],
    "scene_count": 2,
    "scene_durations": [
      29.375,
      0.5
    ],
    "scene_duration_mean": 14.9375,
    "scene_duration_std": 14.4375,
    "scene_duration_min": 0.5,
    "scene_duration_max": 29.375,
    "scene_types": [
      "unknown",
      "unknown"
    ],
    "transitions": [
      {
        "timestamp": 29.375,
        "frame_index": 235,
        "transition_type": "soft_cut",
        "magnitude": 37.13795271976797
      }
    ],
    "scenes": [
      {
        "start_time": 0.0,
        "end_time": 29.375,
        "duration": 29.375,
        "scene_type": "unknown",
        "start_frame": 0,
        "end_frame": 234
      },
      {
        "start_time": 29.375,
        "end_time": 29.875,
        "duration": 0.5,
        "scene_type": "unknown",
        "start_frame": 235,
        "end_frame": 239
      }
    ]
  },
  "character_signals": {
    "person_counts_per_frame": [
      0,
      0,
      2,
      2,
      2,
      2,
      2,
      2,
      2,
      2,
      2,
      2,
      2,
      2,
      2,
      2,
      2,
      2,
      2,
      2,
      2,
      1,
      2,
      2,
      2,
      2,
      2,
      2,
      2,
      2,
      2,
      1,
      2,
      1,
      2,
      2,
      2,
      2,
      2,
      2,
      2,
      2,
      2,
      2,
      2,
      2,
      2,
      2,
      2,
      2,
      1,
      2,
      2,
      2,
      2,
      2,
      2,
      2,
      2,
      2,
      2,
      2,
      2,
      2,
      2,
      2,
      2,
      2,
      2,
      2,
      2,
      2,
      2,
      2,
      2,
      2,
      2,
      2,
      2,
      2,
      2,
      2,
      2,
      2,
      2,
      2,
      2,
      2,
      2,
      2,
      2,
      2,
      1,
      1,
      1,
      2,
      1,
      1,
      1,
      1,
      1,
      2,
      2,
      2,
      2,
      2,
      2,
      2,
      2,
      2,
      2,
      2,
      2,
      2,
      2,
      2,
      2,
      2,
      2,
      2,
      2,
      2,
      2,
      2,
      2,
      2,
      2,
      2,
      2,
      2,
      2,
      2,
      2,
      2,
      2,
      2,
      2,
      2,
      2,
      2,
      2,
      2,
      1,
      2,
      2,
      2,
      2,
      2,
      2,
      2,
      2,
      2,
      2,
      2,
      2,
      2,
      2,
      2,
      2,
      2,
      2,
      2,
      2,
      2,
      2,
      2,
      2,
      2,
      2,
      2,
      2,
      2,
      2,
      2,
      2,
      2,
      2,
      2,
      2,
      2,
      2,
      2,
      2,
      2,
      2,
      2,
      2,
      2,
      2,
      2,
      2,
      2,
      2,
      2,
      2,
      2,
      2,
      2,
      2,
      0,
      0,
      0,
      0,
      0,
      0,
      0,
      0,
      0,
      0,
      0,
      0,
      0,
      3,
      4,
      9,
      4,
      0,
      0,
      0,
      0,
      0,
      0,
      0,
      1,
      0,
      0,
      0,
      0,
      0,
      0,
      0,
      0,
      0,
      0,
      0,
      0,
      0,
      0,
      0,
      0
    ],
    "person_count_mode": 2,
    "person_count_mean": 1.675,
    "person_count_std": 0.9097847730828063,
    "person_count_min": 0,
    "person_count_max": 9,
    "person_count_distribution": {
      "0": 38,
      "2": 184,
      "1": 14,
      "3": 1,
      "4": 2,
      "9": 1
    },
    "character_consistency": 0.7666666666666667,
    "entry_events": [
      {
        "timestamp": 0.25,
        "frame_index": 2,
        "event_type": "entry",
        "count_before": 0,
        "count_after": 2
      },
      {
        "timestamp": 2.75,
        "frame_index": 22,
        "event_type": "entry",
        "count_before": 1,
        "count_after": 2
      },
      {
        "timestamp": 4.0,
        "frame_index": 32,
        "event_type": "entry",
        "count_before": 1,
        "count_after": 2
      },
      {
        "timestamp": 4.25,
        "frame_index": 34,
        "event_type": "entry",
        "count_before": 1,
        "count_after": 2
      },
      {
        "timestamp": 6.375,
        "frame_index": 51,
        "event_type": "entry",
        "count_before": 1,
        "count_after": 2
      },
      {
        "timestamp": 11.875,
        "frame_index": 95,
        "event_type": "entry",
        "count_before": 1,
        "count_after": 2
      },
      {
        "timestamp": 12.625,
        "frame_index": 101,
        "event_type": "entry",
        "count_before": 1,
        "count_after": 2
      },
      {
        "timestamp": 17.875,
        "frame_index": 143,
        "event_type": "entry",
        "count_before": 1,
        "count_after": 2
      },
      {
        "timestamp": 26.5,
        "frame_index": 212,
        "event_type": "entry",
        "count_before": 0,
        "count_after": 3
      },
      {
        "timestamp": 26.625,
        "frame_index": 213,
        "event_type": "entry",
        "count_before": 3,
        "count_after": 4
      },
      {
        "timestamp": 26.75,
        "frame_index": 214,
        "event_type": "entry",
        "count_before": 4,
        "count_after": 9
      },
      {
        "timestamp": 27.875,
        "frame_index": 223,
        "event_type": "entry",
        "count_before": 0,
        "count_after": 1
      }
    ],
    "exit_events": [
      {
        "timestamp": 2.625,
        "frame_index": 21,
        "event_type": "exit",
        "count_before": 2,
        "count_after": 1
      },
      {
        "timestamp": 3.875,
        "frame_index": 31,
        "event_type": "exit",
        "count_before": 2,
        "count_after": 1
      },
      {
        "timestamp": 4.125,
        "frame_index": 33,
        "event_type": "exit",
        "count_before": 2,
        "count_after": 1
      },
      {
        "timestamp": 6.25,
        "frame_index": 50,
        "event_type": "exit",
        "count_before": 2,
        "count_after": 1
      },
      {
        "timestamp": 11.5,
        "frame_index": 92,
        "event_type": "exit",
        "count_before": 2,
        "count_after": 1
      },
      {
        "timestamp": 12.0,
        "frame_index": 96,
        "event_type": "exit",
        "count_before": 2,
        "count_after": 1
      },
      {
        "timestamp": 17.75,
        "frame_index": 142,
        "event_type": "exit",
        "count_before": 2,
        "count_after": 1
      },
      {
        "timestamp": 24.875,
        "frame_index": 199,
        "event_type": "exit",
        "count_before": 2,
        "count_after": 0
      },
      {
        "timestamp": 26.875,
        "frame_index": 215,
        "event_type": "exit",
        "count_before": 9,
        "count_after": 4
      },
      {
        "timestamp": 27.0,
        "frame_index": 216,
        "event_type": "exit",
        "count_before": 4,
        "count_after": 0
      },
      {
        "timestamp": 28.0,
        "frame_index": 224,
        "event_type": "exit",
        "count_before": 1,
        "count_after": 0
      }
    ],
    "entry_count": 12,
    "exit_count": 11,
    "entry_exit_total": 23,
    "entry_timestamps": [
      0.25,
      2.75,
      4.0,
      4.25,
      6.375,
      11.875,
      12.625,
      17.875,
      26.5,
      26.625,
      26.75,
      27.875
    ],
    "exit_timestamps": [
      2.625,
      3.875,
      4.125,
      6.25,
      11.5,
      12.0,
      17.75,
      24.875,
      26.875,
      27.0,
      28.0
    ]
  },
  "visual_signals": {
    "unique_objects": [
      "person",
      "chair",
      "keyboard",
      "traffic light",
      "airplane"
    ],
    "unique_object_count": 5,
    "persistent_objects": [
      "person"
    ],
    "persistent_object_count": 1,
    "transient_objects": [
      "keyboard",
      "traffic light",
      "airplane"
    ],
    "transient_object_count": 3,
    "object_frequency": {
      "person": 0.8416666666666667,
      "chair": 0.42083333333333334,
      "keyboard": 0.041666666666666664,
      "traffic light": 0.008333333333333333,
      "airplane": 0.008333333333333333
    },
    "object_frame_counts": {
      "person": 202,
      "chair": 101,
      "keyboard": 10,
      "traffic light": 2,
      "airplane": 2
    },
    "object_first_appearance": {
      "person": 0.25,
      "chair": 0.25,
      "keyboard": 0.75,
      "traffic light": 25.625,
      "airplane": 29.75
    },
    "object_last_appearance": {
      "person": 27.875,
      "chair": 21.75,
      "keyboard": 14.375,
      "traffic light": 27.875,
      "airplane": 29.875
    },
    "objects_per_frame": [
      [],
      [],
      [
        "person",
        "chair"
      ],
      [
        "person",
        "chair"
      ],
      [
        "person",
        "chair"
      ],
      [
        "person",
        "chair"
      ],
      [
        "person",
        "keyboard"
      ],
      [
        "person"
      ],
      [
        "person"
      ],
      [
        "person"
      ],
      [
        "person"
      ],
      [
        "person",
        "keyboard"
      ],
      [
        "person",
        "chair"
      ],
      [
        "person"
      ],
      [
        "person",
        "chair",
        "keyboard"
      ],
      [
        "person",
        "chair"
      ],
      [
        "person"
      ],
      [
        "person",
        "chair"
      ],
      [
        "person",
        "chair"
      ],
      [
        "person"
      ],
      [
        "person",
        "chair",
        "keyboard"
      ],
      [
        "person",
        "chair"
      ],
      [
        "person",
        "chair"
      ],
      [
        "person"
      ],
      [
        "person",
        "chair"
      ],
      [
        "person"
      ],
      [
        "person"
      ],
      [
        "person"
      ],
      [
        "person"
      ],
      [
        "person"
      ],
      [
        "person"
      ],
      [
        "person"
      ],
      [
        "person"
      ],
      [
        "person"
      ],
      [
        "person"
      ],
      [
        "person",
        "chair"
      ],
      [
        "person"
      ],
      [
        "person",
        "chair"
      ],
      [
        "person",
        "chair"
      ],
      [
        "person",
        "chair"
      ],
      [
        "person",
        "chair"
      ],
      [
        "person",
        "chair"
      ],
      [
        "person",
        "chair"
      ],
      [
        "person",
        "chair"
      ],
      [
        "person",
        "chair"
      ],
      [
        "person",
        "chair"
      ],
      [
        "person",
        "chair"
      ],
      [
        "person",
        "chair"
      ],
      [
        "person",
        "chair"
      ],
      [
        "person"
      ],
      [
        "person"
      ],
      [
        "person"
      ],
      [
        "person"
      ],
      [
        "person"
      ],
      [
        "person"
      ],
      [
        "person"
      ],
      [
        "person"
      ],
      [
        "person"
      ],
      [
        "person"
      ],
      [
        "person"
      ],
      [
        "person"
      ],
      [
        "person"
      ],
      [
        "person",
        "chair"
      ],
      [
        "person"
      ],
      [
        "person"
      ],
      [
        "person"
      ],
      [
        "person"
      ],
      [
        "person"
      ],
      [
        "person",
        "chair"
      ],
      [
        "person",
        "chair"
      ],
      [
        "person",
        "chair"
      ],
      [
        "person",
        "chair"
      ],
      [
        "person",
        "chair"
      ],
      [
        "person",
        "chair"
      ],
      [
        "person",
        "chair"
      ],
      [
        "person",
        "chair"
      ],
      [
        "person",
        "chair"
      ],
      [
        "person",
        "chair"
      ],
      [
        "person",
        "chair"
      ],
      [
        "person",
        "chair"
      ],
      [
        "person",
        "chair"
      ],
      [
        "person",
        "chair"
      ],
      [
        "person",
        "chair"
      ],
      [
        "person",
        "chair"
      ],
      [
        "person",
        "chair"
      ],
      [
        "person",
        "chair"
      ],
      [
        "person",
        "chair"
      ],
      [
        "person",
        "chair"
      ],
      [
        "person",
        "chair"
      ],
      [
        "person",
        "chair"
      ],
      [
        "person",
        "chair"
      ],
      [
        "person",
        "chair"
      ],
      [
        "person",
        "chair"
      ],
      [
        "person",
        "chair"
      ],
      [
        "person",
        "chair"
      ],
      [
        "person",
        "chair"
      ],
      [
        "person",
        "chair"
      ],
      [
        "person",
        "chair"
      ],
      [
        "person",
        "chair"
      ],
      [
        "person",
        "chair"
      ],
      [
        "person",
        "chair"
      ],
      [
        "person",
        "chair"
      ],
      [
        "person",
        "chair"
      ],
      [
        "person",
        "chair"
      ],
      [
        "person",
        "chair"
      ],
      [
        "person",
        "chair"
      ],
      [
        "person"
      ],
      [
        "person",
        "chair"
      ],
      [
        "person"
      ],
      [
        "person",
        "chair",
        "keyboard"
      ],
      [
        "person",
        "chair"
      ],
      [
        "person",
        "chair",
        "keyboard"
      ],
      [
        "person",
        "chair",
        "keyboard"
      ],
      [
        "person",
        "chair",
        "keyboard"
      ],
      [
        "person",
        "chair",
        "keyboard"
      ],
      [
        "person",
        "chair",
        "keyboard"
      ],
      [
        "person",
        "chair"
      ],
      [
        "person",
        "chair"
      ],
      [
        "person",
        "chair"
      ],
      [
        "person",
        "chair"
      ],
      [
        "person",
        "chair"
      ],
      [
        "person",
        "chair"
      ],
      [
        "person",
        "chair"
      ],
      [
        "person",
        "chair"
      ],
      [
        "person",
        "chair"
      ],
      [
        "person",
        "chair"
      ],
      [
        "person",
        "chair"
      ],
      [
        "person",
        "chair"
      ],
      [
        "person",
        "chair"
      ],
      [
        "person"
      ],
      [
        "person"
      ],
      [
        "person"
      ],
      [
        "person",
        "chair"
      ],
      [
        "person",
        "chair"
      ],
      [
        "person",
        "chair"
      ],
      [
        "person",
        "chair"
      ],
      [
        "person",
        "chair"
      ],
      [
        "person",
        "chair"
      ],
      [
        "person",
        "chair"
      ],
      [
        "person",
        "chair"
      ],
      [
        "person"
      ],
      [
        "person"
      ],
      [
        "person"
      ],
      [
        "person"
      ],
      [
        "person"
      ],
      [
        "person"
      ],
      [
        "person"
      ],
      [
        "person"
      ],
      [
        "person"
      ],
      [
        "person"
      ],
      [
        "person"
      ],
      [
        "person"
      ],
      [
        "person"
      ],
      [
        "person"
      ],
      [
        "person"
      ],
      [
        "person"
      ],
      [
        "person"
      ],
      [
        "person"
      ],
      [
        "person"
      ],
      [
        "person"
      ],
      [
        "person"
      ],
      [
        "person",
        "chair"
      ],
      [
        "person",
        "chair"
      ],
      [
        "person"
      ],
      [
        "person"
      ],
      [
        "person"
      ],
      [
        "person"
      ],
      [
        "person"
      ],
      [
        "person",
        "chair"
      ],
      [
        "person"
      ],
      [
        "person",
        "chair"
      ],
      [
        "person"
      ],
      [
        "person",
        "chair"
      ],
      [
        "person",
        "chair"
      ],
      [
        "person",
        "chair"
      ],
      [
        "person"
      ],
      [
        "person"
      ],
      [
        "person"
      ],
      [
        "person"
      ],
      [
        "person"
      ],
      [
        "person"
      ],
      [
        "person"
      ],
      [
        "person"
      ],
      [
        "person"
      ],
      [
        "person"
      ],
      [
        "person"
      ],
      [
        "person"
      ],
      [
        "person"
      ],
      [
        "person"
      ],
      [
        "person"
      ],
      [
        "person"
      ],
      [
        "person"
      ],
      [
        "person"
      ],
      [
        "person"
      ],
      [
        "person"
      ],
      [
        "person"
      ],
      [
        "person"
      ],
      [
        "person"
      ],
      [
        "person"
      ],
      [],
      [],
      [],
      [],
      [],
      [],
      [
        "traffic light"
      ],
      [],
      [],
      [],
      [],
      [],
      [],
      [
        "person"
      ],
      [
        "person"
      ],
      [
        "person"
      ],
      [
        "person"
      ],
      [],
      [],
      [],
      [],
      [],
      [],
      [],
      [
        "person",
        "traffic light"
      ],
      [],
      [],
      [],
      [],
      [],
      [],
      [],
      [],
      [],
      [],
      [],
      [],
      [],
      [],
      [
        "airplane"
      ],
      [
        "airplane"
      ]
    ],
    "appearances": [
      {
        "object_class": "person",
        "first_appearance": 0.25,
        "last_appearance": 27.875,
        "frame_count": 202,
        "frequency": 0.8416666666666667
      },
      {
        "object_class": "chair",
        "first_appearance": 0.25,
        "last_appearance": 21.75,
        "frame_count": 101,
        "frequency": 0.42083333333333334
      },
      {
        "object_class": "keyboard",
        "first_appearance": 0.75,
        "last_appearance": 14.375,
        "frame_count": 10,
        "frequency": 0.041666666666666664
      },
      {
        "object_class": "traffic light",
        "first_appearance": 25.625,
        "last_appearance": 27.875,
        "frame_count": 2,
        "frequency": 0.008333333333333333
      },
      {
        "object_class": "airplane",
        "first_appearance": 29.75,
        "last_appearance": 29.875,
        "frame_count": 2,
        "frequency": 0.008333333333333333
      }
    ]
  },
  "atmosphere_signals": {
    "brightness_values": [
      0.0,
      0.0,
      144.555078125,
      144.8388671875,
      145.16868489583334,
      145.25233072916666,
      145.45505208333333,
      145.62294270833334,
      145.79203125,
      146.0718359375,
      146.76911458333333,
      147.43420572916668,
      147.73236979166666,
      148.02002604166665,
      148.11873697916667,
      148.05509114583333,
      148.09907552083334,
      148.15173177083332,
      148.02341145833333,
      148.70817708333334,
      148.22390625,
      147.87610677083333,
      148.72352864583334,
      148.4031640625,
      147.93412760416666,
      146.20188802083334,
      145.8994921875,
      145.50108072916666,
      147.21020833333333,
      146.99438802083333,
      147.60493489583334,
      147.54430989583332,
      147.07665364583335,
      146.2300390625,
      145.122265625,
      143.80813802083333,
      143.3669140625,
      143.93098958333334,
      144.753671875,
      144.60984375,
      144.6539453125,
      146.09169270833334,
      148.02899739583333,
      148.55204427083333,
      147.88596354166665,
      147.63169270833333,
      148.308984375,
      149.23776041666667,
      148.95134114583334,
      148.428359375,
      148.43477864583335,
      148.14924479166666,
      147.66501302083333,
      146.331484375,
      145.90828125,
      145.9314453125,
      145.7078125,
      145.7134765625,
      145.55946614583334,
      146.745859375,
      146.8276171875,
      146.2902734375,
      146.06516927083334,
      146.0151171875,
      145.81341145833332,
      145.75592447916668,
      145.55891927083334,
      145.63596354166665,
      145.74450520833332,
      146.234140625,
      146.6534375,
      146.75975260416666,
      146.88454427083335,
      146.95119791666667,
      146.89973958333334,
      146.38205729166665,
      145.97791666666666,
      146.26208333333332,
      145.878984375,
      145.69688802083334,
      145.88061197916667,
      145.58721354166667,
      145.10721354166665,
      145.204296875,
      144.73397135416667,
      144.53037760416666,
      144.478203125,
      144.703046875,
      144.85501302083333,
      145.01569010416668,
      145.36623697916667,
      145.77028645833335,
      146.18061197916666,
      146.58079427083334,
      147.00817708333332,
      147.49541666666667,
      147.98634114583334,
      148.20251302083332,
      147.45018229166666,
      146.90528645833334,
      146.7965625,
      146.58791666666667,
      146.18653645833334,
      145.79296875,
      145.6178125,
      145.6369921875,
      146.12334635416667,
      146.63546875,
      146.26052083333335,
      146.3777734375,
      146.43712239583334,
      146.15966145833335,
      146.2315625,
      146.43170572916668,
      146.6919140625,
      146.713828125,
      147.04111979166666,
      147.00924479166667,
      146.68829427083332,
      146.363515625,
      146.2827734375,
      146.15463541666668,
      145.696015625,
      144.98341145833334,
      144.33712239583335,
      143.94069010416666,
      143.75598958333333,
      144.09276041666666,
      144.13180989583333,
      142.9135546875,
      142.9428515625,
      142.81470052083333,
      142.514765625,
      142.52078125,
      142.47067708333333,
      142.2425,
      142.29796875,
      142.8128515625,
      142.81361979166667,
      142.8263671875,
      142.71600260416668,
      142.72016927083334,
      149.9932421875,
      148.72186197916668,
      152.06651041666666,
      152.09678385416666,
      151.00216145833335,
      150.25794270833333,
      148.61640625,
      149.02197916666665,
      149.01294270833333,
      147.60572916666666,
      146.99954427083333,
      146.964765625,
      146.0255859375,
      146.5264453125,
      146.3375,
      145.2559375,
      145.91932291666666,
      146.82255208333333,
      152.24817708333333,
      154.02501302083334,
      154.28330729166666,
      154.09265625,
      154.16044270833333,
      154.47373697916666,
      154.52151041666667,
      153.60134114583335,
      152.80889322916667,
      152.08276041666667,
      151.71970052083333,
      151.3929296875,
      150.39430989583335,
      149.39059895833333,
      148.76740885416666,
      148.19140625,
      148.944140625,
      148.83330729166667,
      148.30532552083332,
      147.7406640625,
      147.39670572916665,
      147.63083333333333,
      147.56381510416668,
      147.48555989583335,
      147.23537760416667,
      147.44641927083333,
      148.06234375,
      148.43296875,
      147.80341145833333,
      147.58606770833333,
      147.65352864583335,
      148.2698828125,
      148.930546875,
      149.25114583333334,
      149.41341145833334,
      149.49131510416666,
      149.90743489583335,
      150.69350260416667,
      151.03298177083335,
      188.69671875,
      189.25408854166668,
      189.84567708333333,
      190.17029947916666,
      190.8559375,
      191.75052083333333,
      192.28434895833334,
      193.17307291666665,
      194.2122265625,
      201.34166666666667,
      218.1541015625,
      235.86259114583333,
      239.06921875,
      237.670078125,
      236.58684895833332,
      237.54610677083335,
      238.1960546875,
      239.55049479166667,
      240.50240885416667,
      240.17282552083333,
      239.8829296875,
      239.529140625,
      239.36877604166668,
      244.54596354166668,
      246.21319010416667,
      243.10682291666666,
      242.52873697916667,
      242.2996875,
      240.611171875,
      240.56342447916666,
      240.53032552083334,
      240.50783854166667,
      240.50415364583333,
      240.5066015625,
      240.50561197916667,
      240.50055989583333,
      208.05966145833332,
      180.58177083333334,
      227.42928385416667,
      238.44653645833333,
      238.46641927083334
    ],
    "brightness_mean": 159.17497108289933,
    "brightness_std": 34.1625704976676,
    "brightness_min": 0.0,
    "brightness_max": 246.21319010416667,
    "brightness_range": 246.21319010416667,
    "lighting_changes": [
      {
        "timestamp": 0.25,
        "frame_index": 2,
        "brightness_before": 0.0,
        "brightness_after": 144.555078125,
        "magnitude": 144.555078125
      },
      {
        "timestamp": 24.875,
        "frame_index": 199,
        "brightness_before": 151.03298177083335,
        "brightness_after": 188.69671875,
        "magnitude": 37.66373697916666
      },
      {
        "timestamp": 29.375,
        "frame_index": 235,
        "brightness_before": 240.50055989583333,
        "brightness_after": 208.05966145833332,
        "magnitude": 32.44089843750001
      },
      {
        "timestamp": 29.5,
        "frame_index": 236,
        "brightness_before": 208.05966145833332,
        "brightness_after": 180.58177083333334,
        "magnitude": 27.477890624999986
      },
      {
        "timestamp": 29.625,
        "frame_index": 237,
        "brightness_before": 180.58177083333334,
        "brightness_after": 227.42928385416667,
        "magnitude": 46.84751302083333
      }
    ],
    "lighting_change_count": 5,
    "setting_type": "outdoor",
    "dominant_colors_rgb": [
      [
        "231",
        "236",
        "239"
      ],
      [
        "50",
        "44",
        "39"
      ],
      [
        "140",
        "132",
        "129"
      ]
    ],
    "dominant_colors": [
      "white",
      "brown",
      "brown"
    ]
  },
  "action_signals": {
    "intensity_timeline": [
      0.0,
      0.0,
      0.1521883487701416,
      0.007895651459693908,
      0.008007398247718811,
      0.009043864011764526,
      0.009446948170661926,
      0.010934369564056396,
      0.005273177027702331,
      0.006739045977592468,
      0.01075701355934143,
      0.010828217267990112,
      0.021148293018341063,
      0.020244810581207275,
      0.015262424945831299,
      0.019829329252243042,
      0.007673320770263672,
      0.008919472098350525,
      0.009876599907875061,
      0.014725922346115113,
      0.019735093116760253,
      0.027570509910583497,
      0.03251421689987183,
      0.03275035381317139,
      0.012790316343307495,
      0.019646297693252563,
      0.021855335235595703,
      0.01947532296180725,
      0.028261823654174803,
      0.022209041118621826,
      0.03982008457183838,
      0.037437779903411864,
      0.011357877254486084,
      0.024564850330352783,
      0.027401571273803712,
      0.015452420711517334,
      0.02339608669281006,
      0.02091322183609009,
      0.03521249294281006,
      0.036640918254852294,
      0.017788033485412597,
      0.027704951763153077,
      0.03031956434249878,
      0.02604269504547119,
      0.021256301403045654,
      0.018147300481796264,
      0.014153647422790527,
      0.017072339057922364,
      0.01042578935623169,
      0.0200789999961853,
      0.021942892074584962,
      0.01645224690437317,
      0.02416670083999634,
      0.01864302158355713,
      0.03339501857757568,
      0.012546563148498535,
      0.01881662607192993,
      0.015130728483200073,
      0.003874434232711792,
      0.02523773431777954,
      0.0021387779712677,
      0.030031554698944092,
      0.009995219707489013,
      0.016671093702316283,
      0.007080920934677124,
      0.006595849394798279,
      0.006760154962539673,
      0.00807916820049286,
      0.01045838713645935,
      0.007487499713897705,
      0.011213401556015015,
      0.006571491956710815,
      0.011956452131271363,
      0.014755597114562988,
      0.014168745279312134,
      0.01020997405052185,
      0.010616283416748046,
      0.010872409343719483,
      0.00941689670085907,
      0.005730745792388916,
      0.009209862351417542,
      0.016870790719985963,
      0.011148498058319092,
      0.008287201523780824,
      0.013862848281860352,
      0.012290300130844116,
      0.014088019132614135,
      0.01034016489982605,
      0.015620719194412231,
      0.021135025024414063,
      0.011430662870407105,
      0.018752882480621336,
      0.01847253441810608,
      0.014339652061462402,
      0.00881064772605896,
      0.00841226041316986,
      0.01022700548171997,
      0.0075022906064987184,
      0.01016268253326416,
      0.010428185462951661,
      0.00865387499332428,
      0.00889034628868103,
      0.013642491102218627,
      0.008520753979682922,
      0.01421316623687744,
      0.014286631345748901,
      0.014786233901977539,
      0.012098538875579833,
      0.011212924718856812,
      0.010766518115997315,
      0.008802860379219055,
      0.00858005702495575,
      0.009416473507881164,
      0.014121664762496948,
      0.01790897250175476,
      0.01107230544090271,
      0.01249562382698059,
      0.006868203282356262,
      0.0053461575508117675,
      0.004235492646694183,
      0.004992332458496094,
      0.009920291304588318,
      0.022964725494384764,
      0.012918413877487182,
      0.01024878978729248,
      0.010845842361450196,
      0.010300059318542481,
      0.008965445160865783,
      0.012049694061279297,
      0.06414746284484864,
      0.0012161346524953841,
      0.017165120840072632,
      0.008102378249168396,
      0.0018349403142929076,
      0.0020830774307250975,
      0.007897630333900452,
      0.003047482967376709,
      0.01087280035018921,
      0.0004606311023235321,
      0.00025990968570113184,
      0.003286493420600891,
      0.000774301141500473,
      0.09849787712097167,
      0.028096535205841065,
      0.08643365859985351,
      0.05185125350952149,
      0.055315618515014646,
      0.030008814334869384,
      0.024440119266510008,
      0.04306318759918213,
      0.02100322484970093,
      0.027964844703674316,
      0.013298351764678955,
      0.023573853969573975,
      0.031967601776123046,
      0.03432155847549438,
      0.03341655015945435,
      0.04668020248413086,
      0.028865759372711183,
      0.03484553575515747,
      0.04234997749328613,
      0.03922181844711304,
      0.036607348918914796,
      0.04400651931762695,
      0.03249514102935791,
      0.017139029502868653,
      0.0063347512483596805,
      0.013210195302963256,
      0.01912143349647522,
      0.01275396466255188,
      0.01120887279510498,
      0.010409471988677978,
      0.01172425627708435,
      0.010660734176635742,
      0.005336434841156006,
      0.015333141088485719,
      0.01564795255661011,
      0.014322680234909058,
      0.0178705894947052,
      0.01416839599609375,
      0.017409212589263916,
      0.009017311334609986,
      0.006158376932144165,
      0.01567854166030884,
      0.008222647309303284,
      0.006443177461624146,
      0.009959797263145448,
      0.010596001148223877,
      0.01327272891998291,
      0.011079200506210328,
      0.006465368270874024,
      0.011273106336593628,
      0.007380695343017578,
      0.007298277020454407,
      0.00770542562007904,
      0.005579186677932739,
      0.0054816830158233645,
      0.008333408832550048,
      0.004758918285369873,
      0.14790792465209962,
      0.018791927099227904,
      0.01406275987625122,
      0.02174728870391846,
      0.017929704189300538,
      0.01847935199737549,
      0.013505494594573975,
      0.016886688470840454,
      0.019829567670822144,
      0.1343837070465088,
      0.07625596523284912,
      0.07006037712097168,
      0.01747318744659424,
      0.01958035707473755,
      0.015433698892593384,
      0.032225077152252195,
      0.00951326072216034,
      0.017115607261657714,
      0.026324303150177003,
      0.0026424208283424375,
      0.0026094192266464234,
      0.0021810150146484375,
      0.0017995184659957886,
      0.006741464734077453,
      0.012657898664474487,
      0.010958102941513061,
      0.0021307113766670226,
      0.001182917281985283,
      0.007229906320571899,
      0.0007969126105308533,
      0.0002327750064432621,
      0.000274013876914978,
      0.00017576424404978753,
      0.0002684047631919384,
      0.00027287358418107035,
      0.0002212480641901493,
      0.08188026428222656,
      0.09895113945007324,
      0.16893417358398438,
      0.04531320571899414,
      0.0001328315120190382
    ],
    "intensity_mean": 0.01910102110678175,
    "intensity_std": 0.023146225047731946,
    "intensity_min": 0.0,
    "intensity_max": 0.16893417358398438,
    "intensity_trend": "stable",
    "peak_moments": [
      {
        "timestamp": 0.25,
        "frame_index": 2,
        "intensity": 0.1521883487701416,
        "moment_type": "peak"
      },
      {
        "timestamp": 24.875,
        "frame_index": 199,
        "intensity": 0.14790792465209962,
        "moment_type": "peak"
      },
      {
        "timestamp": 26.0,
        "frame_index": 208,
        "intensity": 0.1343837070465088,
        "moment_type": "peak"
      },
      {
        "timestamp": 29.625,
        "frame_index": 237,
        "intensity": 0.16893417358398438,
        "moment_type": "peak"
      }
    ],
    "valley_moments": [
      {
        "timestamp": 17.375,
        "frame_index": 139,
        "intensity": 0.00025990968570113184,
        "moment_type": "valley"
      },
      {
        "timestamp": 25.625,
        "frame_index": 205,
        "intensity": 0.013505494594573975,
        "moment_type": "valley"
      },
      {
        "timestamp": 28.875,
        "frame_index": 231,
        "intensity": 0.00017576424404978753,
        "moment_type": "valley"
      }
    ],
    "peak_timestamps": [
      0.25,
      24.875,
      26.0,
      29.625
    ],
    "valley_timestamps": [
      17.375,
      25.625,
      28.875
    ],
    "peak_count": 4,
    "valley_count": 3,
    "action_variance": 0.0005357477339602537
  },
  "temporal_signals": {
    "frame_change_scores": [
      0.0,
      0.0,
      0.9820447238725634,
      0.04020575476209154,
      0.03954760294306381,
      0.047846852889433134,
      0.049046711827911094,
      0.058906735518470366,
      0.020730847793960616,
      0.029475378385549256,
      0.05434295771535824,
      0.05338810748722589,
      0.10491226264874431,
      0.09985533053001527,
      0.07027003319982783,
      0.10136457129797039,
      0.03139262011092503,
      0.042155161016848575,
      0.055682763028147564,
      0.07474325180595065,
      0.11802252584623163,
      0.1241868604429266,
      0.1501716384887376,
      0.19435499574493376,
      0.06821960590470089,
      0.13213776867773142,
      0.15998670206547339,
      0.1316472116211983,
      0.10825710301862268,
      0.1097333920848651,
      0.09581037961150429,
      0.12122570632635687,
      0.06903317254511943,
      0.14981804058245174,
      0.1763769062762972,
      0.1085905788497914,
      0.16823043334621046,
      0.1793237933911621,
      0.22691044057273924,
      0.2182305581772206,
      0.13599117986621734,
      0.17780342426543794,
      0.19799277203201593,
      0.15157133513567045,
      0.16622804610111164,
      0.12355495308203346,
      0.10162004650867873,
      0.11368304256135398,
      0.06539043610563877,
      0.13831952994735153,
      0.14639559078600306,
      0.10527155230270702,
      0.12214963035396653,
      0.11955000207672295,
      0.19562070688516464,
      0.07319892399474703,
      0.12039053930824317,
      0.0996874928284408,
      0.022280936454233458,
      0.16887939976956345,
      0.006951963127314942,
      0.15601956325315924,
      0.0518540178752912,
      0.10677518953340337,
      0.03166634512255784,
      0.03406225672420249,
      0.033684237717449994,
      0.044912959752951065,
      0.07485305460067726,
      0.05130553016552186,
      0.06998745983417753,
      0.03660054307138749,
      0.06872074683336993,
      0.08582248637442136,
      0.09303276802652949,
      0.0576006534696758,
      0.06699558536881034,
      0.061154264674265435,
      0.058412353127573424,
      0.028259320301987856,
      0.04514216337489241,
      0.10736692570562778,
      0.0654749043724342,
      0.04530431359306675,
      0.07929532711801879,
      0.07845539680468061,
      0.08407562318647677,
      0.06099120471310149,
      0.094496008785659,
      0.12677378695698582,
      0.07780897528619946,
      0.09575495931672473,
      0.13445972075829116,
      0.08707144005223255,
      0.050160823242049624,
      0.05022875155317874,
      0.06094194128800734,
      0.03576280203151749,
      0.05175752292641511,
      0.06499854360478952,
      0.051690854334751624,
      0.05412742100897894,
      0.06928227333002124,
      0.05214863297965666,
      0.08687810975297783,
      0.09590511254807599,
      0.09514194087291039,
      0.07770311547361686,
      0.0834539178000091,
      0.07076101803558854,
      0.055883974845893136,
      0.04999081610227263,
      0.05826101446282261,
      0.08027035167162866,
      0.0916061476829465,
      0.06286995522815642,
      0.08366427594847914,
      0.03918967149668684,
      0.02615005400396353,
      0.018981786010289436,
      0.024108896652880518,
      0.060169263671343676,
      0.15571419307019074,
      0.08418048201951833,
      0.059427185715625,
      0.06776104516676562,
      0.06691562867121614,
      0.049928108369166724,
      0.07407738860843194,
      0.34561467738868323,
      0.002768528835756734,
      0.10633047219159919,
      0.05496465201532619,
      0.007468359823845416,
      0.008137888586005282,
      0.06056740403295402,
      0.01608481770016601,
      0.0635839084763915,
      0.0007123957272744397,
      0.0002721927579704131,
      0.02128637711193948,
      0.0016282895888550808,
      0.401821020968228,
      0.17322824400282277,
      0.4218471049073571,
      0.2462780529434011,
      0.2380842195017978,
      0.15737821674162367,
      0.16225573573919116,
      0.2272683923323774,
      0.12922792640782343,
      0.16312338437952312,
      0.0769552166762818,
      0.14334976735041993,
      0.20028280456745995,
      0.20237735758630626,
      0.19709164247969058,
      0.23154977335687954,
      0.19085387080071792,
      0.22930717012055413,
      0.2215257674281681,
      0.20950781261122653,
      0.1939594291119131,
      0.21269662220107088,
      0.16967132328888013,
      0.10537330264562683,
      0.027877386676247506,
      0.07422140487993256,
      0.10812260962693854,
      0.0715080745148956,
      0.060709981955625825,
      0.0553528941747129,
      0.06560681418656078,
      0.05548498858023132,
      0.020642716832990238,
      0.09626207976798984,
      0.09074462316287624,
      0.08684623797037916,
      0.11161140864553876,
      0.0885373194395287,
      0.10246621280987622,
      0.05537845841714373,
      0.02847737706152398,
      0.08791808453422378,
      0.04855175757308128,
      0.0343221584793314,
      0.053207308020599586,
      0.06932420338799272,
      0.08833858976308195,
      0.06647992988276552,
      0.033782589693305165,
      0.06912799514726076,
      0.039597658173524564,
      0.03495780517039748,
      0.0338944464835208,
      0.024215295724877017,
      0.024537598624335022,
      0.036574172540513206,
      0.015794549881050002,
      0.8625143573534293,
      0.15903598327820445,
      0.11255564264064588,
      0.17581055035909166,
      0.14731190865358712,
      0.14648862790644201,
      0.1013747155688276,
      0.1341470551074755,
      0.13831630239039172,
      0.5236777339388449,
      0.47410978086260347,
      0.3240571937967299,
      0.15437288619796563,
      0.14210680421658162,
      0.14848356758964942,
      0.20608861627180053,
      0.10030504187869294,
      0.09918066845692275,
      0.04453785003423161,
      0.023312766477915914,
      0.019968612214726678,
      0.0184150221423397,
      0.013870452671696287,
      0.0703251109970724,
      0.08511784927177557,
      0.06838792659972315,
      0.012418336503272842,
      0.003719601829593744,
      0.053921068259268345,
      0.0007141866754521997,
      0.000620012022298444,
      0.00034744008954279426,
      0.00037700720807309906,
      0.0004463371773500979,
      0.00038320014393422586,
      0.00024318532423150963,
      0.234524685352971,
      0.3025092368082055,
      0.30431747684352506,
      0.13866976668718156,
      0.0005402941122317761
    ],
    "change_score_mean": 0.10448136585840431,
    "change_score_std": 0.1101702757796641,
    "change_score_max": 0.9820447238725634,
    "temporal_gaps": [
      {
        "start_time": 28.5,
        "end_time": 29.25,
        "duration": 0.75,
        "start_frame": 228,
        "end_frame": 234,
        "avg_change": 0.00044733837726891005
      }
    ],
    "temporal_gap_count": 1,
    "temporal_gap_total_duration": 0.75,
    "transition_similarity_scores": [
      0.765475314647029
    ],
    "transition_similarity_mean": 0.765475314647029,
    "temporal_density": 3.0460251046025104
  },
  "metadata": {
    "video_path": "/vol/videos/core/produced_digital/commercials/wMl839M5hKc.mp4",
    "dataset": "produced_digital/commercials",
    "tier": "produced_digital",
    "study_type": "core",
    "source_fps": 29.97002997002997,
    "experiment_version": "3.2"
  }
}