{
  "video_id": "yxuHJv1_big",
  "fps": 8.0,
  "duration": 29.875,
  "frame_count": 240,
  "scene_signals": {
    "transition_count": 12,
    "transition_timestamps": [
      2.0,
      7.875,
      11.375,
      11.625,
      16.375,
      19.375,
      21.125,
      21.75,
      25.625,
      27.375,
      28.125,
      29.625
    ],
    "transition_types": [
      "soft_cut",
      "hard_cut",
      "hard_cut",
      "hard_cut",
      "hard_cut",
      "hard_cut",
      "soft_cut",
      "soft_cut",
      "hard_cut",
      "hard_cut",
      "dissolve",
      "hard_cut"
    ],
    "transition_magnitudes": [
      45.65318438006903,
      158.80329526193805,
      462.8503243305714,
      460.77908933699865,
      103.93266313118134,
      442.9347978099963,
      47.86425022056831,
      31.27688231653825,
      2872.883063691069,
      2014.8759226800655,
      67.6377531264358,
      6353.958650843054
    ],
    "scene_count": 13,
    "scene_durations": [
      2.0,
      5.875,
      3.5,
      0.25,
      4.75,
      3.0,
      1.75,
      0.625,
      3.875,
      1.75,
      0.75,
      1.5,
      0.25
    ],
    "scene_duration_mean": 2.298076923076923,
    "scene_duration_std": 1.7128884045350217,
    "scene_duration_min": 0.25,
    "scene_duration_max": 5.875,
    "scene_types": [
      "unknown",
      "unknown",
      "unknown",
      "unknown",
      "unknown",
      "unknown",
      "unknown",
      "unknown",
      "unknown",
      "unknown",
      "unknown",
      "unknown",
      "unknown"
    ],
    "transitions": [
      {
        "timestamp": 2.0,
        "frame_index": 16,
        "transition_type": "soft_cut",
        "magnitude": 45.65318438006903
      },
      {
        "timestamp": 7.875,
        "frame_index": 63,
        "transition_type": "hard_cut",
        "magnitude": 158.80329526193805
      },
      {
        "timestamp": 11.375,
        "frame_index": 91,
        "transition_type": "hard_cut",
        "magnitude": 462.8503243305714
      },
      {
        "timestamp": 11.625,
        "frame_index": 93,
        "transition_type": "hard_cut",
        "magnitude": 460.77908933699865
      },
      {
        "timestamp": 16.375,
        "frame_index": 131,
        "transition_type": "hard_cut",
        "magnitude": 103.93266313118134
      },
      {
        "timestamp": 19.375,
        "frame_index": 155,
        "transition_type": "hard_cut",
        "magnitude": 442.9347978099963
      },
      {
        "timestamp": 21.125,
        "frame_index": 169,
        "transition_type": "soft_cut",
        "magnitude": 47.86425022056831
      },
      {
        "timestamp": 21.75,
        "frame_index": 174,
        "transition_type": "soft_cut",
        "magnitude": 31.27688231653825
      },
      {
        "timestamp": 25.625,
        "frame_index": 205,
        "transition_type": "hard_cut",
        "magnitude": 2872.883063691069
      },
      {
        "timestamp": 27.375,
        "frame_index": 219,
        "transition_type": "hard_cut",
        "magnitude": 2014.8759226800655
      },
      {
        "timestamp": 28.125,
        "frame_index": 225,
        "transition_type": "dissolve",
        "magnitude": 67.6377531264358
      },
      {
        "timestamp": 29.625,
        "frame_index": 237,
        "transition_type": "hard_cut",
        "magnitude": 6353.958650843054
      }
    ],
    "scenes": [
      {
        "start_time": 0.0,
        "end_time": 2.0,
        "duration": 2.0,
        "scene_type": "unknown",
        "start_frame": 0,
        "end_frame": 15
      },
      {
        "start_time": 2.0,
        "end_time": 7.875,
        "duration": 5.875,
        "scene_type": "unknown",
        "start_frame": 16,
        "end_frame": 62
      },
      {
        "start_time": 7.875,
        "end_time": 11.375,
        "duration": 3.5,
        "scene_type": "unknown",
        "start_frame": 63,
        "end_frame": 90
      },
      {
        "start_time": 11.375,
        "end_time": 11.625,
        "duration": 0.25,
        "scene_type": "unknown",
        "start_frame": 91,
        "end_frame": 92
      },
      {
        "start_time": 11.625,
        "end_time": 16.375,
        "duration": 4.75,
        "scene_type": "unknown",
        "start_frame": 93,
        "end_frame": 130
      },
      {
        "start_time": 16.375,
        "end_time": 19.375,
        "duration": 3.0,
        "scene_type": "unknown",
        "start_frame": 131,
        "end_frame": 154
      },
      {
        "start_time": 19.375,
        "end_time": 21.125,
        "duration": 1.75,
        "scene_type": "unknown",
        "start_frame": 155,
        "end_frame": 168
      },
      {
        "start_time": 21.125,
        "end_time": 21.75,
        "duration": 0.625,
        "scene_type": "unknown",
        "start_frame": 169,
        "end_frame": 173
      },
      {
        "start_time": 21.75,
        "end_time": 25.625,
        "duration": 3.875,
        "scene_type": "unknown",
        "start_frame": 174,
        "end_frame": 204
      },
      {
        "start_time": 25.625,
        "end_time": 27.375,
        "duration": 1.75,
        "scene_type": "unknown",
        "start_frame": 205,
        "end_frame": 218
      },
      {
        "start_time": 27.375,
        "end_time": 28.125,
        "duration": 0.75,
        "scene_type": "unknown",
        "start_frame": 219,
        "end_frame": 224
      },
      {
        "start_time": 28.125,
        "end_time": 29.625,
        "duration": 1.5,
        "scene_type": "unknown",
        "start_frame": 225,
        "end_frame": 236
      },
      {
        "start_time": 29.625,
        "end_time": 29.875,
        "duration": 0.25,
        "scene_type": "unknown",
        "start_frame": 237,
        "end_frame": 239
      }
    ]
  },
  "character_signals": {
    "person_counts_per_frame": [
      4,
      5,
      5,
      4,
      5,
      5,
      4,
      4,
      3,
      4,
      4,
      6,
      5,
      6,
      5,
      5,
      5,
      9,
      9,
      8,
      6,
      7,
      10,
      7,
      6,
      7,
      8,
      10,
      6,
      5,
      6,
      7,
      5,
      6,
      1,
      1,
      1,
      1,
      1,
      1,
      1,
      1,
      0,
      0,
      1,
      1,
      1,
      1,
      0,
      0,
      1,
      1,
      1,
      1,
      1,
      1,
      1,
      1,
      1,
      1,
      1,
      1,
      1,
      1,
      1,
      1,
      1,
      1,
      1,
      1,
      1,
      1,
      1,
      1,
      1,
      1,
      1,
      1,
      1,
      1,
      1,
      1,
      1,
      1,
      2,
      2,
      1,
      1,
      2,
      1,
      1,
      1,
      1,
      2,
      2,
      2,
      2,
      2,
      2,
      2,
      2,
      2,
      1,
      2,
      2,
      2,
      2,
      2,
      1,
      1,
      1,
      1,
      1,
      1,
      1,
      0,
      0,
      0,
      0,
      3,
      3,
      3,
      3,
      3,
      3,
      3,
      2,
      4,
      4,
      4,
      4,
      1,
      0,
      0,
      2,
      0,
      0,
      0,
      1,
      1,
      1,
      1,
      1,
      1,
      1,
      1,
      2,
      2,
      2,
      2,
      2,
      2,
      2,
      2,
      2,
      3,
      4,
      4,
      4,
      4,
      5,
      5,
      4,
      6,
      4,
      5,
      5,
      4,
      6,
      1,
      1,
      1,
      1,
      1,
      3,
      3,
      3,
      3,
      3,
      3,
      3,
      3,
      3,
      3,
      3,
      3,
      1,
      1,
      1,
      1,
      1,
      1,
      1,
      1,
      1,
      2,
      2,
      1,
      2,
      2,
      2,
      2,
      2,
      2,
      2,
      2,
      2,
      2,
      2,
      2,
      2,
      0,
      0,
      0,
      0,
      0,
      0,
      0,
      0,
      0,
      0,
      0,
      1,
      1,
      1,
      0,
      1,
      1,
      0,
      0,
      0,
      0,
      1,
      0,
      0,
      1,
      1,
      0,
      0,
      0
    ],
    "person_count_mode": 1,
    "person_count_mean": 2.1458333333333335,
    "person_count_std": 2.0206185452864562,
    "person_count_min": 0,
    "person_count_max": 10,
    "person_count_distribution": {
      "4": 17,
      "5": 14,
      "3": 21,
      "6": 9,
      "9": 2,
      "8": 2,
      "7": 4,
      "10": 2,
      "1": 92,
      "0": 34,
      "2": 43
    },
    "character_consistency": 0.38333333333333336,
    "entry_events": [
      {
        "timestamp": 0.125,
        "frame_index": 1,
        "event_type": "entry",
        "count_before": 4,
        "count_after": 5
      },
      {
        "timestamp": 0.5,
        "frame_index": 4,
        "event_type": "entry",
        "count_before": 4,
        "count_after": 5
      },
      {
        "timestamp": 1.125,
        "frame_index": 9,
        "event_type": "entry",
        "count_before": 3,
        "count_after": 4
      },
      {
        "timestamp": 1.375,
        "frame_index": 11,
        "event_type": "entry",
        "count_before": 4,
        "count_after": 6
      },
      {
        "timestamp": 1.625,
        "frame_index": 13,
        "event_type": "entry",
        "count_before": 5,
        "count_after": 6
      },
      {
        "timestamp": 2.125,
        "frame_index": 17,
        "event_type": "entry",
        "count_before": 5,
        "count_after": 9
      },
      {
        "timestamp": 2.625,
        "frame_index": 21,
        "event_type": "entry",
        "count_before": 6,
        "count_after": 7
      },
      {
        "timestamp": 2.75,
        "frame_index": 22,
        "event_type": "entry",
        "count_before": 7,
        "count_after": 10
      },
      {
        "timestamp": 3.125,
        "frame_index": 25,
        "event_type": "entry",
        "count_before": 6,
        "count_after": 7
      },
      {
        "timestamp": 3.25,
        "frame_index": 26,
        "event_type": "entry",
        "count_before": 7,
        "count_after": 8
      },
      {
        "timestamp": 3.375,
        "frame_index": 27,
        "event_type": "entry",
        "count_before": 8,
        "count_after": 10
      },
      {
        "timestamp": 3.75,
        "frame_index": 30,
        "event_type": "entry",
        "count_before": 5,
        "count_after": 6
      },
      {
        "timestamp": 3.875,
        "frame_index": 31,
        "event_type": "entry",
        "count_before": 6,
        "count_after": 7
      },
      {
        "timestamp": 4.125,
        "frame_index": 33,
        "event_type": "entry",
        "count_before": 5,
        "count_after": 6
      },
      {
        "timestamp": 5.5,
        "frame_index": 44,
        "event_type": "entry",
        "count_before": 0,
        "count_after": 1
      },
      {
        "timestamp": 6.25,
        "frame_index": 50,
        "event_type": "entry",
        "count_before": 0,
        "count_after": 1
      },
      {
        "timestamp": 10.5,
        "frame_index": 84,
        "event_type": "entry",
        "count_before": 1,
        "count_after": 2
      },
      {
        "timestamp": 11.0,
        "frame_index": 88,
        "event_type": "entry",
        "count_before": 1,
        "count_after": 2
      },
      {
        "timestamp": 11.625,
        "frame_index": 93,
        "event_type": "entry",
        "count_before": 1,
        "count_after": 2
      },
      {
        "timestamp": 12.875,
        "frame_index": 103,
        "event_type": "entry",
        "count_before": 1,
        "count_after": 2
      },
      {
        "timestamp": 14.875,
        "frame_index": 119,
        "event_type": "entry",
        "count_before": 0,
        "count_after": 3
      },
      {
        "timestamp": 15.875,
        "frame_index": 127,
        "event_type": "entry",
        "count_before": 2,
        "count_after": 4
      },
      {
        "timestamp": 16.75,
        "frame_index": 134,
        "event_type": "entry",
        "count_before": 0,
        "count_after": 2
      },
      {
        "timestamp": 17.25,
        "frame_index": 138,
        "event_type": "entry",
        "count_before": 0,
        "count_after": 1
      },
      {
        "timestamp": 18.25,
        "frame_index": 146,
        "event_type": "entry",
        "count_before": 1,
        "count_after": 2
      },
      {
        "timestamp": 19.375,
        "frame_index": 155,
        "event_type": "entry",
        "count_before": 2,
        "count_after": 3
      },
      {
        "timestamp": 19.5,
        "frame_index": 156,
        "event_type": "entry",
        "count_before": 3,
        "count_after": 4
      },
      {
        "timestamp": 20.0,
        "frame_index": 160,
        "event_type": "entry",
        "count_before": 4,
        "count_after": 5
      },
      {
        "timestamp": 20.375,
        "frame_index": 163,
        "event_type": "entry",
        "count_before": 4,
        "count_after": 6
      },
      {
        "timestamp": 20.625,
        "frame_index": 165,
        "event_type": "entry",
        "count_before": 4,
        "count_after": 5
      },
      {
        "timestamp": 21.0,
        "frame_index": 168,
        "event_type": "entry",
        "count_before": 4,
        "count_after": 6
      },
      {
        "timestamp": 21.75,
        "frame_index": 174,
        "event_type": "entry",
        "count_before": 1,
        "count_after": 3
      },
      {
        "timestamp": 24.375,
        "frame_index": 195,
        "event_type": "entry",
        "count_before": 1,
        "count_after": 2
      },
      {
        "timestamp": 24.75,
        "frame_index": 198,
        "event_type": "entry",
        "count_before": 1,
        "count_after": 2
      },
      {
        "timestamp": 27.75,
        "frame_index": 222,
        "event_type": "entry",
        "count_before": 0,
        "count_after": 1
      },
      {
        "timestamp": 28.25,
        "frame_index": 226,
        "event_type": "entry",
        "count_before": 0,
        "count_after": 1
      },
      {
        "timestamp": 29.0,
        "frame_index": 232,
        "event_type": "entry",
        "count_before": 0,
        "count_after": 1
      },
      {
        "timestamp": 29.375,
        "frame_index": 235,
        "event_type": "entry",
        "count_before": 0,
        "count_after": 1
      }
    ],
    "exit_events": [
      {
        "timestamp": 0.375,
        "frame_index": 3,
        "event_type": "exit",
        "count_before": 5,
        "count_after": 4
      },
      {
        "timestamp": 0.75,
        "frame_index": 6,
        "event_type": "exit",
        "count_before": 5,
        "count_after": 4
      },
      {
        "timestamp": 1.0,
        "frame_index": 8,
        "event_type": "exit",
        "count_before": 4,
        "count_after": 3
      },
      {
        "timestamp": 1.5,
        "frame_index": 12,
        "event_type": "exit",
        "count_before": 6,
        "count_after": 5
      },
      {
        "timestamp": 1.75,
        "frame_index": 14,
        "event_type": "exit",
        "count_before": 6,
        "count_after": 5
      },
      {
        "timestamp": 2.375,
        "frame_index": 19,
        "event_type": "exit",
        "count_before": 9,
        "count_after": 8
      },
      {
        "timestamp": 2.5,
        "frame_index": 20,
        "event_type": "exit",
        "count_before": 8,
        "count_after": 6
      },
      {
        "timestamp": 2.875,
        "frame_index": 23,
        "event_type": "exit",
        "count_before": 10,
        "count_after": 7
      },
      {
        "timestamp": 3.0,
        "frame_index": 24,
        "event_type": "exit",
        "count_before": 7,
        "count_after": 6
      },
      {
        "timestamp": 3.5,
        "frame_index": 28,
        "event_type": "exit",
        "count_before": 10,
        "count_after": 6
      },
      {
        "timestamp": 3.625,
        "frame_index": 29,
        "event_type": "exit",
        "count_before": 6,
        "count_after": 5
      },
      {
        "timestamp": 4.0,
        "frame_index": 32,
        "event_type": "exit",
        "count_before": 7,
        "count_after": 5
      },
      {
        "timestamp": 4.25,
        "frame_index": 34,
        "event_type": "exit",
        "count_before": 6,
        "count_after": 1
      },
      {
        "timestamp": 5.25,
        "frame_index": 42,
        "event_type": "exit",
        "count_before": 1,
        "count_after": 0
      },
      {
        "timestamp": 6.0,
        "frame_index": 48,
        "event_type": "exit",
        "count_before": 1,
        "count_after": 0
      },
      {
        "timestamp": 10.75,
        "frame_index": 86,
        "event_type": "exit",
        "count_before": 2,
        "count_after": 1
      },
      {
        "timestamp": 11.125,
        "frame_index": 89,
        "event_type": "exit",
        "count_before": 2,
        "count_after": 1
      },
      {
        "timestamp": 12.75,
        "frame_index": 102,
        "event_type": "exit",
        "count_before": 2,
        "count_after": 1
      },
      {
        "timestamp": 13.5,
        "frame_index": 108,
        "event_type": "exit",
        "count_before": 2,
        "count_after": 1
      },
      {
        "timestamp": 14.375,
        "frame_index": 115,
        "event_type": "exit",
        "count_before": 1,
        "count_after": 0
      },
      {
        "timestamp": 15.75,
        "frame_index": 126,
        "event_type": "exit",
        "count_before": 3,
        "count_after": 2
      },
      {
        "timestamp": 16.375,
        "frame_index": 131,
        "event_type": "exit",
        "count_before": 4,
        "count_after": 1
      },
      {
        "timestamp": 16.5,
        "frame_index": 132,
        "event_type": "exit",
        "count_before": 1,
        "count_after": 0
      },
      {
        "timestamp": 16.875,
        "frame_index": 135,
        "event_type": "exit",
        "count_before": 2,
        "count_after": 0
      },
      {
        "timestamp": 20.25,
        "frame_index": 162,
        "event_type": "exit",
        "count_before": 5,
        "count_after": 4
      },
      {
        "timestamp": 20.5,
        "frame_index": 164,
        "event_type": "exit",
        "count_before": 6,
        "count_after": 4
      },
      {
        "timestamp": 20.875,
        "frame_index": 167,
        "event_type": "exit",
        "count_before": 5,
        "count_after": 4
      },
      {
        "timestamp": 21.125,
        "frame_index": 169,
        "event_type": "exit",
        "count_before": 6,
        "count_after": 1
      },
      {
        "timestamp": 23.25,
        "frame_index": 186,
        "event_type": "exit",
        "count_before": 3,
        "count_after": 1
      },
      {
        "timestamp": 24.625,
        "frame_index": 197,
        "event_type": "exit",
        "count_before": 2,
        "count_after": 1
      },
      {
        "timestamp": 26.375,
        "frame_index": 211,
        "event_type": "exit",
        "count_before": 2,
        "count_after": 0
      },
      {
        "timestamp": 28.125,
        "frame_index": 225,
        "event_type": "exit",
        "count_before": 1,
        "count_after": 0
      },
      {
        "timestamp": 28.5,
        "frame_index": 228,
        "event_type": "exit",
        "count_before": 1,
        "count_after": 0
      },
      {
        "timestamp": 29.125,
        "frame_index": 233,
        "event_type": "exit",
        "count_before": 1,
        "count_after": 0
      },
      {
        "timestamp": 29.625,
        "frame_index": 237,
        "event_type": "exit",
        "count_before": 1,
        "count_after": 0
      }
    ],
    "entry_count": 38,
    "exit_count": 35,
    "entry_exit_total": 73,
    "entry_timestamps": [
      0.125,
      0.5,
      1.125,
      1.375,
      1.625,
      2.125,
      2.625,
      2.75,
      3.125,
      3.25,
      3.375,
      3.75,
      3.875,
      4.125,
      5.5,
      6.25,
      10.5,
      11.0,
      11.625,
      12.875,
      14.875,
      15.875,
      16.75,
      17.25,
      18.25,
      19.375,
      19.5,
      20.0,
      20.375,
      20.625,
      21.0,
      21.75,
      24.375,
      24.75,
      27.75,
      28.25,
      29.0,
      29.375
    ],
    "exit_timestamps": [
      0.375,
      0.75,
      1.0,
      1.5,
      1.75,
      2.375,
      2.5,
      2.875,
      3.0,
      3.5,
      3.625,
      4.0,
      4.25,
      5.25,
      6.0,
      10.75,
      11.125,
      12.75,
      13.5,
      14.375,
      15.75,
      16.375,
      16.5,
      16.875,
      20.25,
      20.5,
      20.875,
      21.125,
      23.25,
      24.625,
      26.375,
      28.125,
      28.5,
      29.125,
      29.625
    ]
  },
  "visual_signals": {
    "unique_objects": [
      "person",
      "car",
      "backpack",
      "suitcase",
      "cup",
      "cell phone",
      "clock",
      "chair",
      "umbrella",
      "bench",
      "sports ball",
      "dog",
      "bowl",
      "apple"
    ],
    "unique_object_count": 14,
    "persistent_objects": [
      "person"
    ],
    "persistent_object_count": 1,
    "transient_objects": [
      "car",
      "backpack",
      "suitcase",
      "cup",
      "cell phone",
      "clock",
      "chair",
      "umbrella",
      "bench",
      "sports ball",
      "dog",
      "bowl",
      "apple"
    ],
    "transient_object_count": 13,
    "object_frequency": {
      "person": 0.8583333333333333,
      "car": 0.06666666666666667,
      "backpack": 0.008333333333333333,
      "suitcase": 0.004166666666666667,
      "cup": 0.03333333333333333,
      "cell phone": 0.15,
      "clock": 0.05416666666666667,
      "chair": 0.08333333333333333,
      "umbrella": 0.025,
      "bench": 0.0125,
      "sports ball": 0.004166666666666667,
      "dog": 0.004166666666666667,
      "bowl": 0.008333333333333333,
      "apple": 0.004166666666666667
    },
    "object_frame_counts": {
      "person": 206,
      "car": 16,
      "backpack": 2,
      "suitcase": 1,
      "cup": 8,
      "cell phone": 36,
      "clock": 13,
      "chair": 20,
      "umbrella": 6,
      "bench": 3,
      "sports ball": 1,
      "dog": 1,
      "bowl": 2,
      "apple": 1
    },
    "object_first_appearance": {
      "person": 0.0,
      "car": 2.25,
      "backpack": 3.125,
      "suitcase": 3.375,
      "cup": 4.25,
      "cell phone": 6.0,
      "clock": 11.625,
      "chair": 11.625,
      "umbrella": 19.5,
      "bench": 21.875,
      "sports ball": 27.625,
      "dog": 28.25,
      "bowl": 29.75,
      "apple": 29.75
    },
    "object_last_appearance": {
      "person": 29.5,
      "car": 8.625,
      "backpack": 14.875,
      "suitcase": 3.375,
      "cup": 5.125,
      "cell phone": 28.75,
      "clock": 13.375,
      "chair": 23.0,
      "umbrella": 20.625,
      "bench": 23.125,
      "sports ball": 27.625,
      "dog": 28.25,
      "bowl": 29.875,
      "apple": 29.75
    },
    "objects_per_frame": [
      [
        "person"
      ],
      [
        "person"
      ],
      [
        "person"
      ],
      [
        "person"
      ],
      [
        "person"
      ],
      [
        "person"
      ],
      [
        "person"
      ],
      [
        "person"
      ],
      [
        "person"
      ],
      [
        "person"
      ],
      [
        "person"
      ],
      [
        "person"
      ],
      [
        "person"
      ],
      [
        "person"
      ],
      [
        "person"
      ],
      [
        "person"
      ],
      [
        "person"
      ],
      [
        "person"
      ],
      [
        "person",
        "car"
      ],
      [
        "person",
        "car"
      ],
      [
        "person",
        "car"
      ],
      [
        "person",
        "car"
      ],
      [
        "person",
        "car"
      ],
      [
        "person",
        "car"
      ],
      [
        "person",
        "car"
      ],
      [
        "backpack",
        "person",
        "car"
      ],
      [
        "person",
        "car"
      ],
      [
        "suitcase",
        "person",
        "car"
      ],
      [
        "person",
        "car"
      ],
      [
        "person"
      ],
      [
        "person"
      ],
      [
        "person"
      ],
      [
        "person"
      ],
      [
        "person"
      ],
      [
        "person",
        "cup"
      ],
      [
        "person",
        "cup"
      ],
      [
        "person",
        "cup"
      ],
      [
        "person",
        "cup"
      ],
      [
        "person",
        "cup"
      ],
      [
        "person",
        "cup"
      ],
      [
        "person",
        "cup"
      ],
      [
        "person",
        "cup"
      ],
      [],
      [],
      [
        "person"
      ],
      [
        "person"
      ],
      [
        "person"
      ],
      [
        "person"
      ],
      [
        "cell phone"
      ],
      [],
      [
        "person"
      ],
      [
        "person"
      ],
      [
        "person"
      ],
      [
        "person"
      ],
      [
        "person"
      ],
      [
        "person"
      ],
      [
        "person"
      ],
      [
        "person"
      ],
      [
        "person"
      ],
      [
        "person"
      ],
      [
        "person"
      ],
      [
        "person"
      ],
      [
        "person"
      ],
      [
        "person",
        "car"
      ],
      [
        "person",
        "car"
      ],
      [
        "person"
      ],
      [
        "person",
        "car"
      ],
      [
        "person"
      ],
      [
        "person",
        "car"
      ],
      [
        "person",
        "car"
      ],
      [
        "person"
      ],
      [
        "cell phone",
        "person"
      ],
      [
        "cell phone",
        "person"
      ],
      [
        "cell phone",
        "person"
      ],
      [
        "cell phone",
        "person"
      ],
      [
        "cell phone",
        "person"
      ],
      [
        "cell phone",
        "person"
      ],
      [
        "cell phone",
        "person"
      ],
      [
        "cell phone",
        "person"
      ],
      [
        "cell phone",
        "person"
      ],
      [
        "cell phone",
        "person"
      ],
      [
        "cell phone",
        "person"
      ],
      [
        "cell phone",
        "person"
      ],
      [
        "person"
      ],
      [
        "person"
      ],
      [
        "person"
      ],
      [
        "person"
      ],
      [
        "person"
      ],
      [
        "person"
      ],
      [
        "person"
      ],
      [
        "person"
      ],
      [
        "person"
      ],
      [
        "person"
      ],
      [
        "clock",
        "person",
        "chair"
      ],
      [
        "clock",
        "person",
        "chair"
      ],
      [
        "clock",
        "person",
        "chair"
      ],
      [
        "clock",
        "person",
        "chair"
      ],
      [
        "clock",
        "person",
        "chair"
      ],
      [
        "clock",
        "person",
        "chair"
      ],
      [
        "clock",
        "person",
        "chair"
      ],
      [
        "person",
        "chair"
      ],
      [
        "person",
        "chair"
      ],
      [
        "clock",
        "person",
        "chair"
      ],
      [
        "clock",
        "person"
      ],
      [
        "clock",
        "person"
      ],
      [
        "clock",
        "person"
      ],
      [
        "clock",
        "person",
        "chair"
      ],
      [
        "clock",
        "person",
        "chair"
      ],
      [
        "person"
      ],
      [
        "person"
      ],
      [
        "person"
      ],
      [
        "person"
      ],
      [
        "person"
      ],
      [
        "person"
      ],
      [
        "person"
      ],
      [],
      [
        "cell phone"
      ],
      [
        "cell phone"
      ],
      [],
      [
        "backpack",
        "person"
      ],
      [
        "person"
      ],
      [
        "person"
      ],
      [
        "person"
      ],
      [
        "person"
      ],
      [
        "person"
      ],
      [
        "person"
      ],
      [
        "person"
      ],
      [
        "person"
      ],
      [
        "person"
      ],
      [
        "person"
      ],
      [
        "person"
      ],
      [
        "cell phone",
        "person"
      ],
      [
        "cell phone"
      ],
      [
        "cell phone"
      ],
      [
        "cell phone",
        "person"
      ],
      [
        "cell phone"
      ],
      [
        "cell phone"
      ],
      [
        "cell phone"
      ],
      [
        "cell phone",
        "person"
      ],
      [
        "cell phone",
        "person"
      ],
      [
        "cell phone",
        "person"
      ],
      [
        "cell phone",
        "person"
      ],
      [
        "cell phone",
        "person"
      ],
      [
        "cell phone",
        "person"
      ],
      [
        "cell phone",
        "person"
      ],
      [
        "cell phone",
        "person"
      ],
      [
        "person"
      ],
      [
        "person"
      ],
      [
        "person"
      ],
      [
        "person"
      ],
      [
        "person"
      ],
      [
        "person"
      ],
      [
        "person"
      ],
      [
        "person"
      ],
      [
        "person"
      ],
      [
        "person"
      ],
      [
        "umbrella",
        "person"
      ],
      [
        "umbrella",
        "person"
      ],
      [
        "umbrella",
        "person"
      ],
      [
        "person"
      ],
      [
        "umbrella",
        "person"
      ],
      [
        "umbrella",
        "person"
      ],
      [
        "person"
      ],
      [
        "person"
      ],
      [
        "person"
      ],
      [
        "umbrella",
        "person"
      ],
      [
        "person"
      ],
      [
        "person"
      ],
      [
        "person"
      ],
      [
        "person"
      ],
      [
        "person"
      ],
      [
        "person"
      ],
      [
        "person"
      ],
      [
        "person"
      ],
      [
        "person"
      ],
      [
        "bench",
        "person"
      ],
      [
        "bench",
        "person"
      ],
      [
        "person",
        "chair"
      ],
      [
        "person",
        "chair"
      ],
      [
        "person",
        "chair"
      ],
      [
        "person",
        "chair"
      ],
      [
        "person",
        "chair"
      ],
      [
        "person",
        "chair"
      ],
      [
        "person",
        "chair"
      ],
      [
        "person",
        "chair"
      ],
      [
        "bench",
        "person"
      ],
      [
        "cell phone",
        "person"
      ],
      [
        "cell phone",
        "person"
      ],
      [
        "person"
      ],
      [
        "person"
      ],
      [
        "person"
      ],
      [
        "person"
      ],
      [
        "person"
      ],
      [
        "person"
      ],
      [
        "person"
      ],
      [
        "person"
      ],
      [
        "person"
      ],
      [
        "person"
      ],
      [
        "person"
      ],
      [
        "person"
      ],
      [
        "person"
      ],
      [
        "person"
      ],
      [
        "person"
      ],
      [
        "person"
      ],
      [
        "person"
      ],
      [
        "person"
      ],
      [
        "person"
      ],
      [
        "person"
      ],
      [
        "person"
      ],
      [
        "person"
      ],
      [
        "person"
      ],
      [],
      [],
      [],
      [],
      [],
      [],
      [],
      [],
      [
        "cell phone"
      ],
      [],
      [
        "cell phone",
        "sports ball"
      ],
      [
        "person"
      ],
      [
        "person"
      ],
      [
        "person"
      ],
      [],
      [
        "person",
        "dog"
      ],
      [
        "person"
      ],
      [
        "cell phone"
      ],
      [],
      [
        "cell phone"
      ],
      [],
      [
        "person"
      ],
      [],
      [],
      [
        "person"
      ],
      [
        "person"
      ],
      [],
      [
        "bowl",
        "apple"
      ],
      [
        "bowl"
      ]
    ],
    "appearances": [
      {
        "object_class": "person",
        "first_appearance": 0.0,
        "last_appearance": 29.5,
        "frame_count": 206,
        "frequency": 0.8583333333333333
      },
      {
        "object_class": "car",
        "first_appearance": 2.25,
        "last_appearance": 8.625,
        "frame_count": 16,
        "frequency": 0.06666666666666667
      },
      {
        "object_class": "backpack",
        "first_appearance": 3.125,
        "last_appearance": 14.875,
        "frame_count": 2,
        "frequency": 0.008333333333333333
      },
      {
        "object_class": "suitcase",
        "first_appearance": 3.375,
        "last_appearance": 3.375,
        "frame_count": 1,
        "frequency": 0.004166666666666667
      },
      {
        "object_class": "cup",
        "first_appearance": 4.25,
        "last_appearance": 5.125,
        "frame_count": 8,
        "frequency": 0.03333333333333333
      },
      {
        "object_class": "cell phone",
        "first_appearance": 6.0,
        "last_appearance": 28.75,
        "frame_count": 36,
        "frequency": 0.15
      },
      {
        "object_class": "clock",
        "first_appearance": 11.625,
        "last_appearance": 13.375,
        "frame_count": 13,
        "frequency": 0.05416666666666667
      },
      {
        "object_class": "chair",
        "first_appearance": 11.625,
        "last_appearance": 23.0,
        "frame_count": 20,
        "frequency": 0.08333333333333333
      },
      {
        "object_class": "umbrella",
        "first_appearance": 19.5,
        "last_appearance": 20.625,
        "frame_count": 6,
        "frequency": 0.025
      },
      {
        "object_class": "bench",
        "first_appearance": 21.875,
        "last_appearance": 23.125,
        "frame_count": 3,
        "frequency": 0.0125
      },
      {
        "object_class": "sports ball",
        "first_appearance": 27.625,
        "last_appearance": 27.625,
        "frame_count": 1,
        "frequency": 0.004166666666666667
      },
      {
        "object_class": "dog",
        "first_appearance": 28.25,
        "last_appearance": 28.25,
        "frame_count": 1,
        "frequency": 0.004166666666666667
      },
      {
        "object_class": "bowl",
        "first_appearance": 29.75,
        "last_appearance": 29.875,
        "frame_count": 2,
        "frequency": 0.008333333333333333
      },
      {
        "object_class": "apple",
        "first_appearance": 29.75,
        "last_appearance": 29.75,
        "frame_count": 1,
        "frequency": 0.004166666666666667
      }
    ]
  },
  "atmosphere_signals": {
    "brightness_values": [
      77.34987738715277,
      75.26894965277778,
      72.86909288194444,
      72.7367209201389,
      72.60479600694444,
      72.26953884548611,
      72.1758713107639,
      72.96736870659723,
      74.11463433159722,
      76.80953993055556,
      78.62139539930556,
      78.50051106770833,
      77.82061848958334,
      76.58622721354166,
      74.1593771701389,
      71.47273763020833,
      107.4607052951389,
      109.48308159722222,
      113.17052300347223,
      116.4405251736111,
      119.16037543402778,
      123.462587890625,
      129.72733506944445,
      132.68710069444444,
      133.3906130642361,
      126.33497938368056,
      117.60665256076389,
      110.84128363715278,
      108.35411675347223,
      106.50908203125,
      105.39139214409722,
      105.25544270833333,
      105.01289171006944,
      104.95506293402778,
      33.662938368055556,
      33.70180555555555,
      33.830067274305556,
      33.982915581597226,
      34.0707421875,
      33.88490885416667,
      33.82780490451389,
      33.686039496527776,
      28.168905164930557,
      31.091165364583333,
      31.533785807291668,
      31.474725477430557,
      31.85745659722222,
      32.276447482638886,
      32.35659071180555,
      33.60626193576389,
      33.85443576388889,
      33.67362087673611,
      32.06399631076389,
      31.955465494791667,
      32.00458658854166,
      31.773149956597223,
      31.641462673611112,
      31.61509765625,
      31.364482421875,
      31.551405164930557,
      31.633195529513888,
      31.651155598958333,
      31.655784505208334,
      83.53932074652778,
      83.68247721354167,
      83.57928819444444,
      83.41521267361111,
      83.52476996527778,
      83.60183051215277,
      83.24571397569444,
      83.0329470486111,
      82.01257921006945,
      80.65014214409722,
      80.50075737847222,
      76.12702907986112,
      76.18511501736111,
      76.1340798611111,
      76.19643120659723,
      75.98992513020833,
      75.91690972222223,
      75.95391818576388,
      75.99392903645834,
      76.08328667534722,
      101.58305989583333,
      102.59621202256945,
      103.11867078993056,
      103.16338650173611,
      103.41047417534722,
      105.75716254340277,
      110.40451280381944,
      147.54671006944446,
      165.75890190972223,
      167.44393229166667,
      51.131839192708334,
      51.04632595486111,
      50.95122612847222,
      50.80741753472222,
      50.751246744791665,
      50.48007052951389,
      50.52248263888889,
      50.712783203125,
      50.66588433159722,
      50.69223849826389,
      50.63709309895833,
      50.66142252604167,
      50.726711154513886,
      51.02181423611111,
      51.32841254340278,
      46.549418402777775,
      46.223071831597224,
      45.91678059895833,
      46.75816514756944,
      49.786138237847226,
      51.46724175347222,
      52.26962890625,
      53.11621961805555,
      53.984149305555555,
      54.67029296875,
      54.89944227430556,
      36.253173828125,
      36.11430989583334,
      36.18380208333333,
      35.894490017361115,
      35.66177300347222,
      35.204814453125,
      35.007411024305554,
      35.018879123263886,
      34.64823893229167,
      34.36345703125,
      33.94083984375,
      33.59142035590278,
      54.53486328125,
      54.37941840277778,
      54.43279405381944,
      54.699140625,
      54.760844184027775,
      54.49121310763889,
      54.62320746527778,
      54.490667317708336,
      54.633610026041666,
      54.723407118055555,
      55.09663194444445,
      55.321148003472224,
      55.43322048611111,
      55.329197048611114,
      55.47065755208333,
      20.284487847222223,
      21.490475260416666,
      21.588940972222222,
      21.61749240451389,
      21.705087890625,
      21.915538194444444,
      22.014004991319446,
      21.82625217013889,
      20.86878689236111,
      64.65543836805556,
      64.75401041666667,
      64.31537434895833,
      64.04850151909723,
      64.02402669270833,
      64.23301649305556,
      64.47031575520833,
      64.73803059895833,
      64.84244683159723,
      65.33007703993056,
      65.24284505208334,
      65.60644097222222,
      65.9861013454861,
      65.9926638454861,
      55.44505099826389,
      65.41062282986111,
      77.905849609375,
      87.324921875,
      94.88800998263889,
      85.4861740451389,
      86.98649522569444,
      87.46123914930556,
      83.3603634982639,
      86.04656467013889,
      87.877744140625,
      86.84442057291666,
      87.73736653645834,
      88.97226128472222,
      90.27732855902778,
      89.76654622395833,
      89.3750466579861,
      88.14153211805555,
      87.52499565972222,
      87.87737955729166,
      89.04246527777778,
      89.6844921875,
      90.45369791666667,
      92.11698459201389,
      92.21148111979167,
      81.42350260416667,
      58.00731553819445,
      54.36942816840278,
      58.17155598958333,
      63.88312608506944,
      61.144946831597224,
      63.87859809027778,
      69.317724609375,
      72.329716796875,
      69.332236328125,
      70.38626953125,
      107.06188802083334,
      111.57282986111112,
      108.99686306423611,
      110.30313151041666,
      108.90896918402778,
      109.53501953125,
      110.26031575520834,
      109.15712890625,
      115.19175998263889,
      110.84714952256944,
      106.84322916666666,
      107.91810329861111,
      106.36909288194444,
      103.62809027777777,
      51.142024739583334,
      49.901814236111115,
      48.572698567708336,
      47.438960503472224,
      46.64217990451389,
      46.12238389756944,
      95.24566297743056,
      101.70033528645833,
      97.97382161458333,
      93.01129340277778,
      93.429345703125,
      85.29120442708333,
      76.06358072916667,
      71.89709309895834,
      70.51330512152778,
      71.01206380208333,
      73.143642578125,
      72.09280164930556,
      89.66614691840277,
      89.71678927951389,
      86.61298719618055
    ],
    "brightness_mean": 69.31269899269387,
    "brightness_std": 29.051628372482732,
    "brightness_min": 20.284487847222223,
    "brightness_max": 167.44393229166667,
    "brightness_range": 147.15944444444443,
    "lighting_changes": [
      {
        "timestamp": 2.0,
        "frame_index": 16,
        "brightness_before": 71.47273763020833,
        "brightness_after": 107.4607052951389,
        "magnitude": 35.987967664930565
      },
      {
        "timestamp": 4.25,
        "frame_index": 34,
        "brightness_before": 104.95506293402778,
        "brightness_after": 33.662938368055556,
        "magnitude": 71.29212456597222
      },
      {
        "timestamp": 7.875,
        "frame_index": 63,
        "brightness_before": 31.655784505208334,
        "brightness_after": 83.53932074652778,
        "magnitude": 51.88353624131945
      },
      {
        "timestamp": 10.375,
        "frame_index": 83,
        "brightness_before": 76.08328667534722,
        "brightness_after": 101.58305989583333,
        "magnitude": 25.499773220486105
      },
      {
        "timestamp": 11.25,
        "frame_index": 90,
        "brightness_before": 110.40451280381944,
        "brightness_after": 147.54671006944446,
        "magnitude": 37.142197265625015
      },
      {
        "timestamp": 11.625,
        "frame_index": 93,
        "brightness_before": 167.44393229166667,
        "brightness_after": 51.131839192708334,
        "magnitude": 116.31209309895834
      },
      {
        "timestamp": 16.375,
        "frame_index": 131,
        "brightness_before": 33.59142035590278,
        "brightness_after": 54.53486328125,
        "magnitude": 20.94344292534722
      },
      {
        "timestamp": 18.25,
        "frame_index": 146,
        "brightness_before": 55.47065755208333,
        "brightness_after": 20.284487847222223,
        "magnitude": 35.18616970486111
      },
      {
        "timestamp": 19.375,
        "frame_index": 155,
        "brightness_before": 20.86878689236111,
        "brightness_after": 64.65543836805556,
        "magnitude": 43.78665147569444
      },
      {
        "timestamp": 24.375,
        "frame_index": 195,
        "brightness_before": 81.42350260416667,
        "brightness_after": 58.00731553819445,
        "magnitude": 23.416187065972224
      },
      {
        "timestamp": 25.625,
        "frame_index": 205,
        "brightness_before": 70.38626953125,
        "brightness_after": 107.06188802083334,
        "magnitude": 36.67561848958334
      },
      {
        "timestamp": 27.375,
        "frame_index": 219,
        "brightness_before": 103.62809027777777,
        "brightness_after": 51.142024739583334,
        "magnitude": 52.48606553819444
      },
      {
        "timestamp": 28.125,
        "frame_index": 225,
        "brightness_before": 46.12238389756944,
        "brightness_after": 95.24566297743056,
        "magnitude": 49.12327907986111
      }
    ],
    "lighting_change_count": 13,
    "setting_type": "indoor",
    "dominant_colors_rgb": [
      [
        "155",
        "154",
        "135"
      ],
      [
        "52",
        "53",
        "55"
      ],
      [
        "21",
        "22",
        "25"
      ]
    ],
    "dominant_colors": [
      "brown",
      "blue",
      "black"
    ]
  },
  "action_signals": {
    "intensity_timeline": [
      0.0,
      0.07559155941009521,
      0.12199440956115723,
      0.09254749298095703,
      0.06628620147705078,
      0.0594858455657959,
      0.06062031745910645,
      0.08118170738220215,
      0.05791199684143066,
      0.08536659240722656,
      0.09388057708740234,
      0.06207183837890625,
      0.09273350715637207,
      0.13127702713012696,
      0.1308525562286377,
      0.15369052886962892,
      0.20383232116699218,
      0.10083452224731446,
      0.13247238159179686,
      0.1347007942199707,
      0.16802133560180665,
      0.15996309280395507,
      0.17675361633300782,
      0.16289176940917968,
      0.17534536361694336,
      0.18058979034423828,
      0.19518198013305665,
      0.17572338104248048,
      0.18341775894165038,
      0.19406091690063476,
      0.14243483543395996,
      0.1306640625,
      0.13191740036010743,
      0.1557636547088623,
      0.15183656692504882,
      0.0037705695629119875,
      0.004981553852558136,
      0.01213523030281067,
      0.00887807011604309,
      0.020707995891571046,
      0.020147924423217774,
      0.02846759557723999,
      0.06657968044281005,
      0.036694743633270265,
      0.057146611213684084,
      0.03938209056854248,
      0.021231939792633058,
      0.06344818592071533,
      0.01664435863494873,
      0.03367851734161377,
      0.04678092956542969,
      0.033929605484008786,
      0.05332406044006348,
      0.013543659448623657,
      0.017210606336593628,
      0.025862090587615967,
      0.010424977540969849,
      0.018971261978149415,
      0.023300471305847167,
      0.016675349473953247,
      0.014460468292236328,
      0.017636361122131346,
      0.01093400239944458,
      0.21051401138305664,
      0.1381365489959717,
      0.07980607509613037,
      0.0687118673324585,
      0.046557679176330566,
      0.110722017288208,
      0.20400165557861327,
      0.12858157157897948,
      0.21710939407348634,
      0.06043365478515625,
      0.03604376077651977,
      0.022020597457885743,
      0.018594226837158202,
      0.03630931854248047,
      0.02200650453567505,
      0.03010674476623535,
      0.01365119218826294,
      0.013207659721374512,
      0.011341702938079835,
      0.006082344055175781,
      0.08160684585571289,
      0.02379502773284912,
      0.027253215312957765,
      0.018887919187545777,
      0.013780035972595216,
      0.07757368087768554,
      0.0364458966255188,
      0.07885897159576416,
      0.07564956188201905,
      0.05128299236297607,
      0.10545581817626953,
      0.009337497353553771,
      0.006644048690795898,
      0.025020346641540528,
      0.006562067866325378,
      0.016221148967742918,
      0.016980414390563966,
      0.01372900128364563,
      0.013210443258285522,
      0.020534918308258057,
      0.018244985342025757,
      0.013698109388351441,
      0.01194859504699707,
      0.020609235763549803,
      0.011544646024703979,
      0.08145642280578613,
      0.011004654169082641,
      0.011802319288253784,
      0.012217316627502441,
      0.00698681652545929,
      0.006538484692573548,
      0.0029724106192588807,
      0.004350835978984832,
      0.006096361875534057,
      0.014937787055969239,
      0.013024121522903442,
      0.06842753887176514,
      0.06616336822509766,
      0.07082277774810791,
      0.07081906795501709,
      0.07008433818817139,
      0.06510219097137451,
      0.05598765850067139,
      0.052953147888183595,
      0.04801612377166748,
      0.05542444705963135,
      0.06224280834197998,
      0.06298842906951904,
      0.09501643180847168,
      0.04005958080291748,
      0.022346012592315674,
      0.024118762016296386,
      0.022286953926086425,
      0.03242811918258667,
      0.03356717586517334,
      0.020464973449707033,
      0.018345195055007934,
      0.022877037525177002,
      0.025802340507507324,
      0.03137646675109863,
      0.017597798109054565,
      0.027975187301635743,
      0.02441957950592041,
      0.062291111946105954,
      0.03713855743408203,
      0.026675729751586913,
      0.019679577350616456,
      0.03263287305831909,
      0.02860208034515381,
      0.017064316272735594,
      0.03401404857635498,
      0.03941288709640503,
      0.12795789718627928,
      0.029294822216033935,
      0.03453266620635986,
      0.03910662412643433,
      0.03947206497192383,
      0.04321307182312012,
      0.049239273071289065,
      0.05451405048370361,
      0.06219467639923096,
      0.06069211006164551,
      0.055312728881835936,
      0.049552292823791505,
      0.040625171661376955,
      0.032270848751068115,
      0.12585559844970703,
      0.01846930503845215,
      0.032264978885650636,
      0.029833359718322752,
      0.03332929134368896,
      0.11268848419189453,
      0.10662034034729004,
      0.055846972465515135,
      0.164749698638916,
      0.13610130310058594,
      0.09721537590026856,
      0.06919934272766114,
      0.12561050415039063,
      0.06298746109008789,
      0.08117410659790039,
      0.059430747032165526,
      0.10595649719238281,
      0.14588283538818358,
      0.015622352361679076,
      0.020662424564361574,
      0.036022791862487795,
      0.054597573280334474,
      0.062133069038391116,
      0.04940503120422363,
      0.02737771987915039,
      0.03816574335098267,
      0.06250306606292724,
      0.06318343639373779,
      0.07462569236755372,
      0.11427268981933594,
      0.09626764297485352,
      0.17787002563476562,
      0.1873870849609375,
      0.19998493194580078,
      0.13373072624206542,
      0.13813458442687987,
      0.10285385131835938,
      0.06224853515625,
      0.05840021133422851,
      0.03711202621459961,
      0.048890604972839355,
      0.05108070373535156,
      0.09130825996398925,
      0.11076749801635742,
      0.06847871303558349,
      0.06112542152404785,
      0.0592857837677002,
      0.10064351081848144,
      0.10590628623962402,
      0.15633037567138672,
      0.1220739459991455,
      0.05595981597900391,
      0.05326848983764648,
      0.06828850746154785,
      0.0466840934753418,
      0.07570935249328613,
      0.1478737163543701,
      0.12963471412658692,
      0.11404178619384765,
      0.14876189231872558,
      0.1127369213104248,
      0.11359240531921387,
      0.08502371788024903,
      0.08602391242980957,
      0.05883786678314209,
      0.0642821455001831,
      0.07618809700012207,
      0.024908862113952636,
      0.09830791473388673,
      0.09554976463317871,
      0.10046896934509278
    ],
    "intensity_mean": 0.06637526062006752,
    "intensity_std": 0.05183251843339046,
    "intensity_min": 0.0,
    "intensity_max": 0.21710939407348634,
    "intensity_trend": "stable",
    "peak_moments": [
      {
        "timestamp": 2.0,
        "frame_index": 16,
        "intensity": 0.20383232116699218,
        "moment_type": "peak"
      },
      {
        "timestamp": 7.875,
        "frame_index": 63,
        "intensity": 0.21051401138305664,
        "moment_type": "peak"
      },
      {
        "timestamp": 8.875,
        "frame_index": 71,
        "intensity": 0.21710939407348634,
        "moment_type": "peak"
      },
      {
        "timestamp": 19.375,
        "frame_index": 155,
        "intensity": 0.12795789718627928,
        "moment_type": "peak"
      },
      {
        "timestamp": 22.125,
        "frame_index": 177,
        "intensity": 0.164749698638916,
        "moment_type": "peak"
      },
      {
        "timestamp": 25.25,
        "frame_index": 202,
        "intensity": 0.19998493194580078,
        "moment_type": "peak"
      },
      {
        "timestamp": 27.25,
        "frame_index": 218,
        "intensity": 0.15633037567138672,
        "moment_type": "peak"
      },
      {
        "timestamp": 28.5,
        "frame_index": 228,
        "intensity": 0.14876189231872558,
        "moment_type": "peak"
      }
    ],
    "valley_moments": [
      {
        "timestamp": 4.375,
        "frame_index": 35,
        "intensity": 0.0037705695629119875,
        "moment_type": "valley"
      },
      {
        "timestamp": 8.375,
        "frame_index": 67,
        "intensity": 0.046557679176330566,
        "moment_type": "valley"
      },
      {
        "timestamp": 14.25,
        "frame_index": 114,
        "intensity": 0.0029724106192588807,
        "moment_type": "valley"
      },
      {
        "timestamp": 21.25,
        "frame_index": 170,
        "intensity": 0.01846930503845215,
        "moment_type": "valley"
      },
      {
        "timestamp": 23.375,
        "frame_index": 187,
        "intensity": 0.015622352361679076,
        "moment_type": "valley"
      },
      {
        "timestamp": 26.0,
        "frame_index": 208,
        "intensity": 0.03711202621459961,
        "moment_type": "valley"
      },
      {
        "timestamp": 27.875,
        "frame_index": 223,
        "intensity": 0.0466840934753418,
        "moment_type": "valley"
      }
    ],
    "peak_timestamps": [
      2.0,
      7.875,
      8.875,
      19.375,
      22.125,
      25.25,
      27.25,
      28.5
    ],
    "valley_timestamps": [
      4.375,
      8.375,
      14.25,
      21.25,
      23.375,
      26.0,
      27.875
    ],
    "peak_count": 8,
    "valley_count": 7,
    "action_variance": 0.002686609967147762
  },
  "temporal_signals": {
    "frame_change_scores": [
      0.0,
      0.44108657418387776,
      0.6137626114077062,
      0.47226850702127887,
      0.31740259782787117,
      0.30865013528611385,
      0.3416900836640948,
      0.3719015439839499,
      0.31126372906662525,
      0.38762464782936523,
      0.4651907546727111,
      0.3337543455359594,
      0.4806404600539056,
      0.6480868873879793,
      0.7113917516799608,
      0.734289123042664,
      0.8911531998439874,
      0.4965383450530897,
      0.5397506628634584,
      0.5235581600112164,
      0.5790816509273837,
      0.5704493007109814,
      0.6066403455749942,
      0.5914994041237156,
      0.5908843068154712,
      0.5907569242262198,
      0.6349659351385245,
      0.6452142439543804,
      0.654311378302202,
      0.6342491067899302,
      0.5418409992197215,
      0.5433198615587127,
      0.5343516074912313,
      0.5592264674320107,
      0.8914889978890899,
      0.014158569214260952,
      0.022231281650790136,
      0.06511449262485847,
      0.0459003401469702,
      0.11716783156796584,
      0.1178681316707062,
      0.1508641747586127,
      0.5071251498017364,
      0.23333293541132683,
      0.23374647210790012,
      0.17474661135027636,
      0.11143042268384695,
      0.2125177258583001,
      0.11954545780837411,
      0.16990296693884488,
      0.16643505361822464,
      0.1640243187697653,
      0.49315914106500136,
      0.11189012462002379,
      0.13588704682707597,
      0.1714164385286775,
      0.06547475605083453,
      0.1418917278420756,
      0.17205291167219305,
      0.11362399552907654,
      0.09782186832707496,
      0.11373231299291842,
      0.05793110935102719,
      0.903157789320639,
      0.7673927291040854,
      0.5564622124772645,
      0.5022775665919945,
      0.3347064513379554,
      0.6623646329260903,
      0.8558390252576991,
      0.7072250527565599,
      0.8822310504098757,
      0.30534057991322583,
      0.20458634226430006,
      0.10982698305462113,
      0.11513119482556267,
      0.20940775844411463,
      0.1527040097667668,
      0.1817642151457335,
      0.08148315473292822,
      0.07442250187887989,
      0.06447633053440771,
      0.029323503026852382,
      0.7244431608523274,
      0.10727350429547244,
      0.1464807839810166,
      0.11102231447435051,
      0.04229167558062663,
      0.3770760430695833,
      0.2855484882723741,
      0.4531737925554007,
      0.34454147629556064,
      0.24421556823580703,
      0.8110825817320111,
      0.03310084152206849,
      0.018662903428625977,
      0.12688629204949164,
      0.019417994070656697,
      0.0704385962214279,
      0.08153139199635084,
      0.06087751183462953,
      0.061888851853238336,
      0.08703458426047406,
      0.05478928761012403,
      0.04669163273573895,
      0.043323983700041424,
      0.094608214711287,
      0.05499694824531565,
      0.6515363604654381,
      0.10351135755616492,
      0.13162706773156463,
      0.17458886117687755,
      0.12417020589146444,
      0.11251219698713932,
      0.08690740956811382,
      0.11133213945597686,
      0.0741341266980231,
      0.07708256575763617,
      0.06362490892107553,
      0.632758006398372,
      0.36867867458085124,
      0.3615601650303445,
      0.35854205518613536,
      0.3536632169062276,
      0.3350123727223281,
      0.2874438494803504,
      0.29399819836831353,
      0.29333602018440463,
      0.2917505852895199,
      0.35037349933149586,
      0.36718376377798956,
      0.6452849634712614,
      0.1922530010578064,
      0.14729115540990112,
      0.1513875155419897,
      0.15492997100120476,
      0.19955739204798817,
      0.19849161690477424,
      0.14026135304780896,
      0.11331668454215682,
      0.12197553290196839,
      0.1287467686179936,
      0.17874135785407974,
      0.11849782042123691,
      0.18302355821923488,
      0.1551208747610966,
      0.61494279019697,
      0.2330778079191146,
      0.18012126048504962,
      0.1381549281778961,
      0.17587286326434004,
      0.16658839646595025,
      0.13251558741944447,
      0.20640658107197773,
      0.21317894168544782,
      0.7899752387615722,
      0.18947283706354534,
      0.20296423333279556,
      0.20650140557552288,
      0.219747890769721,
      0.22658937951592406,
      0.27263332880126456,
      0.31132769437795726,
      0.3267180151761859,
      0.3265877264590049,
      0.30557265378031195,
      0.27629233087263516,
      0.23005377381556458,
      0.18393627000016555,
      0.7250293830339045,
      0.19466590390912974,
      0.27935805459670415,
      0.22989779351545225,
      0.20024304552324312,
      0.7649405944295954,
      0.42383240744548756,
      0.2491433026067318,
      0.4739554751395503,
      0.44861669935518167,
      0.3828019255149119,
      0.357875449900237,
      0.4194561781667624,
      0.32079148163897997,
      0.39481214377165974,
      0.2686222287227462,
      0.34570161481915485,
      0.7073291065005143,
      0.06948722928790274,
      0.10375464035345694,
      0.17968766024126337,
      0.24928560601275818,
      0.2534245371150654,
      0.19714611933526494,
      0.10924481239899586,
      0.26114103890624984,
      0.4032486354242437,
      0.3233756458317002,
      0.6819576643247625,
      0.5918037733988706,
      0.4603690031460045,
      0.5218448840956891,
      0.5314404066415437,
      0.49283148240508023,
      0.460545462685816,
      0.5046476644134333,
      0.6468910438743922,
      0.29285869979915646,
      0.3342206870135658,
      0.21149784528571058,
      0.28497380019465124,
      0.32309950042772684,
      0.37068929909056647,
      0.5037608692897142,
      0.4123581830309928,
      0.4870260361788413,
      0.46733293170466406,
      0.5777689981097562,
      0.5699367052928455,
      0.5795686564145656,
      0.7412308614384571,
      0.21692476579441333,
      0.2288198450625698,
      0.3123038296435974,
      0.26807242288591904,
      0.3013107464411052,
      0.7472454506057055,
      0.7572292437901268,
      0.6953387875127011,
      0.7560737448154264,
      0.6980067310878241,
      0.5685910608396311,
      0.5218252459994428,
      0.4761838772311898,
      0.4969472539409211,
      0.38268898657576067,
      0.39180919086752275,
      0.2924184890406635,
      0.7787439451305025,
      0.4787899890017645,
      0.47611948610707777
    ],
    "change_score_mean": 0.334396687079562,
    "change_score_std": 0.22346122766464305,
    "change_score_max": 0.903157789320639,
    "temporal_gaps": [],
    "temporal_gap_count": 0,
    "temporal_gap_total_duration": 0.0,
    "transition_similarity_scores": [
      0.10884680015601261,
      0.09684221067936102,
      0.6554585237044394,
      0.18891741826798894,
      0.35471503652873865,
      0.21002476123842778,
      0.2749706169660954,
      0.23505940557040464,
      0.3531089561256077,
      0.2587691385615429,
      0.25275454939429454,
      0.22125605486949748
    ],
    "transition_similarity_mean": 0.2675602893385342,
    "temporal_density": 6.99581589958159
  },
  "metadata": {
    "video_path": "/vol/videos/core/produced_digital/commercials/yxuHJv1_big.mp4",
    "dataset": "produced_digital/commercials",
    "tier": "produced_digital",
    "study_type": "core",
    "source_fps": 23.976023976023978,
    "experiment_version": "3.2"
  }
}