{
  "video_id": "yxuHJv1_big",
  "fps": 15.0,
  "duration": 29.933333333333334,
  "frame_count": 450,
  "scene_signals": {
    "transition_count": 12,
    "transition_timestamps": [
      2.0,
      7.8,
      11.266666666666666,
      11.533333333333333,
      16.333333333333332,
      19.333333333333332,
      21.066666666666666,
      21.733333333333334,
      25.53333333333333,
      27.4,
      28.133333333333333,
      29.53333333333333
    ],
    "transition_types": [
      "soft_cut",
      "hard_cut",
      "hard_cut",
      "hard_cut",
      "hard_cut",
      "hard_cut",
      "soft_cut",
      "soft_cut",
      "hard_cut",
      "hard_cut",
      "soft_cut",
      "hard_cut"
    ],
    "transition_magnitudes": [
      48.01607669541522,
      156.1474104633043,
      515.9038676776303,
      833.0109476024045,
      100.70164708912694,
      441.7179153518779,
      43.46706828473529,
      33.609465715470954,
      5965.333505349832,
      846.1703787493174,
      70.71907508767269,
      6945.6552582797485
    ],
    "scene_count": 13,
    "scene_durations": [
      2.0,
      5.8,
      3.466666666666666,
      0.2666666666666675,
      4.799999999999999,
      3.0,
      1.7333333333333343,
      0.6666666666666679,
      3.799999999999997,
      1.8666666666666671,
      0.7333333333333343,
      1.3999999999999986,
      0.40000000000000213
    ],
    "scene_duration_mean": 2.3025641025641024,
    "scene_duration_std": 1.6842387277475555,
    "scene_duration_min": 0.2666666666666675,
    "scene_duration_max": 5.8,
    "scene_types": [
      "unknown",
      "unknown",
      "unknown",
      "unknown",
      "unknown",
      "unknown",
      "unknown",
      "unknown",
      "unknown",
      "unknown",
      "unknown",
      "unknown",
      "unknown"
    ],
    "transitions": [
      {
        "timestamp": 2.0,
        "frame_index": 30,
        "transition_type": "soft_cut",
        "magnitude": 48.01607669541522
      },
      {
        "timestamp": 7.8,
        "frame_index": 117,
        "transition_type": "hard_cut",
        "magnitude": 156.1474104633043
      },
      {
        "timestamp": 11.266666666666666,
        "frame_index": 169,
        "transition_type": "hard_cut",
        "magnitude": 515.9038676776303
      },
      {
        "timestamp": 11.533333333333333,
        "frame_index": 173,
        "transition_type": "hard_cut",
        "magnitude": 833.0109476024045
      },
      {
        "timestamp": 16.333333333333332,
        "frame_index": 245,
        "transition_type": "hard_cut",
        "magnitude": 100.70164708912694
      },
      {
        "timestamp": 19.333333333333332,
        "frame_index": 290,
        "transition_type": "hard_cut",
        "magnitude": 441.7179153518779
      },
      {
        "timestamp": 21.066666666666666,
        "frame_index": 316,
        "transition_type": "soft_cut",
        "magnitude": 43.46706828473529
      },
      {
        "timestamp": 21.733333333333334,
        "frame_index": 326,
        "transition_type": "soft_cut",
        "magnitude": 33.609465715470954
      },
      {
        "timestamp": 25.53333333333333,
        "frame_index": 383,
        "transition_type": "hard_cut",
        "magnitude": 5965.333505349832
      },
      {
        "timestamp": 27.4,
        "frame_index": 411,
        "transition_type": "hard_cut",
        "magnitude": 846.1703787493174
      },
      {
        "timestamp": 28.133333333333333,
        "frame_index": 422,
        "transition_type": "soft_cut",
        "magnitude": 70.71907508767269
      },
      {
        "timestamp": 29.53333333333333,
        "frame_index": 443,
        "transition_type": "hard_cut",
        "magnitude": 6945.6552582797485
      }
    ],
    "scenes": [
      {
        "start_time": 0.0,
        "end_time": 2.0,
        "duration": 2.0,
        "scene_type": "unknown",
        "start_frame": 0,
        "end_frame": 29
      },
      {
        "start_time": 2.0,
        "end_time": 7.8,
        "duration": 5.8,
        "scene_type": "unknown",
        "start_frame": 30,
        "end_frame": 116
      },
      {
        "start_time": 7.8,
        "end_time": 11.266666666666666,
        "duration": 3.466666666666666,
        "scene_type": "unknown",
        "start_frame": 117,
        "end_frame": 168
      },
      {
        "start_time": 11.266666666666666,
        "end_time": 11.533333333333333,
        "duration": 0.2666666666666675,
        "scene_type": "unknown",
        "start_frame": 169,
        "end_frame": 172
      },
      {
        "start_time": 11.533333333333333,
        "end_time": 16.333333333333332,
        "duration": 4.799999999999999,
        "scene_type": "unknown",
        "start_frame": 173,
        "end_frame": 244
      },
      {
        "start_time": 16.333333333333332,
        "end_time": 19.333333333333332,
        "duration": 3.0,
        "scene_type": "unknown",
        "start_frame": 245,
        "end_frame": 289
      },
      {
        "start_time": 19.333333333333332,
        "end_time": 21.066666666666666,
        "duration": 1.7333333333333343,
        "scene_type": "unknown",
        "start_frame": 290,
        "end_frame": 315
      },
      {
        "start_time": 21.066666666666666,
        "end_time": 21.733333333333334,
        "duration": 0.6666666666666679,
        "scene_type": "unknown",
        "start_frame": 316,
        "end_frame": 325
      },
      {
        "start_time": 21.733333333333334,
        "end_time": 25.53333333333333,
        "duration": 3.799999999999997,
        "scene_type": "unknown",
        "start_frame": 326,
        "end_frame": 382
      },
      {
        "start_time": 25.53333333333333,
        "end_time": 27.4,
        "duration": 1.8666666666666671,
        "scene_type": "unknown",
        "start_frame": 383,
        "end_frame": 410
      },
      {
        "start_time": 27.4,
        "end_time": 28.133333333333333,
        "duration": 0.7333333333333343,
        "scene_type": "unknown",
        "start_frame": 411,
        "end_frame": 421
      },
      {
        "start_time": 28.133333333333333,
        "end_time": 29.53333333333333,
        "duration": 1.3999999999999986,
        "scene_type": "unknown",
        "start_frame": 422,
        "end_frame": 442
      },
      {
        "start_time": 29.53333333333333,
        "end_time": 29.933333333333334,
        "duration": 0.40000000000000213,
        "scene_type": "unknown",
        "start_frame": 443,
        "end_frame": 449
      }
    ]
  },
  "character_signals": {
    "person_counts_per_frame": [
      4,
      4,
      4,
      5,
      4,
      4,
      3,
      5,
      5,
      5,
      4,
      4,
      4,
      4,
      4,
      3,
      3,
      3,
      4,
      4,
      5,
      3,
      5,
      4,
      6,
      6,
      5,
      5,
      5,
      5,
      5,
      7,
      7,
      9,
      7,
      8,
      9,
      6,
      8,
      7,
      7,
      10,
      8,
      7,
      9,
      6,
      8,
      7,
      8,
      12,
      11,
      6,
      6,
      5,
      5,
      4,
      6,
      5,
      7,
      8,
      5,
      6,
      8,
      1,
      1,
      1,
      1,
      1,
      1,
      1,
      1,
      1,
      1,
      1,
      1,
      1,
      1,
      1,
      0,
      0,
      0,
      1,
      1,
      1,
      1,
      1,
      1,
      1,
      1,
      0,
      0,
      0,
      0,
      0,
      1,
      1,
      0,
      1,
      1,
      1,
      1,
      1,
      1,
      1,
      1,
      1,
      1,
      1,
      1,
      1,
      1,
      1,
      1,
      1,
      1,
      1,
      1,
      1,
      1,
      1,
      1,
      1,
      1,
      1,
      1,
      1,
      1,
      1,
      1,
      1,
      1,
      1,
      1,
      1,
      1,
      1,
      1,
      1,
      1,
      1,
      1,
      1,
      1,
      1,
      1,
      1,
      1,
      1,
      1,
      1,
      1,
      1,
      1,
      1,
      1,
      1,
      2,
      2,
      2,
      2,
      2,
      1,
      1,
      1,
      2,
      2,
      2,
      1,
      1,
      1,
      1,
      1,
      1,
      2,
      2,
      2,
      2,
      2,
      2,
      2,
      2,
      2,
      2,
      2,
      2,
      2,
      2,
      2,
      2,
      2,
      2,
      1,
      2,
      2,
      2,
      2,
      2,
      2,
      2,
      2,
      2,
      2,
      1,
      1,
      1,
      1,
      1,
      1,
      1,
      1,
      1,
      1,
      1,
      1,
      1,
      1,
      0,
      0,
      0,
      0,
      0,
      0,
      0,
      3,
      3,
      3,
      3,
      3,
      3,
      3,
      3,
      4,
      3,
      3,
      3,
      3,
      2,
      2,
      4,
      4,
      4,
      4,
      4,
      4,
      4,
      0,
      0,
      0,
      1,
      0,
      0,
      2,
      0,
      0,
      1,
      0,
      1,
      0,
      1,
      1,
      1,
      0,
      0,
      1,
      1,
      1,
      1,
      1,
      1,
      1,
      1,
      1,
      1,
      2,
      2,
      2,
      2,
      2,
      2,
      2,
      2,
      2,
      2,
      2,
      2,
      2,
      2,
      2,
      2,
      2,
      4,
      4,
      4,
      4,
      4,
      4,
      4,
      4,
      4,
      5,
      5,
      4,
      5,
      4,
      4,
      5,
      4,
      5,
      5,
      5,
      5,
      5,
      4,
      4,
      4,
      6,
      1,
      1,
      1,
      1,
      1,
      1,
      1,
      1,
      1,
      1,
      3,
      3,
      3,
      3,
      3,
      3,
      3,
      3,
      3,
      3,
      3,
      3,
      3,
      3,
      3,
      3,
      3,
      3,
      3,
      3,
      3,
      3,
      3,
      1,
      1,
      1,
      1,
      1,
      1,
      1,
      1,
      1,
      1,
      1,
      1,
      1,
      1,
      1,
      1,
      2,
      2,
      2,
      1,
      1,
      1,
      2,
      2,
      2,
      2,
      2,
      2,
      2,
      2,
      2,
      2,
      2,
      2,
      2,
      2,
      2,
      2,
      2,
      2,
      2,
      2,
      2,
      2,
      2,
      2,
      1,
      0,
      0,
      0,
      1,
      0,
      1,
      0,
      0,
      0,
      0,
      0,
      0,
      0,
      0,
      0,
      0,
      0,
      0,
      0,
      1,
      1,
      1,
      1,
      1,
      1,
      1,
      0,
      1,
      1,
      1,
      1,
      0,
      0,
      0,
      1,
      0,
      0,
      0,
      0,
      1,
      1,
      0,
      1,
      0,
      1,
      1,
      0,
      0,
      0,
      0,
      0,
      0,
      0,
      0
    ],
    "person_count_mode": 1,
    "person_count_mean": 2.1266666666666665,
    "person_count_std": 2.0054259730374824,
    "person_count_min": 0,
    "person_count_max": 12,
    "person_count_distribution": {
      "4": 38,
      "5": 24,
      "3": 40,
      "6": 9,
      "7": 8,
      "9": 3,
      "8": 7,
      "10": 1,
      "12": 1,
      "11": 1,
      "1": 173,
      "0": 62,
      "2": 83
    },
    "character_consistency": 0.3844444444444444,
    "entry_events": [
      {
        "timestamp": 0.2,
        "frame_index": 3,
        "event_type": "entry",
        "count_before": 4,
        "count_after": 5
      },
      {
        "timestamp": 0.4666666666666667,
        "frame_index": 7,
        "event_type": "entry",
        "count_before": 3,
        "count_after": 5
      },
      {
        "timestamp": 1.2,
        "frame_index": 18,
        "event_type": "entry",
        "count_before": 3,
        "count_after": 4
      },
      {
        "timestamp": 1.3333333333333333,
        "frame_index": 20,
        "event_type": "entry",
        "count_before": 4,
        "count_after": 5
      },
      {
        "timestamp": 1.4666666666666666,
        "frame_index": 22,
        "event_type": "entry",
        "count_before": 3,
        "count_after": 5
      },
      {
        "timestamp": 1.6,
        "frame_index": 24,
        "event_type": "entry",
        "count_before": 4,
        "count_after": 6
      },
      {
        "timestamp": 2.0666666666666664,
        "frame_index": 31,
        "event_type": "entry",
        "count_before": 5,
        "count_after": 7
      },
      {
        "timestamp": 2.2,
        "frame_index": 33,
        "event_type": "entry",
        "count_before": 7,
        "count_after": 9
      },
      {
        "timestamp": 2.3333333333333335,
        "frame_index": 35,
        "event_type": "entry",
        "count_before": 7,
        "count_after": 8
      },
      {
        "timestamp": 2.4,
        "frame_index": 36,
        "event_type": "entry",
        "count_before": 8,
        "count_after": 9
      },
      {
        "timestamp": 2.533333333333333,
        "frame_index": 38,
        "event_type": "entry",
        "count_before": 6,
        "count_after": 8
      },
      {
        "timestamp": 2.7333333333333334,
        "frame_index": 41,
        "event_type": "entry",
        "count_before": 7,
        "count_after": 10
      },
      {
        "timestamp": 2.933333333333333,
        "frame_index": 44,
        "event_type": "entry",
        "count_before": 7,
        "count_after": 9
      },
      {
        "timestamp": 3.0666666666666664,
        "frame_index": 46,
        "event_type": "entry",
        "count_before": 6,
        "count_after": 8
      },
      {
        "timestamp": 3.2,
        "frame_index": 48,
        "event_type": "entry",
        "count_before": 7,
        "count_after": 8
      },
      {
        "timestamp": 3.2666666666666666,
        "frame_index": 49,
        "event_type": "entry",
        "count_before": 8,
        "count_after": 12
      },
      {
        "timestamp": 3.7333333333333334,
        "frame_index": 56,
        "event_type": "entry",
        "count_before": 4,
        "count_after": 6
      },
      {
        "timestamp": 3.8666666666666667,
        "frame_index": 58,
        "event_type": "entry",
        "count_before": 5,
        "count_after": 7
      },
      {
        "timestamp": 3.933333333333333,
        "frame_index": 59,
        "event_type": "entry",
        "count_before": 7,
        "count_after": 8
      },
      {
        "timestamp": 4.066666666666666,
        "frame_index": 61,
        "event_type": "entry",
        "count_before": 5,
        "count_after": 6
      },
      {
        "timestamp": 4.133333333333333,
        "frame_index": 62,
        "event_type": "entry",
        "count_before": 6,
        "count_after": 8
      },
      {
        "timestamp": 5.4,
        "frame_index": 81,
        "event_type": "entry",
        "count_before": 0,
        "count_after": 1
      },
      {
        "timestamp": 6.266666666666667,
        "frame_index": 94,
        "event_type": "entry",
        "count_before": 0,
        "count_after": 1
      },
      {
        "timestamp": 6.466666666666667,
        "frame_index": 97,
        "event_type": "entry",
        "count_before": 0,
        "count_after": 1
      },
      {
        "timestamp": 10.4,
        "frame_index": 156,
        "event_type": "entry",
        "count_before": 1,
        "count_after": 2
      },
      {
        "timestamp": 10.933333333333334,
        "frame_index": 164,
        "event_type": "entry",
        "count_before": 1,
        "count_after": 2
      },
      {
        "timestamp": 11.533333333333333,
        "frame_index": 173,
        "event_type": "entry",
        "count_before": 1,
        "count_after": 2
      },
      {
        "timestamp": 12.8,
        "frame_index": 192,
        "event_type": "entry",
        "count_before": 1,
        "count_after": 2
      },
      {
        "timestamp": 14.866666666666667,
        "frame_index": 223,
        "event_type": "entry",
        "count_before": 0,
        "count_after": 3
      },
      {
        "timestamp": 15.4,
        "frame_index": 231,
        "event_type": "entry",
        "count_before": 3,
        "count_after": 4
      },
      {
        "timestamp": 15.866666666666667,
        "frame_index": 238,
        "event_type": "entry",
        "count_before": 2,
        "count_after": 4
      },
      {
        "timestamp": 16.53333333333333,
        "frame_index": 248,
        "event_type": "entry",
        "count_before": 0,
        "count_after": 1
      },
      {
        "timestamp": 16.733333333333334,
        "frame_index": 251,
        "event_type": "entry",
        "count_before": 0,
        "count_after": 2
      },
      {
        "timestamp": 16.933333333333334,
        "frame_index": 254,
        "event_type": "entry",
        "count_before": 0,
        "count_after": 1
      },
      {
        "timestamp": 17.066666666666666,
        "frame_index": 256,
        "event_type": "entry",
        "count_before": 0,
        "count_after": 1
      },
      {
        "timestamp": 17.2,
        "frame_index": 258,
        "event_type": "entry",
        "count_before": 0,
        "count_after": 1
      },
      {
        "timestamp": 17.53333333333333,
        "frame_index": 263,
        "event_type": "entry",
        "count_before": 0,
        "count_after": 1
      },
      {
        "timestamp": 18.2,
        "frame_index": 273,
        "event_type": "entry",
        "count_before": 1,
        "count_after": 2
      },
      {
        "timestamp": 19.333333333333332,
        "frame_index": 290,
        "event_type": "entry",
        "count_before": 2,
        "count_after": 4
      },
      {
        "timestamp": 19.933333333333334,
        "frame_index": 299,
        "event_type": "entry",
        "count_before": 4,
        "count_after": 5
      },
      {
        "timestamp": 20.133333333333333,
        "frame_index": 302,
        "event_type": "entry",
        "count_before": 4,
        "count_after": 5
      },
      {
        "timestamp": 20.333333333333332,
        "frame_index": 305,
        "event_type": "entry",
        "count_before": 4,
        "count_after": 5
      },
      {
        "timestamp": 20.466666666666665,
        "frame_index": 307,
        "event_type": "entry",
        "count_before": 4,
        "count_after": 5
      },
      {
        "timestamp": 21.0,
        "frame_index": 315,
        "event_type": "entry",
        "count_before": 4,
        "count_after": 6
      },
      {
        "timestamp": 21.733333333333334,
        "frame_index": 326,
        "event_type": "entry",
        "count_before": 1,
        "count_after": 3
      },
      {
        "timestamp": 24.333333333333332,
        "frame_index": 365,
        "event_type": "entry",
        "count_before": 1,
        "count_after": 2
      },
      {
        "timestamp": 24.733333333333334,
        "frame_index": 371,
        "event_type": "entry",
        "count_before": 1,
        "count_after": 2
      },
      {
        "timestamp": 26.599999999999998,
        "frame_index": 399,
        "event_type": "entry",
        "count_before": 0,
        "count_after": 1
      },
      {
        "timestamp": 26.733333333333334,
        "frame_index": 401,
        "event_type": "entry",
        "count_before": 0,
        "count_after": 1
      },
      {
        "timestamp": 27.666666666666668,
        "frame_index": 415,
        "event_type": "entry",
        "count_before": 0,
        "count_after": 1
      },
      {
        "timestamp": 28.2,
        "frame_index": 423,
        "event_type": "entry",
        "count_before": 0,
        "count_after": 1
      },
      {
        "timestamp": 28.666666666666668,
        "frame_index": 430,
        "event_type": "entry",
        "count_before": 0,
        "count_after": 1
      },
      {
        "timestamp": 29.0,
        "frame_index": 435,
        "event_type": "entry",
        "count_before": 0,
        "count_after": 1
      },
      {
        "timestamp": 29.2,
        "frame_index": 438,
        "event_type": "entry",
        "count_before": 0,
        "count_after": 1
      },
      {
        "timestamp": 29.333333333333332,
        "frame_index": 440,
        "event_type": "entry",
        "count_before": 0,
        "count_after": 1
      }
    ],
    "exit_events": [
      {
        "timestamp": 0.26666666666666666,
        "frame_index": 4,
        "event_type": "exit",
        "count_before": 5,
        "count_after": 4
      },
      {
        "timestamp": 0.4,
        "frame_index": 6,
        "event_type": "exit",
        "count_before": 4,
        "count_after": 3
      },
      {
        "timestamp": 0.6666666666666666,
        "frame_index": 10,
        "event_type": "exit",
        "count_before": 5,
        "count_after": 4
      },
      {
        "timestamp": 1.0,
        "frame_index": 15,
        "event_type": "exit",
        "count_before": 4,
        "count_after": 3
      },
      {
        "timestamp": 1.4,
        "frame_index": 21,
        "event_type": "exit",
        "count_before": 5,
        "count_after": 3
      },
      {
        "timestamp": 1.5333333333333332,
        "frame_index": 23,
        "event_type": "exit",
        "count_before": 5,
        "count_after": 4
      },
      {
        "timestamp": 1.7333333333333334,
        "frame_index": 26,
        "event_type": "exit",
        "count_before": 6,
        "count_after": 5
      },
      {
        "timestamp": 2.2666666666666666,
        "frame_index": 34,
        "event_type": "exit",
        "count_before": 9,
        "count_after": 7
      },
      {
        "timestamp": 2.466666666666667,
        "frame_index": 37,
        "event_type": "exit",
        "count_before": 9,
        "count_after": 6
      },
      {
        "timestamp": 2.6,
        "frame_index": 39,
        "event_type": "exit",
        "count_before": 8,
        "count_after": 7
      },
      {
        "timestamp": 2.8,
        "frame_index": 42,
        "event_type": "exit",
        "count_before": 10,
        "count_after": 8
      },
      {
        "timestamp": 2.8666666666666667,
        "frame_index": 43,
        "event_type": "exit",
        "count_before": 8,
        "count_after": 7
      },
      {
        "timestamp": 3.0,
        "frame_index": 45,
        "event_type": "exit",
        "count_before": 9,
        "count_after": 6
      },
      {
        "timestamp": 3.1333333333333333,
        "frame_index": 47,
        "event_type": "exit",
        "count_before": 8,
        "count_after": 7
      },
      {
        "timestamp": 3.3333333333333335,
        "frame_index": 50,
        "event_type": "exit",
        "count_before": 12,
        "count_after": 11
      },
      {
        "timestamp": 3.4,
        "frame_index": 51,
        "event_type": "exit",
        "count_before": 11,
        "count_after": 6
      },
      {
        "timestamp": 3.533333333333333,
        "frame_index": 53,
        "event_type": "exit",
        "count_before": 6,
        "count_after": 5
      },
      {
        "timestamp": 3.6666666666666665,
        "frame_index": 55,
        "event_type": "exit",
        "count_before": 5,
        "count_after": 4
      },
      {
        "timestamp": 3.8,
        "frame_index": 57,
        "event_type": "exit",
        "count_before": 6,
        "count_after": 5
      },
      {
        "timestamp": 4.0,
        "frame_index": 60,
        "event_type": "exit",
        "count_before": 8,
        "count_after": 5
      },
      {
        "timestamp": 4.2,
        "frame_index": 63,
        "event_type": "exit",
        "count_before": 8,
        "count_after": 1
      },
      {
        "timestamp": 5.2,
        "frame_index": 78,
        "event_type": "exit",
        "count_before": 1,
        "count_after": 0
      },
      {
        "timestamp": 5.933333333333334,
        "frame_index": 89,
        "event_type": "exit",
        "count_before": 1,
        "count_after": 0
      },
      {
        "timestamp": 6.4,
        "frame_index": 96,
        "event_type": "exit",
        "count_before": 1,
        "count_after": 0
      },
      {
        "timestamp": 10.733333333333333,
        "frame_index": 161,
        "event_type": "exit",
        "count_before": 2,
        "count_after": 1
      },
      {
        "timestamp": 11.133333333333333,
        "frame_index": 167,
        "event_type": "exit",
        "count_before": 2,
        "count_after": 1
      },
      {
        "timestamp": 12.733333333333333,
        "frame_index": 191,
        "event_type": "exit",
        "count_before": 2,
        "count_after": 1
      },
      {
        "timestamp": 13.466666666666667,
        "frame_index": 202,
        "event_type": "exit",
        "count_before": 2,
        "count_after": 1
      },
      {
        "timestamp": 14.4,
        "frame_index": 216,
        "event_type": "exit",
        "count_before": 1,
        "count_after": 0
      },
      {
        "timestamp": 15.466666666666667,
        "frame_index": 232,
        "event_type": "exit",
        "count_before": 4,
        "count_after": 3
      },
      {
        "timestamp": 15.733333333333333,
        "frame_index": 236,
        "event_type": "exit",
        "count_before": 3,
        "count_after": 2
      },
      {
        "timestamp": 16.333333333333332,
        "frame_index": 245,
        "event_type": "exit",
        "count_before": 4,
        "count_after": 0
      },
      {
        "timestamp": 16.6,
        "frame_index": 249,
        "event_type": "exit",
        "count_before": 1,
        "count_after": 0
      },
      {
        "timestamp": 16.8,
        "frame_index": 252,
        "event_type": "exit",
        "count_before": 2,
        "count_after": 0
      },
      {
        "timestamp": 17.0,
        "frame_index": 255,
        "event_type": "exit",
        "count_before": 1,
        "count_after": 0
      },
      {
        "timestamp": 17.133333333333333,
        "frame_index": 257,
        "event_type": "exit",
        "count_before": 1,
        "count_after": 0
      },
      {
        "timestamp": 17.4,
        "frame_index": 261,
        "event_type": "exit",
        "count_before": 1,
        "count_after": 0
      },
      {
        "timestamp": 20.066666666666666,
        "frame_index": 301,
        "event_type": "exit",
        "count_before": 5,
        "count_after": 4
      },
      {
        "timestamp": 20.2,
        "frame_index": 303,
        "event_type": "exit",
        "count_before": 5,
        "count_after": 4
      },
      {
        "timestamp": 20.4,
        "frame_index": 306,
        "event_type": "exit",
        "count_before": 5,
        "count_after": 4
      },
      {
        "timestamp": 20.8,
        "frame_index": 312,
        "event_type": "exit",
        "count_before": 5,
        "count_after": 4
      },
      {
        "timestamp": 21.066666666666666,
        "frame_index": 316,
        "event_type": "exit",
        "count_before": 6,
        "count_after": 1
      },
      {
        "timestamp": 23.266666666666666,
        "frame_index": 349,
        "event_type": "exit",
        "count_before": 3,
        "count_after": 1
      },
      {
        "timestamp": 24.53333333333333,
        "frame_index": 368,
        "event_type": "exit",
        "count_before": 2,
        "count_after": 1
      },
      {
        "timestamp": 26.333333333333332,
        "frame_index": 395,
        "event_type": "exit",
        "count_before": 2,
        "count_after": 1
      },
      {
        "timestamp": 26.4,
        "frame_index": 396,
        "event_type": "exit",
        "count_before": 1,
        "count_after": 0
      },
      {
        "timestamp": 26.666666666666668,
        "frame_index": 400,
        "event_type": "exit",
        "count_before": 1,
        "count_after": 0
      },
      {
        "timestamp": 26.8,
        "frame_index": 402,
        "event_type": "exit",
        "count_before": 1,
        "count_after": 0
      },
      {
        "timestamp": 28.133333333333333,
        "frame_index": 422,
        "event_type": "exit",
        "count_before": 1,
        "count_after": 0
      },
      {
        "timestamp": 28.466666666666665,
        "frame_index": 427,
        "event_type": "exit",
        "count_before": 1,
        "count_after": 0
      },
      {
        "timestamp": 28.733333333333334,
        "frame_index": 431,
        "event_type": "exit",
        "count_before": 1,
        "count_after": 0
      },
      {
        "timestamp": 29.133333333333333,
        "frame_index": 437,
        "event_type": "exit",
        "count_before": 1,
        "count_after": 0
      },
      {
        "timestamp": 29.266666666666666,
        "frame_index": 439,
        "event_type": "exit",
        "count_before": 1,
        "count_after": 0
      },
      {
        "timestamp": 29.466666666666665,
        "frame_index": 442,
        "event_type": "exit",
        "count_before": 1,
        "count_after": 0
      }
    ],
    "entry_count": 55,
    "exit_count": 54,
    "entry_exit_total": 109,
    "entry_timestamps": [
      0.2,
      0.4666666666666667,
      1.2,
      1.3333333333333333,
      1.4666666666666666,
      1.6,
      2.0666666666666664,
      2.2,
      2.3333333333333335,
      2.4,
      2.533333333333333,
      2.7333333333333334,
      2.933333333333333,
      3.0666666666666664,
      3.2,
      3.2666666666666666,
      3.7333333333333334,
      3.8666666666666667,
      3.933333333333333,
      4.066666666666666,
      4.133333333333333,
      5.4,
      6.266666666666667,
      6.466666666666667,
      10.4,
      10.933333333333334,
      11.533333333333333,
      12.8,
      14.866666666666667,
      15.4,
      15.866666666666667,
      16.53333333333333,
      16.733333333333334,
      16.933333333333334,
      17.066666666666666,
      17.2,
      17.53333333333333,
      18.2,
      19.333333333333332,
      19.933333333333334,
      20.133333333333333,
      20.333333333333332,
      20.466666666666665,
      21.0,
      21.733333333333334,
      24.333333333333332,
      24.733333333333334,
      26.599999999999998,
      26.733333333333334,
      27.666666666666668,
      28.2,
      28.666666666666668,
      29.0,
      29.2,
      29.333333333333332
    ],
    "exit_timestamps": [
      0.26666666666666666,
      0.4,
      0.6666666666666666,
      1.0,
      1.4,
      1.5333333333333332,
      1.7333333333333334,
      2.2666666666666666,
      2.466666666666667,
      2.6,
      2.8,
      2.8666666666666667,
      3.0,
      3.1333333333333333,
      3.3333333333333335,
      3.4,
      3.533333333333333,
      3.6666666666666665,
      3.8,
      4.0,
      4.2,
      5.2,
      5.933333333333334,
      6.4,
      10.733333333333333,
      11.133333333333333,
      12.733333333333333,
      13.466666666666667,
      14.4,
      15.466666666666667,
      15.733333333333333,
      16.333333333333332,
      16.6,
      16.8,
      17.0,
      17.133333333333333,
      17.4,
      20.066666666666666,
      20.2,
      20.4,
      20.8,
      21.066666666666666,
      23.266666666666666,
      24.53333333333333,
      26.333333333333332,
      26.4,
      26.666666666666668,
      26.8,
      28.133333333333333,
      28.466666666666665,
      28.733333333333334,
      29.133333333333333,
      29.266666666666666,
      29.466666666666665
    ]
  },
  "visual_signals": {
    "unique_objects": [
      "person",
      "car",
      "backpack",
      "cup",
      "cell phone",
      "motorcycle",
      "banana",
      "chair",
      "clock",
      "umbrella",
      "bench",
      "sports ball",
      "dog",
      "bird",
      "bowl",
      "apple"
    ],
    "unique_object_count": 16,
    "persistent_objects": [
      "person"
    ],
    "persistent_object_count": 1,
    "transient_objects": [
      "car",
      "backpack",
      "cup",
      "cell phone",
      "motorcycle",
      "banana",
      "chair",
      "clock",
      "umbrella",
      "bench",
      "sports ball",
      "dog",
      "bird",
      "bowl",
      "apple"
    ],
    "transient_object_count": 15,
    "object_frequency": {
      "person": 0.8622222222222222,
      "car": 0.06444444444444444,
      "backpack": 0.0044444444444444444,
      "cup": 0.03111111111111111,
      "cell phone": 0.14666666666666667,
      "motorcycle": 0.0044444444444444444,
      "banana": 0.006666666666666667,
      "chair": 0.07555555555555556,
      "clock": 0.057777777777777775,
      "umbrella": 0.03111111111111111,
      "bench": 0.015555555555555555,
      "sports ball": 0.0022222222222222222,
      "dog": 0.0022222222222222222,
      "bird": 0.0022222222222222222,
      "bowl": 0.015555555555555555,
      "apple": 0.006666666666666667
    },
    "object_frame_counts": {
      "person": 388,
      "car": 29,
      "backpack": 2,
      "cup": 14,
      "cell phone": 66,
      "motorcycle": 2,
      "banana": 3,
      "chair": 34,
      "clock": 26,
      "umbrella": 14,
      "bench": 7,
      "sports ball": 1,
      "dog": 1,
      "bird": 1,
      "bowl": 7,
      "apple": 3
    },
    "object_first_appearance": {
      "person": 0.0,
      "car": 2.1333333333333333,
      "backpack": 3.933333333333333,
      "cup": 4.2,
      "cell phone": 6.0,
      "motorcycle": 8.133333333333333,
      "banana": 10.4,
      "chair": 11.533333333333333,
      "clock": 11.533333333333333,
      "umbrella": 19.4,
      "bench": 21.866666666666667,
      "sports ball": 27.599999999999998,
      "dog": 28.266666666666666,
      "bird": 28.333333333333332,
      "bowl": 29.53333333333333,
      "apple": 29.666666666666668
    },
    "object_last_appearance": {
      "person": 29.4,
      "car": 8.6,
      "backpack": 14.866666666666667,
      "cup": 5.133333333333333,
      "cell phone": 28.933333333333334,
      "motorcycle": 8.4,
      "banana": 11.066666666666666,
      "chair": 23.0,
      "clock": 13.4,
      "umbrella": 20.933333333333334,
      "bench": 23.2,
      "sports ball": 27.599999999999998,
      "dog": 28.266666666666666,
      "bird": 28.333333333333332,
      "bowl": 29.933333333333334,
      "apple": 29.8
    },
    "objects_per_frame": [
      [
        "person"
      ],
      [
        "person"
      ],
      [
        "person"
      ],
      [
        "person"
      ],
      [
        "person"
      ],
      [
        "person"
      ],
      [
        "person"
      ],
      [
        "person"
      ],
      [
        "person"
      ],
      [
        "person"
      ],
      [
        "person"
      ],
      [
        "person"
      ],
      [
        "person"
      ],
      [
        "person"
      ],
      [
        "person"
      ],
      [
        "person"
      ],
      [
        "person"
      ],
      [
        "person"
      ],
      [
        "person"
      ],
      [
        "person"
      ],
      [
        "person"
      ],
      [
        "person"
      ],
      [
        "person"
      ],
      [
        "person"
      ],
      [
        "person"
      ],
      [
        "person"
      ],
      [
        "person"
      ],
      [
        "person"
      ],
      [
        "person"
      ],
      [
        "person"
      ],
      [
        "person"
      ],
      [
        "person"
      ],
      [
        "person",
        "car"
      ],
      [
        "person",
        "car"
      ],
      [
        "person",
        "car"
      ],
      [
        "person",
        "car"
      ],
      [
        "person",
        "car"
      ],
      [
        "person",
        "car"
      ],
      [
        "person",
        "car"
      ],
      [
        "person",
        "car"
      ],
      [
        "person",
        "car"
      ],
      [
        "person",
        "car"
      ],
      [
        "person",
        "car"
      ],
      [
        "person",
        "car"
      ],
      [
        "person",
        "car"
      ],
      [
        "person",
        "car"
      ],
      [
        "person",
        "car"
      ],
      [
        "person",
        "car"
      ],
      [
        "person",
        "car"
      ],
      [
        "person",
        "car"
      ],
      [
        "person",
        "car"
      ],
      [
        "person",
        "car"
      ],
      [
        "person",
        "car"
      ],
      [
        "person",
        "car"
      ],
      [
        "person"
      ],
      [
        "person"
      ],
      [
        "person"
      ],
      [
        "person"
      ],
      [
        "person"
      ],
      [
        "backpack",
        "person"
      ],
      [
        "person"
      ],
      [
        "person"
      ],
      [
        "person"
      ],
      [
        "cup",
        "person"
      ],
      [
        "cup",
        "person"
      ],
      [
        "cup",
        "person"
      ],
      [
        "cup",
        "person"
      ],
      [
        "cup",
        "person"
      ],
      [
        "cup",
        "person"
      ],
      [
        "cup",
        "person"
      ],
      [
        "cup",
        "person"
      ],
      [
        "cup",
        "person"
      ],
      [
        "cup",
        "person"
      ],
      [
        "cup",
        "person"
      ],
      [
        "person"
      ],
      [
        "cup",
        "person"
      ],
      [
        "cup",
        "person"
      ],
      [
        "cup",
        "person"
      ],
      [],
      [],
      [],
      [
        "person"
      ],
      [
        "person"
      ],
      [
        "person"
      ],
      [
        "person"
      ],
      [
        "person"
      ],
      [
        "person"
      ],
      [
        "person"
      ],
      [
        "person"
      ],
      [],
      [
        "cell phone"
      ],
      [],
      [],
      [],
      [
        "person"
      ],
      [
        "person"
      ],
      [],
      [
        "person"
      ],
      [
        "person"
      ],
      [
        "person"
      ],
      [
        "person"
      ],
      [
        "person"
      ],
      [
        "person"
      ],
      [
        "person"
      ],
      [
        "person"
      ],
      [
        "person"
      ],
      [
        "person"
      ],
      [
        "person"
      ],
      [
        "person"
      ],
      [
        "person"
      ],
      [
        "person"
      ],
      [
        "person"
      ],
      [
        "person"
      ],
      [
        "person"
      ],
      [
        "person"
      ],
      [
        "person"
      ],
      [
        "person"
      ],
      [
        "person",
        "car"
      ],
      [
        "person",
        "car"
      ],
      [
        "person"
      ],
      [
        "person",
        "car"
      ],
      [
        "person"
      ],
      [
        "person",
        "motorcycle"
      ],
      [
        "person"
      ],
      [
        "person",
        "car"
      ],
      [
        "person",
        "car"
      ],
      [
        "person",
        "motorcycle"
      ],
      [
        "person",
        "car"
      ],
      [
        "person"
      ],
      [
        "person",
        "car"
      ],
      [
        "person"
      ],
      [
        "person"
      ],
      [
        "cell phone",
        "person"
      ],
      [
        "cell phone",
        "person"
      ],
      [
        "cell phone",
        "person"
      ],
      [
        "cell phone",
        "person"
      ],
      [
        "cell phone",
        "person"
      ],
      [
        "cell phone",
        "person"
      ],
      [
        "cell phone",
        "person"
      ],
      [
        "cell phone",
        "person"
      ],
      [
        "cell phone",
        "person"
      ],
      [
        "cell phone",
        "person"
      ],
      [
        "cell phone",
        "person"
      ],
      [
        "cell phone",
        "person"
      ],
      [
        "cell phone",
        "person"
      ],
      [
        "cell phone",
        "person"
      ],
      [
        "cell phone",
        "person"
      ],
      [
        "cell phone",
        "person"
      ],
      [
        "cell phone",
        "person"
      ],
      [
        "cell phone",
        "person"
      ],
      [
        "cell phone",
        "person"
      ],
      [
        "cell phone",
        "person"
      ],
      [
        "cell phone",
        "person"
      ],
      [
        "cell phone",
        "person"
      ],
      [
        "cell phone",
        "person"
      ],
      [
        "cell phone",
        "person"
      ],
      [
        "banana",
        "person"
      ],
      [
        "banana",
        "person"
      ],
      [
        "person"
      ],
      [
        "person"
      ],
      [
        "person"
      ],
      [
        "person"
      ],
      [
        "person"
      ],
      [
        "person"
      ],
      [
        "person"
      ],
      [
        "person"
      ],
      [
        "banana",
        "person"
      ],
      [
        "person"
      ],
      [
        "person"
      ],
      [
        "person"
      ],
      [
        "person"
      ],
      [
        "person"
      ],
      [
        "person"
      ],
      [
        "chair",
        "person",
        "clock"
      ],
      [
        "chair",
        "person",
        "clock"
      ],
      [
        "chair",
        "person",
        "clock"
      ],
      [
        "chair",
        "person",
        "clock"
      ],
      [
        "chair",
        "person",
        "clock"
      ],
      [
        "chair",
        "person",
        "clock"
      ],
      [
        "chair",
        "person",
        "clock"
      ],
      [
        "chair",
        "person",
        "clock"
      ],
      [
        "chair",
        "person",
        "clock"
      ],
      [
        "chair",
        "person",
        "clock"
      ],
      [
        "chair",
        "person",
        "clock"
      ],
      [
        "chair",
        "person",
        "clock"
      ],
      [
        "chair",
        "person",
        "clock"
      ],
      [
        "chair",
        "person",
        "clock"
      ],
      [
        "chair",
        "person"
      ],
      [
        "chair",
        "person"
      ],
      [
        "chair",
        "person"
      ],
      [
        "chair",
        "person",
        "clock"
      ],
      [
        "chair",
        "person",
        "clock"
      ],
      [
        "person",
        "clock"
      ],
      [
        "person",
        "clock"
      ],
      [
        "person",
        "clock"
      ],
      [
        "person",
        "clock"
      ],
      [
        "person",
        "clock"
      ],
      [
        "person",
        "clock"
      ],
      [
        "chair",
        "person",
        "clock"
      ],
      [
        "chair",
        "person",
        "clock"
      ],
      [
        "chair",
        "person",
        "clock"
      ],
      [
        "chair",
        "person",
        "clock"
      ],
      [
        "person"
      ],
      [
        "person"
      ],
      [
        "person"
      ],
      [
        "person"
      ],
      [
        "person"
      ],
      [
        "person"
      ],
      [
        "person"
      ],
      [
        "person"
      ],
      [
        "person"
      ],
      [
        "person"
      ],
      [
        "person"
      ],
      [
        "person"
      ],
      [
        "person"
      ],
      [
        "person"
      ],
      [],
      [],
      [
        "cell phone"
      ],
      [
        "cell phone"
      ],
      [],
      [],
      [],
      [
        "backpack",
        "person"
      ],
      [
        "person"
      ],
      [
        "person"
      ],
      [
        "person"
      ],
      [
        "person"
      ],
      [
        "person"
      ],
      [
        "person"
      ],
      [
        "person"
      ],
      [
        "person"
      ],
      [
        "person"
      ],
      [
        "person"
      ],
      [
        "person"
      ],
      [
        "person"
      ],
      [
        "person"
      ],
      [
        "person"
      ],
      [
        "person"
      ],
      [
        "person"
      ],
      [
        "person"
      ],
      [
        "person"
      ],
      [
        "person"
      ],
      [
        "person"
      ],
      [
        "person"
      ],
      [
        "cell phone"
      ],
      [
        "cell phone"
      ],
      [
        "cell phone"
      ],
      [
        "cell phone",
        "person"
      ],
      [
        "cell phone"
      ],
      [
        "cell phone"
      ],
      [
        "cell phone",
        "person"
      ],
      [
        "cell phone"
      ],
      [
        "cell phone"
      ],
      [
        "cell phone",
        "person"
      ],
      [
        "cell phone"
      ],
      [
        "cell phone",
        "person"
      ],
      [
        "cell phone"
      ],
      [
        "cell phone",
        "person"
      ],
      [
        "cell phone",
        "person"
      ],
      [
        "cell phone",
        "person"
      ],
      [
        "cell phone"
      ],
      [
        "cell phone"
      ],
      [
        "cell phone",
        "person"
      ],
      [
        "cell phone",
        "person"
      ],
      [
        "cell phone",
        "person"
      ],
      [
        "cell phone",
        "person"
      ],
      [
        "cell phone",
        "person"
      ],
      [
        "cell phone",
        "person"
      ],
      [
        "cell phone",
        "person"
      ],
      [
        "cell phone",
        "person"
      ],
      [
        "cell phone",
        "person"
      ],
      [
        "cell phone",
        "person"
      ],
      [
        "person"
      ],
      [
        "person"
      ],
      [
        "person"
      ],
      [
        "person"
      ],
      [
        "person"
      ],
      [
        "person"
      ],
      [
        "person"
      ],
      [
        "person"
      ],
      [
        "person"
      ],
      [
        "person"
      ],
      [
        "person"
      ],
      [
        "person"
      ],
      [
        "person"
      ],
      [
        "person"
      ],
      [
        "person"
      ],
      [
        "person"
      ],
      [
        "person"
      ],
      [
        "person"
      ],
      [
        "person",
        "umbrella"
      ],
      [
        "person"
      ],
      [
        "person",
        "umbrella"
      ],
      [
        "person",
        "umbrella"
      ],
      [
        "person",
        "umbrella"
      ],
      [
        "person",
        "umbrella"
      ],
      [
        "person",
        "umbrella"
      ],
      [
        "person"
      ],
      [
        "person",
        "umbrella"
      ],
      [
        "person",
        "umbrella"
      ],
      [
        "person"
      ],
      [
        "person",
        "umbrella"
      ],
      [
        "person"
      ],
      [
        "person"
      ],
      [
        "person"
      ],
      [
        "person",
        "umbrella"
      ],
      [
        "person"
      ],
      [
        "person",
        "umbrella"
      ],
      [
        "person"
      ],
      [
        "person",
        "umbrella"
      ],
      [
        "person"
      ],
      [
        "person",
        "umbrella"
      ],
      [
        "person"
      ],
      [
        "person",
        "umbrella"
      ],
      [
        "person"
      ],
      [
        "person"
      ],
      [
        "person"
      ],
      [
        "person"
      ],
      [
        "person"
      ],
      [
        "person"
      ],
      [
        "person"
      ],
      [
        "person"
      ],
      [
        "person"
      ],
      [
        "person"
      ],
      [
        "person"
      ],
      [
        "person"
      ],
      [
        "person"
      ],
      [
        "person",
        "bench"
      ],
      [
        "person",
        "bench"
      ],
      [
        "person",
        "bench"
      ],
      [
        "person"
      ],
      [
        "chair",
        "person"
      ],
      [
        "chair",
        "person"
      ],
      [
        "chair",
        "person"
      ],
      [
        "chair",
        "person"
      ],
      [
        "chair",
        "person"
      ],
      [
        "chair",
        "person"
      ],
      [
        "person"
      ],
      [
        "person"
      ],
      [
        "person",
        "bench"
      ],
      [
        "chair",
        "person"
      ],
      [
        "chair",
        "person"
      ],
      [
        "chair",
        "person"
      ],
      [
        "chair",
        "person"
      ],
      [
        "chair",
        "person"
      ],
      [
        "person",
        "bench"
      ],
      [
        "person",
        "bench"
      ],
      [
        "person",
        "bench"
      ],
      [
        "person",
        "cell phone"
      ],
      [
        "person"
      ],
      [
        "person",
        "cell phone"
      ],
      [
        "person"
      ],
      [
        "person"
      ],
      [
        "person",
        "cell phone"
      ],
      [
        "person"
      ],
      [
        "person"
      ],
      [
        "person"
      ],
      [
        "person"
      ],
      [
        "person"
      ],
      [
        "person"
      ],
      [
        "person"
      ],
      [
        "person"
      ],
      [
        "person"
      ],
      [
        "person"
      ],
      [
        "person"
      ],
      [
        "person"
      ],
      [
        "person"
      ],
      [
        "person",
        "cell phone"
      ],
      [
        "person"
      ],
      [
        "person"
      ],
      [
        "person"
      ],
      [
        "person"
      ],
      [
        "person"
      ],
      [
        "person"
      ],
      [
        "person"
      ],
      [
        "person"
      ],
      [
        "person"
      ],
      [
        "person"
      ],
      [
        "person"
      ],
      [
        "person"
      ],
      [
        "person"
      ],
      [
        "person"
      ],
      [
        "person"
      ],
      [
        "person"
      ],
      [
        "person"
      ],
      [
        "person"
      ],
      [
        "person"
      ],
      [
        "person"
      ],
      [
        "person"
      ],
      [
        "person"
      ],
      [
        "person"
      ],
      [
        "person"
      ],
      [
        "person"
      ],
      [
        "person"
      ],
      [
        "person"
      ],
      [],
      [],
      [],
      [
        "person"
      ],
      [],
      [
        "person"
      ],
      [],
      [],
      [],
      [],
      [],
      [],
      [],
      [],
      [],
      [
        "cell phone"
      ],
      [
        "cell phone"
      ],
      [
        "cell phone"
      ],
      [
        "sports ball"
      ],
      [
        "person"
      ],
      [
        "person"
      ],
      [
        "person"
      ],
      [
        "person"
      ],
      [
        "person"
      ],
      [
        "person"
      ],
      [
        "person"
      ],
      [],
      [
        "person"
      ],
      [
        "person",
        "dog"
      ],
      [
        "person",
        "bird"
      ],
      [
        "person"
      ],
      [],
      [
        "cell phone"
      ],
      [],
      [
        "person",
        "cell phone"
      ],
      [
        "cell phone"
      ],
      [],
      [],
      [
        "cell phone"
      ],
      [
        "person"
      ],
      [
        "person"
      ],
      [],
      [
        "person"
      ],
      [],
      [
        "person"
      ],
      [
        "person"
      ],
      [],
      [
        "bowl"
      ],
      [
        "bowl"
      ],
      [
        "bowl",
        "apple"
      ],
      [
        "bowl",
        "apple"
      ],
      [
        "bowl",
        "apple"
      ],
      [
        "bowl"
      ],
      [
        "bowl"
      ]
    ],
    "appearances": [
      {
        "object_class": "person",
        "first_appearance": 0.0,
        "last_appearance": 29.4,
        "frame_count": 388,
        "frequency": 0.8622222222222222
      },
      {
        "object_class": "car",
        "first_appearance": 2.1333333333333333,
        "last_appearance": 8.6,
        "frame_count": 29,
        "frequency": 0.06444444444444444
      },
      {
        "object_class": "backpack",
        "first_appearance": 3.933333333333333,
        "last_appearance": 14.866666666666667,
        "frame_count": 2,
        "frequency": 0.0044444444444444444
      },
      {
        "object_class": "cup",
        "first_appearance": 4.2,
        "last_appearance": 5.133333333333333,
        "frame_count": 14,
        "frequency": 0.03111111111111111
      },
      {
        "object_class": "cell phone",
        "first_appearance": 6.0,
        "last_appearance": 28.933333333333334,
        "frame_count": 66,
        "frequency": 0.14666666666666667
      },
      {
        "object_class": "motorcycle",
        "first_appearance": 8.133333333333333,
        "last_appearance": 8.4,
        "frame_count": 2,
        "frequency": 0.0044444444444444444
      },
      {
        "object_class": "banana",
        "first_appearance": 10.4,
        "last_appearance": 11.066666666666666,
        "frame_count": 3,
        "frequency": 0.006666666666666667
      },
      {
        "object_class": "chair",
        "first_appearance": 11.533333333333333,
        "last_appearance": 23.0,
        "frame_count": 34,
        "frequency": 0.07555555555555556
      },
      {
        "object_class": "clock",
        "first_appearance": 11.533333333333333,
        "last_appearance": 13.4,
        "frame_count": 26,
        "frequency": 0.057777777777777775
      },
      {
        "object_class": "umbrella",
        "first_appearance": 19.4,
        "last_appearance": 20.933333333333334,
        "frame_count": 14,
        "frequency": 0.03111111111111111
      },
      {
        "object_class": "bench",
        "first_appearance": 21.866666666666667,
        "last_appearance": 23.2,
        "frame_count": 7,
        "frequency": 0.015555555555555555
      },
      {
        "object_class": "sports ball",
        "first_appearance": 27.599999999999998,
        "last_appearance": 27.599999999999998,
        "frame_count": 1,
        "frequency": 0.0022222222222222222
      },
      {
        "object_class": "dog",
        "first_appearance": 28.266666666666666,
        "last_appearance": 28.266666666666666,
        "frame_count": 1,
        "frequency": 0.0022222222222222222
      },
      {
        "object_class": "bird",
        "first_appearance": 28.333333333333332,
        "last_appearance": 28.333333333333332,
        "frame_count": 1,
        "frequency": 0.0022222222222222222
      },
      {
        "object_class": "bowl",
        "first_appearance": 29.53333333333333,
        "last_appearance": 29.933333333333334,
        "frame_count": 7,
        "frequency": 0.015555555555555555
      },
      {
        "object_class": "apple",
        "first_appearance": 29.666666666666668,
        "last_appearance": 29.8,
        "frame_count": 3,
        "frequency": 0.006666666666666667
      }
    ]
  },
  "atmosphere_signals": {
    "brightness_values": [
      77.34987738715277,
      76.65850260416667,
      74.29368706597222,
      73.66150607638889,
      72.83577365451389,
      72.85187934027778,
      72.89767144097222,
      72.60479600694444,
      72.50953233506945,
      72.26953884548611,
      72.25851236979166,
      72.1758713107639,
      72.66503472222222,
      72.96736870659723,
      73.40276584201389,
      74.11463433159722,
      76.19652777777777,
      77.86695421006945,
      78.21029188368055,
      78.49756076388888,
      78.49703884548612,
      78.28671766493055,
      77.82061848958334,
      77.51359700520834,
      76.58622721354166,
      75.76546766493055,
      74.1593771701389,
      71.991494140625,
      71.47273763020833,
      70.81985568576388,
      107.4607052951389,
      108.20257269965278,
      110.66935329861111,
      112.00511935763889,
      114.131982421875,
      115.45388237847222,
      117.13652777777777,
      119.16037543402778,
      120.05331705729166,
      123.462587890625,
      124.68926323784723,
      129.72733506944445,
      131.44862955729167,
      132.68710069444444,
      133.36295030381945,
      133.3906130642361,
      129.81473415798612,
      123.70926540798611,
      120.56069444444445,
      115.83747287326389,
      112.8213791232639,
      109.63305881076388,
      108.35411675347223,
      107.8808420138889,
      106.50908203125,
      105.84201714409723,
      105.39139214409722,
      105.22518663194444,
      105.25544270833333,
      104.87505642361111,
      105.01289171006944,
      105.11470052083334,
      104.99353515625,
      34.278270399305555,
      33.68263997395833,
      33.67865668402778,
      33.69876193576389,
      33.830067274305556,
      33.89930989583333,
      33.982915581597226,
      34.00835177951389,
      34.0707421875,
      33.968844401041665,
      33.88490885416667,
      33.85690972222222,
      33.82780490451389,
      33.798419053819444,
      33.581311848958336,
      27.11801540798611,
      29.76948459201389,
      30.584337022569443,
      31.482542317708333,
      31.533785807291668,
      31.578617621527776,
      31.474725477430557,
      31.59223198784722,
      31.85745659722222,
      32.139324001736114,
      32.276447482638886,
      32.217915581597225,
      32.35659071180555,
      33.39765950520833,
      33.71991102430555,
      33.72892035590278,
      33.73734375,
      33.83762261284722,
      33.39283203125,
      32.06399631076389,
      31.92720486111111,
      31.955465494791667,
      31.976815321180556,
      32.00458658854166,
      31.90216796875,
      31.773149956597223,
      31.703736979166667,
      31.641462673611112,
      31.63015625,
      31.472904730902776,
      31.401261935763888,
      31.33491970486111,
      31.420257161458334,
      31.599661458333333,
      31.633195529513888,
      31.61973198784722,
      31.651155598958333,
      31.618900824652776,
      31.655784505208334,
      83.36856553819445,
      83.53932074652778,
      83.52840494791667,
      83.68247721354167,
      83.42728190104167,
      83.52500434027777,
      83.32693793402778,
      83.44791883680556,
      83.33121527777777,
      83.54462673611111,
      83.32405924479167,
      83.29626302083334,
      83.24571397569444,
      83.01109266493056,
      83.0329470486111,
      81.87835828993056,
      82.01257921006945,
      81.25435004340278,
      80.65014214409722,
      80.60264973958333,
      80.50075737847222,
      79.58825737847222,
      76.257587890625,
      76.287822265625,
      76.136083984375,
      76.16290690104167,
      76.05730794270833,
      76.19643120659723,
      76.12810763888889,
      75.98992513020833,
      75.86808919270834,
      75.91690972222223,
      75.92914388020833,
      75.95391818576388,
      75.96004014756944,
      75.99392903645834,
      76.02825629340278,
      76.10882595486112,
      76.10465928819444,
      101.84876519097222,
      102.20697374131944,
      102.809072265625,
      103.11867078993056,
      103.18257703993055,
      103.16338650173611,
      102.925078125,
      103.41047417534722,
      104.76851453993055,
      105.75716254340277,
      108.3237890625,
      110.40451280381944,
      128.92613932291667,
      162.76572374131945,
      164.52958658854166,
      166.77082356770833,
      167.28168619791666,
      51.02730685763889,
      51.131839192708334,
      51.06037326388889,
      51.04632595486111,
      50.97581380208333,
      50.95122612847222,
      50.96254231770833,
      50.80741753472222,
      50.74144097222222,
      50.751246744791665,
      50.51113172743055,
      50.349756944444444,
      50.30397677951389,
      50.63328559027778,
      50.75298611111111,
      50.64576388888889,
      50.66588433159722,
      50.60436197916667,
      50.69223849826389,
      50.68794162326389,
      50.63709309895833,
      50.613353949652776,
      50.66142252604167,
      50.66035698784722,
      50.726711154513886,
      50.87018771701389,
      51.13503146701389,
      51.266192491319444,
      51.33890516493056,
      46.57823025173611,
      46.443065321180555,
      46.223071831597224,
      46.093267144097226,
      45.91678059895833,
      45.96071723090278,
      46.75816514756944,
      48.98248046875,
      49.786138237847226,
      50.97041449652778,
      51.46724175347222,
      52.130694444444444,
      52.547924262152776,
      52.87098741319444,
      53.28642903645834,
      53.63192708333333,
      54.287349175347224,
      54.67029296875,
      54.85962673611111,
      54.89944227430556,
      54.978840060763886,
      36.253173828125,
      36.091388888888886,
      36.11430989583334,
      36.2315234375,
      36.18380208333333,
      35.93477756076389,
      35.80924370659722,
      35.75780056423611,
      35.52726779513889,
      35.27611436631945,
      35.092610677083336,
      35.007411024305554,
      35.01737847222222,
      35.018879123263886,
      34.79346354166667,
      34.64823893229167,
      34.549083116319444,
      34.36345703125,
      34.20373263888889,
      33.94083984375,
      33.68204535590278,
      33.359371744791666,
      54.440419921875,
      54.51434353298611,
      54.31045681423611,
      54.45465928819444,
      54.43279405381944,
      54.484232855902775,
      54.699140625,
      54.709117838541665,
      54.760844184027775,
      54.68408094618056,
      54.49121310763889,
      54.534565972222225,
      54.62320746527778,
      54.57265299479167,
      54.490667317708336,
      54.492607421875,
      54.66792209201389,
      54.711431206597226,
      54.74458875868056,
      54.989544270833335,
      55.177607421875,
      55.321148003472224,
      55.400355902777775,
      55.43322048611111,
      55.363567708333335,
      55.329197048611114,
      55.384189453125,
      55.47065755208333,
      20.148772786458334,
      20.284487847222223,
      20.99736328125,
      21.491260850694445,
      21.524281684027777,
      21.511599392361113,
      21.585137803819446,
      21.590518663194445,
      21.705087890625,
      21.821796875,
      21.915538194444444,
      21.98309244791667,
      22.014004991319446,
      21.933076171875,
      21.82625217013889,
      21.010625,
      20.86878689236111,
      64.62728190104167,
      64.56053059895834,
      64.62138780381945,
      64.4751095920139,
      64.48482204861111,
      64.10002821180555,
      64.04850151909723,
      63.88676649305555,
      64.02402669270833,
      64.23995659722222,
      64.23301649305556,
      64.35456488715278,
      64.47031575520833,
      64.61795789930555,
      64.73803059895833,
      64.79909396701389,
      65.08640625,
      65.21470486111112,
      65.19806423611111,
      65.37713975694444,
      65.21278103298611,
      65.60644097222222,
      65.68326063368056,
      65.9861013454861,
      65.97786566840277,
      65.9926638454861,
      52.977145182291665,
      55.44505099826389,
      61.391412760416664,
      65.41062282986111,
      73.976611328125,
      81.40440863715278,
      84.39679036458334,
      90.27311631944444,
      93.05963324652778,
      95.73504991319444,
      85.4861740451389,
      85.5624609375,
      86.98649522569444,
      87.99288411458333,
      87.46123914930556,
      84.52925889756945,
      83.3603634982639,
      84.1949197048611,
      86.04656467013889,
      88.058681640625,
      87.2329568142361,
      86.83767252604167,
      86.998388671875,
      87.27486111111111,
      88.06897677951389,
      88.97226128472222,
      89.50542534722223,
      90.27732855902778,
      90.01157443576389,
      89.76654622395833,
      89.5480837673611,
      89.3750466579861,
      88.59875325520834,
      88.14153211805555,
      87.71082465277777,
      87.51767686631945,
      87.54595486111111,
      88.1141015625,
      88.60108506944445,
      89.37521158854166,
      89.6844921875,
      89.40377387152778,
      90.45369791666667,
      91.36342447916667,
      92.11698459201389,
      92.11611653645834,
      92.21148111979167,
      91.07074001736112,
      81.42350260416667,
      64.20831380208334,
      54.05935872395833,
      52.24874674479167,
      53.36074978298611,
      55.53950629340278,
      60.577213541666666,
      63.88312608506944,
      63.66556423611111,
      61.144946831597224,
      61.276080729166665,
      63.87859809027778,
      64.67049370659723,
      69.317724609375,
      73.8045627170139,
      72.329716796875,
      69.64416449652778,
      69.332236328125,
      68.23871527777777,
      103.32035481770833,
      104.91682942708333,
      108.67225043402777,
      110.4529763454861,
      111.45265516493056,
      108.99686306423611,
      108.90183702256944,
      110.30313151041666,
      109.65593315972222,
      108.90896918402778,
      108.93256076388889,
      109.53501953125,
      111.13501193576388,
      110.26031575520834,
      107.72470377604166,
      112.37171223958333,
      115.07237630208333,
      114.30951605902777,
      111.4592458767361,
      112.57650499131944,
      106.84322916666666,
      106.28593098958333,
      107.91810329861111,
      107.94351128472222,
      106.36909288194444,
      104.6031759982639,
      103.62809027777777,
      101.38501410590278,
      51.142024739583334,
      49.894462890625,
      49.501391059027775,
      48.429278428819444,
      48.87427517361111,
      48.52241753472222,
      46.97492078993056,
      46.64217990451389,
      47.10770399305556,
      46.12238389756944,
      46.86743055555556,
      95.24566297743056,
      100.58470594618055,
      101.70033528645833,
      99.96656792534722,
      97.97382161458333,
      94.44838650173611,
      92.19508138020834,
      92.5654470486111,
      91.83615776909723,
      88.61436414930556,
      81.85499891493056,
      76.06358072916667,
      74.11394856770833,
      71.89709309895834,
      71.20487196180555,
      70.51330512152778,
      70.38337673611112,
      71.01206380208333,
      72.72107313368056,
      73.143642578125,
      72.68785590277778,
      89.69336263020833,
      89.74869683159723,
      89.555625,
      89.66657552083333,
      86.011630859375,
      86.61298719618055,
      86.73057725694444
    ],
    "brightness_mean": 69.18273557822145,
    "brightness_std": 28.79946108732303,
    "brightness_min": 20.148772786458334,
    "brightness_max": 167.28168619791666,
    "brightness_range": 147.13291341145833,
    "lighting_changes": [
      {
        "timestamp": 2.0,
        "frame_index": 30,
        "brightness_before": 70.81985568576388,
        "brightness_after": 107.4607052951389,
        "magnitude": 36.64084960937501
      },
      {
        "timestamp": 4.2,
        "frame_index": 63,
        "brightness_before": 104.99353515625,
        "brightness_after": 34.278270399305555,
        "magnitude": 70.71526475694445
      },
      {
        "timestamp": 7.8,
        "frame_index": 117,
        "brightness_before": 31.655784505208334,
        "brightness_after": 83.36856553819445,
        "magnitude": 51.712781032986115
      },
      {
        "timestamp": 10.4,
        "frame_index": 156,
        "brightness_before": 76.10465928819444,
        "brightness_after": 101.84876519097222,
        "magnitude": 25.744105902777775
      },
      {
        "timestamp": 11.266666666666666,
        "frame_index": 169,
        "brightness_before": 128.92613932291667,
        "brightness_after": 162.76572374131945,
        "magnitude": 33.83958441840278
      },
      {
        "timestamp": 11.533333333333333,
        "frame_index": 173,
        "brightness_before": 167.28168619791666,
        "brightness_after": 51.02730685763889,
        "magnitude": 116.25437934027777
      },
      {
        "timestamp": 16.333333333333332,
        "frame_index": 245,
        "brightness_before": 33.359371744791666,
        "brightness_after": 54.440419921875,
        "magnitude": 21.081048177083332
      },
      {
        "timestamp": 18.2,
        "frame_index": 273,
        "brightness_before": 55.47065755208333,
        "brightness_after": 20.148772786458334,
        "magnitude": 35.321884765625
      },
      {
        "timestamp": 19.333333333333332,
        "frame_index": 290,
        "brightness_before": 20.86878689236111,
        "brightness_after": 64.62728190104167,
        "magnitude": 43.758495008680555
      },
      {
        "timestamp": 25.53333333333333,
        "frame_index": 383,
        "brightness_before": 68.23871527777777,
        "brightness_after": 103.32035481770833,
        "magnitude": 35.08163953993056
      },
      {
        "timestamp": 27.4,
        "frame_index": 411,
        "brightness_before": 101.38501410590278,
        "brightness_after": 51.142024739583334,
        "magnitude": 50.24298936631945
      },
      {
        "timestamp": 28.133333333333333,
        "frame_index": 422,
        "brightness_before": 46.86743055555556,
        "brightness_after": 95.24566297743056,
        "magnitude": 48.378232421875
      }
    ],
    "lighting_change_count": 12,
    "setting_type": "indoor",
    "dominant_colors_rgb": [
      [
        "155",
        "154",
        "135"
      ],
      [
        "52",
        "53",
        "55"
      ],
      [
        "21",
        "22",
        "25"
      ]
    ],
    "dominant_colors": [
      "brown",
      "blue",
      "black"
    ]
  },
  "action_signals": {
    "intensity_timeline": [
      0.0,
      0.02896763563156128,
      0.0947258472442627,
      0.05016840934753418,
      0.0657200813293457,
      0.04711787223815918,
      0.06950454711914063,
      0.0395965838432312,
      0.01730360507965088,
      0.05096860408782959,
      0.02876774549484253,
      0.041043143272399905,
      0.06635923385620117,
      0.033361184597015384,
      0.040123424530029296,
      0.02999178647994995,
      0.07114260673522949,
      0.06581680774688721,
      0.04755885601043701,
      0.07329225063323974,
      0.027936344146728517,
      0.06818230152130127,
      0.06772392272949218,
      0.026909174919128417,
      0.11288898468017577,
      0.0782523775100708,
      0.10557165145874023,
      0.1185151481628418,
      0.06479423522949218,
      0.08524292945861817,
      0.22634706497192383,
      0.07184715270996093,
      0.09886011123657226,
      0.055360002517700194,
      0.08559600830078125,
      0.07135828495025635,
      0.1285664939880371,
      0.13603537559509277,
      0.09388042449951171,
      0.15873032569885254,
      0.121669340133667,
      0.15819826126098632,
      0.13091930389404297,
      0.12735755920410155,
      0.14514351844787599,
      0.11431500434875488,
      0.14825878143310547,
      0.16045507431030273,
      0.1068555736541748,
      0.1354664707183838,
      0.1008319091796875,
      0.15553873062133788,
      0.1315424633026123,
      0.11649838447570801,
      0.14672492027282716,
      0.051053462028503416,
      0.11432929039001465,
      0.08416292190551758,
      0.05455278873443604,
      0.10613052368164062,
      0.028998641967773436,
      0.10714267730712891,
      0.10436917304992675,
      0.14214079856872558,
      0.004511905312538147,
      0.0014573530852794647,
      0.00229703351855278,
      0.005884502530097962,
      0.007225775122642517,
      0.005650599002838135,
      0.004158041477203369,
      0.0061733204126358035,
      0.008216076493263245,
      0.02059211015701294,
      0.01591372013092041,
      0.008758991360664367,
      0.02313764810562134,
      0.016719970703125,
      0.06599684715270997,
      0.03311380386352539,
      0.037125003337860105,
      0.051094260215759274,
      0.029549777507781982,
      0.009836835861206055,
      0.03475306510925293,
      0.009417328834533691,
      0.016426827907562256,
      0.03834300518035889,
      0.012819074392318726,
      0.015503017902374268,
      0.005300362706184387,
      0.02562006950378418,
      0.03171845912933349,
      0.01135625958442688,
      0.0329818606376648,
      0.014420773983001709,
      0.03508202791213989,
      0.05056377410888672,
      0.009621184468269348,
      0.0072497367858886715,
      0.0075497663021087645,
      0.012286311388015747,
      0.017591283321380616,
      0.01395952582359314,
      0.008570971488952637,
      0.005900924205780029,
      0.013517335653305054,
      0.017966467142105102,
      0.010071109533309936,
      0.012058361768722534,
      0.006131311058998108,
      0.01797905921936035,
      0.007409102916717529,
      0.005515916347503662,
      0.013584340810775758,
      0.002454216182231903,
      0.009733194708824158,
      0.210780029296875,
      0.05420821189880371,
      0.10191301345825195,
      0.044349751472473144,
      0.06233598709106445,
      0.03242521524429321,
      0.028114774227142335,
      0.03245661973953247,
      0.019118070602416992,
      0.0705460786819458,
      0.048460464477539066,
      0.07706337928771972,
      0.15632951736450196,
      0.05365793228149414,
      0.08248724937438964,
      0.23049066543579103,
      0.04766584396362305,
      0.04557100772857666,
      0.017206432819366454,
      0.024672226905822756,
      0.016382242441177367,
      0.01790921688079834,
      0.023939695358276367,
      0.006345551609992981,
      0.02399416208267212,
      0.015472164154052734,
      0.011600676774978638,
      0.022403109073638915,
      0.01513231635093689,
      0.01855002164840698,
      0.006722418665885925,
      0.008254465460777283,
      0.007892249822616578,
      0.007165718078613281,
      0.010357540845870972,
      0.0019323264062404632,
      0.003577949702739716,
      0.0058358126878738405,
      0.0024696487188339234,
      0.08260615348815918,
      0.011745988130569459,
      0.014640215635299682,
      0.021826252937316895,
      0.007151774764060974,
      0.018311563730239868,
      0.015590202808380128,
      0.009240024089813233,
      0.04741672039031983,
      0.029720845222473143,
      0.03373653650283814,
      0.0219319748878479,
      0.04834753513336182,
      0.05890571117401123,
      0.03189427852630615,
      0.05774238586425781,
      0.03234625577926636,
      0.10227380752563477,
      0.010373799800872803,
      0.0033904507756233214,
      0.006414480805397034,
      0.002457769364118576,
      0.006002404093742371,
      0.01996002912521362,
      0.005811998844146729,
      0.005181595087051392,
      0.002668522298336029,
      0.015992774963378906,
      0.011728352308273316,
      0.009332566261291505,
      0.018962916135787964,
      0.007026709914207459,
      0.010865397453308105,
      0.01100589632987976,
      0.011101713180541992,
      0.015977607965469362,
      0.014320080280303954,
      0.007241643667221069,
      0.007900171279907227,
      0.007035754323005676,
      0.0079008549451828,
      0.005024289488792419,
      0.015249902009963989,
      0.012481554746627807,
      0.00667255163192749,
      0.011978359222412109,
      0.08405473709106445,
      0.008001892566680909,
      0.008135051727294921,
      0.0050604623556137086,
      0.0091201251745224,
      0.005496743321418762,
      0.009495381116867065,
      0.007091749310493469,
      0.0017606401443481445,
      0.006256646513938904,
      0.003177966773509979,
      0.0025722458958625793,
      0.0023207856714725496,
      0.001887335181236267,
      0.0028030526638031005,
      0.0024924565851688384,
      0.008544917106628419,
      0.010746047496795655,
      0.00569808304309845,
      0.006467654109001159,
      0.0012484465539455414,
      0.06829629898071289,
      0.048841056823730467,
      0.03148388385772705,
      0.05187231063842773,
      0.03355602979660034,
      0.05444347858428955,
      0.05332172393798828,
      0.03264966726303101,
      0.05027596950531006,
      0.028590633869171142,
      0.04304614543914795,
      0.0377788782119751,
      0.027321312427520752,
      0.03711756229400635,
      0.02381331205368042,
      0.03477573156356811,
      0.038357110023498536,
      0.027061705589294435,
      0.04437434673309326,
      0.029939870834350586,
      0.045496406555175783,
      0.04521811485290527,
      0.09764177322387696,
      0.031409683227539065,
      0.01867050528526306,
      0.02195094108581543,
      0.021521990299224854,
      0.0068317049741745,
      0.02008678197860718,
      0.010793972015380859,
      0.012748440504074096,
      0.010556401014328002,
      0.023669006824493407,
      0.023950114250183105,
      0.009564915895462036,
      0.012080090045928955,
      0.00894827127456665,
      0.010804047584533691,
      0.01321410059928894,
      0.008668932914733887,
      0.017678370475769044,
      0.013509358167648316,
      0.01972349762916565,
      0.023472917079925538,
      0.007846210598945618,
      0.013444876670837403,
      0.009484764337539673,
      0.024240953922271727,
      0.01654681086540222,
      0.011654093265533447,
      0.06064711570739746,
      0.014042575359344483,
      0.03222906351089477,
      0.028882508277893067,
      0.011790682077407837,
      0.017692681550979614,
      0.008168946504592895,
      0.020121238231658935,
      0.02486771106719971,
      0.014499207735061645,
      0.021418528556823732,
      0.008544865846633911,
      0.01499805212020874,
      0.02281583547592163,
      0.015242695808410645,
      0.029677774906158447,
      0.013472437858581543,
      0.12464489936828613,
      0.021248707771301268,
      0.01400523543357849,
      0.022914226055145263,
      0.01674161672592163,
      0.02508224010467529,
      0.02716187238693237,
      0.015689817667007448,
      0.028655555248260498,
      0.017182204723358154,
      0.03179332971572876,
      0.03243394374847412,
      0.021554903984069826,
      0.03861513614654541,
      0.023869805335998535,
      0.04381875038146973,
      0.043904504776000976,
      0.02664970636367798,
      0.043942718505859374,
      0.02536962032318115,
      0.041725988388061526,
      0.03691996335983276,
      0.020755934715270995,
      0.03148327112197876,
      0.019070979356765747,
      0.023690764904022218,
      0.11793452262878418,
      0.01727877378463745,
      0.019527711868286134,
      0.016133846044540406,
      0.024242067337036134,
      0.025696120262145995,
      0.014794650077819825,
      0.03036313772201538,
      0.018527082204818725,
      0.01908960461616516,
      0.11421990394592285,
      0.017906720638275146,
      0.09158446311950684,
      0.0533815336227417,
      0.04611470699310303,
      0.11694366455078126,
      0.04724271297454834,
      0.0697980260848999,
      0.06932263374328614,
      0.10634583473205567,
      0.04969794750213623,
      0.03095134496688843,
      0.04293819904327392,
      0.05044694900512695,
      0.11360522270202637,
      0.05801144599914551,
      0.04702655792236328,
      0.08158470153808593,
      0.04476333141326904,
      0.08010003089904785,
      0.10404081344604492,
      0.021426563262939454,
      0.07081120014190674,
      0.12751880645751953,
      0.010468508005142213,
      0.012686363458633422,
      0.0077340656518936155,
      0.01798518180847168,
      0.011708372831344604,
      0.04538236141204834,
      0.046699113845825195,
      0.03535756111145019,
      0.05107544898986816,
      0.0327056360244751,
      0.03395948886871338,
      0.02324054479598999,
      0.006762940287590027,
      0.02604564905166626,
      0.015558021068572998,
      0.03779288291931152,
      0.050371437072753905,
      0.028143744468688964,
      0.0685767412185669,
      0.1479148006439209,
      0.13368059158325196,
      0.20199937820434571,
      0.05909297466278076,
      0.1082304573059082,
      0.035055651664733886,
      0.15976709365844727,
      0.061839866638183597,
      0.20636581420898437,
      0.20024396896362304,
      0.0847518253326416,
      0.11240266799926758,
      0.031561903953552246,
      0.06641722202301026,
      0.09591570854187012,
      0.020487735271453856,
      0.04584351062774658,
      0.028320157527923585,
      0.04926029682159424,
      0.04944188594818115,
      0.02071269750595093,
      0.036621549129486085,
      0.029296300411224364,
      0.0408001184463501,
      0.049045839309692384,
      0.04381835460662842,
      0.09078577995300292,
      0.06068927764892578,
      0.08840274810791016,
      0.07481107234954834,
      0.06767714500427247,
      0.07386772155761719,
      0.03814632892608642,
      0.07717615604400635,
      0.06622893810272217,
      0.051838893890380856,
      0.10029684066772461,
      0.1290091323852539,
      0.12948819160461425,
      0.1283680248260498,
      0.12014817237854004,
      0.17507020950317384,
      0.14380589485168457,
      0.060175600051879885,
      0.04719148635864258,
      0.04379990100860596,
      0.0434074878692627,
      0.041696414947509766,
      0.06133514404296875,
      0.042310352325439456,
      0.043486714363098145,
      0.05956925392150879,
      0.04614470481872559,
      0.13511356353759765,
      0.09434261322021484,
      0.05848462581634521,
      0.0849218463897705,
      0.06037707805633545,
      0.09456586837768555,
      0.09913043975830078,
      0.06337239742279052,
      0.08041139602661133,
      0.06765275001525879,
      0.10419528007507324,
      0.08806287765502929,
      0.053840413093566894,
      0.0739760684967041,
      0.031845746040344236,
      0.04094996452331543,
      0.04460169315338135,
      0.031914026737213136,
      0.05819796085357666,
      0.02347343921661377,
      0.022221341133117675,
      0.10145631790161133,
      0.021335175037384035,
      0.05381434917449951,
      0.04009933948516846,
      0.05848940849304199,
      0.08785161972045899,
      0.06542067050933838
    ],
    "intensity_mean": 0.04549623573521772,
    "intensity_std": 0.042790214668007996,
    "intensity_min": 0.0,
    "intensity_max": 0.23049066543579103,
    "intensity_trend": "stable",
    "peak_moments": [
      {
        "timestamp": 2.0,
        "frame_index": 30,
        "intensity": 0.22634706497192383,
        "moment_type": "peak"
      },
      {
        "timestamp": 3.1333333333333333,
        "frame_index": 47,
        "intensity": 0.16045507431030273,
        "moment_type": "peak"
      },
      {
        "timestamp": 4.2,
        "frame_index": 63,
        "intensity": 0.14214079856872558,
        "moment_type": "peak"
      },
      {
        "timestamp": 7.8,
        "frame_index": 117,
        "intensity": 0.210780029296875,
        "moment_type": "peak"
      },
      {
        "timestamp": 8.6,
        "frame_index": 129,
        "intensity": 0.15632951736450196,
        "moment_type": "peak"
      },
      {
        "timestamp": 8.8,
        "frame_index": 132,
        "intensity": 0.23049066543579103,
        "moment_type": "peak"
      },
      {
        "timestamp": 11.533333333333333,
        "frame_index": 173,
        "intensity": 0.10227380752563477,
        "moment_type": "peak"
      },
      {
        "timestamp": 19.333333333333332,
        "frame_index": 290,
        "intensity": 0.12464489936828613,
        "moment_type": "peak"
      },
      {
        "timestamp": 21.066666666666666,
        "frame_index": 316,
        "intensity": 0.11793452262878418,
        "moment_type": "peak"
      },
      {
        "timestamp": 23.266666666666666,
        "frame_index": 349,
        "intensity": 0.12751880645751953,
        "moment_type": "peak"
      },
      {
        "timestamp": 24.733333333333334,
        "frame_index": 371,
        "intensity": 0.20199937820434571,
        "moment_type": "peak"
      },
      {
        "timestamp": 25.133333333333333,
        "frame_index": 377,
        "intensity": 0.20636581420898437,
        "moment_type": "peak"
      },
      {
        "timestamp": 27.333333333333332,
        "frame_index": 410,
        "intensity": 0.17507020950317384,
        "moment_type": "peak"
      }
    ],
    "valley_moments": [
      {
        "timestamp": 2.2,
        "frame_index": 33,
        "intensity": 0.055360002517700194,
        "moment_type": "valley"
      },
      {
        "timestamp": 4.0,
        "frame_index": 60,
        "intensity": 0.028998641967773436,
        "moment_type": "valley"
      },
      {
        "timestamp": 4.333333333333333,
        "frame_index": 65,
        "intensity": 0.0014573530852794647,
        "moment_type": "valley"
      },
      {
        "timestamp": 8.333333333333334,
        "frame_index": 125,
        "intensity": 0.019118070602416992,
        "moment_type": "valley"
      },
      {
        "timestamp": 8.666666666666666,
        "frame_index": 130,
        "intensity": 0.05365793228149414,
        "moment_type": "valley"
      },
      {
        "timestamp": 10.133333333333333,
        "frame_index": 152,
        "intensity": 0.0019323264062404632,
        "moment_type": "valley"
      },
      {
        "timestamp": 14.799999999999999,
        "frame_index": 222,
        "intensity": 0.0012484465539455414,
        "moment_type": "valley"
      },
      {
        "timestamp": 19.466666666666665,
        "frame_index": 292,
        "intensity": 0.01400523543357849,
        "moment_type": "valley"
      },
      {
        "timestamp": 21.466666666666665,
        "frame_index": 322,
        "intensity": 0.014794650077819825,
        "moment_type": "valley"
      },
      {
        "timestamp": 24.133333333333333,
        "frame_index": 362,
        "intensity": 0.006762940287590027,
        "moment_type": "valley"
      },
      {
        "timestamp": 24.933333333333334,
        "frame_index": 374,
        "intensity": 0.035055651664733886,
        "moment_type": "valley"
      },
      {
        "timestamp": 25.6,
        "frame_index": 384,
        "intensity": 0.020487735271453856,
        "moment_type": "valley"
      }
    ],
    "peak_timestamps": [
      2.0,
      3.1333333333333333,
      4.2,
      7.8,
      8.6,
      8.8,
      11.533333333333333,
      19.333333333333332,
      21.066666666666666,
      23.266666666666666,
      24.733333333333334,
      25.133333333333333,
      27.333333333333332
    ],
    "valley_timestamps": [
      2.2,
      4.0,
      4.333333333333333,
      8.333333333333334,
      8.666666666666666,
      10.133333333333333,
      14.799999999999999,
      19.466666666666665,
      21.466666666666665,
      24.133333333333333,
      24.933333333333334,
      25.6
    ],
    "peak_count": 13,
    "valley_count": 12,
    "action_variance": 0.0018310024713342069
  },
  "temporal_signals": {
    "frame_change_scores": [
      0.0,
      0.15859954806066656,
      0.535897727887769,
      0.3135226920970904,
      0.40421426130704985,
      0.24787491520620508,
      0.3354565522064954,
      0.19477635211325095,
      0.09059412798344058,
      0.26155867130236776,
      0.16020863119510698,
      0.24357135734915847,
      0.2907187458856829,
      0.14238758086257963,
      0.21333265931472412,
      0.16024410987971371,
      0.3290439402189814,
      0.29375005506043395,
      0.20562481425654,
      0.32655112756958815,
      0.1051212969530475,
      0.29869546967095717,
      0.38992357795647725,
      0.11337987418376438,
      0.576487634942422,
      0.3727322809246615,
      0.5624469175776986,
      0.6568579775918253,
      0.3755118884984978,
      0.5064417199505433,
      0.8973758939297939,
      0.38378291005560317,
      0.4384194294554663,
      0.30850527746038436,
      0.42163139560900387,
      0.3495753207395019,
      0.5183602493944967,
      0.5173194849158023,
      0.2814820985174856,
      0.5421199053121224,
      0.4352171462595654,
      0.5519260254494893,
      0.5088062208008668,
      0.4666433698722221,
      0.5500210521118789,
      0.44893781941867617,
      0.5347763009850185,
      0.5717644979749368,
      0.4746206000424632,
      0.5457311121238215,
      0.4797340733953527,
      0.6233914405302711,
      0.5598162031739105,
      0.4436730201428497,
      0.557545208604598,
      0.24292296329806362,
      0.5001424323443479,
      0.43856452119561684,
      0.33889005035263764,
      0.4953845008726012,
      0.1993600439144122,
      0.4808985925066478,
      0.46314301921267065,
      0.8805676033918819,
      0.018641202139240698,
      0.0029802706296179204,
      0.006881842459252607,
      0.02392233912517261,
      0.034640581021803896,
      0.02201592060097568,
      0.019857190360467625,
      0.028457938508344993,
      0.046083591017469505,
      0.09320671799278712,
      0.08827687717574462,
      0.055814481098127366,
      0.12879182692593172,
      0.08277486956685709,
      0.504687182262235,
      0.19812204746168383,
      0.1478959423288938,
      0.22846315576474518,
      0.13775916331408555,
      0.05509902202365824,
      0.13610471895044718,
      0.04103936697858501,
      0.06909459958221431,
      0.17339379108513564,
      0.07971399900881504,
      0.11135192052150367,
      0.02067409689219646,
      0.11877209309802672,
      0.14507013752244402,
      0.044040789208529274,
      0.14650328353006647,
      0.06397086903569382,
      0.15942063766206793,
      0.4916816354004405,
      0.05832647507834321,
      0.04594168672550358,
      0.04393477066376794,
      0.08951366296158825,
      0.11500054804668858,
      0.07360732663654268,
      0.05095693406138868,
      0.04323618286698405,
      0.10357594634545841,
      0.12305251617459123,
      0.05988061726532101,
      0.07236957581870707,
      0.031000040549701513,
      0.12220830474349043,
      0.042419833933072026,
      0.024998483018389472,
      0.08091477466318153,
      0.006414212408995867,
      0.04885676871180966,
      0.9017513455958929,
      0.4024641667979292,
      0.680498746401323,
      0.350277255860277,
      0.4737375597292115,
      0.15387841419990644,
      0.19572942701678275,
      0.2631552077946122,
      0.07816931320069431,
      0.5122775159340665,
      0.3406109711915496,
      0.464398131821671,
      0.7958839093590606,
      0.43034991169346404,
      0.5520892568160478,
      0.8809582549981485,
      0.2244644262808123,
      0.24945538782610877,
      0.08762172409203905,
      0.13646192715696548,
      0.09731576373951989,
      0.09891084421316931,
      0.1219452048054317,
      0.03179988053476979,
      0.15522740722858974,
      0.09643234850841598,
      0.06696169697557519,
      0.15037361909551117,
      0.09783616393789119,
      0.11918772816692291,
      0.03446818635712423,
      0.04876555723501108,
      0.03945378089538221,
      0.035236349407983036,
      0.05791117860951511,
      0.003626249559240846,
      0.012535723613493754,
      0.02775146261685424,
      0.007707336506602602,
      0.7255376891827314,
      0.0368409291279308,
      0.06269899019464154,
      0.1116077732095867,
      0.02695839942975753,
      0.0889440457993721,
      0.05603672498820811,
      0.030907958612221287,
      0.24635996370936597,
      0.1536522826072383,
      0.259216356497439,
      0.1987594075405198,
      0.3626575735320645,
      0.3568893843541122,
      0.13480656853662054,
      0.22221125614948334,
      0.1398495151747079,
      0.812197224684155,
      0.03553361597319438,
      0.005401958770895776,
      0.0211135128527713,
      0.005180184731767512,
      0.015545570862132596,
      0.09197180969345087,
      0.01492767019275909,
      0.012989469973393453,
      0.007781744551678682,
      0.06287727083376837,
      0.03663494620995755,
      0.027774350118457525,
      0.06394568828753744,
      0.025154012934368253,
      0.04046912183124285,
      0.05495840432594945,
      0.03460082473381332,
      0.054828846972371004,
      0.040257918463957876,
      0.02153846605263343,
      0.021984246827763676,
      0.021002397325544653,
      0.022391707440659103,
      0.016656689123913715,
      0.06754227047450945,
      0.053708850072775705,
      0.02241938788949749,
      0.05132573566709486,
      0.6509016955071221,
      0.0712233775956731,
      0.07078483366253219,
      0.03843472623402,
      0.09655141034347547,
      0.05342303356857114,
      0.12954894829924446,
      0.1093221406442979,
      0.024879468878335587,
      0.07743166064067164,
      0.03194033192402279,
      0.07285669539518913,
      0.05096685412313917,
      0.029496096189489784,
      0.05571016724955491,
      0.023272628063102596,
      0.06298664953685851,
      0.05945314115588485,
      0.037659583294144205,
      0.0365361847463177,
      0.006363418440849977,
      0.6319650405337887,
      0.3026765732012756,
      0.1906180416762906,
      0.2910064131697129,
      0.19658528427140964,
      0.29110555812156036,
      0.3022461736931742,
      0.19313670586015663,
      0.28731585121829895,
      0.17661023134013898,
      0.25071950665777964,
      0.22440403675996978,
      0.15186826910236073,
      0.23322382751918525,
      0.1474684443845954,
      0.22590581469537063,
      0.2099100729932576,
      0.15110281748554866,
      0.2620384420569234,
      0.1681251080897027,
      0.2843899652233529,
      0.283687421264759,
      0.6482732390801759,
      0.14324466981630202,
      0.10841677024545648,
      0.11188849623745956,
      0.10989669757026665,
      0.04957056864162279,
      0.1158046513184009,
      0.07007789128731867,
      0.10033719921837247,
      0.08045504045872554,
      0.16024279623670146,
      0.17071757523355813,
      0.05305219843808073,
      0.08975642203025214,
      0.05290959034080989,
      0.07362221847836004,
      0.0646428006307408,
      0.059597720733097326,
      0.10149074363438515,
      0.06626003563989002,
      0.10594404320215922,
      0.14358446893983845,
      0.05498043039957945,
      0.08251108324813816,
      0.0658260729057274,
      0.16517597054623823,
      0.12276792012355175,
      0.061445045732175685,
      0.6121811152880307,
      0.09490610130393506,
      0.19832541821963423,
      0.18722734539145358,
      0.07191362020689207,
      0.11914909574372834,
      0.056382895885053186,
      0.11481999875850735,
      0.14106519881038826,
      0.08004674674757062,
      0.12202874758070692,
      0.06125921921775879,
      0.10658101477565074,
      0.15149059514732854,
      0.09551604795422874,
      0.16654153801844085,
      0.07712982731955353,
      0.7901842816417483,
      0.14838270824359168,
      0.10243524674820059,
      0.1558261092432649,
      0.12040472202523733,
      0.1564425833385864,
      0.15860245182321364,
      0.09922224390933487,
      0.163231164553169,
      0.09871645775738147,
      0.17934531538173615,
      0.18487759137120496,
      0.13277438229421212,
      0.22427474555444693,
      0.14283507796844463,
      0.24641662657978558,
      0.2513419452629784,
      0.15129931274349107,
      0.24851263768022025,
      0.14903002954139954,
      0.23093779766835998,
      0.20716759373539173,
      0.12425092553334882,
      0.1841691001360496,
      0.11416262817648903,
      0.1337818624364946,
      0.7260362120643982,
      0.1363665022690953,
      0.1789806291021484,
      0.11384306610840633,
      0.22575171164793595,
      0.2171504881086198,
      0.10780079978712365,
      0.18945544193750163,
      0.11370124792164249,
      0.12362689822564943,
      0.7646376050237873,
      0.10996672946064523,
      0.39521167111044175,
      0.2912823554203756,
      0.23150201519773428,
      0.41410304906417017,
      0.2751985459281132,
      0.3423930974397206,
      0.32243141314708745,
      0.398425227886426,
      0.28556805396659535,
      0.2159924016705007,
      0.23867428487513898,
      0.21912138041226514,
      0.3668030708225415,
      0.34059874567463533,
      0.30560701592173156,
      0.37070418189025967,
      0.23003762449412335,
      0.3062364788248715,
      0.3414378254840018,
      0.12089400542921414,
      0.3762951389096041,
      0.6982448622383017,
      0.04444999520366755,
      0.0575041839688718,
      0.029306125627239665,
      0.09923201825799755,
      0.06109756748422113,
      0.1954251234578953,
      0.19994296286190072,
      0.14219548232799195,
      0.2052991751452049,
      0.1188334425776536,
      0.1336700368467003,
      0.09183932670709949,
      0.025962758696149058,
      0.16493966901194024,
      0.14811968047701962,
      0.3280542940179937,
      0.31849358679062123,
      0.17007060524041206,
      0.6611211191044144,
      0.5473379070027911,
      0.5863161043164663,
      0.5761930438976139,
      0.33210236166456597,
      0.48877171515571594,
      0.19275729639355,
      0.48290083297716957,
      0.33034455689859676,
      0.5139785854600685,
      0.49783598957829844,
      0.38753737200842786,
      0.43011425732685193,
      0.14949396539215387,
      0.3524874202803253,
      0.6466047166704065,
      0.1347361520572009,
      0.20836687980457091,
      0.19009999889856755,
      0.2699211407585782,
      0.29067626929458046,
      0.1628343939546385,
      0.20635060370349478,
      0.1691273032694296,
      0.2349120919088522,
      0.2958662705524846,
      0.22993146393604957,
      0.3653325635994158,
      0.3271881771925875,
      0.446408479906519,
      0.3774136758268173,
      0.2352793578306558,
      0.431356234363682,
      0.39388342297122403,
      0.36076472619722144,
      0.4629788219338835,
      0.4417764365665515,
      0.5809115736886761,
      0.49682625639162314,
      0.5750011716975485,
      0.5357460571220751,
      0.5336422337206854,
      0.5849469324888807,
      0.7562009169032375,
      0.1701130322528175,
      0.21516537203780361,
      0.1444548945373174,
      0.17453424322630096,
      0.14897488479296295,
      0.29507313953974357,
      0.20257827007769813,
      0.17013661471561448,
      0.24704983052434326,
      0.19582823883521017,
      0.751068183015769,
      0.5393950714573288,
      0.4903677343402707,
      0.659667095475232,
      0.22720994033077402,
      0.5359946531126787,
      0.7356400655355286,
      0.47677416265289807,
      0.557126983948868,
      0.3049160963041434,
      0.4458561796624183,
      0.45030230538738936,
      0.26076633105852587,
      0.3899841125037189,
      0.31156245820805883,
      0.45719405181703354,
      0.34546248641534794,
      0.17002470800687697,
      0.31135315645980666,
      0.16177006420500717,
      0.2306978053774198,
      0.7807163444589915,
      0.07444607033408968,
      0.2711542574756528,
      0.18718085178813693,
      0.3183178292936989,
      0.48473388944177176,
      0.3443025177779361
    ],
    "change_score_mean": 0.23534808614822758,
    "change_score_std": 0.1972610634703686,
    "change_score_max": 0.9017513455958929,
    "temporal_gaps": [],
    "temporal_gap_count": 0,
    "temporal_gap_total_duration": 0.0,
    "transition_similarity_scores": [
      0.10262410607020608,
      0.09824865440410716,
      0.6431106156458878,
      0.187802775315845,
      0.35172676091982413,
      0.20981571835825172,
      0.2739637879356018,
      0.2353623949762127,
      0.35339528332959347,
      0.24379908309676251,
      0.248931816984231,
      0.2192836555410085
    ],
    "transition_similarity_mean": 0.26400538771479437,
    "temporal_density": 10.456570155902005
  },
  "metadata": {
    "video_path": "/vol/videos/core/produced_digital/commercials/yxuHJv1_big.mp4",
    "dataset": "produced_digital/commercials",
    "tier": "produced_digital",
    "study_type": "core",
    "source_fps": 23.976023976023978,
    "experiment_version": "3.2"
  }
}