{
  "video_id": "ZUG9qYTJMsI",
  "fps": 1.0,
  "duration": 29.0,
  "frame_count": 30,
  "scene_signals": {
    "transition_count": 3,
    "transition_timestamps": [
      20.0,
      22.0,
      23.0
    ],
    "transition_types": [
      "hard_cut",
      "soft_cut",
      "hard_cut"
    ],
    "transition_magnitudes": [
      103.0322715584764,
      31.664152645004926,
      203.18111000225895
    ],
    "scene_count": 4,
    "scene_durations": [
      20.0,
      2.0,
      1.0,
      6.0
    ],
    "scene_duration_mean": 7.25,
    "scene_duration_std": 7.595228765481656,
    "scene_duration_min": 1.0,
    "scene_duration_max": 20.0,
    "scene_types": [
      "unknown",
      "unknown",
      "unknown",
      "unknown"
    ],
    "transitions": [
      {
        "timestamp": 20.0,
        "frame_index": 20,
        "transition_type": "hard_cut",
        "magnitude": 103.0322715584764
      },
      {
        "timestamp": 22.0,
        "frame_index": 22,
        "transition_type": "soft_cut",
        "magnitude": 31.664152645004926
      },
      {
        "timestamp": 23.0,
        "frame_index": 23,
        "transition_type": "hard_cut",
        "magnitude": 203.18111000225895
      }
    ],
    "scenes": [
      {
        "start_time": 0.0,
        "end_time": 20.0,
        "duration": 20.0,
        "scene_type": "unknown",
        "start_frame": 0,
        "end_frame": 19
      },
      {
        "start_time": 20.0,
        "end_time": 22.0,
        "duration": 2.0,
        "scene_type": "unknown",
        "start_frame": 20,
        "end_frame": 21
      },
      {
        "start_time": 22.0,
        "end_time": 23.0,
        "duration": 1.0,
        "scene_type": "unknown",
        "start_frame": 22,
        "end_frame": 22
      },
      {
        "start_time": 23.0,
        "end_time": 29.0,
        "duration": 6.0,
        "scene_type": "unknown",
        "start_frame": 23,
        "end_frame": 29
      }
    ]
  },
  "character_signals": {
    "person_counts_per_frame": [
      1,
      1,
      1,
      1,
      1,
      1,
      1,
      1,
      1,
      1,
      1,
      1,
      1,
      1,
      1,
      1,
      1,
      1,
      1,
      1,
      1,
      1,
      1,
      2,
      3,
      3,
      3,
      3,
      3,
      1
    ],
    "person_count_mode": 1,
    "person_count_mean": 1.3666666666666667,
    "person_count_std": 0.7520342781785652,
    "person_count_min": 1,
    "person_count_max": 3,
    "person_count_distribution": {
      "1": 24,
      "2": 1,
      "3": 5
    },
    "character_consistency": 0.8,
    "entry_events": [
      {
        "timestamp": 23.0,
        "frame_index": 23,
        "event_type": "entry",
        "count_before": 1,
        "count_after": 2
      },
      {
        "timestamp": 24.0,
        "frame_index": 24,
        "event_type": "entry",
        "count_before": 2,
        "count_after": 3
      }
    ],
    "exit_events": [
      {
        "timestamp": 29.0,
        "frame_index": 29,
        "event_type": "exit",
        "count_before": 3,
        "count_after": 1
      }
    ],
    "entry_count": 2,
    "exit_count": 1,
    "entry_exit_total": 3,
    "entry_timestamps": [
      23.0,
      24.0
    ],
    "exit_timestamps": [
      29.0
    ]
  },
  "visual_signals": {
    "unique_objects": [
      "person",
      "tie",
      "cup",
      "bottle",
      "chair"
    ],
    "unique_object_count": 5,
    "persistent_objects": [
      "person"
    ],
    "persistent_object_count": 1,
    "transient_objects": [
      "cup",
      "bottle",
      "chair"
    ],
    "transient_object_count": 3,
    "object_frequency": {
      "person": 1.0,
      "tie": 0.7333333333333333,
      "cup": 0.06666666666666667,
      "bottle": 0.03333333333333333,
      "chair": 0.13333333333333333
    },
    "object_frame_counts": {
      "person": 30,
      "tie": 22,
      "cup": 2,
      "bottle": 1,
      "chair": 4
    },
    "object_first_appearance": {
      "person": 0.0,
      "tie": 1.0,
      "cup": 6.0,
      "bottle": 9.0,
      "chair": 11.0
    },
    "object_last_appearance": {
      "person": 29.0,
      "tie": 27.0,
      "cup": 8.0,
      "bottle": 9.0,
      "chair": 21.0
    },
    "objects_per_frame": [
      [
        "person"
      ],
      [
        "tie",
        "person"
      ],
      [
        "tie",
        "person"
      ],
      [
        "tie",
        "person"
      ],
      [
        "tie",
        "person"
      ],
      [
        "tie",
        "person"
      ],
      [
        "tie",
        "person",
        "cup"
      ],
      [
        "tie",
        "person"
      ],
      [
        "tie",
        "person",
        "cup"
      ],
      [
        "person",
        "bottle"
      ],
      [
        "tie",
        "person"
      ],
      [
        "tie",
        "person",
        "chair"
      ],
      [
        "tie",
        "person"
      ],
      [
        "tie",
        "person",
        "chair"
      ],
      [
        "tie",
        "person",
        "chair"
      ],
      [
        "tie",
        "person"
      ],
      [
        "tie",
        "person"
      ],
      [
        "tie",
        "person"
      ],
      [
        "tie",
        "person"
      ],
      [
        "person"
      ],
      [
        "person"
      ],
      [
        "tie",
        "person",
        "chair"
      ],
      [
        "tie",
        "person"
      ],
      [
        "person"
      ],
      [
        "person"
      ],
      [
        "tie",
        "person"
      ],
      [
        "tie",
        "person"
      ],
      [
        "tie",
        "person"
      ],
      [
        "person"
      ],
      [
        "person"
      ]
    ],
    "appearances": [
      {
        "object_class": "person",
        "first_appearance": 0.0,
        "last_appearance": 29.0,
        "frame_count": 30,
        "frequency": 1.0
      },
      {
        "object_class": "tie",
        "first_appearance": 1.0,
        "last_appearance": 27.0,
        "frame_count": 22,
        "frequency": 0.7333333333333333
      },
      {
        "object_class": "cup",
        "first_appearance": 6.0,
        "last_appearance": 8.0,
        "frame_count": 2,
        "frequency": 0.06666666666666667
      },
      {
        "object_class": "bottle",
        "first_appearance": 9.0,
        "last_appearance": 9.0,
        "frame_count": 1,
        "frequency": 0.03333333333333333
      },
      {
        "object_class": "chair",
        "first_appearance": 11.0,
        "last_appearance": 21.0,
        "frame_count": 4,
        "frequency": 0.13333333333333333
      }
    ]
  },
  "atmosphere_signals": {
    "brightness_values": [
      113.21339192708334,
      114.05623697916667,
      111.87125759548611,
      109.16392252604167,
      106.54197157118055,
      103.089951171875,
      101.58480143229167,
      101.24316840277778,
      101.06465494791667,
      100.29449761284722,
      105.91309136284723,
      100.04922309027778,
      96.39082790798611,
      91.00752061631944,
      100.74095052083334,
      94.70877061631944,
      97.9852734375,
      97.72847439236111,
      119.53149305555556,
      106.14540690104167,
      131.89968424479167,
      126.38189995659722,
      136.73442925347223,
      152.37161024305556,
      157.207314453125,
      149.11000434027778,
      144.67386827256945,
      142.070302734375,
      143.3023752170139,
      142.36360460069446
    ],
    "brightness_mean": 116.61466597945602,
    "brightness_std": 19.9038153256592,
    "brightness_min": 91.00752061631944,
    "brightness_max": 157.207314453125,
    "brightness_range": 66.19979383680557,
    "lighting_changes": [
      {
        "timestamp": 18.0,
        "frame_index": 18,
        "brightness_before": 97.72847439236111,
        "brightness_after": 119.53149305555556,
        "magnitude": 21.80301866319445
      },
      {
        "timestamp": 20.0,
        "frame_index": 20,
        "brightness_before": 106.14540690104167,
        "brightness_after": 131.89968424479167,
        "magnitude": 25.754277343750005
      }
    ],
    "lighting_change_count": 2,
    "setting_type": "indoor",
    "dominant_colors_rgb": [
      [
        "223",
        "85",
        "60"
      ],
      [
        "80",
        "51",
        "34"
      ],
      [
        "137",
        "123",
        "118"
      ]
    ],
    "dominant_colors": [
      "red",
      "brown",
      "brown"
    ]
  },
  "action_signals": {
    "intensity_timeline": [
      0.0,
      0.18371221542358399,
      0.15076790809631346,
      0.16712587356567382,
      0.1977876281738281,
      0.24065961837768554,
      0.2651383972167969,
      0.2554752349853516,
      0.16714859008789062,
      0.23033138275146484,
      0.20917854309082032,
      0.23989904403686524,
      0.20751066207885743,
      0.21600458145141602,
      0.1896917724609375,
      0.16212955474853516,
      0.17795671463012697,
      0.15704892158508302,
      0.1845945167541504,
      0.16336633682250976,
      0.13597681999206543,
      0.11107357025146485,
      0.10528461456298828,
      0.14324963569641114,
      0.2193000030517578,
      0.20061559677124025,
      0.26007999420166017,
      0.18382476806640624,
      0.18360984802246094,
      0.18743873596191407
    ],
    "intensity_mean": 0.18319936943054196,
    "intensity_std": 0.052468411390558446,
    "intensity_min": 0.0,
    "intensity_max": 0.2651383972167969,
    "intensity_trend": "stable",
    "peak_moments": [
      {
        "timestamp": 6.0,
        "frame_index": 6,
        "intensity": 0.2651383972167969,
        "moment_type": "peak"
      }
    ],
    "valley_moments": [
      {
        "timestamp": 22.0,
        "frame_index": 22,
        "intensity": 0.10528461456298828,
        "moment_type": "valley"
      }
    ],
    "peak_timestamps": [
      6.0
    ],
    "valley_timestamps": [
      22.0
    ],
    "peak_count": 1,
    "valley_count": 1,
    "action_variance": 0.002752934193848883
  },
  "temporal_signals": {
    "frame_change_scores": [
      0.0,
      0.7392017252180259,
      0.6978368096242322,
      0.716401353873916,
      0.7506106781773447,
      0.7365552688451622,
      0.7392952026903599,
      0.6947506640475858,
      0.5267041546664699,
      0.8631290987672008,
      0.8949121491443932,
      0.8923003212004649,
      0.8845476379388776,
      0.8624650673036017,
      0.8000374208062114,
      0.7826267217363099,
      0.751659684695541,
      0.5556478535342241,
      0.7893458229773868,
      0.8192845620435409,
      0.7245733633153533,
      0.6495367726792993,
      0.6762509255858559,
      0.6861550860377827,
      0.7376673750924967,
      0.706975135346519,
      0.7950089630666183,
      0.710777551295599,
      0.7529423837580262,
      0.6701924439649327
    ],
    "change_score_mean": 0.720246406581111,
    "change_score_std": 0.158934788806515,
    "change_score_max": 0.8949121491443932,
    "temporal_gaps": [],
    "temporal_gap_count": 0,
    "temporal_gap_total_duration": 0.0,
    "transition_similarity_scores": [
      0.2754266366846467,
      0.32374907441414413,
      0.3138449139622172
    ],
    "transition_similarity_mean": 0.3043402083536693,
    "temporal_density": 1.0
  },
  "metadata": {
    "video_path": "/vol/videos/core/produced_digital/commercials/ZUG9qYTJMsI.mp4",
    "dataset": "produced_digital/commercials",
    "tier": "produced_digital",
    "study_type": "core",
    "source_fps": 23.976023976023978,
    "source_width": 1280,
    "source_height": 720,
    "experiment_version": "3.3",
    "batch": "1-retry",
    "retry_id": "20251226_182920"
  }
}